X var,Y var,MIC (strength),MIC-p^2 (nonlinearity),MAS (non-monotonicity),MEV (functionality),MCN (complexity),Linear regression (p)
all,rl,0.39944,0.08050111,0.025780007,0.39944,4.9068904,0.56474674
call4,rl,0.22678,-0.025183052,0.15057999,0.22678,4.9068904,0.5019592
mit,call4,0.2216,0.2214604,0.11401,0.2216,4.9068904,-0.011814679
mit,all,0.20618,0.20199089,0.02017,0.20618,4.9068904,-0.064723425
mit,rl,0.20227,0.17165558,0.015320003,0.20227,4.9068904,-0.17496976
all,call4,0.14126,0.11216637,0.07973,0.14126,4.9068904,0.17056856
