X var,Y var,MIC (strength),MIC-p^2 (nonlinearity),MAS (non-monotonicity),MEV (functionality),MCN (complexity),Linear regression (p)
all,rl,0.52285,-0.083900094,0.10278997,0.52285,4.9068904,0.77894163
mit,rl,0.38384,0.33108044,0.15129,0.38384,4.9068904,-0.22969447
mit,all,0.30117,0.3001936,0.09273,0.30117,4.9068904,-0.031247009
mit,call4,0.20171,0.11668482,0.12244,0.20171,4.9068904,-0.29159078
all,call4,0.18452,0.1669562,0.14179,0.18452,4.9068904,-0.13252853
call4,rl,0.14812,0.14722192,0.11929,0.14812,4.9068904,-0.02996788
