X var,Y var,MIC (strength),MIC-p^2 (nonlinearity),MAS (non-monotonicity),MEV (functionality),MCN (complexity),Linear regression (p)
all,rl,0.52308,0.1914885,0.07069999,0.51255,5.087463,0.5758398
mit,rl,0.51387,0.16568351,0.09165001,0.50393,5.087463,-0.5900733
mit,all,0.31178,0.28267714,0.03758,0.30285,5.087463,-0.17059562
mit,call4,0.18924,0.15930513,0.06739999,0.1806,5.087463,-0.17301698
all,call4,0.17862,0.17861223,0.11783999,0.16951,5.087463,-0.0027872499
call4,rl,0.16894,0.118032485,0.09038999,0.15973,5.087463,0.22562692
