X var,Y var,MIC (strength),MIC-p^2 (nonlinearity),MAS (non-monotonicity),MEV (functionality),MCN (complexity),Linear regression (p)
all,rl,0.42382,-0.019375741,0.046119988,0.42382,5.087463,0.66572946
mit,rl,0.2719,0.0102714,0.03521,0.2719,5.0,-0.5114964
call4,rl,0.24452,-0.052045926,0.067059994,0.24452,5.087463,0.5445787
all,call4,0.20418,0.12890872,0.11269,0.20418,5.087463,0.27435613
mit,all,0.19955,0.15087542,0.023609996,0.19955,5.087463,-0.22062315
mit,call4,0.19633,0.1337619,0.053959996,0.19633,4.9068904,-0.25013617
