X var,Y var,MIC (strength),MIC-p^2 (nonlinearity),MAS (non-monotonicity),MEV (functionality),MCN (complexity),Linear regression (p)
all,rl,0.41966,-0.06615269,0.0582,0.41099,5.087463,0.69700265
mit,call4,0.20433,0.20168287,0.12525,0.19546,5.087463,-0.05145022
mit,all,0.2029,0.19669524,0.036530003,0.19394,5.087463,-0.07877032
mit,rl,0.17927,0.10313868,0.0154,0.17032,5.087463,-0.27591905
all,call4,0.16936,0.054023802,0.082049996,0.16127,5.087463,0.33961183
call4,rl,0.15233,-0.017277882,0.07035,0.1461,5.087463,0.41183478
