X var,Y var,MIC (strength),MIC-p^2 (nonlinearity),MAS (non-monotonicity),MEV (functionality),MCN (complexity),Linear regression (p)
all,rl,0.31147,-0.4838591,0.027239993,0.31147,4.807355,0.89181226
mit,rl,0.28853,0.28370655,0.025889993,0.28853,4.807355,0.06945105
call4,rl,0.2082,-0.56016356,0.06862,0.2082,4.807355,0.8765635
mit,all,0.18808,0.18707597,0.023339994,0.18808,4.807355,0.031686354
mit,call4,0.18168,0.12319042,0.034849986,0.18168,4.807355,0.24184619
all,call4,0.15656,-0.38605344,0.052380003,0.15656,4.807355,0.736623
