X var,Y var,MIC (strength),MIC-p^2 (nonlinearity),MAS (non-monotonicity),MEV (functionality),MCN (complexity),Linear regression (p)
all,rl,0.27444,-0.12499082,0.014170006,0.27444,5.087463,0.6320054
mit,call4,0.21214,0.20654708,0.12889,0.21214,5.087463,-0.07478576
mit,all,0.19305,0.19252951,0.03689,0.19305,5.087463,-0.022813937
call4,rl,0.18229,0.18229,0.086660005,0.18229,5.087463,5.4744887E-5
mit,rl,0.17573,0.16355754,0.014739998,0.17573,5.087463,-0.11032886
all,call4,0.16523,0.16268806,0.060950004,0.16523,5.087463,0.050417725
