X var,Y var,MIC (strength),MIC-p^2 (nonlinearity),MAS (non-monotonicity),MEV (functionality),MCN (complexity),Linear regression (p)
mit,rl,0.31002,0.06195958,0.07151,0.31002,5.087463,-0.49805665
all,rl,0.26697,0.08667804,0.013320014,0.26697,5.087463,0.42460802
mit,call4,0.21406,0.19921865,0.15445,0.21406,5.087463,-0.12182509
mit,all,0.20282,0.15917662,0.014960006,0.20282,5.087463,-0.20890997
call4,rl,0.17315,0.13114972,0.096030004,0.17315,5.087463,0.2049397
all,call4,0.1588,0.15814635,0.11687,0.1588,5.087463,0.0255668
