X var,Y var,MIC (strength),MIC-p^2 (nonlinearity),MAS (non-monotonicity),MEV (functionality),MCN (complexity),Linear regression (p)
all,rl,0.31436,0.1888057,0.015100002,0.31436,4.9068904,0.3543364
mit,rl,0.21467,0.20951955,0.019130006,0.21467,4.9068904,-0.07176668
mit,call4,0.21418,0.21359806,0.10696999,0.21418,4.9068904,0.024123212
mit,all,0.20648,0.20329016,0.0139700025,0.20648,4.9068904,-0.056478553
call4,rl,0.19342,-0.5378066,0.07141999,0.19342,4.9068904,0.85511786
all,call4,0.18445,0.13331284,0.07901,0.18445,4.9068904,0.22613528
