X var,Y var,MIC (strength),MIC-p^2 (nonlinearity),MAS (non-monotonicity),MEV (functionality),MCN (complexity),Linear regression (p)
all,rl,0.348,-0.10722706,0.029619992,0.348,5.087463,0.67470515
mit,rl,0.19336,0.1332791,0.022770002,0.19336,5.087463,-0.24511406
all,call4,0.1791,0.17905584,0.14509001,0.1791,5.087463,0.0066460352
mit,all,0.17612,0.17510325,0.015259996,0.17612,5.087463,-0.031886462
call4,rl,0.15931,0.15925893,0.13277,0.15931,5.087463,-0.007146203
mit,call4,0.14369,0.14214577,0.118130006,0.14369,5.087463,0.039296716
