X var,Y var,MIC (strength),MIC-p^2 (nonlinearity),MAS (non-monotonicity),MEV (functionality),MCN (complexity),Linear regression (p)
all,rl,0.52494,0.51852787,0.07000998,0.52494,4.70044,-0.08007573
all,call4,0.50635,0.42011404,0.06316,0.50635,4.70044,-0.29365954
call4,rl,0.47948,0.40233305,0.09268001,0.47948,4.70044,0.27775338
mit,all,0.22643,0.17039719,0.036250003,0.22643,4.70044,-0.23671249
mit,call4,0.21628,0.21520528,0.039589994,0.21628,4.4594316,-0.032782756
mit,rl,0.20105,0.19106326,0.037849993,0.20105,4.70044,0.09993366
