X var,Y var,MIC (strength),MIC-p^2 (nonlinearity),MAS (non-monotonicity),MEV (functionality),MCN (complexity),Linear regression (p)
mit,rl,0.36784,0.36093062,0.049789995,0.36784,4.807355,-0.08312264
all,rl,0.36371,-0.40165603,0.01800999,0.36371,4.807355,0.874852
mit,all,0.2041,0.20003033,0.011780005,0.2041,4.807355,-0.063793965
mit,call4,0.20059,0.18323958,0.14828,0.20059,4.807355,0.13172098
call4,rl,0.15875,-0.47856903,0.088489994,0.15875,4.807355,0.7983226
all,call4,0.14394,-0.32643726,0.09311,0.14394,4.807355,0.68584055
