X var,Y var,MIC (strength),MIC-p^2 (nonlinearity),MAS (non-monotonicity),MEV (functionality),MCN (complexity),Linear regression (p)
all,rl,0.65139,0.5459051,0.28206003,0.65139,4.70044,-0.32478443
call4,rl,0.45954,0.0031080544,0.031870008,0.45954,4.70044,0.6755975
all,call4,0.41645,0.3112542,0.081640005,0.41645,4.5849624,-0.32433903
mit,rl,0.25165,0.24391796,0.07208,0.25165,4.70044,0.08793208
mit,all,0.23015,0.22746406,0.025199994,0.23015,4.70044,-0.051826004
mit,call4,0.18451,0.18202391,0.02578,0.18451,4.70044,-0.049860653
