X var,Y var,MIC (strength),MIC-p^2 (nonlinearity),MAS (non-monotonicity),MEV (functionality),MCN (complexity),Linear regression (p)
mit,rl,0.43201,0.03286165,0.09890999,0.43201,4.4594316,-0.6317819
all,rl,0.4049,0.11308044,0.043210015,0.4049,5.087463,0.5402033
mit,all,0.26436,0.14866497,0.03421001,0.26436,5.087463,-0.34013975
mit,call4,0.25161,0.1823214,0.069240004,0.25161,5.087463,-0.2632273
call4,rl,0.21849,0.055827513,0.04569,0.21849,5.087463,0.40331438
all,call4,0.15705,0.11593287,0.052869998,0.15705,5.087463,0.20277359
