X var,Y var,MIC (strength),MIC-p^2 (nonlinearity),MAS (non-monotonicity),MEV (functionality),MCN (complexity),Linear regression (p)
all,rl,0.439,-0.069331825,0.11108002,0.439,4.9068904,0.71297395
mit,rl,0.3302,0.17922163,0.071559995,0.3302,4.9068904,-0.38855934
call4,rl,0.23329,0.18388137,0.07922,0.23329,4.9068904,0.22228053
mit,call4,0.19204,0.16709782,0.05775,0.19204,4.9068904,-0.15793091
mit,all,0.19066,0.1876832,0.019309998,0.19066,4.9068904,-0.054560088
all,call4,0.15775,0.15325439,0.10325,0.15775,4.9068904,0.067049295
