X var,Y var,MIC (strength),MIC-p^2 (nonlinearity),MAS (non-monotonicity),MEV (functionality),MCN (complexity),Linear regression (p)
all,rl,0.53518,0.38219246,0.09475997,0.53518,4.321928,-0.39113617
call4,rl,0.50423,0.33136845,0.10247001,0.50423,4.70044,0.41576627
all,call4,0.42665,0.20741929,0.0492,0.42665,4.5849624,-0.46822077
mit,all,0.30062,0.15178345,0.037699997,0.30062,4.70044,-0.3857934
mit,call4,0.26791,0.2430257,0.022669993,0.26791,4.5849624,-0.1577476
mit,rl,0.24305,0.24180013,0.059399992,0.24305,4.321928,0.03535336
