X var,Y var,MIC (strength),MIC-p^2 (nonlinearity),MAS (non-monotonicity),MEV (functionality),MCN (complexity),Linear regression (p)
all,rl,0.43327,-0.087175876,0.043419987,0.43327,4.807355,0.72141933
call4,rl,0.39577,0.36991385,0.13547002,0.39577,4.807355,0.16079849
mit,rl,0.2728,0.082806826,0.041370004,0.2728,4.807355,-0.43588206
mit,call4,0.26117,0.24442329,0.06503999,0.26117,4.807355,-0.12940909
all,call4,0.20471,0.19844232,0.022599995,0.20471,4.807355,0.07916869
mit,all,0.19149,0.14641254,0.022330001,0.19149,4.807355,-0.21231453
