X var,Y var,MIC (strength),MIC-p^2 (nonlinearity),MAS (non-monotonicity),MEV (functionality),MCN (complexity),Linear regression (p)
all,rl,0.5286,-0.0024630427,0.059819996,0.51823,5.0,0.7287407
mit,rl,0.52046,0.20144156,0.11400998,0.50992,5.0,-0.5648172
mit,all,0.367,0.3044248,0.12971,0.35639,5.0,-0.25015038
mit,call4,0.1973,0.17830472,0.15219,0.18835,5.0,0.1378234
call4,rl,0.14933,0.13105406,0.120220006,0.14386,5.0,-0.13518853
all,call4,0.13232,0.12925304,0.12134,0.12518,5.0,-0.055380147
