X var,Y var,MIC (strength),MIC-p^2 (nonlinearity),MAS (non-monotonicity),MEV (functionality),MCN (complexity),Linear regression (p)
all,rl,0.44375,-0.19636485,0.059960008,0.43631,5.0,0.8000718
mit,rl,0.38091,0.21346755,0.04304999,0.37094,5.0,-0.40919733
mit,all,0.23497,0.18830615,0.035490006,0.22406,5.0,-0.21601817
all,call4,0.21135,0.19757153,0.13347,0.20224,5.0,0.117381684
mit,call4,0.20092,0.1878765,0.14478001,0.18967,5.0,-0.114208184
call4,rl,0.15154,0.13866608,0.08631,0.14438,5.0,0.11346326
