X var,Y var,MIC (strength),MIC-p^2 (nonlinearity),MAS (non-monotonicity),MEV (functionality),MCN (complexity),Linear regression (p)
mit,call4,0.39608,0.37610072,0.035070002,0.39608,4.807355,0.14134808
call4,rl,0.36892,0.19033533,0.19804,0.36892,4.807355,0.4225928
all,rl,0.25909,-0.096735865,0.02459,0.25909,4.807355,0.5965114
mit,rl,0.2161,0.15337592,0.025699995,0.2161,4.807355,-0.25044775
mit,all,0.21552,0.16167837,0.021709993,0.21552,4.807355,-0.23203798
all,call4,0.2028,0.13057065,0.06951001,0.2028,4.807355,0.2687552
