X var,Y var,MIC (strength),MIC-p^2 (nonlinearity),MAS (non-monotonicity),MEV (functionality),MCN (complexity),Linear regression (p)
all,rl,0.46985,-0.015076041,0.046599984,0.46985,5.087463,0.6963663
mit,rl,0.24004,0.1856966,0.024639994,0.24004,5.087463,-0.2331167
mit,call4,0.20968,0.20195304,0.13493001,0.20968,5.087463,-0.08790314
mit,all,0.19878,0.18857735,0.038880005,0.19878,5.087463,-0.10100817
call4,rl,0.16227,0.1621115,0.13022,0.16227,5.087463,0.012589423
all,call4,0.16026,0.15847716,0.12306,0.16026,5.087463,0.04222375
