X var,Y var,MIC (strength),MIC-p^2 (nonlinearity),MAS (non-monotonicity),MEV (functionality),MCN (complexity),Linear regression (p)
all,call4,0.4707,0.33547378,0.070319995,0.4707,4.70044,-0.36773118
all,rl,0.4695,0.41970426,0.09882,0.4695,4.70044,-0.22314963
call4,rl,0.43116,0.16449422,0.06534001,0.43116,4.70044,0.51639694
mit,all,0.25745,0.15834111,0.033189997,0.25745,4.70044,-0.31481567
mit,call4,0.25373,0.23266888,0.101720005,0.25373,4.70044,-0.1451245
mit,rl,0.21846,0.21767093,0.03519001,0.21846,4.70044,-0.028090362
