X var,Y var,MIC (strength),MIC-p^2 (nonlinearity),MAS (non-monotonicity),MEV (functionality),MCN (complexity),Linear regression (p)
all,rl,0.42134,-0.13579434,0.06039998,0.41164,5.0,0.7464143
mit,rl,0.27638,0.22664101,0.046839997,0.27043,5.0,-0.2230224
mit,all,0.20136,0.18726969,0.03729999,0.19431,5.0,-0.11870266
all,call4,0.17743,0.1774025,0.15597,0.16863,5.0,-0.0052443603
mit,call4,0.15836,0.15244439,0.13316001,0.14838,5.0,-0.076913
call4,rl,0.10775,0.10759815,0.09098,0.10208,5.0,-0.012322895
