X var,Y var,MIC (strength),MIC-p^2 (nonlinearity),MAS (non-monotonicity),MEV (functionality),MCN (complexity),Linear regression (p)
mit,rl,0.47189,0.27628994,0.031939983,0.46179,5.0,-0.44226697
all,rl,0.27259,0.21292675,0.027920008,0.2622,5.0,0.24426067
mit,call4,0.26753,0.1939238,0.12939,0.25745,5.0,0.2713046
mit,all,0.22605,0.14175084,0.044039994,0.21696,5.0,0.2903432
call4,rl,0.21393,0.14740679,0.10242999,0.2056,5.0,-0.25792095
all,call4,0.16772,0.16724347,0.093590006,0.15879,5.0,-0.02182971
