X var,Y var,MIC (strength),MIC-p^2 (nonlinearity),MAS (non-monotonicity),MEV (functionality),MCN (complexity),Linear regression (p)
all,rl,0.38027,-0.5510066,0.028940007,0.38027,4.807355,0.96502674
mit,rl,0.28199,0.21980369,0.024619997,0.28199,4.807355,0.24937181
mit,all,0.23495,0.19636576,0.014379993,0.23495,4.807355,0.19642873
call4,rl,0.20181,-0.72952884,0.11635,0.20181,4.807355,0.965059
mit,call4,0.19533,0.0787415,0.10331,0.19533,4.807355,0.34145057
all,call4,0.13963,-0.69993854,0.054230005,0.13963,4.807355,0.91627973
