X var,Y var,MIC (strength),MIC-p^2 (nonlinearity),MAS (non-monotonicity),MEV (functionality),MCN (complexity),Linear regression (p)
all,rl,0.52338,-0.11992794,0.037800014,0.52338,5.087463,0.8020648
mit,rl,0.40193,0.02660951,0.06522,0.40193,5.087463,-0.61263406
mit,all,0.29159,0.06420857,0.0686,0.29159,5.169925,-0.4768453
mit,call4,0.1443,0.11005446,0.06347,0.1443,5.2479277,-0.1850555
all,call4,0.14212,0.13437891,0.08394,0.14212,5.2479277,0.08798346
call4,rl,0.13338,0.09720346,0.076519996,0.13338,5.2479277,0.1902013
