X var,Y var,MIC (strength),MIC-p^2 (nonlinearity),MAS (non-monotonicity),MEV (functionality),MCN (complexity),Linear regression (p)
all,rl,0.4562,0.014547706,0.035000026,0.4562,4.9068904,0.66456926
call4,rl,0.34497,0.26311496,0.06613,0.34497,4.9068904,0.2861032
mit,all,0.28356,0.25242865,0.09596999,0.28356,4.9068904,0.17644078
mit,rl,0.25252,0.19660117,0.07113999,0.25252,4.9068904,-0.23647162
mit,call4,0.2423,0.2311534,0.03684,0.2423,4.9068904,-0.105577484
all,call4,0.19703,0.19557068,0.044259995,0.19703,4.9068904,-0.038201064
