X var,Y var,MIC (strength),MIC-p^2 (nonlinearity),MAS (non-monotonicity),MEV (functionality),MCN (complexity),Linear regression (p)
all,rl,0.4299,-0.4721511,0.045049995,0.42291,5.321928,0.9497637
mit,rl,0.21877,0.19257262,0.012799997,0.2114,5.321928,0.16185601
mit,call4,0.18166,0.04493192,0.045849994,0.17257,5.321928,0.3697676
mit,all,0.17402,0.144338,0.009899996,0.16713,5.321928,0.17228468
call4,rl,0.16058,-0.27666068,0.030960001,0.1529,5.321928,0.66124177
all,call4,0.14835,-0.36164337,0.02443,0.14325,5.321928,0.7141382
