X var,Y var,MIC (strength),MIC-p^2 (nonlinearity),MAS (non-monotonicity),MEV (functionality),MCN (complexity),Linear regression (p)
mit,rl,0.24974,0.11554526,0.050129995,0.24974,5.2479277,-0.366326
all,rl,0.23189,0.05062847,0.03475,0.23189,5.2479277,0.4257482
mit,all,0.20876,0.20648044,0.019939989,0.20876,5.2479277,0.047744665
mit,call4,0.16695,0.08916956,0.018760003,0.16695,5.2479277,-0.27889144
call4,rl,0.15471,0.10848299,0.02522999,0.15471,5.2479277,0.21500467
all,call4,0.14899,0.14898694,0.029410005,0.14899,5.2479277,0.0017537922
