X var,Y var,MIC (strength),MIC-p^2 (nonlinearity),MAS (non-monotonicity),MEV (functionality),MCN (complexity),Linear regression (p)
all,rl,0.30694,-0.210112,0.0194,0.30694,5.087463,0.7190633
mit,rl,0.19807,0.19212243,0.026860002,0.19807,5.087463,-0.0771205
mit,all,0.18749,0.16216572,0.017760001,0.18749,5.087463,0.15913606
call4,rl,0.18555,-0.1979582,0.07765,0.18555,5.087463,0.6192804
all,call4,0.16878,-0.14529517,0.052879997,0.16878,5.087463,0.5604241
mit,call4,0.16728,0.16387902,0.05635,0.16728,5.087463,-0.058317877
