X var,Y var,MIC (strength),MIC-p^2 (nonlinearity),MAS (non-monotonicity),MEV (functionality),MCN (complexity),Linear regression (p)
all,rl,0.36066,-0.0664573,0.02425,0.35237,5.087463,0.6535421
all,call4,0.23996,0.092301235,0.18146,0.2322,5.087463,0.38426393
mit,all,0.21701,0.20350859,0.015749998,0.20816,5.087463,-0.11619563
mit,rl,0.18108,0.13767199,0.02319,0.17349,5.087463,-0.20834588
call4,rl,0.16867,-0.0021384954,0.11437,0.16284,5.087463,0.41328984
mit,call4,0.16468,0.15928106,0.103760004,0.15819,5.087463,-0.07347755
