X var,Y var,MIC (strength),MIC-p^2 (nonlinearity),MAS (non-monotonicity),MEV (functionality),MCN (complexity),Linear regression (p)
all,rl,0.42421,-0.050102055,0.030629992,0.42421,5.2479277,0.6887032
mit,rl,0.31783,0.17212343,0.043919995,0.31783,5.2479277,-0.3817153
mit,all,0.2005,0.09634832,0.04805,0.2005,5.2479277,-0.3227254
mit,call4,0.17756,0.14640543,0.098740004,0.17756,5.2479277,-0.17650658
call4,rl,0.17158,0.16831762,0.10947,0.17158,5.2479277,0.057117302
all,call4,0.14164,0.14064312,0.09340999,0.14164,5.2479277,-0.031573236
