X var,Y var,MIC (strength),MIC-p^2 (nonlinearity),MAS (non-monotonicity),MEV (functionality),MCN (complexity),Linear regression (p)
all,rl,0.33354,0.13947105,0.049280003,0.32416,5.0,0.44053257
mit,rl,0.23704,0.18890801,0.028179996,0.2285,5.0,-0.21939003
mit,call4,0.20885,0.1855163,0.11916,0.19705,5.0,0.15275374
mit,all,0.19444,0.15924321,0.017780006,0.18698,5.0,0.18760808
call4,rl,0.18624,0.18312052,0.07192,0.17791,5.0,0.055852275
all,call4,0.16804,0.1588294,0.103520006,0.15908,5.0,0.09597187
