X var,Y var,MIC (strength),MIC-p^2 (nonlinearity),MAS (non-monotonicity),MEV (functionality),MCN (complexity),Linear regression (p)
all,rl,0.56694,0.112849236,0.051970005,0.56323,5.087463,0.6738626
mit,rl,0.39091,0.11253315,0.05826001,0.38447,5.087463,-0.5276143
mit,all,0.354,0.1718359,0.069240004,0.34567,5.087463,-0.42680687
call4,rl,0.07001,0.04370939,0.04913,0.07001,3.807355,0.16217463
all,call4,0.07001,0.03875495,0.04535,0.07001,3.807355,0.17679097
mit,call4,0.07001,0.06319219,0.05408,0.07001,3.807355,-0.08257005
