X var,Y var,MIC (strength),MIC-p^2 (nonlinearity),MAS (non-monotonicity),MEV (functionality),MCN (complexity),Linear regression (p)
all,rl,0.36288,-0.25558823,0.018639997,0.36288,5.087463,0.7864275
mit,rl,0.19707,0.18703426,0.020170003,0.19707,5.087463,-0.100178555
mit,all,0.19027,0.18542518,0.027680002,0.19027,5.087463,0.069604844
call4,rl,0.18125,-0.3357881,0.11423001,0.18125,5.087463,0.7190536
all,call4,0.16524,-0.17882963,0.106850006,0.16524,5.087463,0.5865745
mit,call4,0.1589,0.15836577,0.12787,0.1589,5.087463,-0.023113333
