X var,Y var,MIC (strength),MIC-p^2 (nonlinearity),MAS (non-monotonicity),MEV (functionality),MCN (complexity),Linear regression (p)
all,rl,0.40237,0.1806086,0.040770024,0.40237,5.2479277,0.4709155
mit,rl,0.21582,0.17778434,0.029949993,0.21582,5.2479277,-0.19502734
all,call4,0.18095,0.17272155,0.10823,0.18095,5.2479277,0.09071079
mit,all,0.16645,0.16130893,0.02462,0.16645,5.2479277,-0.07170125
mit,call4,0.15771,0.14878422,0.07384,0.15771,5.2479277,-0.09447633
call4,rl,0.15355,0.1500875,0.08146,0.15355,5.2479277,0.058842998
