X var,Y var,MIC (strength),MIC-p^2 (nonlinearity),MAS (non-monotonicity),MEV (functionality),MCN (complexity),Linear regression (p)
all,rl,0.24698,-0.09597935,0.01895,0.24698,5.087463,0.5856273
mit,rl,0.21311,0.19752455,0.025410004,0.21311,5.087463,-0.12484173
all,call4,0.21057,0.18724516,0.1283,0.21057,5.087463,0.1527247
mit,all,0.18659,0.1682992,0.019769996,0.18659,5.087463,0.13524348
call4,rl,0.17154,0.063148566,0.026810005,0.17154,5.087463,0.32922855
mit,call4,0.16401,0.14821284,0.074590005,0.16401,5.087463,-0.12568676
