X var,Y var,MIC (strength),MIC-p^2 (nonlinearity),MAS (non-monotonicity),MEV (functionality),MCN (complexity),Linear regression (p)
all,rl,0.36132,-0.36718205,0.040580004,0.36132,5.087463,0.8535233
all,call4,0.20984,-0.76579744,0.14112,0.20984,5.087463,0.9877436
mit,all,0.19454,0.19174053,0.03301,0.19454,5.087463,0.052910008
call4,rl,0.19191,-0.5210284,0.11673,0.19191,5.087463,0.8443568
mit,rl,0.18605,0.18443263,0.044639997,0.18605,5.087463,-0.040216517
mit,call4,0.15852,0.15679304,0.11615,0.15852,5.087463,0.041556712
