X var,Y var,MIC (strength),MIC-p^2 (nonlinearity),MAS (non-monotonicity),MEV (functionality),MCN (complexity),Linear regression (p)
all,rl,0.25891,-0.13449976,0.03016001,0.24846,5.087463,0.62722385
mit,all,0.23959,0.2170686,0.0448,0.23095,5.087463,0.15007135
mit,rl,0.21257,0.21250875,0.029369995,0.20402,5.087463,0.007826153
all,call4,0.17788,-0.071195304,0.035180002,0.17053,5.087463,0.49907446
mit,call4,0.16638,0.16630702,0.077180006,0.15802,5.087463,0.008543111
call4,rl,0.16118,-0.748123,0.070530005,0.15165,5.087463,0.9535738
