X var,Y var,MIC (strength),MIC-p^2 (nonlinearity),MAS (non-monotonicity),MEV (functionality),MCN (complexity),Linear regression (p)
all,rl,0.69232,0.66086906,0.22508001,0.66357,4.7548876,-0.17734416
all,call4,0.6384,0.60536647,0.21491003,0.6384,4.70044,-0.18175136
call4,rl,0.60131,-0.06797212,0.06555,0.60131,4.70044,0.81809664
mit,all,0.25726,0.24539909,0.030929998,0.25726,4.70044,0.108907804
mit,rl,0.24298,0.20915692,0.034820005,0.24298,4.70044,-0.18391053
mit,call4,0.20629,0.18229838,0.027290009,0.20629,4.70044,-0.15489233
