X var,Y var,MIC (strength),MIC-p^2 (nonlinearity),MAS (non-monotonicity),MEV (functionality),MCN (complexity),Linear regression (p)
all,rl,0.3822,0.16131045,0.03297001,0.3822,4.807355,0.46998888
call4,rl,0.23288,0.21575741,0.07525,0.23288,4.807355,0.1308533
mit,all,0.22456,0.19647135,0.051489994,0.22456,4.807355,-0.16759667
mit,rl,0.20491,0.1707457,0.02769,0.20491,4.807355,-0.18483585
mit,call4,0.19338,0.16823852,0.049510002,0.19338,4.807355,-0.15856062
all,call4,0.19097,0.17946531,0.0763,0.19097,4.807355,0.107259914
