X var,Y var,MIC (strength),MIC-p^2 (nonlinearity),MAS (non-monotonicity),MEV (functionality),MCN (complexity),Linear regression (p)
all,rl,0.45914,-0.10699695,0.15526,0.45914,4.807355,0.7524207
mit,rl,0.33182,0.2635427,0.07117,0.33182,4.807355,-0.26129922
mit,all,0.28821,0.23192835,0.06893,0.28821,4.807355,-0.23723754
mit,call4,0.18371,0.18318032,0.15028,0.18371,4.807355,-0.023014797
all,call4,0.18213,-0.03168106,0.14876999,0.18213,4.807355,0.46239707
call4,rl,0.17357,-0.06772722,0.12042001,0.17357,4.807355,0.49122015
