X var,Y var,MIC (strength),MIC-p^2 (nonlinearity),MAS (non-monotonicity),MEV (functionality),MCN (complexity),Linear regression (p)
all,rl,0.28808,-0.6795069,0.02144,0.28808,5.087463,0.98366
mit,rl,0.2148,0.21440668,0.025790002,0.2148,5.087463,0.01983235
mit,all,0.18858,0.18606989,0.014820002,0.18858,5.087463,0.05010109
call4,rl,0.16536,-0.80471265,0.10226,0.16536,5.087463,0.98492265
all,call4,0.14792,-0.8427282,0.1146,0.14792,5.087463,0.9953131
mit,call4,0.13829,0.13700044,0.11365,0.13829,5.087463,0.03591037
