X var,Y var,MIC (strength),MIC-p^2 (nonlinearity),MAS (non-monotonicity),MEV (functionality),MCN (complexity),Linear regression (p)
all,rl,0.61325,-0.12151837,0.053570032,0.61325,5.2479277,0.8571863
mit,rl,0.48312,-0.056110054,0.045630008,0.48312,5.087463,-0.73432285
mit,all,0.42325,0.014002264,0.058270007,0.42325,5.2479277,-0.63972473
call4,rl,0.18176,0.16310827,0.08496,0.18176,5.2479277,0.1365713
all,call4,0.17256,0.17228472,0.06394,0.17256,5.2479277,-0.016591724
mit,call4,0.16255,0.120824955,0.045330003,0.16255,5.2479277,-0.2042671
