X var,Y var,MIC (strength),MIC-p^2 (nonlinearity),MAS (non-monotonicity),MEV (functionality),MCN (complexity),Linear regression (p)
all,rl,0.57592,-0.270876,0.08006999,0.57592,5.2479277,0.9202152
mit,rl,0.47611,0.08211824,0.04519999,0.47611,5.2479277,-0.62768763
mit,all,0.40653,0.02301529,0.076680005,0.40653,4.9068904,-0.61928564
call4,rl,0.20292,0.1912808,0.08469,0.20292,5.2479277,0.107885145
mit,call4,0.16619,0.12323323,0.04489,0.16619,5.2479277,-0.20726016
all,call4,0.15526,0.15526,0.073149994,0.15526,5.2479277,-2.923347E-6
