X var,Y var,MIC (strength),MIC-p^2 (nonlinearity),MAS (non-monotonicity),MEV (functionality),MCN (complexity),Linear regression (p)
all,rl,0.22489,0.15426397,0.016849995,0.22489,5.2479277,0.26575556
mit,rl,0.20468,0.20462386,0.024560004,0.20468,5.2479277,-0.0074920743
mit,call4,0.19942,0.19243464,0.05247,0.19942,5.2479277,-0.08357849
all,call4,0.19655,0.17079759,0.032289997,0.19655,5.2479277,-0.1604756
call4,rl,0.18635,0.15078428,0.03848,0.18635,5.2479277,0.18858877
mit,all,0.17491,0.16558555,0.027879998,0.17491,5.2479277,-0.09656318
