X var,Y var,MIC (strength),MIC-p^2 (nonlinearity),MAS (non-monotonicity),MEV (functionality),MCN (complexity),Linear regression (p)
all,rl,0.26399,-0.0059067905,0.021709993,0.26399,5.2479277,0.51951593
mit,rl,0.24972,0.09636612,0.018739998,0.24972,5.2479277,-0.39160424
call4,rl,0.20257,0.18244477,0.08861001,0.20257,5.2479277,0.14186344
all,call4,0.16756,0.16628265,0.057179995,0.16756,5.2479277,0.035739917
mit,call4,0.16681,0.13210548,0.04151,0.16681,5.2479277,-0.18629149
mit,all,0.15105,0.14446421,0.017710002,0.15105,5.2479277,-0.081152886
