X var,Y var,MIC (strength),MIC-p^2 (nonlinearity),MAS (non-monotonicity),MEV (functionality),MCN (complexity),Linear regression (p)
all,rl,0.37461,0.03969741,0.030489996,0.37461,5.2479277,0.57871634
mit,rl,0.27466,0.10372421,0.051379994,0.27466,5.2479277,-0.4134438
all,call4,0.17693,0.170207,0.08317,0.17693,5.2479277,0.081993915
call4,rl,0.16743,0.13554847,0.040639997,0.16743,5.2479277,0.17855398
mit,all,0.16556,0.1499862,0.03408,0.16556,5.2479277,-0.12479507
mit,call4,0.14632,0.114587344,0.022480004,0.14632,5.2479277,-0.17813662
