X var,Y var,MIC (strength),MIC-p^2 (nonlinearity),MAS (non-monotonicity),MEV (functionality),MCN (complexity),Linear regression (p)
all,rl,0.49254,-0.2545017,0.03838998,0.49254,4.807355,0.86431575
mit,call4,0.28344,0.2720058,0.07352999,0.28344,4.807355,0.106930844
mit,rl,0.24266,0.23696157,0.057219997,0.24266,4.807355,-0.07548789
mit,all,0.24041,0.23234338,0.06952,0.24041,4.807355,-0.08981438
all,call4,0.17105,-0.20252247,0.09557,0.17105,4.807355,0.61120576
call4,rl,0.15323,-0.5229079,0.04621,0.15323,4.807355,0.82227606
