X var,Y var,MIC (strength),MIC-p^2 (nonlinearity),MAS (non-monotonicity),MEV (functionality),MCN (complexity),Linear regression (p)
all,rl,0.64887,0.20818076,0.052619994,0.64887,4.70044,0.6638443
call4,rl,0.53982,0.19526282,0.0853,0.53982,4.70044,0.58698994
all,call4,0.52365,0.0336878,0.10325,0.52365,4.70044,0.699973
mit,all,0.3093,0.11758694,0.048360005,0.3093,4.70044,0.4378505
mit,call4,0.30883,0.09486355,0.03767,0.30883,4.4594316,0.46256506
mit,rl,0.27946,0.22127762,0.07318999,0.27946,4.70044,0.24121025
