X var,Y var,MIC (strength),MIC-p^2 (nonlinearity),MAS (non-monotonicity),MEV (functionality),MCN (complexity),Linear regression (p)
all,rl,0.28792,0.10217789,0.043850005,0.27908,5.0,0.4309781
mit,rl,0.21738,0.18230411,0.02042,0.20587,5.0,-0.18728556
mit,call4,0.20423,0.15055093,0.09757999,0.19389,5.0,0.23168743
mit,all,0.19663,0.14957961,0.010460004,0.18819,5.0,0.216911
all,call4,0.17338,0.17310975,0.11348,0.1646,5.0,-0.016439354
call4,rl,0.15986,0.14767636,0.07095,0.15213,5.0,-0.11037953
