X var,Y var,MIC (strength),MIC-p^2 (nonlinearity),MAS (non-monotonicity),MEV (functionality),MCN (complexity),Linear regression (p)
call4,rl,0.7239,0.3468696,0.123080015,0.7239,4.807355,0.61402804
all,rl,0.59114,0.29129356,0.08488998,0.59114,4.807355,0.5475823
all,call4,0.44249,0.21344267,0.14476001,0.44249,4.807355,0.4785889
mit,call4,0.38906,0.36297077,0.22588,0.38906,4.807355,-0.16152155
mit,rl,0.36097,0.36050975,0.03565,0.36097,4.807355,-0.021452853
mit,all,0.32558,0.29274035,0.08794001,0.32558,4.807355,-0.18121715
