X var,Y var,MIC (strength),MIC-p^2 (nonlinearity),MAS (non-monotonicity),MEV (functionality),MCN (complexity),Linear regression (p)
all,rl,0.53851,0.085011005,0.07857001,0.53224,5.0,0.67342335
mit,rl,0.51606,0.30543256,0.10405001,0.51606,4.807355,-0.45894167
mit,all,0.36339,0.24736667,0.13898,0.35524,5.0,-0.34062198
mit,call4,0.20225,0.20189932,0.17083001,0.19498,5.0,0.018726373
all,call4,0.18796,0.18787636,0.15909,0.17851,5.0,-0.0091458205
call4,rl,0.1453,0.14528708,0.11467,0.13858,5.0,0.003593341
