X var,Y var,MIC (strength),MIC-p^2 (nonlinearity),MAS (non-monotonicity),MEV (functionality),MCN (complexity),Linear regression (p)
mit,rl,0.50734,0.2252475,0.03847,0.49788,5.0,-0.5311238
all,rl,0.47904,-0.032197088,0.058150023,0.47165,5.0,0.71500844
mit,all,0.30143,0.26950818,0.09692001,0.29236,5.0,-0.17866677
call4,rl,0.19698,0.18852954,0.106359996,0.18906,5.0,-0.09192637
mit,call4,0.17917,0.17447779,0.098,0.17097,5.0,0.068499714
all,call4,0.17538,0.16217455,0.10660001,0.16673,5.0,-0.114914976
