X var,Y var,MIC (strength),MIC-p^2 (nonlinearity),MAS (non-monotonicity),MEV (functionality),MCN (complexity),Linear regression (p)
all,rl,0.48952,-0.10186005,0.03830999,0.478,5.087463,0.7690124
mit,rl,0.23207,0.10302669,0.028940007,0.22392,5.087463,-0.359226
call4,rl,0.22741,-0.012716666,0.0467,0.21762,5.087463,0.49002722
mit,all,0.21364,0.17100051,0.03171,0.20504,5.087463,-0.20649333
mit,call4,0.20267,0.18468262,0.055020005,0.19556,5.044394,-0.13411699
all,call4,0.19942,0.04510273,0.054900005,0.19549,5.087463,0.39283237
