X var,Y var,MIC (strength),MIC-p^2 (nonlinearity),MAS (non-monotonicity),MEV (functionality),MCN (complexity),Linear regression (p)
all,rl,0.28903,0.08832373,0.02155,0.28903,5.087463,0.44800252
mit,rl,0.22421,0.105138704,0.020490006,0.22421,5.087463,-0.34506708
call4,rl,0.18312,0.16551632,0.116629995,0.18312,5.087463,0.13267885
mit,call4,0.17352,0.16535361,0.11922,0.17352,5.087463,-0.09036807
mit,all,0.17171,0.17138274,0.01669,0.17171,5.087463,0.01809018
all,call4,0.16137,0.15738337,0.104219995,0.16137,5.087463,0.063139774
