X var,Y var,MIC (strength),MIC-p^2 (nonlinearity),MAS (non-monotonicity),MEV (functionality),MCN (complexity),Linear regression (p)
all,rl,0.37503,-0.043397546,0.044029996,0.37503,4.9068904,0.64685977
mit,all,0.2185,0.21713576,0.030790001,0.2185,4.9068904,-0.036935635
mit,rl,0.20903,0.15845214,0.023220003,0.20903,4.9068904,-0.22489524
mit,call4,0.19821,0.19794562,0.09638,0.19821,4.9068904,-0.016259534
all,call4,0.19579,0.16781165,0.12039999,0.19579,4.9068904,0.1672673
call4,rl,0.18802,8.972585E-4,0.09771,0.18802,4.9068904,0.43257686
