X var,Y var,MIC (strength),MIC-p^2 (nonlinearity),MAS (non-monotonicity),MEV (functionality),MCN (complexity),Linear regression (p)
all,rl,0.31477,-0.6456299,0.060070008,0.31477,4.807355,0.97999996
mit,all,0.21111,0.043054283,0.05397,0.21111,4.807355,0.409946
mit,call4,0.20006,-0.015709758,0.13967,0.20006,4.807355,0.46451023
mit,rl,0.19859,-0.008239776,0.018569998,0.19859,4.807355,0.4547854
all,call4,0.19386,-0.7447466,0.08766999,0.19386,4.807355,0.9688171
call4,rl,0.16686,-0.8277556,0.10674,0.16686,4.807355,0.99730414
