X var,Y var,MIC (strength),MIC-p^2 (nonlinearity),MAS (non-monotonicity),MEV (functionality),MCN (complexity),Linear regression (p)
all,rl,0.33725,-0.13604498,0.048319995,0.33725,4.9068904,0.6879644
mit,all,0.23069,0.2272974,0.025690004,0.23069,4.9068904,-0.05824613
mit,rl,0.20553,0.1747661,0.09243,0.20553,4.9068904,-0.17539641
mit,call4,0.15914,0.14973816,0.118870005,0.15914,4.9068904,-0.09696309
all,call4,0.12356,0.12316176,0.10767999,0.12356,4.9068904,-0.019955702
call4,rl,0.09262,0.08756816,0.07073,0.09262,4.9068904,0.07107632
