X var,Y var,MIC (strength),MIC-p^2 (nonlinearity),MAS (non-monotonicity),MEV (functionality),MCN (complexity),Linear regression (p)
all,rl,0.59705,-0.09075755,0.064940006,0.59705,5.2479277,0.82934165
mit,rl,0.49819,-0.1458618,0.047509998,0.49819,5.169925,-0.8025284
mit,all,0.43068,0.054383606,0.06452,0.43068,4.9068904,-0.61343
call4,rl,0.2755,0.266245,0.16597,0.2755,5.2479277,0.096202835
mit,call4,0.21267,0.19006099,0.092029996,0.21267,5.2479277,-0.15036294
all,call4,0.17559,0.16975686,0.090349995,0.17559,5.2479277,-0.076374926
