X var,Y var,MIC (strength),MIC-p^2 (nonlinearity),MAS (non-monotonicity),MEV (functionality),MCN (complexity),Linear regression (p)
call4,rl,0.49308,0.22176918,0.041350007,0.49308,4.70044,0.52087504
all,rl,0.48021,0.48018593,0.12512001,0.48021,4.70044,0.0049085747
all,call4,0.38757,0.37904432,0.050579995,0.38757,4.5849624,-0.0923345
mit,all,0.24228,0.24224468,0.029470012,0.24228,4.70044,0.0059436727
mit,call4,0.22088,0.21471298,0.06227,0.22088,4.70044,-0.078530446
mit,rl,0.1727,0.17269559,0.02437,0.1727,4.70044,-0.0020987669
