X var,Y var,MIC (strength),MIC-p^2 (nonlinearity),MAS (non-monotonicity),MEV (functionality),MCN (complexity),Linear regression (p)
mit,rl,0.40077,0.1072416,0.049620003,0.40077,5.2479277,-0.5417826
all,rl,0.25177,0.18147156,0.037770003,0.25177,5.2479277,0.26513854
mit,call4,0.23045,0.09579733,0.07182999,0.23045,5.087463,-0.3669505
all,call4,0.19309,0.15507746,0.07765,0.19309,5.2479277,-0.19496807
mit,all,0.18143,0.18021934,0.011129998,0.18143,5.2479277,-0.034794565
call4,rl,0.17967,0.08178153,0.04258001,0.17967,5.2479277,0.31287134
