X var,Y var,MIC (strength),MIC-p^2 (nonlinearity),MAS (non-monotonicity),MEV (functionality),MCN (complexity),Linear regression (p)
all,rl,0.43363,0.084388345,0.022870004,0.42748,5.321928,0.5909667
call4,rl,0.41406,0.11214551,0.072160006,0.40784,5.321928,0.54946744
mit,rl,0.28722,0.20611271,0.012399994,0.27979,5.321928,0.2847934
all,call4,0.24606,0.144325,0.066369995,0.2393,5.321928,0.31895924
mit,call4,0.19657,0.1818805,0.056989998,0.18982,5.321928,0.1212002
mit,all,0.17116,0.16403703,0.017760001,0.16483,5.321928,-0.08439764
