X var,Y var,MIC (strength),MIC-p^2 (nonlinearity),MAS (non-monotonicity),MEV (functionality),MCN (complexity),Linear regression (p)
all,rl,0.50082,0.3882116,0.06733999,0.50082,4.70044,-0.3355717
all,call4,0.49417,0.44102937,0.13880002,0.49417,4.70044,-0.23052257
call4,rl,0.44431,-0.24154675,0.056349993,0.44431,4.70044,0.8281647
mit,all,0.2549,0.19235608,0.041050002,0.2549,4.70044,0.25008783
mit,rl,0.23309,0.18628584,0.05060999,0.23309,4.70044,-0.2163427
mit,call4,0.18894,0.14378767,0.057480007,0.18894,4.70044,-0.21249078
