X var,Y var,MIC (strength),MIC-p^2 (nonlinearity),MAS (non-monotonicity),MEV (functionality),MCN (complexity),Linear regression (p)
all,rl,0.5574,0.5202373,0.08274999,0.5574,4.70044,0.19277613
call4,rl,0.51332,-0.2038185,0.098480016,0.51332,4.0,0.8468403
all,call4,0.40746,0.38645607,0.07811998,0.40746,4.70044,0.14492737
mit,rl,0.35328,-0.056130856,0.06572002,0.35328,4.70044,0.6398522
mit,call4,0.32799,0.021088898,0.06285001,0.32799,4.70044,0.55398655
mit,all,0.23887,0.23547176,0.049399987,0.23887,4.70044,-0.058294363
