X var,Y var,MIC (strength),MIC-p^2 (nonlinearity),MAS (non-monotonicity),MEV (functionality),MCN (complexity),Linear regression (p)
all,rl,0.44398,-0.036773413,0.025329992,0.44398,4.9068904,0.69336385
mit,rl,0.41578,0.23820093,0.08258,0.41578,4.9068904,-0.42140132
mit,call4,0.37334,0.37171143,0.06394002,0.37334,4.9068904,-0.040355533
call4,rl,0.36059,0.3527101,0.06206,0.36059,4.9068904,0.08876881
mit,all,0.28217,0.28202137,0.095180005,0.28217,4.9068904,0.012190809
all,call4,0.2035,0.20337455,0.05459,0.2035,4.9068904,-0.011200324
