X var,Y var,MIC (strength),MIC-p^2 (nonlinearity),MAS (non-monotonicity),MEV (functionality),MCN (complexity),Linear regression (p)
all,rl,0.61136,0.3932848,0.060930014,0.61136,4.70044,-0.46698526
call4,rl,0.5697,-0.022366166,0.064689994,0.5697,4.5849624,0.76945835
all,call4,0.53988,0.34814602,0.11913997,0.53988,4.70044,-0.43787435
mit,all,0.29746,0.26614395,0.074039996,0.29746,4.70044,0.1769634
mit,rl,0.23932,0.23166865,0.039849997,0.23932,4.70044,-0.08747198
mit,call4,0.23806,0.23135231,0.058970004,0.23806,4.70044,-0.081900485
