X var,Y var,MIC (strength),MIC-p^2 (nonlinearity),MAS (non-monotonicity),MEV (functionality),MCN (complexity),Linear regression (p)
all,rl,0.2786,-0.15028629,0.034470007,0.2786,5.087463,0.6548941
all,call4,0.19805,0.19776489,0.105900005,0.19805,5.087463,0.01688562
mit,all,0.18729,0.1870871,0.03904,0.18729,5.087463,0.014244275
call4,rl,0.17983,0.17850338,0.0911,0.17983,5.087463,-0.03642284
mit,rl,0.16318,0.15063867,0.008619998,0.16318,5.087463,-0.111988075
mit,call4,0.14416,0.13829714,0.049840003,0.14416,5.087463,-0.0765693
