X var,Y var,MIC (strength),MIC-p^2 (nonlinearity),MAS (non-monotonicity),MEV (functionality),MCN (complexity),Linear regression (p)
all,rl,0.87027,0.090966105,0.06888002,0.86562,5.321928,0.8827819
call4,rl,0.56484,0.19771028,0.14071003,0.55553,5.321928,0.6059123
all,call4,0.47853,0.22040245,0.10271999,0.47348,5.321928,0.50806254
mit,rl,0.23022,0.21932879,0.05642,0.22327,5.321928,0.10436095
mit,all,0.1951,0.19411452,0.013640001,0.18863,5.321928,0.031392142
mit,call4,0.1858,0.18466453,0.019730002,0.17839,5.321928,-0.033696793
