X var,Y var,MIC (strength),MIC-p^2 (nonlinearity),MAS (non-monotonicity),MEV (functionality),MCN (complexity),Linear regression (p)
all,rl,0.33237,-0.30773053,0.023420006,0.33237,5.087463,0.80006284
mit,all,0.20754,0.15324809,0.032810003,0.20754,5.087463,-0.23300627
mit,rl,0.18674,0.11476849,0.0321,0.18674,5.087463,-0.26827505
mit,call4,0.15953,0.14015451,0.13335,0.15953,5.087463,-0.13919586
all,call4,0.13577,0.13576986,0.12015999,0.13577,5.087463,3.577523E-4
call4,rl,0.08599,0.08375317,0.065349996,0.08599,5.087463,0.0472951
