X var,Y var,MIC (strength),MIC-p^2 (nonlinearity),MAS (non-monotonicity),MEV (functionality),MCN (complexity),Linear regression (p)
mit,rl,0.38881,-0.10539675,0.04256001,0.38881,5.2479277,-0.7029984
all,rl,0.37248,0.057725906,0.06321001,0.37248,5.2479277,0.5610295
mit,call4,0.20213,0.1329988,0.062080003,0.20213,5.2479277,-0.26292813
mit,all,0.18654,0.122590385,0.017120004,0.18654,5.2479277,-0.2528826
all,call4,0.18071,0.17962626,0.060210004,0.18071,5.2479277,0.032920334
call4,rl,0.17644,0.062914655,0.021420002,0.17644,5.2479277,0.33693522
