X var,Y var,MIC (strength),MIC-p^2 (nonlinearity),MAS (non-monotonicity),MEV (functionality),MCN (complexity),Linear regression (p)
all,rl,0.34844,-0.32803428,0.021400005,0.34844,5.087463,0.82248056
mit,rl,0.19789,0.16371517,0.022310004,0.19789,5.087463,-0.18486436
mit,all,0.19147,0.18957964,0.024050012,0.19147,5.087463,-0.043478344
call4,rl,0.17704,0.16689211,0.13452,0.17704,5.087463,0.10073667
mit,call4,0.16044,0.1570223,0.09494,0.16044,5.087463,-0.058461055
all,call4,0.14758,0.14456849,0.09285,0.14758,5.087463,0.054877233
