X var,Y var,MIC (strength),MIC-p^2 (nonlinearity),MAS (non-monotonicity),MEV (functionality),MCN (complexity),Linear regression (p)
all,rl,0.26967,-0.7163631,0.027930006,0.26967,4.807355,0.992992
mit,all,0.20486,-0.14619544,0.026810002,0.20486,4.807355,0.5924993
mit,rl,0.19101,-0.18115598,0.017460003,0.19101,4.807355,0.6100541
all,call4,0.16497,-0.81587404,0.11228,0.16497,4.807355,0.9903757
mit,call4,0.16497,-0.20967643,0.13160999,0.16497,4.807355,0.6120837
call4,rl,0.12876,-0.8703726,0.07540999,0.12876,4.4594316,0.9995662
