X var,Y var,MIC (strength),MIC-p^2 (nonlinearity),MAS (non-monotonicity),MEV (functionality),MCN (complexity),Linear regression (p)
mit,call4,0.43111,-0.030854493,0.102999985,0.43111,4.4594316,-0.6796797
call4,rl,0.40392,-0.03867477,0.07448,0.38908,5.087463,0.66527796
mit,rl,0.39726,0.071676075,0.023120001,0.38594,5.087463,-0.5705996
all,rl,0.22655,0.08424474,0.012290001,0.21882,5.087463,0.37723368
mit,all,0.19046,0.17892933,0.025069997,0.17971,5.087463,0.10738094
all,call4,0.16489,0.16040622,0.0147899985,0.15822,5.087463,0.06696105
