X var,Y var,MIC (strength),MIC-p^2 (nonlinearity),MAS (non-monotonicity),MEV (functionality),MCN (complexity),Linear regression (p)
all,rl,0.63227,0.17959216,0.06181997,0.60701,5.0,0.67281336
mit,rl,0.44784,0.38520098,0.02708,0.4421,5.0,-0.2502779
mit,all,0.36968,0.29739016,0.06356999,0.36049,5.0,-0.26886767
mit,call4,0.17471,0.17459399,0.16057001,0.16709,5.0,-0.010771512
all,call4,0.16249,0.15779439,0.13577,0.15879,5.0,0.06852454
call4,rl,0.08889,0.08888791,0.07647,0.08886,5.0,-0.0014478586
