X var,Y var,MIC (strength),MIC-p^2 (nonlinearity),MAS (non-monotonicity),MEV (functionality),MCN (complexity),Linear regression (p)
all,rl,0.33218,0.13066289,0.027319998,0.33218,4.9068904,0.44890657
call4,rl,0.28305,0.11630009,0.07192001,0.28305,4.9068904,0.40835023
mit,all,0.22105,0.21746145,0.029529996,0.22105,4.9068904,-0.059904482
mit,rl,0.20199,0.19689825,0.04232,0.20199,4.9068904,-0.07135649
mit,call4,0.1908,0.17550962,0.041920006,0.1908,4.9068904,-0.1236543
all,call4,0.1842,0.18419558,0.019510001,0.1842,4.9068904,0.002103792
