X var,Y var,MIC (strength),MIC-p^2 (nonlinearity),MAS (non-monotonicity),MEV (functionality),MCN (complexity),Linear regression (p)
call4,rl,0.61253,0.07429612,0.094769984,0.61253,4.807355,0.73364425
mit,rl,0.32888,0.32287273,0.123830006,0.32888,4.807355,0.0775066
all,rl,0.30384,0.15972207,0.082660004,0.30384,4.807355,0.3796287
mit,all,0.22646,0.18603216,0.030330002,0.22646,4.807355,-0.20106675
mit,call4,0.19328,0.16635117,0.06482999,0.19328,4.807355,0.16410005
all,call4,0.17755,0.1600236,0.10745,0.17755,4.807355,0.1323873
