X var,Y var,MIC (strength),MIC-p^2 (nonlinearity),MAS (non-monotonicity),MEV (functionality),MCN (complexity),Linear regression (p)
all,rl,0.41097,-0.5765543,0.057819992,0.41097,4.807355,0.9937426
mit,rl,0.29461,0.051535368,0.042919993,0.29461,4.807355,0.493026
mit,all,0.2147,-0.0026183128,0.037589997,0.2147,4.807355,0.46617413
all,call4,0.18293,-0.78407204,0.11145999,0.18293,4.807355,0.9833626
mit,call4,0.17246,-0.090308055,0.11671001,0.17246,4.807355,0.51260906
call4,rl,0.14759,-0.8395946,0.09132999,0.14759,4.807355,0.99357164
