X var,Y var,MIC (strength),MIC-p^2 (nonlinearity),MAS (non-monotonicity),MEV (functionality),MCN (complexity),Linear regression (p)
all,rl,0.71868,0.13642907,0.04782003,0.71209,5.087463,0.7630537
mit,rl,0.60847,0.21734172,0.18932003,0.59822,5.087463,-0.6254025
mit,all,0.50053,0.29702473,0.12678,0.49252,5.087463,-0.45111558
mit,call4,0.21467,0.21190397,0.18166,0.20469,5.087463,0.05259302
all,call4,0.17702,0.17532676,0.14802,0.16703,5.087463,-0.04114889
call4,rl,0.15924,0.15815902,0.13034001,0.15267,5.087463,0.032878466
