X var,Y var,MIC (strength),MIC-p^2 (nonlinearity),MAS (non-monotonicity),MEV (functionality),MCN (complexity),Linear regression (p)
all,rl,0.49616,0.081650764,0.0343,0.49616,4.9068904,0.6438239
mit,all,0.23752,0.23481247,0.03052,0.23752,4.9068904,0.052033845
mit,rl,0.22719,0.22462381,0.04986,0.22719,4.9068904,-0.05065762
mit,call4,0.20968,0.18209007,0.115830004,0.20968,4.9068904,-0.16610216
all,call4,0.19777,0.19628954,0.14805,0.19777,4.9068904,0.03847677
call4,rl,0.15717,0.09350253,0.10622,0.15717,4.9068904,0.25232413
