X var,Y var,MIC (strength),MIC-p^2 (nonlinearity),MAS (non-monotonicity),MEV (functionality),MCN (complexity),Linear regression (p)
all,rl,0.46753,-0.18964899,0.044840008,0.46753,5.087463,0.8106658
mit,all,0.23039,0.14554465,0.037260003,0.23039,5.087463,-0.29128224
mit,rl,0.22142,0.13111065,0.035950005,0.22142,5.087463,-0.30051515
all,call4,0.20374,0.080789834,0.11998,0.20374,5.087463,0.3506425
call4,rl,0.2005,0.012170836,0.06775999,0.2005,5.087463,0.43396908
mit,call4,0.19991,0.14722924,0.1159,0.19991,5.087463,-0.2295229
