X var,Y var,MIC (strength),MIC-p^2 (nonlinearity),MAS (non-monotonicity),MEV (functionality),MCN (complexity),Linear regression (p)
all,rl,0.27004,0.049019337,0.029699996,0.27004,5.2479277,0.47012836
mit,rl,0.22574,0.07427992,0.032120004,0.22574,5.2479277,-0.38917872
mit,all,0.20431,0.200906,0.008410003,0.20431,5.2479277,0.058343887
all,call4,0.16449,0.1636262,0.038870007,0.16449,5.2479277,0.029390551
call4,rl,0.16008,0.13775626,0.026830003,0.16008,5.2479277,0.14941134
mit,call4,0.14624,0.11976869,0.029900007,0.14624,5.2479277,-0.16270006
