X var,Y var,MIC (strength),MIC-p^2 (nonlinearity),MAS (non-monotonicity),MEV (functionality),MCN (complexity),Linear regression (p)
all,rl,0.42814,0.15864977,0.035000026,0.42814,5.087463,0.5191245
mit,rl,0.32254,0.043283463,0.04343,0.32254,5.087463,-0.5284473
mit,all,0.20439,0.17946634,0.015970007,0.20439,5.087463,-0.1578723
mit,call4,0.19224,0.1710572,0.14604,0.19224,5.087463,-0.14554314
all,call4,0.17133,0.14407313,0.10445,0.17133,5.087463,0.16509657
call4,rl,0.15725,0.15663181,0.0951,0.15725,5.087463,0.024863567
