X var,Y var,MIC (strength),MIC-p^2 (nonlinearity),MAS (non-monotonicity),MEV (functionality),MCN (complexity),Linear regression (p)
all,rl,0.72651,0.5810581,0.16211,0.72651,4.4594316,0.38138157
call4,rl,0.57471,-0.36945683,0.063360006,0.57471,4.5849624,0.9716825
all,call4,0.55529,0.47126162,0.12809,0.55529,4.70044,0.28987643
mit,rl,0.36112,-0.29702896,0.03846,0.36112,4.70044,0.8112638
mit,call4,0.33036,-0.23321825,0.08347,0.33036,4.70044,0.7507185
mit,all,0.32665,0.100260064,0.053869992,0.32665,4.70044,0.4758045
