X var,Y var,MIC (strength),MIC-p^2 (nonlinearity),MAS (non-monotonicity),MEV (functionality),MCN (complexity),Linear regression (p)
all,rl,0.21071,0.05969225,0.028410003,0.21071,5.087463,0.38861004
mit,rl,0.20507,0.16416672,0.023450002,0.20507,5.087463,-0.2022456
mit,all,0.18065,0.16986592,0.019140005,0.18065,5.087463,0.10384642
all,call4,0.17985,0.10723064,0.09076,0.17985,5.087463,0.26947978
call4,rl,0.17245,0.16637602,0.07880001,0.17245,5.087463,0.077935725
mit,call4,0.15066,0.13522422,0.060289994,0.15066,5.087463,0.12424079
