X var,Y var,MIC (strength),MIC-p^2 (nonlinearity),MAS (non-monotonicity),MEV (functionality),MCN (complexity),Linear regression (p)
all,rl,0.33069,0.007728696,0.03476,0.33069,5.087463,0.56829685
mit,call4,0.21533,0.20954546,0.11055,0.21533,5.087463,-0.076056145
mit,rl,0.21264,0.12619372,0.025739998,0.21264,5.087463,-0.2940175
mit,all,0.19234,0.18756254,0.051190004,0.19234,5.087463,-0.069119155
all,call4,0.17878,0.1731708,0.08912001,0.17878,5.087463,0.07489458
call4,rl,0.15696,0.15555367,0.052799992,0.15696,5.087463,0.037500925
