X var,Y var,MIC (strength),MIC-p^2 (nonlinearity),MAS (non-monotonicity),MEV (functionality),MCN (complexity),Linear regression (p)
all,rl,0.35305,-0.11577758,0.052850008,0.35305,4.807355,0.68470985
mit,rl,0.34973,0.2726883,0.049510002,0.34973,4.807355,-0.2775639
mit,all,0.26356,0.25056982,0.024969995,0.26356,4.807355,-0.113974445
mit,call4,0.18904,0.17095491,0.16655001,0.18904,4.807355,-0.13448085
all,call4,0.13753,0.1358504,0.116909996,0.13753,4.807355,0.04098298
call4,rl,0.1346,0.10518964,0.09337,0.1346,4.807355,0.1714945
