X var,Y var,MIC (strength),MIC-p^2 (nonlinearity),MAS (non-monotonicity),MEV (functionality),MCN (complexity),Linear regression (p)
all,rl,0.47984,-0.14229771,0.057819992,0.47984,4.807355,0.7887571
mit,rl,0.40248,0.2945912,0.1146,0.40248,4.807355,-0.32846433
mit,all,0.32193,0.2816711,0.053640008,0.32193,4.807355,-0.20064619
mit,call4,0.26813,0.23197863,0.13896,0.26813,4.807355,-0.19013518
all,call4,0.22257,0.1312818,0.14840999,0.22257,4.807355,0.30213937
call4,rl,0.21257,0.13341281,0.12022,0.21257,4.807355,0.28134885
