X var,Y var,MIC (strength),MIC-p^2 (nonlinearity),MAS (non-monotonicity),MEV (functionality),MCN (complexity),Linear regression (p)
all,rl,0.37593,0.038804203,0.031150013,0.37593,5.087463,0.58062536
mit,call4,0.17597,0.13155657,0.072950006,0.17597,5.087463,-0.21074493
mit,all,0.17566,0.17268643,0.024660006,0.17566,5.087463,-0.054530486
all,call4,0.1749,0.16985151,0.069649994,0.1749,5.087463,-0.07105263
call4,rl,0.17302,0.16537517,0.053740002,0.17302,5.087463,-0.08743477
mit,rl,0.16543,0.15414155,0.012960002,0.16543,5.087463,-0.10624714
