X var,Y var,MIC (strength),MIC-p^2 (nonlinearity),MAS (non-monotonicity),MEV (functionality),MCN (complexity),Linear regression (p)
mit,call4,0.41536,0.021056235,0.07925999,0.41536,4.169925,-0.6279361
mit,rl,0.38388,0.19018148,0.027630001,0.375,5.087463,-0.44011194
all,rl,0.32488,0.028505027,0.031190008,0.31755,5.087463,0.5444033
call4,rl,0.25614,0.05696343,0.050559998,0.25451,5.087463,0.446292
mit,all,0.19151,0.18617918,0.012590006,0.18315,5.087463,0.0730125
all,call4,0.17401,0.16466752,0.095869996,0.1643,5.087463,0.09665652
