X var,Y var,MIC (strength),MIC-p^2 (nonlinearity),MAS (non-monotonicity),MEV (functionality),MCN (complexity),Linear regression (p)
all,rl,0.28808,-0.19426957,0.022740006,0.28808,5.087463,0.6945139
mit,all,0.18254,0.1825383,0.027720004,0.18254,5.087463,-0.0013043432
mit,rl,0.18197,0.1620639,0.024560004,0.18197,5.087463,-0.14108898
all,call4,0.18097,0.17840353,0.085099995,0.18097,5.087463,0.050660394
mit,call4,0.15693,0.15646692,0.06283,0.15693,5.087463,-0.021519497
call4,rl,0.15052,0.15044361,0.05139,0.15052,5.087463,-0.0087396605
