X var,Y var,MIC (strength),MIC-p^2 (nonlinearity),MAS (non-monotonicity),MEV (functionality),MCN (complexity),Linear regression (p)
call4,rl,0.60928,-0.039183736,0.13422999,0.60928,4.70044,0.80527246
all,call4,0.60901,0.519832,0.13408998,0.60901,4.70044,-0.2986268
all,rl,0.60513,0.5014844,0.08222002,0.60513,4.70044,-0.32194045
mit,rl,0.26371,0.20721999,0.08465001,0.26371,4.70044,-0.23767625
mit,all,0.24829,0.21274528,0.05042,0.24829,4.70044,0.1885331
mit,call4,0.20688,0.16322072,0.020229995,0.20688,4.70044,-0.20894803
