X var,Y var,MIC (strength),MIC-p^2 (nonlinearity),MAS (non-monotonicity),MEV (functionality),MCN (complexity),Linear regression (p)
all,rl,0.3198,-0.54171705,0.04435,0.3198,5.087463,0.92817944
mit,all,0.21674,0.20997153,0.064119995,0.21674,5.087463,0.082270704
mit,rl,0.19688,0.1968571,0.015670002,0.19688,5.087463,-0.004785173
call4,rl,0.17854,-0.68615526,0.10828,0.17854,5.087463,0.9298899
all,call4,0.16932,-0.7587865,0.0917,0.16932,5.087463,0.96338284
mit,call4,0.16663,0.16503592,0.12415,0.16663,5.087463,0.039926004
