X var,Y var,MIC (strength),MIC-p^2 (nonlinearity),MAS (non-monotonicity),MEV (functionality),MCN (complexity),Linear regression (p)
all,rl,0.29531,0.069278136,0.027539998,0.29531,5.2479277,0.47542807
mit,rl,0.28732,0.2668475,0.054399982,0.28732,5.2479277,0.14308216
mit,all,0.20116,0.20113,0.035069995,0.20116,5.2479277,-0.0054772096
call4,rl,0.19876,0.15859115,0.090770006,0.19876,5.2479277,0.20042168
mit,call4,0.19206,0.19173019,0.0883,0.19206,5.2479277,-0.01816057
all,call4,0.1649,0.15904395,0.059070006,0.1649,5.2479277,-0.07652482
