X var,Y var,MIC (strength),MIC-p^2 (nonlinearity),MAS (non-monotonicity),MEV (functionality),MCN (complexity),Linear regression (p)
all,rl,0.5091,-0.0771988,0.029339999,0.5091,5.2479277,0.76570153
mit,rl,0.35555,0.23452458,0.03433001,0.35555,5.2479277,-0.34788707
mit,all,0.26098,0.09693934,0.03903,0.26098,5.2479277,-0.40501934
mit,call4,0.16479,0.14443672,0.070070006,0.16479,5.2479277,-0.14266495
all,call4,0.16086,0.098734334,0.08346,0.16086,5.2479277,0.24925022
call4,rl,0.15923,0.14272277,0.0883,0.15923,5.2479277,0.12848043
