X var,Y var,MIC (strength),MIC-p^2 (nonlinearity),MAS (non-monotonicity),MEV (functionality),MCN (complexity),Linear regression (p)
all,rl,0.52372,0.04326138,0.08351001,0.52372,3.5849626,0.69315124
mit,rl,0.31386,0.27260008,0.025399998,0.30435,5.0,-0.20312536
mit,all,0.20694,0.17578475,0.015459999,0.19746,5.0,-0.17650847
all,call4,0.1729,0.14074998,0.14457001,0.16255,5.0,0.1793043
mit,call4,0.15568,0.15441422,0.13611001,0.14894,5.0,-0.03557769
call4,rl,0.12447,0.12446845,0.11122,0.12184,5.0,0.0012456873
