X var,Y var,MIC (strength),MIC-p^2 (nonlinearity),MAS (non-monotonicity),MEV (functionality),MCN (complexity),Linear regression (p)
all,rl,0.47498,0.063232124,0.027159989,0.46638,5.087463,0.64167583
mit,call4,0.32942,0.22668767,0.06582001,0.32942,5.0,-0.32051885
mit,rl,0.31236,0.1387554,0.026149988,0.30503,5.087463,-0.41665885
mit,all,0.26254,0.20870236,0.019370005,0.2551,5.087463,-0.23202944
call4,rl,0.24229,0.072783515,0.04796,0.23946,5.087463,0.41171166
all,call4,0.19366,0.029543892,0.034689993,0.18703,5.087463,0.40511248
