X var,Y var,MIC (strength),MIC-p^2 (nonlinearity),MAS (non-monotonicity),MEV (functionality),MCN (complexity),Linear regression (p)
all,rl,0.41207,0.0064128935,0.028270006,0.41207,5.2479277,0.63691217
mit,rl,0.33643,0.04251486,0.037,0.33643,5.2479277,-0.5421394
mit,all,0.21933,0.14957477,0.02651,0.21933,5.2479277,-0.26411214
call4,rl,0.17882,0.1487609,0.119049996,0.17882,5.2479277,0.17337559
all,call4,0.17079,0.1488829,0.10672,0.17079,5.2479277,0.14801049
mit,call4,0.15608,0.15310422,0.093789995,0.15608,5.2479277,-0.05455073
