X var,Y var,MIC (strength),MIC-p^2 (nonlinearity),MAS (non-monotonicity),MEV (functionality),MCN (complexity),Linear regression (p)
all,rl,0.33547,0.050763458,0.028260022,0.32673,5.0,0.533579
mit,rl,0.24292,0.18654203,0.011540003,0.23264,5.0,-0.23744042
mit,call4,0.20157,0.19299564,0.105620004,0.19174,5.0,0.09259784
mit,all,0.19326,0.17402506,0.013830002,0.18381,5.0,0.13869007
call4,rl,0.15971,0.15803908,0.091900006,0.15093,5.0,0.04087704
all,call4,0.15227,0.1504538,0.090770006,0.14446,5.0,0.042616956
