X var,Y var,MIC (strength),MIC-p^2 (nonlinearity),MAS (non-monotonicity),MEV (functionality),MCN (complexity),Linear regression (p)
all,rl,0.66452,0.11589056,0.05181998,0.6558,5.087463,0.74069524
mit,rl,0.45694,0.19699082,0.12061,0.44268,5.087463,-0.5098521
mit,all,0.43168,0.32769695,0.18171999,0.42222,5.087463,-0.32246402
all,call4,0.20281,0.19956665,0.09003001,0.19188,5.087463,0.05695049
mit,call4,0.17062,0.12958987,0.054689996,0.16272,5.087463,-0.20255893
call4,rl,0.16067,0.12711462,0.08828,0.15131,5.087463,0.18318127
