X var,Y var,MIC (strength),MIC-p^2 (nonlinearity),MAS (non-monotonicity),MEV (functionality),MCN (complexity),Linear regression (p)
all,rl,0.43132,0.43107417,0.12627003,0.43132,4.70044,-0.015679726
all,call4,0.36789,0.36714002,0.06325999,0.36596,4.7548876,-0.027385639
call4,rl,0.35803,0.21269825,0.055590004,0.35803,4.70044,0.381224
mit,all,0.23752,0.23268232,0.036760002,0.23752,4.70044,0.069553465
mit,call4,0.20528,0.19662578,0.053979993,0.20528,4.70044,-0.09302804
mit,rl,0.18586,0.18373005,0.03362,0.18586,4.70044,-0.04615125
