X var,Y var,MIC (strength),MIC-p^2 (nonlinearity),MAS (non-monotonicity),MEV (functionality),MCN (complexity),Linear regression (p)
all,rl,0.46214,-0.08158341,0.054720014,0.45574,5.0,0.73737603
mit,rl,0.25366,0.19132492,0.030750006,0.24659,5.0,-0.24966992
all,call4,0.21266,0.20730193,0.12702,0.20315,5.0,0.07319883
mit,all,0.20535,0.19613382,0.02505,0.19496,5.0,-0.096000925
mit,call4,0.19363,0.18707813,0.13803,0.18197,5.0,-0.08094357
call4,rl,0.1784,0.1691237,0.07746,0.1724,5.0,0.09631356
