X var,Y var,MIC (strength),MIC-p^2 (nonlinearity),MAS (non-monotonicity),MEV (functionality),MCN (complexity),Linear regression (p)
all,rl,0.53142,-0.01700896,0.051990002,0.53142,5.169925,0.7405599
mit,rl,0.46633,-0.104696155,0.07165,0.46633,5.0,-0.75566274
mit,all,0.35678,0.03101775,0.059100002,0.35678,5.087463,-0.57075584
all,call4,0.20742,0.20100982,0.08302001,0.20742,5.2479277,0.08006363
call4,rl,0.17557,0.054195993,0.05879,0.17557,5.2479277,0.34838772
mit,call4,0.15949,0.065316424,0.024910003,0.15949,5.2479277,-0.30687714
