X var,Y var,MIC (strength),MIC-p^2 (nonlinearity),MAS (non-monotonicity),MEV (functionality),MCN (complexity),Linear regression (p)
all,rl,0.39545,-0.32837003,0.034240007,0.39545,5.087463,0.85077614
mit,all,0.21254,0.21070482,0.066750005,0.21254,5.087463,-0.042839043
all,call4,0.17339,0.17326938,0.1567,0.17339,5.087463,0.010982811
mit,call4,0.16567,0.15882993,0.14311999,0.16567,5.087463,-0.08270468
mit,rl,0.1497,0.117773,0.021559998,0.1497,5.087463,-0.1786813
call4,rl,0.13527,0.13525277,0.1029,0.13527,5.087463,-0.0041505466
