X var,Y var,MIC (strength),MIC-p^2 (nonlinearity),MAS (non-monotonicity),MEV (functionality),MCN (complexity),Linear regression (p)
all,rl,0.46767,-0.3119147,0.03910002,0.46112,5.321928,0.88294095
mit,rl,0.37448,0.3510229,0.055209994,0.36752,5.321928,-0.15315713
mit,all,0.23097,0.22943434,0.029019997,0.22562,5.321928,-0.03918743
call4,rl,0.2088,0.20580462,0.074200004,0.19957,5.321928,0.054730147
mit,call4,0.16931,0.15351123,0.047980003,0.16255,5.321928,-0.12569322
all,call4,0.16705,0.16448912,0.03412001,0.16049,5.321928,-0.05060525
