X var,Y var,MIC (strength),MIC-p^2 (nonlinearity),MAS (non-monotonicity),MEV (functionality),MCN (complexity),Linear regression (p)
call4,rl,0.27333,0.13039786,0.07005,0.27333,5.2479277,0.37806368
mit,rl,0.24895,0.22980684,0.025529996,0.24895,5.2479277,0.13835885
all,rl,0.24752,0.24250256,0.081300005,0.24752,5.2479277,0.070833966
all,call4,0.1999,0.14494179,0.06734,0.1999,5.2479277,-0.23443167
mit,all,0.17964,0.111693874,0.01309,0.17964,5.2479277,-0.26066476
mit,call4,0.1583,0.1555434,0.0431,0.1583,5.2479277,-0.052503254
