X var,Y var,MIC (strength),MIC-p^2 (nonlinearity),MAS (non-monotonicity),MEV (functionality),MCN (complexity),Linear regression (p)
all,rl,0.56065,0.3226177,0.09884998,0.55786,5.0,0.4878855
mit,rl,0.46539,0.36477584,0.065019995,0.45456,5.0,-0.31719735
mit,all,0.32349,0.22704616,0.10121,0.31385,5.0,-0.31055406
mit,call4,0.18004,0.17216927,0.14938,0.16848,5.0,-0.08871715
call4,rl,0.15475,0.15084131,0.14208001,0.14911,5.0,0.062519506
all,call4,0.14267,0.13205057,0.11499,0.13469,5.0,0.10305066
