X var,Y var,MIC (strength),MIC-p^2 (nonlinearity),MAS (non-monotonicity),MEV (functionality),MCN (complexity),Linear regression (p)
all,rl,0.3104,-0.4948054,0.025470018,0.3104,5.087463,0.8973324
mit,all,0.20595,0.2031632,0.024500012,0.20595,5.087463,-0.052790117
mit,rl,0.18906,0.17932484,0.021190003,0.18906,5.087463,-0.09866699
mit,call4,0.16276,0.16155683,0.12324001,0.16276,5.087463,-0.03468695
call4,rl,0.15245,0.15189022,0.11272,0.15245,5.087463,0.02365953
all,call4,0.14945,0.14913972,0.09784,0.14945,5.087463,0.017615126
