X var,Y var,MIC (strength),MIC-p^2 (nonlinearity),MAS (non-monotonicity),MEV (functionality),MCN (complexity),Linear regression (p)
all,rl,0.4524,0.016325563,0.031889975,0.4524,5.2479277,0.6603593
mit,rl,0.28718,0.0985837,0.038509995,0.28718,5.2479277,-0.43427676
mit,all,0.23112,0.13771807,0.033019997,0.23112,5.2479277,-0.3056173
all,call4,0.15932,0.14858083,0.07408,0.15932,5.2479277,0.1036299
call4,rl,0.15039,0.13572744,0.05111,0.15039,5.2479277,0.12108904
mit,call4,0.1387,0.12785399,0.04930999,0.1387,5.2479277,-0.10414418
