X var,Y var,MIC (strength),MIC-p^2 (nonlinearity),MAS (non-monotonicity),MEV (functionality),MCN (complexity),Linear regression (p)
all,rl,0.43042,0.14551115,0.0889,0.42092,5.0,0.53376853
mit,rl,0.35778,0.18370104,0.036,0.34708,5.0,-0.41722772
mit,all,0.20496,0.20448188,0.02412,0.19551,5.0,0.021865994
mit,call4,0.17989,0.16561723,0.12997001,0.17174,5.0,0.119468726
all,call4,0.16041,0.15953787,0.11310001,0.15104,5.0,-0.029531812
call4,rl,0.13513,0.12565611,0.09386,0.12745,5.0,-0.097333945
