X var,Y var,MIC (strength),MIC-p^2 (nonlinearity),MAS (non-monotonicity),MEV (functionality),MCN (complexity),Linear regression (p)
all,rl,0.40356,0.02771461,0.032139987,0.40356,5.087463,0.6130623
mit,rl,0.25056,0.12532341,0.060639992,0.25056,5.087463,-0.3538878
mit,all,0.2008,0.19907436,0.05234,0.2008,5.087463,-0.041540783
call4,rl,0.1736,0.17349392,0.12719,0.1736,5.087463,0.010299527
all,call4,0.15731,0.15226534,0.111039996,0.15731,5.087463,0.071025684
mit,call4,0.15564,0.14562759,0.09881,0.15564,5.087463,-0.100062095
