X var,Y var,MIC (strength),MIC-p^2 (nonlinearity),MAS (non-monotonicity),MEV (functionality),MCN (complexity),Linear regression (p)
mit,rl,0.24259,-0.013069734,0.024270013,0.24259,5.169925,-0.50562805
mit,all,0.23255,0.22008474,0.021719992,0.23255,5.2479277,0.111647904
mit,call4,0.20893,0.09013533,0.0712,0.20893,5.2479277,-0.34466603
all,rl,0.20086,0.1943216,0.04825999,0.20086,5.2479277,0.08086028
all,call4,0.19438,0.18356085,0.063370004,0.19438,5.2479277,-0.10401515
call4,rl,0.17324,0.061466627,0.02978,0.17324,5.2479277,0.33432525
