X var,Y var,MIC (strength),MIC-p^2 (nonlinearity),MAS (non-monotonicity),MEV (functionality),MCN (complexity),Linear regression (p)
all,rl,0.47501,-0.04078147,0.091940016,0.47501,4.9068904,0.71818626
mit,rl,0.39281,0.23696806,0.047169983,0.39281,4.9068904,-0.3947682
call4,rl,0.29741,0.2973431,0.07606001,0.29741,4.9068904,0.008179978
mit,call4,0.26572,0.26379454,0.059680015,0.26572,4.9068904,-0.04388022
mit,all,0.25222,0.23848018,0.02346,0.25222,4.9068904,-0.11721697
all,call4,0.1676,0.1630588,0.035070002,0.1676,4.9068904,-0.067388505
