X var,Y var,MIC (strength),MIC-p^2 (nonlinearity),MAS (non-monotonicity),MEV (functionality),MCN (complexity),Linear regression (p)
all,rl,0.35553,0.11644022,0.03289999,0.3476,5.0,0.48896807
mit,rl,0.26996,0.11408962,0.06794998,0.26042,5.0,-0.3948042
mit,all,0.25703,0.2252643,0.07227,0.24846,5.0,-0.17822939
mit,call4,0.16406,0.15880257,0.14806,0.15993,5.0,0.07250814
all,call4,0.13669,0.1361081,0.12646,0.133,5.0,-0.024122637
call4,rl,0.04148,0.03971155,0.027830001,0.04148,4.321928,-0.04205294
