X var,Y var,MIC (strength),MIC-p^2 (nonlinearity),MAS (non-monotonicity),MEV (functionality),MCN (complexity),Linear regression (p)
all,rl,0.31292,-0.58417356,0.024959996,0.30568,5.321928,0.94715023
mit,all,0.19906,-0.18985525,0.03323999,0.19017,5.321928,0.6236307
mit,rl,0.19696,-0.027764156,0.021060001,0.18991,5.321928,0.4740508
mit,call4,0.17364,-0.48101336,0.103939995,0.1651,5.321928,0.8091065
call4,rl,0.15457,-0.23172493,0.054009996,0.1479,5.321928,0.6215263
all,call4,0.15319,-0.5015718,0.04986,0.14584,5.321928,0.8091735
