X var,Y var,MIC (strength),MIC-p^2 (nonlinearity),MAS (non-monotonicity),MEV (functionality),MCN (complexity),Linear regression (p)
call4,rl,0.55232,0.23207736,0.12163997,0.55232,4.70044,0.56589985
all,rl,0.54931,0.3733548,0.092699975,0.54931,4.70044,-0.4194702
all,call4,0.48508,0.2048325,0.03182,0.48508,4.70044,-0.5293841
mit,rl,0.22136,0.20881335,0.035779998,0.22136,4.70044,0.112011805
mit,all,0.22006,0.19743714,0.025399998,0.22006,4.70044,-0.15040901
mit,call4,0.16866,0.16836356,0.03035999,0.16866,4.70044,-0.017217547
