X var,Y var,MIC (strength),MIC-p^2 (nonlinearity),MAS (non-monotonicity),MEV (functionality),MCN (complexity),Linear regression (p)
all,rl,0.28477,0.0709112,0.0344,0.28477,5.087463,0.46244872
mit,all,0.18328,0.15369096,0.015630007,0.18328,5.087463,-0.17201465
mit,call4,0.18191,0.17673188,0.13724,0.18191,5.087463,-0.07195906
mit,rl,0.17961,0.17860451,0.038949996,0.17961,5.087463,-0.031709425
all,call4,0.17355,0.16788302,0.11717999,0.17355,5.087463,0.075279295
call4,rl,0.16625,0.16224147,0.1225,0.16625,5.087463,0.06331302
