X var,Y var,MIC (strength),MIC-p^2 (nonlinearity),MAS (non-monotonicity),MEV (functionality),MCN (complexity),Linear regression (p)
all,rl,0.46111,-0.045131385,0.038050026,0.46111,4.9068904,0.7115064
mit,call4,0.42938,0.27826774,0.13768,0.42938,4.9068904,-0.38873163
mit,rl,0.41344,0.34012502,0.11155,0.41344,4.9068904,-0.27076736
mit,all,0.35017,0.34813398,0.17675002,0.35017,4.9068904,0.04512215
call4,rl,0.24941,0.23131832,0.05934,0.24941,4.9068904,0.13450532
all,call4,0.20825,0.20452042,0.06487,0.20825,4.9068904,-0.061070297
