X var,Y var,MIC (strength),MIC-p^2 (nonlinearity),MAS (non-monotonicity),MEV (functionality),MCN (complexity),Linear regression (p)
all,rl,0.41837,0.13500896,0.022520006,0.41837,4.9068904,0.5323167
call4,rl,0.34531,0.20273699,0.10761,0.34531,4.9068904,0.37758842
mit,rl,0.31478,0.28146446,0.026359998,0.31478,4.9068904,0.18252547
mit,call4,0.30375,0.3033172,0.10280001,0.30375,4.9068904,-0.02080448
all,call4,0.23124,0.23083925,0.06217,0.23124,4.9068904,-0.020018786
mit,all,0.22877,0.19253138,0.020019993,0.22877,4.9068904,0.19036445
