X var,Y var,MIC (strength),MIC-p^2 (nonlinearity),MAS (non-monotonicity),MEV (functionality),MCN (complexity),Linear regression (p)
all,rl,0.36441,-0.22579345,0.01868999,0.36016,5.087463,0.768247
mit,rl,0.19781,0.12760435,0.043459997,0.1893,5.087463,-0.26496348
mit,call4,0.19492,0.19478148,0.111940004,0.18489,5.087463,-0.011769288
call4,rl,0.1829,0.060205705,0.051279992,0.17674,5.087463,0.35027745
mit,all,0.16148,0.16040583,0.010009997,0.15246,5.087463,-0.032774433
all,call4,0.1611,0.074423075,0.033559993,0.15325,5.087463,0.29440945
