X var,Y var,MIC (strength),MIC-p^2 (nonlinearity),MAS (non-monotonicity),MEV (functionality),MCN (complexity),Linear regression (p)
all,rl,0.39302,0.16909711,0.03444001,0.38437,5.0,0.4732049
mit,rl,0.34685,0.15888983,0.04076998,0.3411,5.0,-0.43354374
all,call4,0.2077,0.18174088,0.15005,0.19914,5.0,-0.16111833
mit,all,0.17871,0.17659491,0.03481,0.16826,5.0,0.045990095
mit,call4,0.17448,0.17430979,0.15999001,0.16657,5.0,0.013046917
call4,rl,0.13867,0.134286,0.10739,0.1323,5.0,-0.06621179
