X var,Y var,MIC (strength),MIC-p^2 (nonlinearity),MAS (non-monotonicity),MEV (functionality),MCN (complexity),Linear regression (p)
all,rl,0.37458,0.02865991,0.029540002,0.37458,4.807355,0.5881497
mit,all,0.37279,0.37114683,0.14488001,0.37279,4.807355,-0.040536
mit,rl,0.31055,0.28349948,0.056250006,0.31055,4.807355,-0.16447045
call4,rl,0.21267,0.20308344,0.16125,0.21267,4.807355,0.09791096
mit,call4,0.19892,0.19357614,0.16522999,0.19892,4.807355,-0.073101714
all,call4,0.15005,0.13836825,0.11719,0.15005,4.807355,0.10808218
