X var,Y var,MIC (strength),MIC-p^2 (nonlinearity),MAS (non-monotonicity),MEV (functionality),MCN (complexity),Linear regression (p)
mit,rl,0.4404,0.099200994,0.054619998,0.4404,5.087463,-0.5841224
all,rl,0.42558,0.0778496,0.07534,0.42558,5.087463,0.5896867
mit,all,0.3396,0.27462202,0.08463001,0.3396,5.087463,-0.25490776
mit,call4,0.24013,0.23465109,0.19351001,0.24013,5.087463,-0.074019745
all,call4,0.17919,0.1296082,0.11157999,0.17919,5.087463,0.22266969
call4,rl,0.13941,0.12933956,0.07722001,0.13941,5.087463,0.10035162
