X var,Y var,MIC (strength),MIC-p^2 (nonlinearity),MAS (non-monotonicity),MEV (functionality),MCN (complexity),Linear regression (p)
mit,rl,0.28503,0.28077206,0.033410013,0.277,5.087463,-0.06525289
all,rl,0.23303,-0.019877806,0.02713,0.22504,5.087463,0.5028994
mit,all,0.20713,0.16989076,0.017299995,0.19711,5.087463,0.19297469
mit,call4,0.20411,0.20257936,0.10641,0.19574,5.087463,-0.039123375
all,call4,0.20163,0.17754716,0.11658999,0.19115,5.087463,0.15518644
call4,rl,0.16625,-0.12813874,0.06747001,0.15768,5.087463,0.542576
