X var,Y var,MIC (strength),MIC-p^2 (nonlinearity),MAS (non-monotonicity),MEV (functionality),MCN (complexity),Linear regression (p)
all,rl,0.4277,0.12109855,0.049510002,0.4277,5.087463,0.55371606
mit,rl,0.24725,0.12295504,0.03126,0.24725,5.087463,-0.35255492
mit,all,0.22037,0.21410984,0.032209992,0.22037,5.087463,-0.079121105
all,call4,0.18556,0.12433796,0.13491,0.18556,5.087463,0.24743089
mit,call4,0.17315,0.14842337,0.085090004,0.17315,5.087463,-0.15724705
call4,rl,0.17265,-0.08466305,0.09582999,0.17265,5.087463,0.5072603
