X var,Y var,MIC (strength),MIC-p^2 (nonlinearity),MAS (non-monotonicity),MEV (functionality),MCN (complexity),Linear regression (p)
all,rl,0.30437,0.009283602,0.024890006,0.30437,5.2479277,0.54321855
mit,rl,0.19284,0.16986266,0.040469997,0.19284,5.2479277,-0.15158275
mit,all,0.18495,0.1845408,0.01151,0.18495,5.2479277,-0.020228872
all,call4,0.14542,0.14438826,0.08391,0.14542,5.2479277,0.032120697
mit,call4,0.14461,0.13828748,0.075490005,0.14461,5.2479277,-0.07951423
call4,rl,0.1315,0.1301768,0.08185001,0.1315,5.2479277,0.036375973
