X var,Y var,MIC (strength),MIC-p^2 (nonlinearity),MAS (non-monotonicity),MEV (functionality),MCN (complexity),Linear regression (p)
all,rl,0.34505,-0.17913225,0.055659994,0.3376,5.087463,0.7240043
mit,rl,0.2104,0.20064713,0.017790005,0.20029,5.087463,-0.09875659
call4,rl,0.20489,-0.30348063,0.12101,0.19535,5.087463,0.71300113
mit,all,0.19262,0.18965602,0.017810002,0.18291,5.087463,0.054442346
all,call4,0.16288,0.008815393,0.06729,0.15374,5.087463,0.39251065
mit,call4,0.15509,0.15423377,0.0741,0.14831,5.087463,0.029261414
