X var,Y var,MIC (strength),MIC-p^2 (nonlinearity),MAS (non-monotonicity),MEV (functionality),MCN (complexity),Linear regression (p)
all,rl,0.42705,-0.06197083,0.034319997,0.42705,5.087463,0.6993002
mit,rl,0.2453,0.07608405,0.04243,0.2453,5.087463,-0.41135865
call4,rl,0.22007,0.07763256,0.069000006,0.22007,5.087463,0.37740886
mit,call4,0.20926,0.14106119,0.08057,0.20926,5.087463,-0.26114902
mit,all,0.19525,0.14338906,0.03865,0.19525,5.087463,-0.22772998
all,call4,0.18033,0.14479984,0.09278999,0.18033,5.087463,0.18849444
