X var,Y var,MIC (strength),MIC-p^2 (nonlinearity),MAS (non-monotonicity),MEV (functionality),MCN (complexity),Linear regression (p)
all,rl,0.281,-0.44367608,0.023760006,0.281,4.807355,0.8512791
mit,rl,0.22608,0.22025234,0.10564,0.22608,4.807355,-0.076339126
mit,all,0.15724,0.14648491,0.055810004,0.15724,4.807355,-0.10370678
mit,call4,0.15174,0.12892829,0.05275,0.15174,4.807355,0.15103546
call4,rl,0.08281,-0.60998607,0.013870001,0.08281,4.807355,0.8323437
all,call4,0.07225,-0.33316135,0.017160002,0.07225,4.807355,0.6367192
