X var,Y var,MIC (strength),MIC-p^2 (nonlinearity),MAS (non-monotonicity),MEV (functionality),MCN (complexity),Linear regression (p)
all,rl,0.61851,-0.07262981,0.02767998,0.61185,5.321928,0.8313482
mit,rl,0.48312,0.4129004,0.05998999,0.47632,5.321928,-0.26498982
mit,all,0.36257,0.3062706,0.069270015,0.34954,5.321928,-0.23727493
all,call4,0.27287,0.20776251,0.14074,0.26671,5.321928,0.2551617
call4,rl,0.2175,0.15874219,0.05296001,0.21179,5.321928,0.2424001
mit,call4,0.21081,0.18697494,0.09745,0.20434,5.321928,-0.15438609
