X var,Y var,MIC (strength),MIC-p^2 (nonlinearity),MAS (non-monotonicity),MEV (functionality),MCN (complexity),Linear regression (p)
call4,rl,0.6286,0.0866828,0.08162999,0.6286,4.807355,0.73615026
all,rl,0.33787,0.062168807,0.03861998,0.33787,4.807355,0.5250726
mit,rl,0.32732,0.32020092,0.06005001,0.32732,4.807355,-0.08437469
mit,all,0.23988,0.18039528,0.04350999,0.23988,4.807355,-0.24389489
mit,call4,0.23622,0.23612043,0.12317,0.23622,4.807355,0.009978289
all,call4,0.21544,0.16273592,0.084800005,0.21544,4.807355,0.2295737
