X var,Y var,MIC (strength),MIC-p^2 (nonlinearity),MAS (non-monotonicity),MEV (functionality),MCN (complexity),Linear regression (p)
all,rl,0.44502,-0.02974686,0.085370004,0.44502,4.9068904,0.68903327
mit,rl,0.23215,0.1907595,0.02753,0.23215,4.9068904,-0.20344658
mit,all,0.22192,0.2146068,0.023060005,0.22192,4.9068904,-0.08551717
mit,call4,0.20558,0.20292178,0.105,0.20558,4.9068904,-0.051557895
call4,rl,0.16947,0.1530331,0.09178,0.16947,4.9068904,0.1282065
all,call4,0.13491,0.13444632,0.079450004,0.13491,4.9068904,0.021533322
