X var,Y var,MIC (strength),MIC-p^2 (nonlinearity),MAS (non-monotonicity),MEV (functionality),MCN (complexity),Linear regression (p)
all,rl,0.38941,-0.13112566,0.015329987,0.38483,5.087463,0.72148156
all,call4,0.17627,0.08647479,0.09372,0.16826,5.087463,0.29965848
mit,rl,0.17457,0.0860136,0.019199997,0.16983,5.087463,-0.29758427
mit,all,0.16697,0.16613728,0.013960004,0.15559,5.087463,-0.02885691
call4,rl,0.16283,-0.024007514,0.056929998,0.15755,5.087463,0.43224704
mit,call4,0.16242,0.1584429,0.07756001,0.1557,5.087463,-0.06306427
