X var,Y var,MIC (strength),MIC-p^2 (nonlinearity),MAS (non-monotonicity),MEV (functionality),MCN (complexity),Linear regression (p)
call4,rl,0.3969,0.17033635,0.11671999,0.3969,4.9068904,0.47598702
all,rl,0.28628,0.13552268,0.023570001,0.28628,4.9068904,0.38827482
mit,call4,0.2284,0.21616395,0.066300005,0.2284,4.9068904,-0.11061675
all,call4,0.22384,0.2223888,0.021209992,0.22384,4.9068904,-0.038094576
mit,rl,0.21638,0.20506448,0.027409993,0.21638,4.9068904,0.10637449
mit,all,0.1918,0.1889702,0.032340005,0.1918,4.9068904,-0.053195953
