X var,Y var,MIC (strength),MIC-p^2 (nonlinearity),MAS (non-monotonicity),MEV (functionality),MCN (complexity),Linear regression (p)
all,rl,0.59104,-0.01921451,0.061240017,0.59104,4.9068904,0.7811879
mit,all,0.3713,0.3625197,0.16012,0.3713,4.9068904,0.09370329
mit,call4,0.36084,0.28260323,0.12403999,0.36084,4.9068904,-0.27970833
call4,rl,0.31966,0.31872135,0.0987,0.31966,4.9068904,0.030637315
mit,rl,0.31308,0.30209294,0.043180004,0.31308,4.9068904,-0.10481919
all,call4,0.2302,0.22235802,0.120689996,0.2302,4.9068904,-0.08855495
