X var,Y var,MIC (strength),MIC-p^2 (nonlinearity),MAS (non-monotonicity),MEV (functionality),MCN (complexity),Linear regression (p)
all,rl,0.3197,0.09825595,0.046900004,0.3197,5.087463,0.47057843
mit,all,0.19338,0.18538377,0.03575,0.19338,5.087463,-0.08942162
mit,rl,0.18257,0.18189079,0.015390001,0.18257,5.087463,0.026061617
all,call4,0.16021,0.15967052,0.13765,0.16021,5.087463,0.023226695
call4,rl,0.15828,0.15573005,0.12322,0.15828,5.087463,0.050496943
mit,call4,0.14347,0.14193723,0.11282001,0.14347,5.087463,-0.039150722
