X var,Y var,MIC (strength),MIC-p^2 (nonlinearity),MAS (non-monotonicity),MEV (functionality),MCN (complexity),Linear regression (p)
all,rl,0.49312,0.083474725,0.06854999,0.49312,5.087463,0.6400354
mit,rl,0.30353,0.051272184,0.035400003,0.30353,5.087463,-0.50225276
mit,all,0.17087,0.13722034,0.010499999,0.17087,5.087463,-0.18343845
call4,rl,0.16952,0.16384856,0.11384001,0.16952,5.087463,0.07530901
all,call4,0.16484,0.14873587,0.11035,0.16484,5.087463,0.12690204
mit,call4,0.15425,0.14160024,0.104739994,0.15425,5.087463,-0.11247113
