X var,Y var,MIC (strength),MIC-p^2 (nonlinearity),MAS (non-monotonicity),MEV (functionality),MCN (complexity),Linear regression (p)
mit,rl,0.34379,0.18456098,0.0573,0.33437,5.0,-0.3990351
all,rl,0.29612,0.13264976,0.043109983,0.28609,5.0,0.40431452
mit,call4,0.22892,0.14744668,0.09222999,0.22023,5.0,0.28543532
mit,all,0.18763,0.1463499,0.01523,0.17736,5.0,0.20317501
call4,rl,0.18735,0.13269714,0.10897,0.17924,5.0,-0.23377953
all,call4,0.15156,0.15023287,0.08964999,0.14396,5.0,-0.036429718
