X var,Y var,MIC (strength),MIC-p^2 (nonlinearity),MAS (non-monotonicity),MEV (functionality),MCN (complexity),Linear regression (p)
mit,rl,0.28041,0.1083677,0.053969994,0.28041,5.087463,-0.4147798
mit,all,0.2152,0.1905443,0.031980008,0.2152,5.087463,0.15702136
all,rl,0.18144,0.17891891,0.03582999,0.18144,5.087463,0.050210316
all,call4,0.1785,0.17512989,0.13532999,0.1785,5.087463,0.058052655
mit,call4,0.17032,0.16376637,0.1474,0.17032,5.087463,-0.08095454
call4,rl,0.14106,0.12812248,0.09609,0.14106,5.087463,0.11374323
