X var,Y var,MIC (strength),MIC-p^2 (nonlinearity),MAS (non-monotonicity),MEV (functionality),MCN (complexity),Linear regression (p)
all,rl,0.4781,-0.03460884,0.089430004,0.47072,5.0,0.7160369
mit,rl,0.24583,0.17662725,0.01771,0.23588,5.0,-0.26306415
mit,all,0.2173,0.20789151,0.028610006,0.20635,5.0,-0.09699735
call4,rl,0.19687,0.18534483,0.12581,0.18648,5.0,0.10735536
all,call4,0.1883,0.18046877,0.07933,0.17912,5.0,0.08849421
mit,call4,0.17101,0.17068943,0.109740004,0.16128,5.0,-0.017904315
