X var,Y var,MIC (strength),MIC-p^2 (nonlinearity),MAS (non-monotonicity),MEV (functionality),MCN (complexity),Linear regression (p)
all,rl,0.51106,0.44329146,0.047989994,0.51106,4.70044,0.26032394
all,call4,0.4827,0.33120424,0.15776,0.4827,4.70044,0.38922453
call4,rl,0.44445,0.2764399,0.048070014,0.44445,4.70044,0.40989032
mit,all,0.27226,0.26438525,0.037970006,0.27226,4.70044,-0.088739865
mit,rl,0.2633,0.26328522,0.060479984,0.2633,4.70044,-0.003845046
mit,call4,0.21202,0.21188898,0.06495,0.21202,4.70044,-0.011446094
