X var,Y var,MIC (strength),MIC-p^2 (nonlinearity),MAS (non-monotonicity),MEV (functionality),MCN (complexity),Linear regression (p)
all,rl,0.52626,-0.15801382,0.035510004,0.52626,4.807355,0.82720846
mit,rl,0.38048,0.2444265,0.063820004,0.38048,4.5849624,-0.36885428
mit,call4,0.37273,0.31484842,0.12745999,0.37273,4.807355,-0.24058588
mit,all,0.35651,0.2798792,0.13050002,0.35651,4.807355,-0.27682266
call4,rl,0.2845,0.13740605,0.15513,0.2845,4.807355,0.3835283
all,call4,0.21762,0.11565792,0.15174,0.21762,4.807355,0.31931502
