X var,Y var,MIC (strength),MIC-p^2 (nonlinearity),MAS (non-monotonicity),MEV (functionality),MCN (complexity),Linear regression (p)
all,rl,0.561,0.09673107,0.055949986,0.561,4.807355,0.6813728
mit,rl,0.23846,0.20988588,0.09761001,0.23846,4.807355,-0.16903883
mit,all,0.21575,0.21553576,0.032479994,0.21575,4.807355,-0.014636895
call4,rl,0.21237,0.15269458,0.12773,0.21237,4.807355,0.24428551
all,call4,0.18915,0.14914912,0.10919,0.18915,4.807355,0.20000222
mit,call4,0.17123,0.1611814,0.123900004,0.17123,4.807355,0.10024271
