X var,Y var,MIC (strength),MIC-p^2 (nonlinearity),MAS (non-monotonicity),MEV (functionality),MCN (complexity),Linear regression (p)
all,rl,0.44877,-0.110034585,0.04471001,0.44877,4.321928,0.7475323
mit,all,0.35463,0.12566742,0.061600015,0.35463,5.0,-0.47850034
mit,rl,0.31833,0.09912391,0.08586,0.31833,4.807355,-0.46819448
mit,call4,0.23126,0.17406213,0.11873,0.23126,5.087463,-0.23916078
all,call4,0.20581,0.15078539,0.14458999,0.20581,5.087463,0.23457325
call4,rl,0.19487,0.013946295,0.09472,0.19487,5.087463,0.42535126
