X var,Y var,MIC (strength),MIC-p^2 (nonlinearity),MAS (non-monotonicity),MEV (functionality),MCN (complexity),Linear regression (p)
all,rl,0.61598,0.4256139,0.13292998,0.61598,4.70044,-0.43630967
call4,rl,0.4815,0.17111343,0.052810013,0.4815,4.70044,0.5571235
all,call4,0.43213,0.4318765,0.050600022,0.43213,4.70044,-0.015921293
mit,all,0.28659,0.11891392,0.042040005,0.28659,4.70044,0.40948272
mit,call4,0.26604,0.15942803,0.027119994,0.26604,4.70044,0.32651487
mit,rl,0.23562,0.23555806,0.051519997,0.23562,4.70044,-0.00787058
