X var,Y var,MIC (strength),MIC-p^2 (nonlinearity),MAS (non-monotonicity),MEV (functionality),MCN (complexity),Linear regression (p)
all,rl,0.44665,-0.13130936,0.040200025,0.44665,5.2479277,0.7602364
mit,rl,0.44372,-0.08092132,0.03566,0.44372,5.2479277,-0.7243213
call4,rl,0.23577,0.11595568,0.038959995,0.23577,5.2479277,0.34614205
mit,all,0.23283,0.058561012,0.03457001,0.23283,5.2479277,-0.41745538
mit,call4,0.21971,0.112257615,0.048250005,0.21971,5.2479277,-0.32779932
all,call4,0.1914,0.18362045,0.044540003,0.1914,5.2479277,0.08820177
