X var,Y var,MIC (strength),MIC-p^2 (nonlinearity),MAS (non-monotonicity),MEV (functionality),MCN (complexity),Linear regression (p)
all,rl,0.23496,-0.11997308,0.023980007,0.23496,5.087463,0.5957626
mit,all,0.2087,0.15462214,0.010749996,0.2087,5.087463,0.23254648
call4,rl,0.19202,0.033353165,0.067,0.19202,5.087463,0.39833006
mit,call4,0.18352,0.1822514,0.08095001,0.18352,5.087463,-0.035617508
mit,rl,0.17117,0.16876474,0.015670002,0.17117,5.087463,-0.04904343
all,call4,0.15264,0.077647,0.022349998,0.15264,5.087463,0.2738485
