X var,Y var,MIC (strength),MIC-p^2 (nonlinearity),MAS (non-monotonicity),MEV (functionality),MCN (complexity),Linear regression (p)
mit,rl,0.29824,0.21321052,0.01828,0.28847,5.0,-0.29159817
all,rl,0.20987,0.13099948,0.017719999,0.19944,5.0,0.28083897
mit,all,0.18882,0.11579775,0.028730005,0.17923,5.0,0.2702263
call4,rl,0.17847,0.14551404,0.13549,0.17026,5.0,-0.18153775
mit,call4,0.17308,0.14870982,0.13136,0.16369,5.0,0.15610953
all,call4,0.17171,0.1705225,0.14135,0.16212,5.0,-0.034460124
