X var,Y var,MIC (strength),MIC-p^2 (nonlinearity),MAS (non-monotonicity),MEV (functionality),MCN (complexity),Linear regression (p)
all,rl,0.4797,-0.050503463,0.06642997,0.4797,5.169925,0.7281507
mit,rl,0.4109,-0.06870404,0.05305001,0.4109,4.5849624,-0.6925345
mit,all,0.3051,0.014732748,0.036249995,0.3051,5.087463,-0.53885734
mit,call4,0.1524,0.14030145,0.11781,0.1524,5.2479277,-0.10999339
all,call4,0.12777,0.12598713,0.08731,0.12777,5.2479277,0.042224105
call4,rl,0.11055,0.09268046,0.07965,0.11055,5.2479277,0.133677
