X var,Y var,MIC (strength),MIC-p^2 (nonlinearity),MAS (non-monotonicity),MEV (functionality),MCN (complexity),Linear regression (p)
all,rl,0.71978,0.05043894,0.049980044,0.71978,4.169925,0.8181327
call4,rl,0.54664,-0.12804395,0.04802999,0.54664,3.807355,0.82139146
all,call4,0.53602,0.05262524,0.075099975,0.53602,4.5849624,0.69526595
mit,call4,0.41479,0.21462278,0.0889,0.41479,4.4594316,0.4474005
mit,rl,0.39695,0.27346843,0.059139997,0.39695,4.4594316,0.35139945
mit,all,0.36438,0.3011515,0.04609999,0.36438,4.70044,0.25145277
