X var,Y var,MIC (strength),MIC-p^2 (nonlinearity),MAS (non-monotonicity),MEV (functionality),MCN (complexity),Linear regression (p)
mit,rl,0.53095,0.3593626,0.027159989,0.5243,5.0,-0.41423112
mit,all,0.33605,0.2805791,0.14564,0.32606,5.0,0.23552263
mit,call4,0.27265,0.18591854,0.15106,0.26279,5.0,0.29450205
all,rl,0.26526,0.20902845,0.058339998,0.25534,5.0,0.23713194
call4,rl,0.25833,0.19521247,0.13915,0.24928,5.0,-0.251232
all,call4,0.18355,0.18354765,0.13662,0.17375,5.0,0.001532584
