X var,Y var,MIC (strength),MIC-p^2 (nonlinearity),MAS (non-monotonicity),MEV (functionality),MCN (complexity),Linear regression (p)
mit,call4,0.45586,0.36965454,0.10404998,0.45009,5.087463,-0.29360762
mit,rl,0.44682,0.24246569,0.022349998,0.43773,5.087463,-0.45205563
mit,all,0.22451,0.16079041,0.03487,0.21483,5.087463,0.2524274
call4,rl,0.20225,0.19642583,0.041700006,0.19195,5.087463,0.07631627
all,call4,0.20138,0.123588756,0.07874,0.19275,5.087463,-0.27891082
all,rl,0.20077,0.058074266,0.023249999,0.19348,5.087463,0.3777509
