X var,Y var,MIC (strength),MIC-p^2 (nonlinearity),MAS (non-monotonicity),MEV (functionality),MCN (complexity),Linear regression (p)
all,rl,0.45815,0.43709558,0.17521998,0.45815,4.70044,0.14510138
call4,rl,0.41273,0.18425377,0.109,0.41273,4.70044,0.47799188
all,call4,0.31565,0.30996448,0.10289998,0.31565,4.5849624,-0.0754023
mit,rl,0.24033,0.21403837,0.034669995,0.24033,4.70044,-0.1621469
mit,all,0.21958,0.19220741,0.029599994,0.21958,4.70044,-0.16544662
mit,call4,0.21945,0.20732617,0.015639998,0.21945,4.70044,-0.11010825
