X var,Y var,MIC (strength),MIC-p^2 (nonlinearity),MAS (non-monotonicity),MEV (functionality),MCN (complexity),Linear regression (p)
call4,rl,0.60465,-0.0077754855,0.13248,0.60465,4.70044,0.7825762
all,rl,0.55912,0.4951578,0.12109998,0.55912,4.70044,-0.25290748
all,call4,0.5532,0.5219857,0.10837999,0.5532,4.70044,-0.17667565
mit,rl,0.30503,0.26074705,0.035830006,0.30503,4.70044,-0.21043514
mit,all,0.28891,0.25628176,0.048669994,0.28891,4.70044,0.1806329
mit,call4,0.2435,0.21763892,0.055099994,0.2435,4.70044,-0.16081376
