X var,Y var,MIC (strength),MIC-p^2 (nonlinearity),MAS (non-monotonicity),MEV (functionality),MCN (complexity),Linear regression (p)
all,rl,0.49966,-0.12756869,0.083680004,0.48918,5.0,0.7919777
mit,rl,0.30922,0.2481364,0.028420016,0.30353,5.0,-0.24715094
mit,all,0.25042,0.21316068,0.041609988,0.24037,5.0,-0.19302675
all,call4,0.19774,0.16035554,0.14805001,0.18934,5.0,0.19335061
mit,call4,0.18399,0.1555199,0.13718,0.17708,5.0,-0.16873083
call4,rl,0.13775,0.12691252,0.09001,0.13115,5.0,0.10410322
