X var,Y var,MIC (strength),MIC-p^2 (nonlinearity),MAS (non-monotonicity),MEV (functionality),MCN (complexity),Linear regression (p)
all,rl,0.45641,-0.17449456,0.03990999,0.45641,5.2479277,0.794295
mit,rl,0.41012,-0.07865074,0.054369986,0.41012,5.087463,-0.6991214
mit,all,0.25482,0.046074033,0.055879995,0.25482,5.2479277,-0.45688725
mit,call4,0.1939,0.13199563,0.04292,0.1939,5.2479277,-0.24880588
call4,rl,0.19262,0.13842332,0.03415999,0.19262,5.2479277,0.23280177
all,call4,0.17024,0.17013298,0.06164,0.17024,5.2479277,-0.010345234
