X var,Y var,MIC (strength),MIC-p^2 (nonlinearity),MAS (non-monotonicity),MEV (functionality),MCN (complexity),Linear regression (p)
mit,rl,0.26237,0.07246429,0.022269994,0.26237,5.087463,-0.43578172
all,rl,0.18364,0.15092164,0.012979999,0.18364,5.087463,0.18088217
mit,call4,0.18276,0.18024656,0.09081,0.18276,5.087463,-0.050134264
mit,all,0.18067,0.18035838,0.03582999,0.18067,5.087463,0.017652705
call4,rl,0.16927,0.13491319,0.08486,0.16927,5.087463,0.18535589
all,call4,0.15213,0.1418343,0.072529994,0.15213,5.087463,-0.10146766
