X var,Y var,MIC (strength),MIC-p^2 (nonlinearity),MAS (non-monotonicity),MEV (functionality),MCN (complexity),Linear regression (p)
all,rl,0.55669,-0.049414873,0.02335,0.55669,4.807355,0.7785274
mit,call4,0.24664,0.24481308,0.14553,0.24664,4.807355,0.042742413
mit,rl,0.22804,0.2063289,0.059269994,0.22804,4.807355,-0.14734685
mit,all,0.2241,0.21725643,0.0129700005,0.2241,4.807355,-0.08272585
all,call4,0.21429,0.09746295,0.12239999,0.21429,4.807355,0.3417997
call4,rl,0.1993,-0.12547518,0.11649001,0.1993,4.807355,0.5698905
