X var,Y var,MIC (strength),MIC-p^2 (nonlinearity),MAS (non-monotonicity),MEV (functionality),MCN (complexity),Linear regression (p)
all,rl,0.34387,0.0920642,0.037029997,0.34387,5.087463,0.50180256
mit,rl,0.19545,0.17259681,0.02899,0.19545,5.087463,-0.15117267
mit,all,0.16325,0.16262777,0.012470003,0.16325,5.087463,0.0249446
all,call4,0.15453,-0.36849344,0.09802,0.15453,5.087463,0.7232036
mit,call4,0.15147,0.14935064,0.085420005,0.15147,5.087463,-0.046036474
call4,rl,0.13846,0.0023525357,0.05636,0.13846,5.087463,0.36892745
