X var,Y var,MIC (strength),MIC-p^2 (nonlinearity),MAS (non-monotonicity),MEV (functionality),MCN (complexity),Linear regression (p)
all,rl,0.44672,-0.014934599,0.053079993,0.44672,4.9068904,0.6794517
mit,all,0.21275,0.20153312,0.032680005,0.21275,4.9068904,-0.10590979
mit,rl,0.20116,0.17158914,0.035680003,0.20116,4.9068904,-0.17196181
mit,call4,0.16913,0.16883954,0.09291,0.16913,4.9068904,-0.017042723
call4,rl,0.13522,0.025895804,0.06981,0.13522,4.9068904,0.3306421
all,call4,0.13479,0.09888581,0.09764001,0.13479,4.9068904,0.18948402
