X var,Y var,MIC (strength),MIC-p^2 (nonlinearity),MAS (non-monotonicity),MEV (functionality),MCN (complexity),Linear regression (p)
all,rl,0.33543,-0.104377866,0.034419984,0.32806,5.087463,0.6631801
mit,rl,0.32006,0.2514474,0.03204,0.31204,5.087463,-0.26194006
all,call4,0.19737,0.18368348,0.12682998,0.18926,5.087463,0.11698936
mit,all,0.19459,0.18996659,0.024729997,0.18625,5.087463,-0.067995705
call4,rl,0.17566,0.10314285,0.11766,0.16771,5.087463,0.2692901
mit,call4,0.16814,0.14000209,0.10372999,0.15942,5.087463,-0.16774358
