X var,Y var,MIC (strength),MIC-p^2 (nonlinearity),MAS (non-monotonicity),MEV (functionality),MCN (complexity),Linear regression (p)
all,rl,0.6045,0.13331413,0.028870016,0.59689,5.087463,0.6864298
mit,call4,0.42783,0.21575758,0.10304001,0.41929,5.087463,-0.46051323
mit,all,0.38753,0.14228992,0.06511001,0.37569,5.087463,-0.4952172
all,call4,0.3606,0.20606679,0.13521999,0.35271,5.087463,0.39310712
mit,rl,0.34354,0.10168357,0.048769996,0.33358,5.087463,-0.491789
call4,rl,0.32573,0.14758849,0.16868,0.31698,5.087463,0.42206812
