X var,Y var,MIC (strength),MIC-p^2 (nonlinearity),MAS (non-monotonicity),MEV (functionality),MCN (complexity),Linear regression (p)
mit,rl,0.5181,0.18452743,0.02757001,0.5181,4.807355,-0.57755744
all,rl,0.46147,-0.04720825,0.021520019,0.46147,4.807355,0.71321684
mit,all,0.31732,0.16868767,0.040360004,0.31732,4.807355,-0.38552862
mit,call4,0.18783,0.15324476,0.1403,0.18783,4.807355,-0.18597105
all,call4,0.17943,0.1760864,0.13843,0.17943,4.807355,0.057823814
call4,rl,0.16853,0.1655065,0.12881,0.16853,4.807355,0.054986395
