X var,Y var,MIC (strength),MIC-p^2 (nonlinearity),MAS (non-monotonicity),MEV (functionality),MCN (complexity),Linear regression (p)
all,rl,0.30703,0.0738679,0.051799998,0.30703,5.087463,0.4828686
mit,all,0.17048,0.16920504,0.0198,0.17048,5.087463,0.03570659
mit,rl,0.16714,0.11599193,0.027510002,0.16714,5.087463,-0.22615941
mit,call4,0.15534,0.15293328,0.14006001,0.15534,5.087463,-0.049058337
all,call4,0.13427,0.13003297,0.108849995,0.13427,5.087463,0.06509247
call4,rl,0.11844,0.10382472,0.09762,0.11844,5.087463,0.12089368
