X var,Y var,MIC (strength),MIC-p^2 (nonlinearity),MAS (non-monotonicity),MEV (functionality),MCN (complexity),Linear regression (p)
all,rl,0.28926,-0.6495056,0.037440002,0.28926,4.807355,0.9688992
mit,rl,0.2601,0.13565049,0.03407,0.2601,4.807355,0.35277402
mit,all,0.19547,0.10938269,0.022439994,0.19547,4.807355,0.2934064
mit,call4,0.16678,0.022303432,0.12581,0.16678,4.807355,0.38010073
all,call4,0.15971,-0.7337579,0.103410006,0.15971,4.807355,0.9452343
call4,rl,0.1308,-0.85152036,0.08339,0.1308,4.807355,0.99112076
