X var,Y var,MIC (strength),MIC-p^2 (nonlinearity),MAS (non-monotonicity),MEV (functionality),MCN (complexity),Linear regression (p)
all,rl,0.55846,-0.26394486,0.053910017,0.55846,5.2479277,0.9068654
mit,rl,0.45691,0.13506716,0.07244,0.45691,4.70044,-0.56731194
mit,all,0.36349,0.07880959,0.083490014,0.36349,5.169925,-0.5335545
mit,call4,0.18674,0.14160867,0.05275999,0.18674,5.2479277,-0.21244135
all,call4,0.16103,0.15423681,0.07181999,0.16103,5.2479277,0.08242078
call4,rl,0.15669,0.1072588,0.029579997,0.15669,5.2479277,0.2223313
