X var,Y var,MIC (strength),MIC-p^2 (nonlinearity),MAS (non-monotonicity),MEV (functionality),MCN (complexity),Linear regression (p)
all,rl,0.40707,-0.18636027,0.03293,0.39969,5.087463,0.77034426
mit,rl,0.20916,0.18840997,0.028799996,0.19941,5.087463,-0.14404869
mit,all,0.19527,0.18803048,0.011410002,0.18574,5.087463,-0.085085355
mit,call4,0.18552,0.183851,0.13316,0.17502,5.087463,0.0408532
all,call4,0.16686,0.05777344,0.10742,0.15993,5.087463,0.33028254
call4,rl,0.16485,-0.19107991,0.097169995,0.15621,5.087463,0.5965986
