X var,Y var,MIC (strength),MIC-p^2 (nonlinearity),MAS (non-monotonicity),MEV (functionality),MCN (complexity),Linear regression (p)
all,rl,0.35665,-0.33379745,0.041839987,0.35665,5.087463,0.83093166
mit,all,0.24576,0.12210814,0.05235,0.24576,5.087463,-0.35164165
mit,rl,0.23204,0.10484132,0.04484999,0.23204,4.9068904,-0.35664925
mit,call4,0.23185,0.19062144,0.14817,0.23185,5.087463,-0.2030482
call4,rl,0.21299,0.038412288,0.12016,0.21299,5.087463,0.41782498
all,call4,0.2063,0.12768492,0.13446,0.2063,5.087463,0.28038383
