X var,Y var,MIC (strength),MIC-p^2 (nonlinearity),MAS (non-monotonicity),MEV (functionality),MCN (complexity),Linear regression (p)
all,rl,0.33562,-0.031064093,0.02836001,0.33562,5.087463,0.60554445
mit,rl,0.2307,0.15828258,0.039389998,0.2307,5.087463,-0.26910484
mit,all,0.18757,0.18029667,0.038780004,0.18757,5.087463,-0.08528381
mit,call4,0.18654,0.18552004,0.15309998,0.18654,5.087463,0.03193674
all,call4,0.17955,0.17954953,0.14941001,0.17955,5.087463,6.9510425E-4
call4,rl,0.15362,0.15153994,0.12137,0.15362,5.087463,-0.045607816
