X var,Y var,MIC (strength),MIC-p^2 (nonlinearity),MAS (non-monotonicity),MEV (functionality),MCN (complexity),Linear regression (p)
all,rl,0.29659,-0.53316987,0.015919998,0.29056,5.321928,0.91091156
mit,rl,0.18398,0.17724106,0.01286,0.1769,5.321928,0.082091115
call4,rl,0.17138,0.0521672,0.052309997,0.16412,5.321928,0.34527206
mit,all,0.16902,0.15375741,0.01641,0.16258,5.321928,0.12354186
mit,call4,0.15516,-0.050884217,0.07183,0.14774,5.321928,0.45392093
all,call4,0.15129,-0.09033047,0.042549998,0.14379,5.321928,0.49154904
