X var,Y var,MIC (strength),MIC-p^2 (nonlinearity),MAS (non-monotonicity),MEV (functionality),MCN (complexity),Linear regression (p)
all,rl,0.40525,-0.09266192,0.03564,0.40525,4.9068904,0.70562875
mit,rl,0.26301,0.17536892,0.047439992,0.26301,4.9068904,-0.29604235
mit,call4,0.24046,0.22596785,0.10907999,0.24046,4.9068904,-0.12038328
mit,all,0.23777,0.23422162,0.026950002,0.23777,4.9068904,-0.05956837
call4,rl,0.21107,0.1890448,0.08518,0.21107,4.9068904,0.1484089
all,call4,0.16167,0.16115819,0.10017,0.16167,4.9068904,0.022623183
