X var,Y var,MIC (strength),MIC-p^2 (nonlinearity),MAS (non-monotonicity),MEV (functionality),MCN (complexity),Linear regression (p)
all,rl,0.30779,-0.21877947,0.03553,0.30779,5.087463,0.7256511
mit,rl,0.22343,0.20329145,0.047189996,0.22343,5.087463,-0.14191037
all,call4,0.1969,0.19531749,0.09526999,0.1969,5.087463,0.039780747
call4,rl,0.17974,0.17948349,0.09721,0.17974,5.087463,-0.016015798
mit,call4,0.17737,0.17605889,0.063609995,0.17737,5.087463,-0.03620916
mit,all,0.17097,0.17089288,0.019989997,0.17097,5.087463,-0.008781186
