X var,Y var,MIC (strength),MIC-p^2 (nonlinearity),MAS (non-monotonicity),MEV (functionality),MCN (complexity),Linear regression (p)
all,rl,0.38267,-0.059735656,0.032780007,0.38267,5.087463,0.6651358
mit,rl,0.22343,0.18320547,0.019399986,0.22343,5.087463,-0.20056053
call4,rl,0.19971,-0.12612818,0.09251,0.19971,5.087463,0.57082236
mit,all,0.17611,0.17095412,0.00725,0.17611,5.087463,0.071804464
all,call4,0.16708,-0.25000882,0.06417,0.16708,5.087463,0.64582413
mit,call4,0.14675,0.14413123,0.066740006,0.14675,5.087463,-0.05117391
