X var,Y var,MIC (strength),MIC-p^2 (nonlinearity),MAS (non-monotonicity),MEV (functionality),MCN (complexity),Linear regression (p)
all,rl,0.35844,-0.5272819,0.034940004,0.35844,4.807355,0.941128
mit,rl,0.2466,0.24645726,0.050610006,0.2466,4.807355,0.011947276
mit,all,0.20967,0.20449078,0.013270006,0.20967,4.807355,-0.07196688
mit,call4,0.16755,0.05114407,0.13343,0.16755,4.807355,0.34118313
call4,rl,0.1593,-0.030316487,0.124970004,0.1593,4.807355,0.43544975
all,call4,0.15709,0.110284984,0.124699995,0.15709,4.807355,0.21634465
