X var,Y var,MIC (strength),MIC-p^2 (nonlinearity),MAS (non-monotonicity),MEV (functionality),MCN (complexity),Linear regression (p)
all,rl,0.44324,-0.47043216,0.065950006,0.44324,4.807355,0.955862
mit,rl,0.35146,0.34067664,0.04231,0.35146,4.807355,0.10384308
mit,all,0.26166,0.2449666,0.023040012,0.26166,4.807355,0.12920302
all,call4,0.20945,-0.5357837,0.15126,0.20945,4.807355,0.8632692
call4,rl,0.18279,-0.5897186,0.11662,0.18279,4.807355,0.87892467
mit,call4,0.1566,0.10416167,0.09757,0.1566,4.807355,0.22899416
