X var,Y var,MIC (strength),MIC-p^2 (nonlinearity),MAS (non-monotonicity),MEV (functionality),MCN (complexity),Linear regression (p)
mit,rl,0.38012,-0.07296687,0.060599983,0.38012,5.169925,-0.6731173
all,rl,0.33984,0.15811172,0.029430002,0.33984,5.2479277,0.426296
mit,all,0.20068,0.16362429,0.017889999,0.20068,5.2479277,-0.19249861
all,call4,0.17005,0.16281606,0.13199,0.17005,5.2479277,0.08505251
mit,call4,0.15993,0.13332018,0.13417001,0.15993,5.2479277,-0.16312517
call4,rl,0.14488,0.12092686,0.11999,0.14488,5.2479277,0.15476802
