X var,Y var,MIC (strength),MIC-p^2 (nonlinearity),MAS (non-monotonicity),MEV (functionality),MCN (complexity),Linear regression (p)
all,rl,0.80375,0.22836494,0.18642998,0.80375,4.807355,0.7585414
call4,rl,0.72427,0.08638573,0.09437001,0.72427,4.807355,0.79867655
all,call4,0.60606,0.23871934,0.18745002,0.60606,4.807355,0.6060864
mit,rl,0.21083,0.18614355,0.030370004,0.21083,4.807355,0.15711923
mit,call4,0.18461,0.17782831,0.042239994,0.18461,4.807355,0.08235093
mit,all,0.17932,0.16369186,0.035139993,0.17932,4.807355,0.12501252
