X var,Y var,MIC (strength),MIC-p^2 (nonlinearity),MAS (non-monotonicity),MEV (functionality),MCN (complexity),Linear regression (p)
all,rl,0.27915,0.028330058,0.032919988,0.27915,5.087463,0.50081927
mit,call4,0.21867,0.18659534,0.13635999,0.21867,5.087463,-0.179094
mit,rl,0.21575,0.11162925,0.043569997,0.21575,5.087463,-0.32267746
all,call4,0.18267,0.14638217,0.11689,0.18267,5.087463,0.19049364
mit,all,0.17495,0.16547716,0.029919997,0.17495,5.087463,0.09732858
call4,rl,0.16386,0.046938427,0.081889994,0.16386,5.087463,0.34193796
