X var,Y var,MIC (strength),MIC-p^2 (nonlinearity),MAS (non-monotonicity),MEV (functionality),MCN (complexity),Linear regression (p)
all,rl,0.49001,-0.018186718,0.02974999,0.4825,5.087463,0.7128792
mit,call4,0.33061,0.21619481,0.10340001,0.32175,5.087463,-0.33825317
mit,all,0.28599,0.2459264,0.022829995,0.27482,5.087463,-0.20015895
mit,rl,0.25451,0.1110971,0.02697,0.24615,5.087463,-0.37869895
all,call4,0.2522,0.14269818,0.10372001,0.2449,5.087463,0.3309106
call4,rl,0.21694,0.05055523,0.074870005,0.21009,5.087463,0.4079029
