X var,Y var,MIC (strength),MIC-p^2 (nonlinearity),MAS (non-monotonicity),MEV (functionality),MCN (complexity),Linear regression (p)
mit,rl,0.34644,-0.036943257,0.06222999,0.34644,5.2479277,-0.6191795
all,rl,0.29098,0.20607276,0.039100006,0.29098,5.2479277,0.29138848
mit,call4,0.20077,0.14337553,0.09464001,0.20077,5.2479277,-0.23957144
call4,rl,0.17511,0.12082294,0.10927,0.17511,5.2479277,0.23299584
mit,all,0.1627,0.16245122,0.015090004,0.1627,5.2479277,0.01577278
all,call4,0.15728,0.15451565,0.081379995,0.15728,5.2479277,0.05257708
