X var,Y var,MIC (strength),MIC-p^2 (nonlinearity),MAS (non-monotonicity),MEV (functionality),MCN (complexity),Linear regression (p)
all,rl,0.64262,0.24950138,0.10197002,0.64262,4.70044,0.62699175
all,call4,0.57584,0.14960513,0.10095999,0.57584,4.70044,0.65286666
call4,rl,0.50407,0.15650511,0.055900007,0.50407,4.169925,0.5895463
mit,call4,0.30886,0.20422094,0.059469998,0.30886,4.70044,0.32347962
mit,rl,0.3086,0.06651297,0.053419992,0.3086,4.70044,0.4920234
mit,all,0.29901,0.20256105,0.042380005,0.29901,4.70044,0.31056234
