X var,Y var,MIC (strength),MIC-p^2 (nonlinearity),MAS (non-monotonicity),MEV (functionality),MCN (complexity),Linear regression (p)
mit,rl,0.50591,0.250058,0.15185,0.49628,5.0,-0.5058181
all,rl,0.33796,0.08775017,0.027620003,0.32981,5.0,0.5002098
mit,all,0.24195,0.12828216,0.02268,0.23387,5.0,-0.33714664
mit,call4,0.21611,0.2095567,0.18181,0.20752,5.0,-0.08095254
all,call4,0.17696,0.15545766,0.122310005,0.16791,5.0,0.1466368
call4,rl,0.17185,0.16710469,0.12017,0.16332,5.0,0.068886206
