X var,Y var,MIC (strength),MIC-p^2 (nonlinearity),MAS (non-monotonicity),MEV (functionality),MCN (complexity),Linear regression (p)
all,rl,0.59133,-0.024720252,0.055449992,0.58461,5.0,0.7848887
mit,rl,0.54562,0.25538248,0.13013998,0.54562,4.9068904,-0.538737
mit,all,0.39932,0.29280442,0.13037002,0.39069,5.0,-0.32636726
mit,call4,0.18761,0.17750481,0.14912,0.18012,5.0,-0.100524575
all,call4,0.1818,0.16863006,0.14604999,0.1737,5.0,0.114760324
call4,rl,0.15596,0.15022714,0.12695,0.14701,5.0,0.07571561
