X var,Y var,MIC (strength),MIC-p^2 (nonlinearity),MAS (non-monotonicity),MEV (functionality),MCN (complexity),Linear regression (p)
all,rl,0.53574,-0.10841471,0.06810999,0.52754,5.321928,0.8025925
mit,rl,0.41262,0.28365463,0.03185001,0.40463,5.321928,-0.35911748
mit,all,0.29773,0.25613168,0.06796999,0.2907,5.321928,-0.2039567
mit,call4,0.18764,0.18710825,0.13041,0.17966,5.321928,-0.023059538
call4,rl,0.17716,0.17255051,0.13618,0.17056,5.321928,-0.06789312
all,call4,0.14762,0.13001175,0.10358001,0.14185,5.321928,-0.13269612
