X var,Y var,MIC (strength),MIC-p^2 (nonlinearity),MAS (non-monotonicity),MEV (functionality),MCN (complexity),Linear regression (p)
all,rl,0.45645,-0.022812754,0.05344999,0.45645,4.9068904,0.69228804
mit,rl,0.38813,0.31408826,0.10192999,0.38813,4.9068904,-0.27210614
mit,call4,0.34725,0.21148957,0.14720002,0.34725,4.9068904,-0.36845684
mit,all,0.29973,0.29812706,0.15909,0.29973,4.9068904,-0.040036768
call4,rl,0.21223,0.20140375,0.13977,0.21223,4.9068904,0.10404927
all,call4,0.1562,0.15540537,0.123490006,0.1562,4.9068904,-0.028189138
