X var,Y var,MIC (strength),MIC-p^2 (nonlinearity),MAS (non-monotonicity),MEV (functionality),MCN (complexity),Linear regression (p)
all,rl,0.43269,0.012869656,0.053740025,0.43269,5.087463,0.64793545
mit,rl,0.34202,0.035947233,0.092059985,0.34202,5.087463,-0.55323845
mit,all,0.25967,0.1060763,0.05859001,0.25967,5.087463,-0.3919103
call4,rl,0.24673,0.13410659,0.10715,0.24673,5.087463,0.33559412
mit,call4,0.23802,0.21595582,0.120510004,0.23802,5.087463,-0.14854014
all,call4,0.1965,0.17736542,0.121300004,0.1965,5.087463,0.13832778
