X var,Y var,MIC (strength),MIC-p^2 (nonlinearity),MAS (non-monotonicity),MEV (functionality),MCN (complexity),Linear regression (p)
all,rl,0.43024,-0.462195,0.024480015,0.42426,5.321928,0.9446878
mit,rl,0.24918,0.04727952,0.027170002,0.24115,5.321928,0.44933337
mit,all,0.19379,-0.12252332,0.03805001,0.18815,5.321928,0.5624174
all,call4,0.16119,-0.67536116,0.063130006,0.15447,5.321928,0.9146317
mit,call4,0.15506,-0.26619995,0.086789995,0.14776,5.321928,0.6490454
call4,rl,0.15118,-0.40439925,0.05246,0.14528,5.321928,0.7453719
