X var,Y var,MIC (strength),MIC-p^2 (nonlinearity),MAS (non-monotonicity),MEV (functionality),MCN (complexity),Linear regression (p)
all,rl,0.40622,0.02700606,0.13042,0.39687,5.087463,0.6158035
mit,all,0.24063,0.24012837,0.040560007,0.22765,5.087463,-0.022397166
mit,rl,0.21742,0.21594843,0.0756,0.20633,5.087463,-0.038360927
mit,call4,0.16985,0.16979194,0.12701,0.16018,5.087463,0.00762042
all,call4,0.16793,-0.039351285,0.11874001,0.15997,5.087463,0.45528156
call4,rl,0.13316,-0.747527,0.07901999,0.12703,5.087463,0.93844926
