X var,Y var,MIC (strength),MIC-p^2 (nonlinearity),MAS (non-monotonicity),MEV (functionality),MCN (complexity),Linear regression (p)
mit,rl,0.32278,0.24725062,0.04621002,0.31523,5.321928,0.27482614
call4,rl,0.30753,0.17640974,0.048839986,0.30157,5.321928,0.3621053
all,rl,0.28004,-0.030251086,0.01597,0.27364,5.321928,0.5570378
mit,call4,0.24288,0.19239356,0.0836,0.23624,5.321928,0.2246919
all,call4,0.22403,0.1819383,0.037770003,0.21659,5.321928,0.2051626
mit,all,0.16635,0.16005504,0.025399998,0.16073,5.321928,-0.079340786
