X var,Y var,MIC (strength),MIC-p^2 (nonlinearity),MAS (non-monotonicity),MEV (functionality),MCN (complexity),Linear regression (p)
all,rl,0.28195,-0.42469585,0.042329997,0.28195,4.807355,0.8406223
mit,rl,0.26555,0.25782144,0.037890002,0.26555,4.807355,-0.08791213
mit,all,0.19944,0.18900764,0.0113300085,0.19944,4.807355,-0.10213893
mit,call4,0.19669,0.1840093,0.06417999,0.19669,4.807355,0.11260857
all,call4,0.18775,-0.21795495,0.05234,0.18775,4.807355,0.6369497
call4,rl,0.16813,-0.49311048,0.051889993,0.16813,4.807355,0.8131669
