X var,Y var,MIC (strength),MIC-p^2 (nonlinearity),MAS (non-monotonicity),MEV (functionality),MCN (complexity),Linear regression (p)
call4,rl,0.72499,0.34596443,0.073249996,0.72499,4.807355,0.61565053
all,rl,0.6884,0.3551568,0.15198997,0.6884,4.807355,0.5772722
all,call4,0.52867,0.2684086,0.1596,0.52867,4.807355,0.51015824
mit,call4,0.33104,0.3063459,0.16309999,0.33104,4.807355,-0.15714352
mit,rl,0.32942,0.3266979,0.05529,0.32942,4.807355,0.052174006
mit,all,0.25134,0.24954353,0.04017,0.25134,4.807355,0.042384725
