X var,Y var,MIC (strength),MIC-p^2 (nonlinearity),MAS (non-monotonicity),MEV (functionality),MCN (complexity),Linear regression (p)
all,rl,0.62215,0.3847829,0.08869004,0.58328,4.7548876,-0.48720333
call4,rl,0.60771,0.088157415,0.08228001,0.60771,4.70044,0.7208
all,call4,0.588,0.31737334,0.13345,0.588,4.70044,-0.5202179
mit,all,0.27401,0.2551131,0.06939,0.27401,4.70044,0.13746604
mit,rl,0.26164,0.19278671,0.026220009,0.26164,4.70044,-0.26239914
mit,call4,0.26155,0.20229675,0.079270005,0.26155,4.70044,-0.24341992
