X var,Y var,MIC (strength),MIC-p^2 (nonlinearity),MAS (non-monotonicity),MEV (functionality),MCN (complexity),Linear regression (p)
all,rl,0.29587,-0.61844206,0.045949996,0.29587,4.807355,0.95619667
mit,rl,0.22612,0.09765425,0.01794,0.22612,4.807355,0.35842118
mit,all,0.20405,0.11989339,0.03637001,0.20405,4.807355,0.2900976
all,call4,0.18532,-0.65357715,0.091060005,0.18532,4.807355,0.9159133
mit,call4,0.17935,0.02787076,0.097940005,0.17935,4.807355,0.38920334
call4,rl,0.14257,-0.8219064,0.058480002,0.14257,4.807355,0.9820776
