X var,Y var,MIC (strength),MIC-p^2 (nonlinearity),MAS (non-monotonicity),MEV (functionality),MCN (complexity),Linear regression (p)
all,rl,0.4078,0.23864362,0.03165999,0.4078,4.807355,0.41128623
mit,rl,0.33292,0.21748468,0.066350006,0.33292,4.807355,-0.33975774
mit,call4,0.29888,0.25705367,0.09898001,0.29888,4.807355,-0.20451488
call4,rl,0.27348,0.23102364,0.14795999,0.27348,4.807355,0.20604941
mit,all,0.25484,0.20767209,0.03169,0.25484,4.807355,-0.21718173
all,call4,0.23747,0.23746924,0.1279,0.23747,4.807355,-8.7007997E-4
