X var,Y var,MIC (strength),MIC-p^2 (nonlinearity),MAS (non-monotonicity),MEV (functionality),MCN (complexity),Linear regression (p)
all,rl,0.44592,0.07692781,0.09316999,0.43674,5.0,0.60744727
mit,rl,0.20635,0.19143812,0.03232999,0.19653,5.0,-0.12211419
mit,call4,0.16937,0.16905184,0.14253,0.16063,5.0,-0.017837027
mit,all,0.16379,0.16357493,0.025540002,0.15707,5.0,0.014665101
all,call4,0.15514,0.15477069,0.12356,0.14513,5.0,0.019217499
call4,rl,0.13056,0.12065166,0.104899995,0.1242,5.0,0.099540606
