X var,Y var,MIC (strength),MIC-p^2 (nonlinearity),MAS (non-monotonicity),MEV (functionality),MCN (complexity),Linear regression (p)
all,rl,0.25261,-0.21973029,0.018179998,0.25261,5.087463,0.68727016
mit,all,0.22011,0.17788705,0.01238,0.22011,5.087463,0.20548224
call4,rl,0.19224,-0.092755646,0.030819997,0.19224,5.087463,0.53384984
all,call4,0.18582,0.017113045,0.061729997,0.18582,5.087463,0.4107395
mit,rl,0.1858,0.18320987,0.009810001,0.1858,5.087463,-0.050893392
mit,call4,0.15044,0.14134789,0.029790007,0.15044,5.087463,-0.09535266
