X var,Y var,MIC (strength),MIC-p^2 (nonlinearity),MAS (non-monotonicity),MEV (functionality),MCN (complexity),Linear regression (p)
all,rl,0.46114,-0.09329942,0.049519986,0.46114,5.087463,0.7446069
mit,rl,0.36398,0.0704501,0.08820999,0.36398,4.807355,-0.541784
mit,all,0.33487,-1.2049079E-4,0.04907,0.33487,5.087463,-0.57878363
mit,call4,0.18448,0.1579524,0.14001,0.18448,5.087463,-0.16287296
all,call4,0.15739,0.15365186,0.14131999,0.15739,5.087463,0.061140317
call4,rl,0.13248,0.10264885,0.09602,0.13248,5.087463,0.17271696
