X var,Y var,MIC (strength),MIC-p^2 (nonlinearity),MAS (non-monotonicity),MEV (functionality),MCN (complexity),Linear regression (p)
call4,rl,0.33303,0.2232374,0.16095999,0.33303,4.807355,0.33134964
mit,rl,0.24027,0.20722382,0.04243,0.24027,4.807355,-0.18178609
all,rl,0.20383,-0.014252514,0.032899998,0.20383,4.807355,0.46699306
all,call4,0.20291,0.16120788,0.08648001,0.20291,4.807355,0.20421095
mit,all,0.19391,0.17457603,0.029249996,0.19391,4.807355,-0.13904667
mit,call4,0.1826,0.17772059,0.06582001,0.1826,4.807355,-0.0698528
