X var,Y var,MIC (strength),MIC-p^2 (nonlinearity),MAS (non-monotonicity),MEV (functionality),MCN (complexity),Linear regression (p)
all,rl,0.32589,-0.018683702,0.030639991,0.32589,5.2479277,0.587004
mit,rl,0.19899,0.14985465,0.018649995,0.19899,5.2479277,-0.22166497
mit,all,0.17682,0.17573781,0.045669988,0.17682,5.2479277,-0.032896552
mit,call4,0.16879,0.15664783,0.0971,0.16879,5.2479277,-0.11019151
all,call4,0.14944,0.14287442,0.08940001,0.14944,5.2479277,0.08102832
call4,rl,0.14354,0.13282534,0.08376999,0.14354,5.2479277,0.10351161
