X var,Y var,MIC (strength),MIC-p^2 (nonlinearity),MAS (non-monotonicity),MEV (functionality),MCN (complexity),Linear regression (p)
all,rl,0.35663,0.20402606,0.0406,0.35663,4.9068904,0.39064553
call4,rl,0.23579,0.15344055,0.106120005,0.23579,4.9068904,0.28696594
mit,rl,0.22457,0.21010132,0.027389996,0.22457,4.9068904,-0.12028587
mit,all,0.20092,0.19876271,0.042390004,0.20092,4.9068904,-0.04644665
all,call4,0.19208,0.19025958,0.09116001,0.19208,4.9068904,0.04266644
mit,call4,0.18926,0.17849168,0.06665,0.18926,4.9068904,-0.10377057
