X var,Y var,MIC (strength),MIC-p^2 (nonlinearity),MAS (non-monotonicity),MEV (functionality),MCN (complexity),Linear regression (p)
all,rl,0.37656,-0.091590345,0.04209,0.37656,5.087463,0.6842151
call4,rl,0.24081,0.039851412,0.12027001,0.24081,5.087463,0.44828406
all,call4,0.21334,-0.2893629,0.11414,0.21334,5.087463,0.7090154
mit,rl,0.20181,0.13180415,0.017279997,0.20181,5.087463,-0.26458618
mit,all,0.18933,0.16259862,0.030189998,0.18933,5.087463,-0.16349731
mit,call4,0.15617,0.15168175,0.088709995,0.15617,5.087463,-0.06699441
