X var,Y var,MIC (strength),MIC-p^2 (nonlinearity),MAS (non-monotonicity),MEV (functionality),MCN (complexity),Linear regression (p)
all,rl,0.55095,-0.083290935,0.028140008,0.54081,5.0,0.79639244
mit,rl,0.44604,0.17841783,0.05645001,0.43774,5.0,-0.5173221
mit,all,0.26333,0.20892575,0.029249996,0.25358,5.0,-0.23324722
call4,rl,0.21976,0.2139659,0.13660002,0.21159,5.0,0.07611904
mit,call4,0.20079,0.19694513,0.14842,0.19038,5.0,-0.062006973
all,call4,0.16569,0.1609133,0.08760001,0.1568,5.0,0.06911373
