X var,Y var,MIC (strength),MIC-p^2 (nonlinearity),MAS (non-monotonicity),MEV (functionality),MCN (complexity),Linear regression (p)
all,rl,0.34046,0.07843864,0.031459987,0.34046,5.087463,0.5118802
mit,rl,0.21051,0.10012887,0.013909996,0.21051,5.087463,-0.33223656
mit,all,0.18597,0.18590814,0.025710002,0.18597,5.087463,0.007864345
all,call4,0.16921,0.16344337,0.14921,0.16921,5.087463,0.075938284
mit,call4,0.1587,0.1546491,0.11144,0.1587,5.087463,0.06364675
call4,rl,0.13613,0.13448173,0.113110006,0.13613,5.087463,0.040598936
