X var,Y var,MIC (strength),MIC-p^2 (nonlinearity),MAS (non-monotonicity),MEV (functionality),MCN (complexity),Linear regression (p)
all,rl,0.41434,0.016977161,0.031289995,0.41434,5.087463,0.6303672
mit,call4,0.21115,0.18516341,0.15186,0.21115,5.087463,-0.16120358
mit,rl,0.19816,0.19043759,0.03498,0.19816,5.087463,-0.08787722
mit,all,0.19182,0.16501573,0.020819992,0.19182,5.087463,-0.16372012
call4,rl,0.18485,0.1785011,0.12670001,0.18485,5.087463,-0.07967999
all,call4,0.16695,0.16624254,0.12468,0.16695,5.087463,-0.026598249
