X var,Y var,MIC (strength),MIC-p^2 (nonlinearity),MAS (non-monotonicity),MEV (functionality),MCN (complexity),Linear regression (p)
all,rl,0.74071,0.6553331,0.17743,0.74071,4.70044,0.29219332
call4,rl,0.57346,-0.34517378,0.045430005,0.57346,4.5849624,0.95845383
all,call4,0.56018,0.53051233,0.14004,0.56018,4.70044,0.17224301
mit,rl,0.37485,-0.26567218,0.05768001,0.37485,4.70044,0.8003263
mit,call4,0.3268,-0.22768074,0.08969998,0.3268,4.70044,0.7446346
mit,all,0.32493,0.17616397,0.065540016,0.32493,4.70044,0.385702
