X var,Y var,MIC (strength),MIC-p^2 (nonlinearity),MAS (non-monotonicity),MEV (functionality),MCN (complexity),Linear regression (p)
all,rl,0.48915,-0.02289331,0.04163,0.48915,5.2479277,0.715572
mit,rl,0.38064,0.064349204,0.06756,0.38064,4.4594316,-0.56239736
mit,all,0.27216,0.06796451,0.059630007,0.27216,5.2479277,-0.45187995
all,call4,0.17456,0.17294542,0.1434,0.17456,5.2479277,0.04018171
mit,call4,0.16647,0.1573114,0.1351,0.16647,5.2479277,-0.09570066
call4,rl,0.11296,0.09695653,0.08471,0.11296,5.2479277,0.12650484
