X var,Y var,MIC (strength),MIC-p^2 (nonlinearity),MAS (non-monotonicity),MEV (functionality),MCN (complexity),Linear regression (p)
all,rl,0.66212,0.63142884,0.17327997,0.66212,4.70044,-0.17518882
call4,rl,0.6394,-0.061338246,0.07132,0.6394,4.70044,0.8371011
all,call4,0.61393,0.55885965,0.23439997,0.61393,4.70044,-0.23467076
mit,all,0.27047,0.25577995,0.08556999,0.27047,4.70044,0.12120247
mit,call4,0.19248,0.16691905,0.014370002,0.19248,4.70044,-0.15987793
mit,rl,0.18912,0.15899561,0.02499,0.18912,4.70044,-0.17356375
