X var,Y var,MIC (strength),MIC-p^2 (nonlinearity),MAS (non-monotonicity),MEV (functionality),MCN (complexity),Linear regression (p)
all,rl,0.38217,-0.12374678,0.06865999,0.37071,5.087463,0.71127826
mit,rl,0.22626,0.22003156,0.02121,0.21773,5.087463,-0.0789205
mit,all,0.19736,0.19735931,0.01177001,0.18586,5.087463,8.285557E-4
mit,call4,0.18626,0.18607843,0.13078,0.17404,5.087463,0.013474804
call4,rl,0.17761,-0.5495955,0.08802,0.17074,5.087463,0.8527634
all,call4,0.13622,-0.069878414,0.07775,0.12757,5.087463,0.45398062
