X var,Y var,MIC (strength),MIC-p^2 (nonlinearity),MAS (non-monotonicity),MEV (functionality),MCN (complexity),Linear regression (p)
all,rl,0.58532,0.40707302,0.27297,0.58532,4.70044,-0.42219308
call4,rl,0.55521,0.17825231,0.054669976,0.55521,4.70044,0.6139688
all,call4,0.42855,0.26745588,0.14292,0.42855,4.70044,-0.40136534
mit,all,0.23334,0.23199096,0.029700004,0.23334,4.70044,-0.03672927
mit,rl,0.21469,0.19624886,0.034220003,0.21469,4.70044,0.13579817
mit,call4,0.17746,0.17675687,0.016550004,0.17746,4.70044,-0.02651641
