X var,Y var,MIC (strength),MIC-p^2 (nonlinearity),MAS (non-monotonicity),MEV (functionality),MCN (complexity),Linear regression (p)
all,rl,0.41245,-0.034415096,0.06896001,0.40505,5.087463,0.6684797
mit,rl,0.24724,0.23323792,0.037880003,0.23677,5.087463,-0.11833043
mit,all,0.22041,0.2161711,0.030000001,0.21107,5.087463,-0.06510689
call4,rl,0.19753,-0.52580035,0.13083,0.19,5.087463,0.8504883
mit,call4,0.18246,0.18245947,0.113359995,0.17378,5.087463,7.181818E-4
all,call4,0.16438,-0.031661958,0.09398,0.15635,5.087463,0.44276625
