X var,Y var,MIC (strength),MIC-p^2 (nonlinearity),MAS (non-monotonicity),MEV (functionality),MCN (complexity),Linear regression (p)
all,rl,0.60804,0.024502873,0.07585999,0.60804,4.807355,0.763896
mit,rl,0.35564,0.19526991,0.040899992,0.35564,4.807355,-0.40046233
mit,all,0.27231,0.22533077,0.02965001,0.27231,4.807355,-0.2167469
mit,call4,0.25712,0.2202295,0.16357002,0.25712,4.807355,-0.19206901
all,call4,0.21568,0.1918989,0.13957,0.21568,4.807355,0.15421122
call4,rl,0.18526,0.1640229,0.11073,0.18526,4.807355,0.14572954
