X var,Y var,MIC (strength),MIC-p^2 (nonlinearity),MAS (non-monotonicity),MEV (functionality),MCN (complexity),Linear regression (p)
all,rl,0.4305,0.03897056,0.07714,0.42417,5.321928,0.6257231
call4,rl,0.37847,0.3483988,0.17579,0.37216,5.321928,0.1734105
mit,call4,0.36022,0.34596938,0.17867999,0.35319,5.321928,-0.11937597
mit,rl,0.26848,0.25312746,0.060039997,0.26114,5.321928,-0.123905376
all,call4,0.22635,0.22422415,0.04129,0.21816,5.321928,0.04610694
mit,all,0.18169,0.1639594,0.01844,0.17499,5.321928,-0.13315634
