X var,Y var,MIC (strength),MIC-p^2 (nonlinearity),MAS (non-monotonicity),MEV (functionality),MCN (complexity),Linear regression (p)
all,rl,0.49981,0.067882985,0.07018,0.49981,4.9068904,0.65721154
mit,rl,0.43885,0.36637384,0.10909,0.43885,4.9068904,-0.2692139
mit,all,0.37881,0.3763532,0.19058,0.37881,4.9068904,0.04956602
mit,call4,0.3465,0.3382165,0.08299002,0.3465,4.9068904,-0.09101367
call4,rl,0.28595,0.28239697,0.061230004,0.28595,4.9068904,0.05960737
all,call4,0.21362,0.21221417,0.062360004,0.21362,4.807355,-0.037494473
