X var,Y var,MIC (strength),MIC-p^2 (nonlinearity),MAS (non-monotonicity),MEV (functionality),MCN (complexity),Linear regression (p)
all,rl,0.32666,0.13970105,0.03885001,0.32666,4.9068904,0.4323875
call4,rl,0.26288,0.15217191,0.07782,0.26288,4.9068904,0.33272824
mit,all,0.20907,0.18164855,0.048189998,0.20907,4.9068904,-0.16559424
mit,rl,0.19347,0.19053763,0.020280004,0.19347,4.9068904,0.0541514
all,call4,0.18822,0.18796071,0.022829998,0.18822,4.9068904,-0.016101997
mit,call4,0.18127,0.1749602,0.020319998,0.18127,4.9068904,-0.0794343
