X var,Y var,MIC (strength),MIC-p^2 (nonlinearity),MAS (non-monotonicity),MEV (functionality),MCN (complexity),Linear regression (p)
all,rl,0.63688,-0.08608329,0.10121,0.63688,4.807355,0.8502725
mit,all,0.34026,0.33165303,0.06832999,0.34026,4.807355,-0.09277376
mit,rl,0.31593,0.2998213,0.059760004,0.31593,4.807355,-0.12692009
mit,call4,0.23722,0.23717234,0.15459001,0.23722,4.807355,0.006903762
all,call4,0.18897,-0.0052860677,0.14565,0.18897,4.807355,0.4407449
call4,rl,0.17778,-0.0671116,0.124390006,0.17778,4.807355,0.49486524
