X var,Y var,MIC (strength),MIC-p^2 (nonlinearity),MAS (non-monotonicity),MEV (functionality),MCN (complexity),Linear regression (p)
all,rl,0.40289,-0.5906075,0.051389992,0.40289,4.807355,0.99674344
mit,rl,0.24295,-0.049794927,0.040580004,0.24295,4.807355,0.5410591
mit,all,0.21898,-0.056439176,0.038689993,0.21898,4.807355,0.52480394
mit,call4,0.19939,-0.10062197,0.15935,0.19939,4.807355,0.5477335
all,call4,0.17318,-0.8156819,0.11862,0.17318,4.807355,0.99441534
call4,rl,0.15918,-0.8392406,0.109740004,0.15918,4.807355,0.99921
