X var,Y var,MIC (strength),MIC-p^2 (nonlinearity),MAS (non-monotonicity),MEV (functionality),MCN (complexity),Linear regression (p)
all,rl,0.47495,-0.36560956,0.030030012,0.47062,5.321928,0.91682035
mit,rl,0.39825,0.39054915,0.084420025,0.39142,5.321928,-0.08775459
mit,all,0.2529,0.25141737,0.069489986,0.24736,5.321928,-0.03850497
mit,call4,0.18165,0.16481955,0.0685,0.1764,5.321928,0.1297322
call4,rl,0.16943,-0.26578635,0.033150002,0.16425,5.321928,0.6597093
all,call4,0.14869,-0.3150928,0.03592,0.14365,5.321928,0.681016
