X var,Y var,MIC (strength),MIC-p^2 (nonlinearity),MAS (non-monotonicity),MEV (functionality),MCN (complexity),Linear regression (p)
all,rl,0.48622,-0.006833017,0.08177,0.48622,4.9068904,0.70217735
mit,call4,0.25129,0.20398164,0.17543,0.25129,4.9068904,-0.21750484
mit,all,0.23955,0.2377641,0.034049988,0.23955,4.9068904,0.04225983
mit,rl,0.23859,0.2241955,0.07602,0.23859,4.9068904,-0.11997709
all,call4,0.17501,0.16750048,0.118259996,0.17501,4.9068904,0.08665742
call4,rl,0.14866,0.11041914,0.10430001,0.14866,4.9068904,0.1955527
