X var,Y var,MIC (strength),MIC-p^2 (nonlinearity),MAS (non-monotonicity),MEV (functionality),MCN (complexity),Linear regression (p)
all,rl,0.55805,-0.10485387,0.06031999,0.55805,4.807355,0.8141891
mit,rl,0.46005,0.24686301,0.030149996,0.46005,4.807355,-0.46172175
mit,all,0.45026,0.20083252,0.05558002,0.45026,4.807355,-0.49942717
call4,rl,0.38338,0.34247562,0.17971,0.38338,4.807355,0.20224828
mit,call4,0.34225,0.2323606,0.17374998,0.34225,4.807355,-0.33149567
all,call4,0.22801,0.21285781,0.14519,0.22801,4.807355,0.12309423
