X var,Y var,MIC (strength),MIC-p^2 (nonlinearity),MAS (non-monotonicity),MEV (functionality),MCN (complexity),Linear regression (p)
all,rl,0.35929,0.030580193,0.03187999,0.35929,5.087463,0.5733322
call4,rl,0.21371,0.21370365,0.08223,0.21371,5.087463,-0.0025191912
mit,rl,0.18911,0.17231894,0.027739994,0.18911,5.087463,-0.12958032
mit,call4,0.18754,0.17629753,0.11314999,0.18754,5.087463,0.1060305
mit,all,0.17693,0.14897415,0.005599998,0.17693,5.087463,-0.16720001
all,call4,0.16203,0.16079032,0.060439996,0.16203,5.087463,0.03520896
