X var,Y var,MIC (strength),MIC-p^2 (nonlinearity),MAS (non-monotonicity),MEV (functionality),MCN (complexity),Linear regression (p)
all,rl,0.38308,-0.3698703,0.050830007,0.38308,5.087463,0.8677271
mit,all,0.18214,0.18068266,0.013860002,0.18214,5.087463,-0.038175054
mit,rl,0.18042,0.15883934,0.021909997,0.18042,5.087463,-0.14690353
call4,rl,0.16812,0.16159359,0.13055,0.16812,5.087463,0.08078619
mit,call4,0.15541,0.15288404,0.117000006,0.15541,5.087463,-0.050259
all,call4,0.14287,0.14081912,0.082389995,0.14287,5.087463,0.045286536
