X var,Y var,MIC (strength),MIC-p^2 (nonlinearity),MAS (non-monotonicity),MEV (functionality),MCN (complexity),Linear regression (p)
call4,rl,0.69923,0.13145798,0.10383999,0.69923,4.807355,0.7535065
all,rl,0.46709,0.16011086,0.09653999,0.46709,4.807355,0.554057
all,call4,0.35984,0.2546258,0.17243001,0.35984,4.807355,0.32436737
mit,rl,0.2838,0.24339294,0.027549997,0.2838,4.807355,0.20101507
mit,call4,0.22945,0.21505567,0.13422,0.22945,4.807355,0.11997638
mit,all,0.22417,0.22392577,0.021509998,0.22417,4.807355,0.015627695
