X var,Y var,MIC (strength),MIC-p^2 (nonlinearity),MAS (non-monotonicity),MEV (functionality),MCN (complexity),Linear regression (p)
all,rl,0.41967,0.0740014,0.04127997,0.41967,5.2479277,0.58793586
mit,rl,0.27701,0.19642305,0.058419988,0.27701,5.2479277,-0.2838784
mit,all,0.20927,0.16849923,0.040750004,0.20927,5.2479277,-0.20191772
mit,call4,0.17395,0.1423039,0.08021,0.17395,5.2479277,-0.1778935
call4,rl,0.17308,0.15408728,0.10414,0.17308,5.2479277,0.13781407
all,call4,0.17121,0.16229065,0.10868,0.17121,5.2479277,0.09444232
