X var,Y var,MIC (strength),MIC-p^2 (nonlinearity),MAS (non-monotonicity),MEV (functionality),MCN (complexity),Linear regression (p)
all,rl,0.4889,-0.06271112,0.023059994,0.4889,4.9068904,0.7427053
mit,rl,0.37888,0.27861482,0.019169986,0.37888,4.9068904,-0.31664678
mit,all,0.33449,0.33305344,0.15005,0.33449,4.9068904,-0.03790195
mit,call4,0.31393,0.31179646,0.036929995,0.31393,4.9068904,0.046190314
call4,rl,0.31008,0.3092043,0.099510014,0.31008,4.9068904,0.02959215
all,call4,0.23735,0.23340097,0.07466,0.23735,4.9068904,-0.06284136
