X var,Y var,MIC (strength),MIC-p^2 (nonlinearity),MAS (non-monotonicity),MEV (functionality),MCN (complexity),Linear regression (p)
all,rl,0.38211,-0.05343613,0.034130007,0.38211,5.087463,0.6599592
mit,rl,0.21062,0.07118577,0.034360006,0.21062,5.087463,-0.37340894
mit,all,0.17726,0.17574625,0.037090003,0.17726,5.087463,-0.03890691
all,call4,0.15256,0.1438093,0.103429995,0.15256,5.087463,0.09354511
mit,call4,0.13718,0.1276275,0.06799,0.13718,5.087463,-0.09773688
call4,rl,0.1233,0.09460152,0.068100005,0.1233,5.087463,0.16940627
