X var,Y var,MIC (strength),MIC-p^2 (nonlinearity),MAS (non-monotonicity),MEV (functionality),MCN (complexity),Linear regression (p)
all,rl,0.46774,-0.056431234,0.03318,0.46774,4.9068904,0.7239967
mit,rl,0.31902,0.24965784,0.08939001,0.31902,4.9068904,-0.26336697
mit,call4,0.25415,0.24142398,0.13321,0.25415,4.9068904,-0.112809695
mit,all,0.25136,0.23509516,0.045369998,0.25136,4.9068904,-0.1275337
call4,rl,0.23113,0.22527768,0.10953,0.23113,4.9068904,0.07650046
all,call4,0.18721,0.18720251,0.109019995,0.18721,4.9068904,0.0027361778
