X var,Y var,MIC (strength),MIC-p^2 (nonlinearity),MAS (non-monotonicity),MEV (functionality),MCN (complexity),Linear regression (p)
all,rl,0.53941,-0.049263418,0.027879983,0.53941,4.807355,0.76725054
mit,rl,0.2502,0.227182,0.07978,0.2502,4.807355,-0.15171683
mit,all,0.21241,0.20597751,0.038680002,0.21241,4.807355,-0.08020277
all,call4,0.1647,0.105573595,0.10302,0.1647,4.807355,0.24315922
call4,rl,0.1565,-0.009943917,0.08471999,0.1565,4.807355,0.40797538
mit,call4,0.13976,0.13910015,0.10834,0.13976,4.807355,0.025687685
