X var,Y var,MIC (strength),MIC-p^2 (nonlinearity),MAS (non-monotonicity),MEV (functionality),MCN (complexity),Linear regression (p)
all,rl,0.3692,0.05065888,0.043449998,0.3692,4.9068904,0.5643945
call4,rl,0.3001,0.28759304,0.15421,0.3001,4.9068904,0.111834496
all,call4,0.28891,0.28749412,0.14824,0.28891,4.9068904,-0.037627976
mit,all,0.1988,0.1903291,0.02127,0.1988,4.9068904,-0.09203743
mit,call4,0.19183,0.18699726,0.05573,0.19183,4.9068904,-0.069517866
mit,rl,0.18517,0.17994,0.015619993,0.18517,4.9068904,0.07231866
