X var,Y var,MIC (strength),MIC-p^2 (nonlinearity),MAS (non-monotonicity),MEV (functionality),MCN (complexity),Linear regression (p)
all,rl,0.41421,0.02230379,0.06566,0.41421,5.087463,0.6260241
mit,rl,0.22301,0.09942693,0.009880006,0.22301,5.087463,-0.35154384
all,call4,0.21193,0.20101589,0.14970002,0.21193,5.087463,0.104470655
mit,all,0.16905,0.16746977,0.029949993,0.16905,5.087463,-0.039752115
call4,rl,0.16255,0.15872751,0.10267,0.16255,5.087463,0.06182625
mit,call4,0.16051,0.15776043,0.09334,0.16051,5.087463,-0.052436344
