X var,Y var,MIC (strength),MIC-p^2 (nonlinearity),MAS (non-monotonicity),MEV (functionality),MCN (complexity),Linear regression (p)
mit,rl,0.39455,-0.10815582,0.04512,0.39455,5.2479277,-0.7090175
all,rl,0.39284,0.038832337,0.03187999,0.39284,5.2479277,0.5949854
call4,rl,0.19515,0.15280217,0.07648,0.19515,5.2479277,0.20578589
mit,all,0.19451,0.13162254,0.0102099925,0.19451,5.2479277,-0.25077373
all,call4,0.17371,0.1551179,0.09144001,0.17371,5.2479277,-0.13635287
mit,call4,0.14832,0.10500182,0.032850005,0.14832,5.2479277,-0.2081302
