X var,Y var,MIC (strength),MIC-p^2 (nonlinearity),MAS (non-monotonicity),MEV (functionality),MCN (complexity),Linear regression (p)
all,rl,0.46827,0.037476063,0.024419993,0.46143,5.321928,0.65634894
mit,rl,0.36671,0.20002417,0.040260002,0.35867,5.321928,-0.40827176
mit,all,0.28043,0.20798056,0.049469993,0.27218,5.321928,-0.26916432
call4,rl,0.25641,0.24929726,0.09705,0.25074,5.321928,0.08433711
all,call4,0.25403,0.24763528,0.10047,0.24892,5.321928,-0.07996693
mit,call4,0.18711,0.17862184,0.04336,0.18116,5.321928,-0.09213121
