X var,Y var,MIC (strength),MIC-p^2 (nonlinearity),MAS (non-monotonicity),MEV (functionality),MCN (complexity),Linear regression (p)
call4,rl,0.71832,0.0981738,0.12058002,0.71832,4.807355,0.78749365
all,rl,0.63058,0.18465206,0.051310003,0.63058,4.807355,0.6677784
all,call4,0.49068,0.27769667,0.22075,0.49068,4.807355,0.46150118
mit,rl,0.26544,0.2522456,0.05558999,0.26544,4.807355,0.114866845
mit,all,0.20317,0.20145464,0.05031,0.20317,4.807355,0.04141687
mit,call4,0.20208,0.20190741,0.07757,0.20208,4.807355,0.013137168
