X var,Y var,MIC (strength),MIC-p^2 (nonlinearity),MAS (non-monotonicity),MEV (functionality),MCN (complexity),Linear regression (p)
all,rl,0.48575,0.15811509,0.06426999,0.4781,5.0,0.572394
mit,rl,0.31181,0.23759592,0.032629997,0.30138,5.0,-0.27242258
mit,all,0.26642,0.24320775,0.059880003,0.25695,5.0,-0.15235569
all,call4,0.17809,0.15795043,0.11676,0.17272,5.0,0.141914
mit,call4,0.14052,0.14046495,0.13189,0.13265,5.0,-0.0074201194
call4,rl,0.1288,0.11168912,0.10817,0.12374,5.0,0.13080858
