X var,Y var,MIC (strength),MIC-p^2 (nonlinearity),MAS (non-monotonicity),MEV (functionality),MCN (complexity),Linear regression (p)
all,rl,0.40569,-0.11812967,0.014430016,0.39795,5.087463,0.72375387
all,call4,0.22162,0.11861086,0.13099998,0.21331,5.087463,0.32095036
mit,rl,0.20726,0.13738918,0.020390004,0.19978,5.087463,-0.2643309
mit,call4,0.2055,0.20346326,0.142,0.19699,5.087463,-0.045130312
mit,all,0.18856,0.17103153,0.030759998,0.1808,5.087463,-0.13239509
call4,rl,0.14343,0.051620267,0.040749997,0.1373,5.087463,0.3030012
