X var,Y var,MIC (strength),MIC-p^2 (nonlinearity),MAS (non-monotonicity),MEV (functionality),MCN (complexity),Linear regression (p)
all,rl,0.49069,-0.05595082,0.03817001,0.49069,5.087463,0.73935163
mit,rl,0.2778,0.0886095,0.061780006,0.2778,4.5849624,-0.43496034
mit,all,0.25364,0.11933425,0.034380004,0.25364,5.087463,-0.3664775
mit,call4,0.2453,0.1243834,0.10108,0.2453,5.087463,-0.34773064
call4,rl,0.23255,0.055192083,0.08613999,0.23255,5.087463,0.42113882
all,call4,0.19306,0.13606934,0.09695999,0.19306,5.087463,0.23872715
