X var,Y var,MIC (strength),MIC-p^2 (nonlinearity),MAS (non-monotonicity),MEV (functionality),MCN (complexity),Linear regression (p)
all,rl,0.32167,0.1688428,0.040680006,0.32167,4.9068904,0.3909312
mit,rl,0.21698,0.21439448,0.025279999,0.21698,4.9068904,-0.050848026
call4,rl,0.20713,0.011013612,0.058750004,0.20713,4.9068904,0.4428503
all,call4,0.20111,0.18812282,0.111590005,0.20111,4.9068904,0.11396131
mit,all,0.18663,0.18530458,0.016490001,0.18663,4.9068904,-0.0364062
mit,call4,0.17318,0.17164825,0.030330002,0.17318,4.9068904,-0.039137598
