X var,Y var,MIC (strength),MIC-p^2 (nonlinearity),MAS (non-monotonicity),MEV (functionality),MCN (complexity),Linear regression (p)
all,rl,0.61979,0.05098176,0.1223,0.61979,4.70044,0.7541938
call4,rl,0.55107,-0.022898018,0.06454998,0.55107,3.807355,0.75760674
all,call4,0.41665,0.08683911,0.03413999,0.41665,4.70044,0.57429165
mit,all,0.27134,0.2519872,0.06908001,0.27134,4.70044,-0.1391144
mit,rl,0.24426,0.2230786,0.020809993,0.24426,4.70044,-0.14553832
mit,call4,0.22069,0.21050587,0.048569992,0.22069,4.70044,-0.10091642
