X var,Y var,MIC (strength),MIC-p^2 (nonlinearity),MAS (non-monotonicity),MEV (functionality),MCN (complexity),Linear regression (p)
call4,rl,0.48519,-0.043040544,0.10437998,0.47891,5.087463,0.7267947
mit,call4,0.44627,-0.04647973,0.10060999,0.44253,5.087463,-0.70196134
mit,rl,0.39651,0.071151316,0.04819998,0.38704,5.087463,-0.5704022
all,rl,0.36706,0.051209003,0.024890006,0.35855,5.087463,0.56200624
mit,all,0.20106,0.19048837,0.034199998,0.19275,5.087463,-0.10281844
all,call4,0.19889,0.10572343,0.048079997,0.19115,5.087463,0.305232
