X var,Y var,MIC (strength),MIC-p^2 (nonlinearity),MAS (non-monotonicity),MEV (functionality),MCN (complexity),Linear regression (p)
all,rl,0.30714,0.07767603,0.015740007,0.30714,5.087463,0.47902396
mit,rl,0.25885,0.22174674,0.047040015,0.25885,5.087463,-0.19262208
mit,all,0.20667,0.16612145,0.026829995,0.20667,5.087463,-0.20136672
all,call4,0.18144,0.17519736,0.14220999,0.18144,5.087463,0.07901037
call4,rl,0.16498,0.154645,0.13868,0.16498,5.087463,0.10166116
mit,call4,0.16248,0.15464233,0.12983,0.16248,5.087463,-0.08853061
