X var,Y var,MIC (strength),MIC-p^2 (nonlinearity),MAS (non-monotonicity),MEV (functionality),MCN (complexity),Linear regression (p)
all,rl,0.3748,0.071022004,0.041419983,0.3748,4.9068904,0.5511606
mit,rl,0.31739,0.22262116,0.04839,0.31739,4.9068904,0.30784547
mit,call4,0.26442,0.24480905,0.12412,0.26442,4.9068904,0.14003912
all,call4,0.26018,0.26010323,0.12963,0.26018,4.9068904,0.0087627
call4,rl,0.24305,0.1868614,0.07419999,0.24305,4.9068904,0.23704135
mit,all,0.2301,0.2282172,0.049009994,0.2301,4.9068904,-0.04339128
