X var,Y var,MIC (strength),MIC-p^2 (nonlinearity),MAS (non-monotonicity),MEV (functionality),MCN (complexity),Linear regression (p)
all,rl,0.47997,-0.13669148,0.044050008,0.47997,5.087463,0.78527796
mit,rl,0.34295,0.036548555,0.08069,0.34295,5.087463,-0.5535354
mit,all,0.30968,0.08559424,0.03854002,0.30968,5.087463,-0.473377
mit,call4,0.24202,0.10481712,0.09176999,0.24202,5.087463,-0.37040907
all,call4,0.2106,0.12978554,0.123660006,0.2106,5.087463,0.28427887
call4,rl,0.20489,-0.028401494,0.045179993,0.20489,5.087463,0.48300257
