X var,Y var,MIC (strength),MIC-p^2 (nonlinearity),MAS (non-monotonicity),MEV (functionality),MCN (complexity),Linear regression (p)
all,rl,0.56681,0.13705897,0.08674002,0.56681,4.9068904,0.655554
mit,rl,0.25479,0.25422075,0.054250002,0.25479,4.9068904,-0.02385908
mit,all,0.25474,0.23598087,0.051999986,0.25474,4.9068904,0.13696401
call4,rl,0.22923,0.1933413,0.14588,0.22923,4.9068904,0.18944314
mit,call4,0.21107,0.19697276,0.11652,0.21107,4.9068904,-0.11873184
all,call4,0.20153,0.20119303,0.108569995,0.20153,4.9068904,0.01835656
