X var,Y var,MIC (strength),MIC-p^2 (nonlinearity),MAS (non-monotonicity),MEV (functionality),MCN (complexity),Linear regression (p)
all,rl,0.3327,-0.027482629,0.06846002,0.3327,5.087463,0.6001522
mit,rl,0.19083,0.12361579,0.018010005,0.19083,5.087463,-0.25925705
mit,call4,0.16978,0.16977088,0.1503,0.16978,5.087463,0.0030186658
all,call4,0.16853,0.16685578,0.14943,0.16853,5.087463,0.04091717
mit,all,0.16518,0.16238561,0.011069998,0.16518,5.087463,-0.052861955
call4,rl,0.12824,0.12823032,0.10525,0.12824,5.087463,0.0031131527
