X var,Y var,MIC (strength),MIC-p^2 (nonlinearity),MAS (non-monotonicity),MEV (functionality),MCN (complexity),Linear regression (p)
all,rl,0.60898,0.5760678,0.041079998,0.60898,4.70044,-0.18141721
call4,rl,0.52683,-0.13403308,0.046090007,0.52683,4.4594316,0.8129349
all,call4,0.47575,0.36321777,0.09652999,0.47575,4.70044,-0.33545825
mit,rl,0.2911,-0.10548553,0.053859994,0.2911,4.70044,0.6297504
mit,call4,0.27685,-0.03934017,0.051469997,0.27685,4.70044,0.5623079
mit,all,0.23563,0.22059993,0.064179994,0.23563,4.70044,-0.12259717
