X var,Y var,MIC (strength),MIC-p^2 (nonlinearity),MAS (non-monotonicity),MEV (functionality),MCN (complexity),Linear regression (p)
call4,rl,0.61593,0.015840352,0.14903998,0.61593,4.9068904,0.77465457
mit,call4,0.58077,0.22591192,0.11442,0.57542,5.087463,-0.59569967
all,rl,0.55871,0.041574836,0.031100005,0.54876,5.087463,0.7191211
mit,rl,0.5453,0.18243548,0.068969995,0.53482,5.087463,-0.60238236
all,call4,0.42303,0.050608635,0.09630999,0.42303,4.70044,0.61026335
mit,all,0.36746,0.18306588,0.07550001,0.35828,5.087463,-0.42941138
