X var,Y var,MIC (strength),MIC-p^2 (nonlinearity),MAS (non-monotonicity),MEV (functionality),MCN (complexity),Linear regression (p)
all,rl,0.37791,-0.039256424,0.028919995,0.37791,5.087463,0.6458842
mit,rl,0.22591,0.07266717,0.031489998,0.22591,5.087463,-0.39146242
mit,call4,0.20845,0.19036897,0.09728,0.20845,5.087463,-0.13446575
call4,rl,0.19385,0.11341231,0.09424999,0.19385,5.087463,0.28361538
mit,all,0.18505,0.15319896,0.029080003,0.18505,5.087463,-0.17846859
all,call4,0.15866,0.1333727,0.097969994,0.15866,5.087463,0.15901983
