X var,Y var,MIC (strength),MIC-p^2 (nonlinearity),MAS (non-monotonicity),MEV (functionality),MCN (complexity),Linear regression (p)
all,rl,0.25779,-0.18910864,0.025309995,0.24776,5.087463,0.6685048
mit,all,0.20956,0.20453806,0.02273,0.19942,5.087463,0.07086572
mit,rl,0.20095,0.20094469,0.022009999,0.1904,5.087463,-0.0023047528
all,call4,0.15392,-0.2495602,0.12553999,0.14709,5.087463,0.6352009
mit,call4,0.14743,0.14742376,0.13214001,0.13653,5.087463,-0.002497889
call4,rl,0.14147,-0.85109186,0.10389,0.136,5.087463,0.996274
