X var,Y var,MIC (strength),MIC-p^2 (nonlinearity),MAS (non-monotonicity),MEV (functionality),MCN (complexity),Linear regression (p)
all,rl,0.30033,0.08330479,0.021170005,0.29115,5.0,0.46585965
mit,rl,0.24182,0.1897775,0.022389993,0.23201,5.0,-0.22812825
mit,call4,0.19384,0.19092461,0.15089,0.18217,5.0,0.053994298
call4,rl,0.19197,0.18883272,0.12837,0.18123,5.0,0.05601149
mit,all,0.19164,0.19007438,0.042500004,0.18055,5.0,0.039567914
all,call4,0.18604,0.18348144,0.12755,0.17625,5.0,0.050582144
