X var,Y var,MIC (strength),MIC-p^2 (nonlinearity),MAS (non-monotonicity),MEV (functionality),MCN (complexity),Linear regression (p)
all,rl,0.65823,0.14126545,0.031910002,0.64886,5.087463,0.7190025
mit,rl,0.50245,0.16653892,0.08315,0.49673,5.087463,-0.57957834
mit,call4,0.49434,0.18165776,0.09858,0.49434,5.0,-0.55917996
call4,rl,0.42713,0.026381075,0.103680015,0.42713,4.4594316,0.63304734
mit,all,0.39973,0.2059412,0.064720005,0.3922,5.087463,-0.44021448
all,call4,0.36055,0.010768563,0.054019988,0.36055,5.0,0.5914232
