X var,Y var,MIC (strength),MIC-p^2 (nonlinearity),MAS (non-monotonicity),MEV (functionality),MCN (complexity),Linear regression (p)
all,rl,0.3285,-0.15467736,0.08815001,0.31894,5.087463,0.6951096
mit,all,0.19865,0.18532565,0.014870003,0.19001,5.087463,0.11543115
all,call4,0.17757,-0.015074015,0.11057,0.17065,5.087463,0.4389123
mit,call4,0.16807,0.16793656,0.11869,0.15871,5.087463,0.011551683
mit,rl,0.16725,0.16566163,0.021729998,0.16036,5.087463,-0.039854467
call4,rl,0.1301,-0.5964919,0.05308,0.12532,5.087463,0.8524036
