X var,Y var,MIC (strength),MIC-p^2 (nonlinearity),MAS (non-monotonicity),MEV (functionality),MCN (complexity),Linear regression (p)
all,rl,0.49793,-0.102604926,0.035779983,0.48913,5.0,0.77494186
mit,rl,0.32491,0.17963535,0.05002001,0.31442,5.0,-0.38114914
mit,all,0.31767,0.29014406,0.09517999,0.30742,5.0,-0.16590938
all,call4,0.19223,0.18906222,0.14131,0.18811,5.0,-0.056282964
mit,call4,0.14104,0.13747373,0.12708999,0.13323,5.0,0.059718225
call4,rl,0.1127,0.108012885,0.0735,0.10914,5.0,-0.06846253
