X var,Y var,MIC (strength),MIC-p^2 (nonlinearity),MAS (non-monotonicity),MEV (functionality),MCN (complexity),Linear regression (p)
all,rl,0.41185,-0.061328292,0.05577001,0.41185,4.9068904,0.68787956
mit,all,0.27304,0.2716953,0.03233999,0.27304,4.9068904,0.036670197
mit,rl,0.19635,0.19499074,0.042340003,0.19635,4.9068904,0.03686802
mit,call4,0.1744,0.15660399,0.12505001,0.1744,4.9068904,-0.13340169
all,call4,0.13017,0.12842397,0.10121,0.13017,4.9068904,-0.04178552
call4,rl,0.12178,0.121327326,0.1036,0.12178,4.9068904,0.021276172
