X var,Y var,MIC (strength),MIC-p^2 (nonlinearity),MAS (non-monotonicity),MEV (functionality),MCN (complexity),Linear regression (p)
all,rl,0.52272,-0.15656942,0.028890014,0.5146,5.0,0.82419014
mit,rl,0.46881,0.19011587,0.070030004,0.45833,5.0,-0.5279149
mit,all,0.31722,0.2517243,0.06433,0.30633,5.0,-0.2559213
mit,call4,0.2433,0.23366013,0.1754,0.23383,5.0,-0.09818285
call4,rl,0.1903,0.18214785,0.12962,0.17992,5.0,0.09028929
all,call4,0.17905,0.17619012,0.09834,0.17063,5.0,0.05347774
