X var,Y var,MIC (strength),MIC-p^2 (nonlinearity),MAS (non-monotonicity),MEV (functionality),MCN (complexity),Linear regression (p)
all,call4,0.24216,0.24201877,0.17254001,0.24216,5.087463,0.011884034
all,rl,0.21479,0.076535255,0.009150006,0.21479,5.087463,0.37182623
mit,rl,0.20561,0.19775611,0.042720005,0.20561,5.087463,-0.08862224
mit,all,0.20325,0.20305099,0.009819999,0.20325,5.087463,-0.014107486
mit,call4,0.19612,0.19540475,0.091369994,0.19612,5.087463,-0.026743889
call4,rl,0.14419,0.14341608,0.060219996,0.14419,5.087463,-0.02781954
