X var,Y var,MIC (strength),MIC-p^2 (nonlinearity),MAS (non-monotonicity),MEV (functionality),MCN (complexity),Linear regression (p)
all,rl,0.38672,0.10943228,0.030749977,0.38672,5.087463,0.52658117
mit,rl,0.20002,0.17070177,0.034050003,0.20002,5.087463,-0.17122568
call4,rl,0.1983,-0.054461747,0.11212,0.1983,5.087463,0.50275415
mit,all,0.19622,0.19620529,0.02883999,0.19622,5.087463,-0.0038358462
all,call4,0.1678,-0.51625067,0.09853999,0.1678,5.087463,0.8270736
mit,call4,0.14992,0.14858754,0.08088,0.14992,5.087463,-0.03650295
