X var,Y var,MIC (strength),MIC-p^2 (nonlinearity),MAS (non-monotonicity),MEV (functionality),MCN (complexity),Linear regression (p)
all,rl,0.46605,-0.3381658,0.032710016,0.46605,4.807355,0.8967808
mit,rl,0.27319,0.27318466,0.02214998,0.27319,4.807355,0.0023108642
mit,all,0.21223,0.2094423,0.034239992,0.21223,4.807355,-0.052798565
mit,call4,0.2104,0.1660719,0.10668,0.2104,4.807355,0.21054238
all,call4,0.18163,-0.2258956,0.11759,0.18163,4.807355,0.6383773
call4,rl,0.13029,-0.52991927,0.05933,0.13029,4.807355,0.8125326
