X var,Y var,MIC (strength),MIC-p^2 (nonlinearity),MAS (non-monotonicity),MEV (functionality),MCN (complexity),Linear regression (p)
all,rl,0.61406,-0.231431,0.07752001,0.60624,5.321928,0.91950583
mit,rl,0.50993,0.5099159,0.12522,0.50344,5.321928,-0.003759572
mit,all,0.31634,0.31578764,0.04721999,0.31089,5.321928,-0.02350223
all,call4,0.27181,-0.06379679,0.14679,0.26354,5.321928,0.5793158
mit,call4,0.24216,0.24084581,0.13831002,0.23452,5.321928,-0.036251884
call4,rl,0.24172,-0.06363638,0.08520001,0.23546,5.321928,0.5525906
