X var,Y var,MIC (strength),MIC-p^2 (nonlinearity),MAS (non-monotonicity),MEV (functionality),MCN (complexity),Linear regression (p)
all,rl,0.54365,0.05122581,0.11376998,0.54365,4.9068904,0.7017294
mit,all,0.2294,0.22912948,0.037279993,0.2294,4.9068904,0.016447172
mit,call4,0.21509,0.161139,0.13003,0.21509,4.9068904,-0.23227358
mit,rl,0.209,0.20751815,0.053980008,0.209,4.9068904,-0.038494885
call4,rl,0.17442,0.1571486,0.09816,0.17442,4.9068904,0.1314207
all,call4,0.13998,0.13950133,0.07737,0.13998,4.9068904,-0.021878544
