X var,Y var,MIC (strength),MIC-p^2 (nonlinearity),MAS (non-monotonicity),MEV (functionality),MCN (complexity),Linear regression (p)
all,rl,0.32866,-0.30069727,0.035709992,0.32866,5.087463,0.7933204
all,call4,0.17211,-0.3763569,0.09441,0.17211,5.087463,0.7405855
call4,rl,0.1653,-0.33876044,0.06617,0.1653,5.087463,0.70997214
mit,all,0.15515,0.14622726,0.009549998,0.15515,5.087463,0.094460264
mit,call4,0.14955,0.14850213,0.08134001,0.14955,5.087463,-0.032371074
mit,rl,0.13267,0.12519021,0.0208,0.13267,5.087463,-0.08648574
