X var,Y var,MIC (strength),MIC-p^2 (nonlinearity),MAS (non-monotonicity),MEV (functionality),MCN (complexity),Linear regression (p)
all,rl,0.33431,0.02657497,0.028929979,0.33431,5.087463,0.5547387
mit,rl,0.2738,0.1201617,0.018910006,0.2738,5.087463,-0.3919672
mit,call4,0.2026,0.15698563,0.10975,0.2026,5.087463,-0.21357523
mit,all,0.18506,0.15213387,0.086500004,0.18506,5.087463,-0.18145558
all,call4,0.17728,0.12713072,0.13026999,0.17728,5.087463,0.22394033
call4,rl,0.16185,0.15340365,0.11495,0.16185,5.087463,0.09190402
