X var,Y var,MIC (strength),MIC-p^2 (nonlinearity),MAS (non-monotonicity),MEV (functionality),MCN (complexity),Linear regression (p)
mit,rl,0.39158,0.15943749,0.056389987,0.39158,5.087463,-0.48181167
all,rl,0.33805,0.18426847,0.112250015,0.33805,5.087463,0.3921499
mit,all,0.33621,0.21273783,0.031560004,0.33621,5.087463,-0.3513861
mit,call4,0.21967,0.16996594,0.12718,0.21967,5.087463,-0.22294407
call4,rl,0.19226,0.1827364,0.104839996,0.19226,5.087463,0.097588964
all,call4,0.17904,0.13084838,0.11442,0.17904,5.087463,0.21952592
