X var,Y var,MIC (strength),MIC-p^2 (nonlinearity),MAS (non-monotonicity),MEV (functionality),MCN (complexity),Linear regression (p)
all,rl,0.34114,-0.3556387,0.024049997,0.34114,5.087463,0.8347327
mit,all,0.18855,0.18609942,0.03847,0.18855,5.087463,-0.049503237
all,call4,0.18609,0.18347429,0.13985,0.18609,5.087463,0.051144116
mit,rl,0.17274,0.15794432,0.019099995,0.17274,5.087463,-0.121637486
mit,call4,0.16009,0.15971729,0.12633,0.16009,5.087463,0.019305745
call4,rl,0.15366,0.1534701,0.11295,0.15366,5.087463,0.013780697
