X var,Y var,MIC (strength),MIC-p^2 (nonlinearity),MAS (non-monotonicity),MEV (functionality),MCN (complexity),Linear regression (p)
all,rl,0.30284,-0.17598924,0.012189999,0.30284,5.087463,0.6919749
mit,all,0.18256,0.17879604,0.043280005,0.18256,5.087463,-0.061351113
mit,rl,0.16826,0.146925,0.04502999,0.16826,5.087463,-0.146065
mit,call4,0.11443,0.11264255,0.107370004,0.11443,4.70044,0.04227827
all,call4,0.1042,0.10415185,0.10062,0.1042,4.70044,-0.0069389613
call4,rl,0.06593,0.06592315,0.05511,0.06593,4.70044,0.0026179615
