X var,Y var,MIC (strength),MIC-p^2 (nonlinearity),MAS (non-monotonicity),MEV (functionality),MCN (complexity),Linear regression (p)
all,rl,0.47207,-0.25173256,0.05792001,0.47207,5.2479277,0.8507659
mit,rl,0.39135,-0.010783851,0.060930014,0.39135,4.4594316,-0.63414025
mit,all,0.2747,0.016816407,0.03229001,0.2747,5.2479277,-0.5078224
mit,call4,0.17846,0.12797025,0.057789996,0.17846,5.2479277,-0.22469924
all,call4,0.15019,0.1480188,0.06251,0.15019,5.2479277,0.046596065
call4,rl,0.13374,0.08620526,0.020559996,0.13374,5.2479277,0.21802461
