X var,Y var,MIC (strength),MIC-p^2 (nonlinearity),MAS (non-monotonicity),MEV (functionality),MCN (complexity),Linear regression (p)
all,rl,0.7146,0.593105,0.17870003,0.7146,4.70044,0.34856135
call4,rl,0.58416,0.114729255,0.07543996,0.58416,4.70044,0.68515015
all,call4,0.47088,0.42723048,0.07075,0.47088,4.5849624,0.20892471
mit,rl,0.32017,0.31926867,0.05723001,0.32017,4.70044,0.030021993
mit,all,0.31634,0.30221057,0.031120002,0.31634,4.70044,0.11886731
mit,call4,0.3002,0.3000947,0.034009993,0.3002,4.4594316,-0.010261184
