X var,Y var,MIC (strength),MIC-p^2 (nonlinearity),MAS (non-monotonicity),MEV (functionality),MCN (complexity),Linear regression (p)
all,rl,0.25109,0.020379797,0.023009986,0.25109,5.087463,0.48032302
mit,all,0.18742,0.15209676,0.015250001,0.18742,5.087463,-0.18794475
mit,rl,0.17899,0.11523014,0.045980006,0.17899,5.087463,-0.25250715
all,call4,0.15295,0.14986254,0.1424,0.15295,5.087463,0.05556487
mit,call4,0.15101,0.14774533,0.12922001,0.15101,5.087463,-0.057137404
call4,rl,0.09908,0.09725607,0.08747999,0.09908,5.087463,0.04270741
