X var,Y var,MIC (strength),MIC-p^2 (nonlinearity),MAS (non-monotonicity),MEV (functionality),MCN (complexity),Linear regression (p)
all,rl,0.38873,0.070558935,0.080549985,0.38003,5.321928,0.5640665
mit,rl,0.20336,0.16737282,0.036080003,0.19571,5.321928,-0.18970287
all,call4,0.17902,0.17566366,0.07246,0.1713,5.321928,-0.057933908
mit,all,0.17823,0.15823993,0.0127899945,0.17108,5.321928,-0.14138624
call4,rl,0.16685,0.16188951,0.0466,0.15967,5.321928,-0.070430756
mit,call4,0.15073,0.14812575,0.04215,0.1433,5.321928,-0.051031876
