X var,Y var,MIC (strength),MIC-p^2 (nonlinearity),MAS (non-monotonicity),MEV (functionality),MCN (complexity),Linear regression (p)
all,rl,0.27166,0.20001972,0.08952999,0.26244,5.087463,0.267657
mit,rl,0.26726,0.25133237,0.064909995,0.25902,5.087463,-0.12620461
mit,all,0.26401,0.16396943,0.027760014,0.24969,5.087463,0.31629193
mit,call4,0.24577,0.24448444,0.08080001,0.23533,5.087463,-0.03585479
all,call4,0.23568,0.18206853,0.078899994,0.22621,5.087463,-0.2315415
call4,rl,0.20491,0.20258476,0.13250999,0.19729,5.087463,-0.048220724
