X var,Y var,MIC (strength),MIC-p^2 (nonlinearity),MAS (non-monotonicity),MEV (functionality),MCN (complexity),Linear regression (p)
all,rl,0.53428,-0.3026268,0.041570008,0.53428,5.2479277,0.9148261
mit,rl,0.45735,0.10123342,0.06412998,0.45735,5.2479277,-0.596755
mit,all,0.32864,0.02880463,0.07682,0.32864,5.169925,-0.54757226
all,call4,0.19729,0.19516383,0.09342001,0.19729,5.2479277,0.046110466
mit,call4,0.18277,0.14040981,0.03226,0.18277,5.2479277,-0.2058159
call4,rl,0.16814,0.13681757,0.02917999,0.16814,5.2479277,0.17698142
