X var,Y var,MIC (strength),MIC-p^2 (nonlinearity),MAS (non-monotonicity),MEV (functionality),MCN (complexity),Linear regression (p)
all,rl,0.29343,0.13547222,0.033539996,0.29343,4.9068904,0.39743903
mit,all,0.22538,0.22099778,0.04764001,0.22538,4.9068904,-0.066198304
mit,call4,0.2165,0.20295967,0.060540006,0.2165,4.9068904,-0.11636292
mit,rl,0.20358,0.197034,0.027350008,0.20358,4.9068904,-0.080907345
all,call4,0.18485,0.1846575,0.050840005,0.18485,4.9068904,-0.013874606
call4,rl,0.16607,0.13833468,0.015450001,0.16607,4.9068904,0.16653925
