X var,Y var,MIC (strength),MIC-p^2 (nonlinearity),MAS (non-monotonicity),MEV (functionality),MCN (complexity),Linear regression (p)
all,rl,0.55965,0.54858756,0.15940002,0.55965,4.70044,0.105178215
call4,rl,0.5073,0.1632171,0.05978,0.5073,4.70044,0.5865858
all,call4,0.42417,0.35993356,0.113639995,0.42417,4.4594316,0.25344908
mit,all,0.2752,0.2295247,0.084319994,0.2752,4.70044,-0.21371782
mit,call4,0.22074,0.21928702,0.037250005,0.22074,4.70044,-0.03811804
mit,rl,0.20555,0.20552543,0.020450003,0.20555,4.70044,0.0049565593
