X var,Y var,MIC (strength),MIC-p^2 (nonlinearity),MAS (non-monotonicity),MEV (functionality),MCN (complexity),Linear regression (p)
all,rl,0.40605,0.060077876,0.053790003,0.40605,4.9068904,0.58819395
mit,call4,0.32508,0.30823818,0.1278,0.32508,4.9068904,-0.12977609
mit,rl,0.29694,0.26280832,0.05967,0.29694,4.9068904,-0.18474759
call4,rl,0.28842,0.24071434,0.092199996,0.28842,4.9068904,0.21841621
mit,all,0.221,0.20841327,0.02747,0.221,4.9068904,0.11219059
all,call4,0.18268,0.182592,0.05449,0.18268,4.9068904,0.009380325
