X var,Y var,MIC (strength),MIC-p^2 (nonlinearity),MAS (non-monotonicity),MEV (functionality),MCN (complexity),Linear regression (p)
all,rl,0.3402,-0.006860018,0.08954999,0.3402,5.087463,0.589118
mit,rl,0.31437,0.29974937,0.16042998,0.31437,5.087463,0.12091579
mit,all,0.2533,0.20052676,0.017409995,0.2533,5.087463,0.22972429
call4,rl,0.19688,0.11023513,0.100889996,0.19688,5.087463,0.294355
all,call4,0.19249,0.0978773,0.08849999,0.19249,5.087463,0.30759177
mit,call4,0.14227,0.121737435,0.08148,0.14227,5.087463,0.14329189
