X var,Y var,MIC (strength),MIC-p^2 (nonlinearity),MAS (non-monotonicity),MEV (functionality),MCN (complexity),Linear regression (p)
all,rl,0.60882,-0.074474454,0.09037,0.60882,3.807355,0.8266163
mit,rl,0.50919,0.36061966,0.034339994,0.50287,5.0,-0.38544825
mit,all,0.3665,0.2675411,0.061800003,0.35832,5.0,-0.3145773
call4,rl,0.20135,0.18039484,0.15907,0.19322,5.0,0.14475897
mit,call4,0.19743,0.18332453,0.16649,0.1894,5.0,-0.11876646
all,call4,0.15096,0.10775669,0.11039,0.14346,5.0,0.20785405
