X var,Y var,MIC (strength),MIC-p^2 (nonlinearity),MAS (non-monotonicity),MEV (functionality),MCN (complexity),Linear regression (p)
mit,rl,0.38061,0.17588118,0.06326002,0.37365,5.0,-0.45246968
all,rl,0.36851,0.08604914,0.027170002,0.36179,5.0,0.5314705
mit,all,0.22195,0.18876196,0.0335,0.21264,5.0,-0.18217582
mit,call4,0.18586,0.18582743,0.13705999,0.17702,5.0,0.0057063396
all,call4,0.17322,0.17162874,0.13402998,0.16354,5.0,0.039890435
call4,rl,0.15071,0.15066972,0.09882,0.14134,5.0,0.006346421
