X var,Y var,MIC (strength),MIC-p^2 (nonlinearity),MAS (non-monotonicity),MEV (functionality),MCN (complexity),Linear regression (p)
call4,rl,0.21612,0.1746175,0.10993,0.21612,5.087463,0.20372166
mit,call4,0.20631,0.17468996,0.10724001,0.20631,5.087463,-0.17782024
mit,all,0.20339,0.19162321,0.029430002,0.20339,5.087463,0.10847481
mit,rl,0.1861,0.17491105,0.034319997,0.1861,5.087463,-0.105777875
all,rl,0.17673,0.13074227,0.01614,0.17673,5.087463,0.21444753
all,call4,0.16878,0.16469271,0.08227,0.16878,5.087463,-0.06393185
