X var,Y var,MIC (strength),MIC-p^2 (nonlinearity),MAS (non-monotonicity),MEV (functionality),MCN (complexity),Linear regression (p)
all,rl,0.32461,-0.37696415,0.06876999,0.32461,4.807355,0.83760023
mit,rl,0.31247,0.28556326,0.066909984,0.31247,4.807355,-0.16403268
mit,call4,0.19449,0.17836042,0.0999,0.19449,4.807355,0.12700228
mit,all,0.18071,0.17821556,0.00783,0.18071,4.807355,-0.049944367
call4,rl,0.16726,-0.07987566,0.06452001,0.16726,4.807355,0.4971274
all,call4,0.14331,-0.14575048,0.049999997,0.14331,4.807355,0.53764343
