X var,Y var,MIC (strength),MIC-p^2 (nonlinearity),MAS (non-monotonicity),MEV (functionality),MCN (complexity),Linear regression (p)
all,rl,0.41876,-0.25643837,0.03318,0.40797,5.087463,0.82170457
mit,all,0.26639,0.24787994,0.040319994,0.25543,5.087463,-0.13605167
mit,rl,0.24473,0.20801675,0.039989993,0.23701,5.087463,-0.19160701
mit,call4,0.16252,0.16251796,0.12501001,0.15548,5.087463,0.001429198
all,call4,0.12991,0.083124615,0.103130005,0.12397,5.087463,0.21629931
call4,rl,0.11676,0.0047336444,0.094,0.11078,5.087463,0.3347034
