X var,Y var,MIC (strength),MIC-p^2 (nonlinearity),MAS (non-monotonicity),MEV (functionality),MCN (complexity),Linear regression (p)
all,rl,0.29683,-0.028014421,0.020590007,0.2896,5.321928,0.56995124
mit,rl,0.23272,0.17914918,0.087400004,0.22518,5.321928,-0.23145373
call4,rl,0.21367,0.21078028,0.050239995,0.20698,5.321928,0.05375619
mit,call4,0.16879,0.16796237,0.010880001,0.16102,5.321928,-0.02876836
all,call4,0.16594,0.14796793,0.019319996,0.15917,5.321928,-0.13405997
mit,all,0.16218,0.13415754,0.00942,0.15489,5.321928,-0.16739914
