X var,Y var,MIC (strength),MIC-p^2 (nonlinearity),MAS (non-monotonicity),MEV (functionality),MCN (complexity),Linear regression (p)
all,rl,0.43928,-0.010034651,0.04148999,0.43928,4.9068904,0.67030936
mit,all,0.3482,0.34806043,0.17972,0.3482,4.9068904,0.011814058
mit,rl,0.2943,0.2793715,0.060379997,0.2943,4.9068904,-0.12218222
mit,call4,0.2424,0.21069656,0.11498001,0.2424,4.9068904,-0.1780546
call4,rl,0.22935,0.22821562,0.14682001,0.22935,4.9068904,-0.033680536
all,call4,0.20983,0.20104983,0.1122,0.20983,4.9068904,-0.09370251
