X var,Y var,MIC (strength),MIC-p^2 (nonlinearity),MAS (non-monotonicity),MEV (functionality),MCN (complexity),Linear regression (p)
mit,rl,0.26216,0.19719411,0.047920004,0.2505,5.087463,-0.25488406
mit,all,0.23926,0.16066109,0.032649994,0.23106,5.087463,0.28035498
all,rl,0.19662,0.16347386,0.0225,0.18727,5.087463,0.18206081
mit,call4,0.1589,0.11341192,0.08590999,0.1497,5.087463,-0.21327934
all,call4,0.15756,0.10272904,0.090900004,0.14824,5.087463,-0.23416014
call4,rl,0.14198,0.10663575,0.09607001,0.13468,5.087463,0.18800068
