X var,Y var,MIC (strength),MIC-p^2 (nonlinearity),MAS (non-monotonicity),MEV (functionality),MCN (complexity),Linear regression (p)
call4,rl,0.54024,0.06360051,0.08671999,0.54024,5.0,0.6903908
mit,call4,0.4173,-0.033142626,0.087060004,0.4173,5.0,-0.6711502
all,rl,0.35326,-0.089116454,0.04225999,0.34447,5.087463,0.66511387
mit,rl,0.34879,0.118471414,0.051689997,0.33975,5.087463,-0.47991517
all,call4,0.22958,0.04748392,0.036180004,0.21976,5.087463,0.42672718
mit,all,0.19898,0.16257662,0.0277,0.19027,5.087463,-0.1907967
