X var,Y var,MIC (strength),MIC-p^2 (nonlinearity),MAS (non-monotonicity),MEV (functionality),MCN (complexity),Linear regression (p)
all,rl,0.37638,0.17994769,0.041669995,0.37638,5.087463,0.44320685
mit,rl,0.2303,0.15896356,0.07278,0.2303,5.087463,-0.2670888
mit,all,0.19686,0.19589281,0.019569993,0.19686,5.087463,-0.031099733
mit,call4,0.15397,0.1463049,0.1313,0.15397,5.087463,-0.08755058
all,call4,0.1445,0.14281982,0.12718001,0.1445,5.087463,0.040989913
call4,rl,0.0938,0.051608365,0.07253,0.0938,5.087463,0.20540603
