X var,Y var,MIC (strength),MIC-p^2 (nonlinearity),MAS (non-monotonicity),MEV (functionality),MCN (complexity),Linear regression (p)
all,rl,0.41216,-0.5507574,0.06533998,0.41216,4.807355,0.98128355
mit,rl,0.32308,0.18309973,0.052359983,0.32308,4.807355,0.37413937
mit,all,0.24086,0.13862559,0.049370006,0.24086,4.807355,0.31974116
mit,call4,0.22341,0.06314385,0.15046,0.22341,4.807355,0.40033254
call4,rl,0.17655,-0.81312394,0.09693,0.17655,4.807355,0.9948236
all,call4,0.16756,-0.76619714,0.100279994,0.16756,4.807355,0.9663111
