X var,Y var,MIC (strength),MIC-p^2 (nonlinearity),MAS (non-monotonicity),MEV (functionality),MCN (complexity),Linear regression (p)
all,rl,0.4594,-0.46304804,0.060070008,0.4594,4.807355,0.9604416
mit,rl,0.30509,0.22480556,0.030909993,0.30509,4.807355,0.2833451
mit,all,0.2315,0.16615555,0.039230004,0.2315,4.807355,0.2556256
mit,call4,0.1807,0.022452936,0.11934,0.1807,4.807355,0.3978028
all,call4,0.17538,-0.6162303,0.123940006,0.17538,4.807355,0.88972485
call4,rl,0.15599,-0.70018953,0.09605001,0.15599,4.807355,0.9252997
