X var,Y var,MIC (strength),MIC-p^2 (nonlinearity),MAS (non-monotonicity),MEV (functionality),MCN (complexity),Linear regression (p)
all,rl,0.46089,0.453875,0.10611001,0.46089,4.70044,-0.08375559
call4,rl,0.43949,0.39067334,0.032469988,0.43949,4.70044,0.22094493
all,call4,0.35211,0.3470315,0.072730005,0.35211,4.70044,-0.07126346
mit,all,0.23893,0.20569809,0.04782,0.23893,4.70044,-0.18229622
mit,rl,0.19009,0.14007509,0.016399994,0.19009,4.70044,0.22364016
mit,call4,0.18288,0.18027551,0.029970001,0.18288,4.70044,0.051034216
