X var,Y var,MIC (strength),MIC-p^2 (nonlinearity),MAS (non-monotonicity),MEV (functionality),MCN (complexity),Linear regression (p)
all,rl,0.47209,-0.08279663,0.05463001,0.46257,5.087463,0.74490714
mit,all,0.24399,0.24310297,0.0501,0.23303,5.087463,0.029783089
all,call4,0.2391,0.20397753,0.10485999,0.23146,5.087463,0.1874099
mit,call4,0.21725,0.216166,0.14967,0.20902,5.087463,-0.03292414
mit,rl,0.20998,0.178695,0.049700007,0.20431,5.087463,-0.17687565
call4,rl,0.17877,0.12500393,0.07359,0.1731,5.087463,0.2318751
