X var,Y var,MIC (strength),MIC-p^2 (nonlinearity),MAS (non-monotonicity),MEV (functionality),MCN (complexity),Linear regression (p)
all,rl,0.28007,-0.09133044,0.051369995,0.27112,5.087463,0.6094263
mit,all,0.26589,0.19572231,0.09365,0.25716,5.087463,0.26489186
call4,rl,0.19255,-0.20756054,0.097710006,0.1831,5.087463,0.6325429
all,call4,0.19111,0.13280052,0.09964,0.18187,5.087463,0.24147357
mit,rl,0.18676,0.18405992,0.015220001,0.17671,5.087463,-0.05196232
mit,call4,0.15491,0.15018089,0.06497,0.14644,5.087463,-0.06876848
