X var,Y var,MIC (strength),MIC-p^2 (nonlinearity),MAS (non-monotonicity),MEV (functionality),MCN (complexity),Linear regression (p)
all,rl,0.62521,0.6229547,0.06615996,0.60809,4.7548876,-0.047489703
call4,rl,0.52553,0.15547088,0.09081,0.52553,4.70044,0.6083248
all,call4,0.46148,0.423857,0.09458001,0.46148,4.70044,-0.19396643
mit,all,0.25154,0.17483525,0.03581001,0.25154,4.70044,-0.27695623
mit,call4,0.24088,0.24088,0.059079997,0.24088,4.70044,1.988366E-5
mit,rl,0.24026,0.23561227,0.031809993,0.24026,4.70044,0.06817431
