X var,Y var,MIC (strength),MIC-p^2 (nonlinearity),MAS (non-monotonicity),MEV (functionality),MCN (complexity),Linear regression (p)
all,rl,0.36676,-0.27561143,0.057369992,0.36676,5.087463,0.80148077
mit,rl,0.20084,0.17214625,0.035850003,0.20084,5.087463,-0.16939229
mit,all,0.18619,0.18200916,0.02945,0.18619,5.087463,-0.06465932
mit,call4,0.16184,0.15790245,0.13475001,0.16184,5.087463,-0.062749974
call4,rl,0.16036,0.12770462,0.12933,0.16036,5.087463,0.18070799
all,call4,0.14489,0.14445199,0.11745,0.14489,5.087463,0.020928651
