X var,Y var,MIC (strength),MIC-p^2 (nonlinearity),MAS (non-monotonicity),MEV (functionality),MCN (complexity),Linear regression (p)
all,rl,0.33196,0.18937013,0.042620003,0.33196,5.2479277,0.37761074
mit,rl,0.30978,0.088263854,0.05156,0.30978,5.2479277,-0.47065502
mit,all,0.17229,0.16024514,0.018249996,0.17229,5.2479277,-0.10974907
mit,call4,0.12738,0.116614185,0.103259996,0.12738,5.2479277,-0.10375843
call4,rl,0.1266,0.119545855,0.104219995,0.1266,5.2479277,0.08398896
all,call4,0.1266,0.12633702,0.113019995,0.1266,5.2479277,0.016216608
