X var,Y var,MIC (strength),MIC-p^2 (nonlinearity),MAS (non-monotonicity),MEV (functionality),MCN (complexity),Linear regression (p)
mit,all,0.4925,0.060156405,0.07694,0.4925,5.087463,-0.6575284
all,rl,0.46627,-0.096351415,0.083220005,0.46627,3.807355,0.75008094
mit,rl,0.36924,0.07645786,0.105490014,0.36924,4.4594316,-0.54109347
call4,rl,0.21965,0.14672825,0.11803,0.21965,5.087463,0.27004027
mit,call4,0.21124,0.16150597,0.14791998,0.21124,5.087463,-0.22301126
all,call4,0.1896,0.15940435,0.12077001,0.1896,5.087463,0.17376897
