X var,Y var,MIC (strength),MIC-p^2 (nonlinearity),MAS (non-monotonicity),MEV (functionality),MCN (complexity),Linear regression (p)
all,rl,0.58778,0.5874636,0.16972,0.58778,4.70044,0.017787065
call4,rl,0.49226,0.007986248,0.030100018,0.49226,4.70044,0.6958978
all,call4,0.42502,0.42424053,0.0984,0.42502,4.70044,-0.027919259
mit,rl,0.27596,0.27234524,0.09295,0.27596,4.70044,0.06012277
mit,call4,0.2666,0.2665944,0.066070005,0.2666,4.70044,-0.0023690178
mit,all,0.23209,0.19467023,0.016559996,0.23209,4.70044,-0.19344191
