X var,Y var,MIC (strength),MIC-p^2 (nonlinearity),MAS (non-monotonicity),MEV (functionality),MCN (complexity),Linear regression (p)
all,rl,0.46531,-0.21561673,0.031809986,0.46531,5.2479277,0.82518286
mit,rl,0.38549,0.2108123,0.037860006,0.38549,5.2479277,-0.4179446
mit,all,0.25953,0.08201638,0.04164,0.25953,5.2479277,-0.42132366
mit,call4,0.16579,0.1364883,0.086890005,0.16579,5.2479277,-0.17117742
call4,rl,0.15307,0.14982058,0.0943,0.15307,5.2479277,0.057003684
all,call4,0.15295,0.15226237,0.07700001,0.15295,5.2479277,-0.02622257
