X var,Y var,MIC (strength),MIC-p^2 (nonlinearity),MAS (non-monotonicity),MEV (functionality),MCN (complexity),Linear regression (p)
all,rl,0.36963,0.007879198,0.019810006,0.36963,5.087463,0.60145724
mit,call4,0.19925,0.1600112,0.12738,0.19925,5.087463,-0.19808783
all,call4,0.17826,0.17825924,0.12532,0.17826,5.087463,8.713401E-4
mit,rl,0.17557,0.14013825,0.01957,0.17557,5.087463,-0.18823321
mit,all,0.16298,0.15074717,0.01602,0.16298,5.087463,-0.11060216
call4,rl,0.14477,0.14368431,0.08892,0.14477,5.087463,-0.032949667
