X var,Y var,MIC (strength),MIC-p^2 (nonlinearity),MAS (non-monotonicity),MEV (functionality),MCN (complexity),Linear regression (p)
mit,all,0.18955,0.18831043,0.029430002,0.18955,5.2479277,-0.03520749
all,rl,0.1813,0.173532,0.013049997,0.1813,5.2479277,0.08813626
mit,call4,0.18073,0.16352206,0.06047,0.18073,5.2479277,-0.131179
call4,rl,0.17259,0.08998762,0.037699997,0.17259,5.2479277,0.2874063
mit,rl,0.17112,0.1702002,0.022249997,0.17112,5.2479277,0.030328294
all,call4,0.165,0.15995544,0.04731001,0.165,5.2479277,-0.07102515
