X var,Y var,MIC (strength),MIC-p^2 (nonlinearity),MAS (non-monotonicity),MEV (functionality),MCN (complexity),Linear regression (p)
all,rl,0.32122,-8.0266595E-4,0.089770004,0.30855,4.4594316,0.56747043
mit,call4,0.26934,0.23149274,0.22299,0.25229,4.4594316,0.19454373
mit,rl,0.2318,0.21224858,0.06197001,0.21366,4.4594316,0.1398264
call4,rl,0.22654,0.03675641,0.11345,0.22471,4.4594316,0.4356416
mit,all,0.19722,0.19664922,0.028729998,0.1819,4.4594316,0.02389088
all,call4,0.1692,0.106664546,0.123840004,0.15984,4.4594316,0.2500709
