X var,Y var,MIC (strength),MIC-p^2 (nonlinearity),MAS (non-monotonicity),MEV (functionality),MCN (complexity),Linear regression (p)
mit,all,0.49828,0.20057008,0.039920002,0.49828,4.4594316,0.545628
mit,rl,0.32288,0.28574318,0.06891,0.32288,4.4594316,-0.19270918
all,rl,0.28821,0.19237405,0.04196,0.28821,4.169925,-0.30957383
mit,call4,0.08318,0.05607709,0.05973,0.08318,3.321928,-0.16462962
all,call4,0.04777,0.03770805,0.01396,0.04777,3.0,-0.10030927
call4,rl,0.04492,0.04151142,0.03861,0.04492,3.0,0.058383044
