X var,Y var,MIC (strength),MIC-p^2 (nonlinearity),MAS (non-monotonicity),MEV (functionality),MCN (complexity),Linear regression (p)
all,rl,0.33825,0.15827677,0.11995001,0.33825,4.321928,0.42423254
mit,call4,0.31635,0.22457266,0.14564002,0.31635,4.321928,-0.3029478
mit,rl,0.21466,0.19557565,0.14586,0.21466,4.321928,-0.13814609
mit,all,0.19605,0.19440837,0.052259997,0.19605,4.321928,0.040517125
all,call4,0.15455,0.15011784,0.11667,0.15455,4.321928,0.06657449
call4,rl,0.04368,0.04259125,0.01887,0.04214,4.3923173,0.032996196
