X var,Y var,MIC (strength),MIC-p^2 (nonlinearity),MAS (non-monotonicity),MEV (functionality),MCN (complexity),Linear regression (p)
all,rl,0.52852,0.0026609898,0.05179,0.51813,4.807355,0.7251614
mit,rl,0.38573,0.28179565,0.06621,0.37277,4.807355,-0.3223885
mit,all,0.26942,0.2423602,0.03509,0.25972,4.807355,-0.1644986
all,call4,0.21766,0.068208024,0.07569,0.20678,4.807355,0.38659018
mit,call4,0.21272,0.20951846,0.16851,0.2055,4.807355,0.05658219
call4,rl,0.18114,0.1280197,0.07458001,0.17122,4.807355,0.23047842
