X var,Y var,MIC (strength),MIC-p^2 (nonlinearity),MAS (non-monotonicity),MEV (functionality),MCN (complexity),Linear regression (p)
all,rl,0.3983,-0.16891456,0.053159982,0.38294,4.321928,0.75313646
mit,rl,0.2909,0.2712205,0.08815999,0.26746,4.321928,-0.14028363
mit,all,0.2681,0.25475985,0.027370006,0.25012,4.321928,-0.11549956
mit,call4,0.25405,0.22497979,0.092329994,0.23365,4.321928,-0.17049986
all,call4,0.23905,0.23902638,0.16152,0.22225,4.321928,-0.0048599895
call4,rl,0.22276,0.21784285,0.13089001,0.20728,4.321928,0.070122465
