X var,Y var,MIC (strength),MIC-p^2 (nonlinearity),MAS (non-monotonicity),MEV (functionality),MCN (complexity),Linear regression (p)
all,rl,0.47329,0.07248068,0.02835998,0.46147,4.807355,0.633095
all,call4,0.2574,0.22058725,0.12814,0.24759,4.807355,-0.1918665
call4,rl,0.23585,0.1641689,0.10157001,0.22597,4.807355,-0.2677333
mit,all,0.23039,0.15643409,0.018650003,0.21993,4.807355,-0.27194837
mit,call4,0.1961,0.18874943,0.14274,0.18419,4.807355,-0.08573545
mit,rl,0.18974,0.17949696,0.022080004,0.17791,4.807355,0.1012079
