X var,Y var,MIC (strength),MIC-p^2 (nonlinearity),MAS (non-monotonicity),MEV (functionality),MCN (complexity),Linear regression (p)
all,rl,0.35582,0.0036206841,0.054170012,0.34842,4.807355,0.59346384
call4,rl,0.26698,0.26310396,0.17820999,0.25285,4.807355,-0.062257886
mit,rl,0.26356,0.25056204,0.08727999,0.25055,4.807355,-0.11400857
mit,all,0.22092,0.21907754,0.028559998,0.20702,4.807355,-0.042923868
all,call4,0.20983,0.18734804,0.13358,0.20023,4.807355,-0.14993988
mit,call4,0.20725,0.1802363,0.12748,0.19317,4.807355,0.16435847
