X var,Y var,MIC (strength),MIC-p^2 (nonlinearity),MAS (non-monotonicity),MEV (functionality),MCN (complexity),Linear regression (p)
all,rl,0.49528,0.13632798,0.11528,0.49528,4.321928,0.59912604
call4,rl,0.34873,0.17002428,0.11388001,0.34607,4.3923173,0.422736
mit,all,0.31578,0.1841125,0.04515001,0.31578,4.321928,0.36286017
mit,rl,0.27816,0.27204943,0.07317001,0.27816,4.321928,0.07817028
mit,call4,0.21278,0.16334009,0.09345,0.21278,4.321928,-0.22235085
all,call4,0.20457,0.18507716,0.040090002,0.20457,4.321928,0.13961676
