X var,Y var,MIC (strength),MIC-p^2 (nonlinearity),MAS (non-monotonicity),MEV (functionality),MCN (complexity),Linear regression (p)
all,rl,0.49086,0.33589882,0.07394999,0.49086,4.4594316,-0.3936511
mit,all,0.32259,0.16863458,0.018399999,0.32259,4.4594316,0.39237154
mit,rl,0.21197,0.18985914,0.035390005,0.21197,4.4594316,-0.14869721
call4,rl,0.20992,0.20084871,0.1483,0.20992,4.4594316,0.09524336
mit,call4,0.20442,0.1552406,0.11757,0.20442,4.4594316,-0.22176431
all,call4,0.20176,0.17008603,0.113479994,0.20176,4.4594316,-0.17797181
