X var,Y var,MIC (strength),MIC-p^2 (nonlinearity),MAS (non-monotonicity),MEV (functionality),MCN (complexity),Linear regression (p)
all,rl,0.59826,-0.10411137,0.063219994,0.59826,4.169925,0.838076
mit,all,0.28816,0.22786309,0.09526999,0.27019,4.321928,-0.2455543
mit,call4,0.25189,0.20463854,0.09899001,0.22785,4.321928,-0.21737403
mit,rl,0.22743,0.20037226,0.034940004,0.20919,4.321928,-0.16449235
all,call4,0.21922,0.15245885,0.14640999,0.19481,4.321928,0.25838178
call4,rl,0.14307,0.122102134,0.085219994,0.13047,4.321928,0.14480284
