X var,Y var,MIC (strength),MIC-p^2 (nonlinearity),MAS (non-monotonicity),MEV (functionality),MCN (complexity),Linear regression (p)
all,rl,0.47791,-0.059041113,0.06008002,0.47791,4.169925,0.7327695
mit,rl,0.26945,0.25132814,0.06386,0.25462,4.321928,-0.13461751
mit,all,0.26804,0.26790172,0.036280006,0.25042,4.321928,0.011759464
mit,call4,0.24964,0.2496328,0.17239001,0.22951,4.321928,0.0026818456
call4,rl,0.18565,0.1849278,0.096420005,0.16741,4.321928,-0.026873725
all,call4,0.16943,0.16931911,0.094550006,0.15463,4.321928,0.010530598
