X var,Y var,MIC (strength),MIC-p^2 (nonlinearity),MAS (non-monotonicity),MEV (functionality),MCN (complexity),Linear regression (p)
all,rl,0.5215,-0.093669295,0.10593,0.5215,4.321928,0.78432727
mit,rl,0.36386,0.2415129,0.071830004,0.34733,4.4594316,-0.3497815
call4,rl,0.32101,-0.12089506,0.095259994,0.32101,4.0,0.6647594
mit,all,0.28043,0.12892132,0.06860998,0.25987,4.4594316,-0.38924116
all,call4,0.27933,0.01818502,0.06914002,0.27933,4.0,0.51102346
mit,call4,0.25948,0.19340363,0.10639,0.24491,4.4594316,-0.25705323
