X var,Y var,MIC (strength),MIC-p^2 (nonlinearity),MAS (non-monotonicity),MEV (functionality),MCN (complexity),Linear regression (p)
all,rl,0.55806,0.03764087,0.05206999,0.54175,4.807355,0.7214008
mit,all,0.35784,0.35734934,0.02565001,0.34158,4.807355,0.022150636
mit,rl,0.30261,0.28463334,0.13152,0.29094,4.807355,-0.13407716
call4,rl,0.28371,0.28115344,0.10877,0.27457,4.807355,0.050562482
mit,call4,0.27278,0.1534258,0.09408,0.26278,4.807355,-0.34547678
all,call4,0.23045,0.22131896,0.123900004,0.22126,4.807355,-0.095556535
