X var,Y var,MIC (strength),MIC-p^2 (nonlinearity),MAS (non-monotonicity),MEV (functionality),MCN (complexity),Linear regression (p)
all,rl,0.61986,0.13405377,0.11967999,0.61986,4.321928,0.696998
call4,rl,0.3059,0.27271956,0.19164,0.3059,4.321928,-0.182155
mit,all,0.22971,0.22598559,0.06025,0.22971,4.321928,-0.061027933
mit,rl,0.21838,0.21824914,0.019880012,0.21838,4.321928,-0.011439814
all,call4,0.19935,0.19070718,0.10866,0.19935,4.321928,-0.09296675
mit,call4,0.19776,0.16959032,0.08742,0.19776,4.321928,-0.16783825
