X var,Y var,MIC (strength),MIC-p^2 (nonlinearity),MAS (non-monotonicity),MEV (functionality),MCN (complexity),Linear regression (p)
all,rl,0.35607,-0.2539706,0.030970007,0.35607,4.321928,0.781051
mit,call4,0.28477,0.21598847,0.043390006,0.28477,4.321928,-0.26226234
mit,all,0.27622,0.18182173,0.088479996,0.27622,4.321928,-0.307243
mit,rl,0.24239,0.20697941,0.058650002,0.24239,4.321928,-0.18817703
all,call4,0.22577,0.22567074,0.10436,0.22577,4.321928,0.009963083
call4,rl,0.19031,0.18309942,0.04339,0.19031,4.321928,0.08491516
