X var,Y var,MIC (strength),MIC-p^2 (nonlinearity),MAS (non-monotonicity),MEV (functionality),MCN (complexity),Linear regression (p)
all,rl,0.65341,0.12893945,0.096460015,0.64442,4.807355,0.7242034
call4,rl,0.31807,0.29294816,0.089650005,0.30592,4.807355,0.15849872
mit,all,0.25091,0.23763923,0.011100009,0.24081,4.807355,0.11519889
mit,rl,0.24939,0.24757454,0.049590006,0.23573,4.807355,0.04260837
all,call4,0.24441,0.2443129,0.07542999,0.2291,4.807355,0.009853936
mit,call4,0.24385,0.24036771,0.08763999,0.23108,4.807355,-0.059010897
