X var,Y var,MIC (strength),MIC-p^2 (nonlinearity),MAS (non-monotonicity),MEV (functionality),MCN (complexity),Linear regression (p)
all,rl,0.55886,-0.087837756,0.075920016,0.54915,4.807355,0.8041752
mit,rl,0.26872,0.24911201,0.025130004,0.25793,4.807355,-0.1400285
mit,all,0.22725,0.21577983,0.040799998,0.21555,4.807355,0.10709888
call4,rl,0.22064,0.1953337,0.06899001,0.21285,4.807355,0.15907952
mit,call4,0.21391,0.07238193,0.04727,0.20325,4.807355,-0.37620217
all,call4,0.21116,0.20740095,0.10932001,0.19887,4.807355,0.06131116
