X var,Y var,MIC (strength),MIC-p^2 (nonlinearity),MAS (non-monotonicity),MEV (functionality),MCN (complexity),Linear regression (p)
all,rl,0.43487,-0.18446642,0.07855001,0.41773,4.807355,0.7869793
mit,rl,0.24018,0.19581977,0.026709996,0.22674,4.807355,-0.21061867
mit,call4,0.20377,0.14971307,0.051249996,0.19191,4.807355,-0.23250145
all,call4,0.20162,0.20137283,0.12426,0.18957,4.807355,0.015721329
call4,rl,0.19456,0.18086371,0.10988001,0.18626,4.807355,0.11703119
mit,all,0.18039,0.17403038,0.02091001,0.16833,4.807355,-0.079747215
