X var,Y var,MIC (strength),MIC-p^2 (nonlinearity),MAS (non-monotonicity),MEV (functionality),MCN (complexity),Linear regression (p)
all,rl,0.2839,-0.25264844,0.037240013,0.28255,4.807355,0.73249465
mit,call4,0.18933,-0.020208165,0.034320004,0.18006,4.807355,-0.4577534
mit,rl,0.1707,0.03340164,0.01597,0.16725,4.807355,-0.37053794
call4,rl,0.13824,-0.10607147,0.04033,0.13824,4.0,0.49427873
mit,all,0.10847,0.09481212,0.019289993,0.10657,4.807355,-0.11686693
all,call4,0.0998,0.070380464,0.029219996,0.09704,4.807355,0.17152123
