X var,Y var,MIC (strength),MIC-p^2 (nonlinearity),MAS (non-monotonicity),MEV (functionality),MCN (complexity),Linear regression (p)
all,rl,0.64685,0.16942972,0.12595999,0.6367,4.807355,0.69095606
mit,all,0.3021,0.29122624,0.07753001,0.2896,4.807355,0.10427735
mit,rl,0.25945,0.25939614,0.028810002,0.24863,4.807355,0.0073376503
mit,call4,0.25158,0.25144297,0.09149,0.24092,4.807355,-0.011706376
call4,rl,0.23371,0.21039855,0.06478001,0.22291,4.807355,0.15268086
all,call4,0.19738,0.18201375,0.03983,0.1889,4.807355,0.12396072
