X var,Y var,MIC (strength),MIC-p^2 (nonlinearity),MAS (non-monotonicity),MEV (functionality),MCN (complexity),Linear regression (p)
all,rl,0.3517,0.20656438,0.042850003,0.32782,4.0,0.3809667
mit,call4,0.29851,0.17834252,0.20411998,0.27385,4.0,-0.3466518
call4,rl,0.29545,0.29264396,0.23896,0.28195,4.0,0.052972157
mit,rl,0.26911,0.23951909,0.064909995,0.24266,4.0,-0.1720201
all,call4,0.2302,-0.03871727,0.1566,0.20123,4.0,0.51857233
mit,all,0.20497,0.1464572,0.04756,0.17669,4.0,-0.24189422
