X var,Y var,MIC (strength),MIC-p^2 (nonlinearity),MAS (non-monotonicity),MEV (functionality),MCN (complexity),Linear regression (p)
all,rl,0.44113,-0.111234814,0.049170017,0.44113,4.321928,0.7432125
mit,all,0.38196,0.31645626,0.12350002,0.38196,4.321928,-0.25593698
mit,rl,0.37697,0.28992143,0.1361,0.37697,4.321928,-0.29503992
all,call4,0.34287,0.31508937,0.16701,0.34287,4.321928,0.16667518
call4,rl,0.31963,0.18820907,0.10119,0.31963,4.321928,0.36252025
mit,call4,0.29157,0.12250435,0.08644001,0.29157,4.321928,-0.41117594
