X var,Y var,MIC (strength),MIC-p^2 (nonlinearity),MAS (non-monotonicity),MEV (functionality),MCN (complexity),Linear regression (p)
all,rl,0.4332,0.10807049,0.0458,0.4332,4.321928,0.5702013
mit,all,0.27194,0.22939616,0.028080001,0.27194,4.321928,-0.20626155
mit,rl,0.24979,0.23522772,0.08516,0.24979,4.321928,0.12067427
call4,rl,0.16866,0.16526876,0.15343,0.16866,3.807355,-0.058234308
mit,call4,0.16866,0.1250477,0.10749,0.16866,4.169925,-0.20883557
all,call4,0.14366,0.14170791,0.13008,0.14366,4.169925,-0.044182442
