X var,Y var,MIC (strength),MIC-p^2 (nonlinearity),MAS (non-monotonicity),MEV (functionality),MCN (complexity),Linear regression (p)
all,rl,0.34589,0.07069224,0.051749974,0.3345,4.4594316,0.52459294
mit,rl,0.25455,0.21886644,0.13691,0.23427,4.4594316,-0.18890098
mit,all,0.23172,0.18079308,0.050339997,0.21507,4.4594316,-0.22566995
mit,call4,0.18634,0.15454488,0.11505,0.17498,4.4594316,-0.17831188
all,call4,0.17069,0.16098332,0.11844,0.15933,4.4594316,0.09852244
call4,rl,0.11351,0.03534574,0.053979997,0.11351,4.321928,0.27957872
