X var,Y var,MIC (strength),MIC-p^2 (nonlinearity),MAS (non-monotonicity),MEV (functionality),MCN (complexity),Linear regression (p)
all,rl,0.58189,-0.05387044,0.13607001,0.58189,4.4594316,0.7973459
mit,rl,0.25131,0.23066393,0.06956999,0.23839,4.807355,-0.14368737
call4,rl,0.24423,0.2427704,0.0906,0.23282,4.807355,0.038204703
mit,call4,0.23897,0.1650602,0.10185,0.22721,4.807355,-0.27186355
all,call4,0.23124,0.21487139,0.11499,0.22091,4.807355,-0.12793988
mit,all,0.19063,0.18813749,0.030410007,0.1783,4.807355,0.049925156
