X var,Y var,MIC (strength),MIC-p^2 (nonlinearity),MAS (non-monotonicity),MEV (functionality),MCN (complexity),Linear regression (p)
all,rl,0.51597,0.028327942,0.05021,0.509,4.807355,0.6983137
mit,all,0.32152,0.30227625,0.10496999,0.31177,4.807355,0.1387218
mit,rl,0.29417,0.28740108,0.119660005,0.29417,4.5849624,-0.082273416
mit,call4,0.19526,0.15664609,0.09945,0.18413,4.807355,0.19650424
all,call4,0.18857,0.17865948,0.07145999,0.1762,4.807355,0.099551536
call4,rl,0.18401,0.1819653,0.09178,0.17405,4.807355,0.045218356
