X var,Y var,MIC (strength),MIC-p^2 (nonlinearity),MAS (non-monotonicity),MEV (functionality),MCN (complexity),Linear regression (p)
all,rl,0.37988,-0.344494,0.15493001,0.37988,4.321928,0.85110164
mit,rl,0.25926,0.24313079,0.072689995,0.25926,4.321928,-0.12700085
mit,all,0.24363,0.20417343,0.06306,0.24363,4.321928,-0.1986368
mit,call4,0.09694,0.08135104,0.053110003,0.09694,3.321928,-0.124855764
all,call4,0.08444,0.083463974,0.06429,0.08444,3.321928,-0.031241445
call4,rl,0.07972,0.07958833,0.06245,0.07972,3.321928,-0.011474585
