X var,Y var,MIC (strength),MIC-p^2 (nonlinearity),MAS (non-monotonicity),MEV (functionality),MCN (complexity),Linear regression (p)
all,rl,0.41513,0.26723462,0.108799994,0.40562,4.807355,0.38457167
mit,rl,0.355,0.3537558,0.05787,0.34738,4.807355,-0.03527325
mit,call4,0.30691,0.24186715,0.11065,0.29555,4.807355,-0.255035
call4,rl,0.28913,0.14902839,0.0853,0.28108,4.807355,0.3743015
all,call4,0.22153,0.20583016,0.102120005,0.21009,4.807355,0.12529902
mit,all,0.19057,0.17455585,0.01323,0.17963,4.807355,0.126547
