X var,Y var,MIC (strength),MIC-p^2 (nonlinearity),MAS (non-monotonicity),MEV (functionality),MCN (complexity),Linear regression (p)
all,rl,0.549,0.53975195,0.03833002,0.549,4.4594316,-0.09616679
mit,all,0.32025,0.24661043,0.050449997,0.32025,4.4594316,0.27136612
mit,rl,0.20378,0.19663979,0.032509997,0.20378,4.4594316,-0.08449976
mit,call4,0.19559,0.1347279,0.11530001,0.19559,4.4594316,-0.24670248
all,call4,0.18653,0.17513144,0.124589995,0.18653,4.4594316,-0.106764
call4,rl,0.16392,0.16198747,0.12024,0.16392,4.4594316,0.043960605
