X var,Y var,MIC (strength),MIC-p^2 (nonlinearity),MAS (non-monotonicity),MEV (functionality),MCN (complexity),Linear regression (p)
all,rl,0.51356,0.20721167,0.029229999,0.51356,4.4594316,0.5534874
mit,all,0.41923,0.3200319,0.1424,0.41923,4.4594316,0.3149573
mit,rl,0.25359,0.20620836,0.03312999,0.25359,4.4594316,0.2176732
mit,call4,0.14549,0.086351275,0.06502,0.14549,3.321928,-0.24318457
call4,rl,0.13513,0.0898398,0.086040005,0.13513,4.169925,-0.21281494
all,call4,0.12085,0.11271577,0.07176,0.12085,3.807355,-0.09018992
