X var,Y var,MIC (strength),MIC-p^2 (nonlinearity),MAS (non-monotonicity),MEV (functionality),MCN (complexity),Linear regression (p)
all,rl,0.51735,-0.09131038,0.07694,0.51735,4.321928,0.7801669
call4,rl,0.37584,0.16256143,0.06953001,0.37584,3.5849626,0.46182093
mit,all,0.3476,0.29390952,0.11752002,0.3476,4.321928,-0.23171209
mit,rl,0.34737,0.24178882,0.06745,0.34737,4.321928,-0.32493258
all,call4,0.30238,0.24217117,0.13384,0.30238,4.321928,0.24537486
mit,call4,0.293,0.068901286,0.106150016,0.293,4.321928,-0.47339067
