X var,Y var,MIC (strength),MIC-p^2 (nonlinearity),MAS (non-monotonicity),MEV (functionality),MCN (complexity),Linear regression (p)
all,rl,0.51229,0.05895385,0.11660001,0.51229,4.321928,0.6733024
mit,rl,0.37488,0.36713228,0.18099998,0.37488,4.321928,-0.08802112
mit,all,0.30302,0.28826928,0.14198,0.30302,4.321928,-0.121452525
all,call4,0.18381,0.13104637,0.104849994,0.18381,4.321928,0.22970334
mit,call4,0.17265,0.17255703,0.15089,0.17265,4.321928,0.009641744
call4,rl,0.09263,0.045960914,0.04223,0.09263,4.321928,0.21603028
