X var,Y var,MIC (strength),MIC-p^2 (nonlinearity),MAS (non-monotonicity),MEV (functionality),MCN (complexity),Linear regression (p)
all,rl,0.51457,-0.28299785,0.072,0.51457,4.70044,0.8930665
mit,rl,0.3754,0.36314508,0.057669997,0.36346,4.807355,-0.11070192
mit,all,0.243,0.23316948,0.02945,0.22929,4.807355,0.099149
mit,call4,0.1959,0.08059489,0.102809995,0.1959,4.321928,-0.33956605
call4,rl,0.16746,0.1670755,0.12250999,0.16232,4.807355,-0.01960839
all,call4,0.14907,0.14439283,0.13372,0.14306,4.807355,-0.068389736
