X var,Y var,MIC (strength),MIC-p^2 (nonlinearity),MAS (non-monotonicity),MEV (functionality),MCN (complexity),Linear regression (p)
all,rl,0.76223,0.33231574,0.08455998,0.75109,4.807355,0.65567845
mit,rl,0.58136,0.39016223,0.073329985,0.58136,4.70044,-0.43726167
mit,all,0.47303,0.39626795,0.027529985,0.46058,4.807355,-0.27705964
all,call4,0.21429,0.16689016,0.12966,0.2041,4.807355,0.21771502
mit,call4,0.21367,0.21356954,0.18169999,0.20362,4.807355,0.010023365
call4,rl,0.18067,0.1706862,0.11399999,0.17201,4.807355,0.09991893
