X var,Y var,MIC (strength),MIC-p^2 (nonlinearity),MAS (non-monotonicity),MEV (functionality),MCN (complexity),Linear regression (p)
mit,rl,0.33703,0.28294286,0.13568999,0.32211,4.807355,-0.2325664
all,rl,0.31727,0.118696705,0.13689001,0.30622,4.807355,0.44561565
mit,all,0.2381,0.23584312,0.037599996,0.22902,4.807355,-0.04750671
mit,call4,0.2003,0.19923885,0.17292999,0.19281,4.807355,-0.03257518
all,call4,0.1813,0.11254927,0.11713,0.17711,4.807355,0.2622036
call4,rl,0.05959,0.03379391,0.027660001,0.05959,3.807355,0.16061161
