X var,Y var,MIC (strength),MIC-p^2 (nonlinearity),MAS (non-monotonicity),MEV (functionality),MCN (complexity),Linear regression (p)
all,rl,0.40924,-0.5171105,0.048180014,0.38775,4.321928,0.96247107
mit,call4,0.23841,0.2377601,0.16435,0.22196,4.321928,-0.02549325
all,call4,0.19978,-0.6183981,0.10258,0.18843,4.321928,0.90453196
mit,all,0.19925,0.19148606,0.025650002,0.18373,4.321928,0.0881132
mit,rl,0.19754,0.19696689,0.06082,0.17786,4.321928,-0.023939896
call4,rl,0.1587,-0.73381275,0.061500005,0.14715,4.321928,0.9447289
