X var,Y var,MIC (strength),MIC-p^2 (nonlinearity),MAS (non-monotonicity),MEV (functionality),MCN (complexity),Linear regression (p)
mit,all,0.54087,0.17672336,0.103520006,0.54087,4.4594316,0.60344565
all,rl,0.42614,0.36502522,0.095019996,0.42614,3.807355,-0.24721406
mit,rl,0.26768,0.26763126,0.093830004,0.26768,4.4594316,-0.006980013
all,call4,0.19003,0.18991902,0.17009999,0.19003,4.4594316,-0.010534229
mit,call4,0.17773,0.1740418,0.16011,0.17773,4.4594316,-0.060730573
call4,rl,0.13709,0.12948817,0.11287,0.13709,4.4594316,0.08718847
