X var,Y var,MIC (strength),MIC-p^2 (nonlinearity),MAS (non-monotonicity),MEV (functionality),MCN (complexity),Linear regression (p)
all,rl,0.28923,0.11726001,0.055749997,0.28031,4.807355,0.41469264
mit,call4,0.245,0.23125051,0.16585,0.23184,4.807355,-0.11725823
call4,rl,0.23025,0.22740293,0.12554,0.21655,4.807355,-0.053357963
all,call4,0.22331,0.20573981,0.14038,0.21039,4.807355,-0.13255258
mit,rl,0.20835,0.14785072,0.019960001,0.19629,4.807355,-0.24596603
mit,all,0.2065,0.20458454,0.034989998,0.19502,4.807355,0.043765936
