X var,Y var,MIC (strength),MIC-p^2 (nonlinearity),MAS (non-monotonicity),MEV (functionality),MCN (complexity),Linear regression (p)
all,rl,0.59434,0.23672006,0.078859985,0.59047,4.807355,0.59801334
mit,rl,0.44432,0.21498457,0.036879987,0.43068,4.807355,-0.4788898
mit,all,0.42936,0.36968467,0.03847,0.41843,4.807355,-0.24428536
mit,call4,0.29081,0.28379852,0.22449999,0.27781,4.807355,0.08373445
all,call4,0.25505,0.069661066,0.08473,0.24584,4.807355,0.43056816
call4,rl,0.18469,0.12269054,0.09163,0.18052,4.807355,0.2489969
