X var,Y var,MIC (strength),MIC-p^2 (nonlinearity),MAS (non-monotonicity),MEV (functionality),MCN (complexity),Linear regression (p)
all,rl,0.40201,0.013002992,0.056989998,0.39239,4.807355,0.62370425
mit,rl,0.26343,0.24375933,0.05651,0.25096,4.807355,-0.14025213
all,call4,0.22707,0.09774651,0.13691,0.21298,4.807355,0.35961577
mit,all,0.21908,0.21769716,0.019739997,0.2044,4.807355,0.037186503
call4,rl,0.20891,0.09483489,0.09866,0.19772,4.807355,0.33775008
mit,call4,0.19725,0.1962424,0.08992999,0.18395,4.807355,0.031742405
