X var,Y var,MIC (strength),MIC-p^2 (nonlinearity),MAS (non-monotonicity),MEV (functionality),MCN (complexity),Linear regression (p)
mit,all,0.37191,0.36702394,0.037070006,0.36115,4.4594316,0.06990035
mit,rl,0.29801,0.22639446,0.08424999,0.27879,4.4594316,0.2676108
all,rl,0.2781,0.120446205,0.05159001,0.26748,4.4594316,0.39705643
mit,call4,0.2145,0.19275282,0.16927,0.20314,4.4594316,0.14746921
all,call4,0.18041,0.18028133,0.14794,0.17019,4.4594316,0.011343128
call4,rl,0.12803,0.0733712,0.07365,0.12803,4.321928,0.23379222
