X var,Y var,MIC (strength),MIC-p^2 (nonlinearity),MAS (non-monotonicity),MEV (functionality),MCN (complexity),Linear regression (p)
all,rl,0.32745,0.16949771,0.046529993,0.32745,4.321928,0.39743212
call4,rl,0.24884,0.1922588,0.02279,0.24884,4.321928,0.23786803
mit,all,0.24267,0.20811218,0.016340002,0.24267,4.321928,0.18589734
mit,call4,0.20942,0.18971081,0.14173,0.20942,4.321928,-0.14038938
all,call4,0.18972,0.18936676,0.094780006,0.18972,4.321928,-0.01879473
mit,rl,0.18433,0.17994669,0.054470003,0.18433,4.321928,0.06620656
