X var,Y var,MIC (strength),MIC-p^2 (nonlinearity),MAS (non-monotonicity),MEV (functionality),MCN (complexity),Linear regression (p)
all,rl,0.50929,0.056370795,0.045729995,0.50777,4.321928,0.6729927
mit,rl,0.22785,0.22295433,0.06197001,0.20542,4.321928,-0.06996908
mit,all,0.2158,0.18907857,0.042910002,0.19756,4.321928,-0.16346693
call4,rl,0.18394,0.18350275,0.13516,0.16975,4.321928,-0.020910341
mit,call4,0.17688,0.1648328,0.14581001,0.16965,4.321928,0.10975971
all,call4,0.17503,0.17432027,0.16543,0.16437,4.321928,-0.026640806
