X var,Y var,MIC (strength),MIC-p^2 (nonlinearity),MAS (non-monotonicity),MEV (functionality),MCN (complexity),Linear regression (p)
all,rl,0.44685,-0.027904361,0.08333999,0.44685,4.4594316,0.6890242
all,call4,0.29714,0.293017,0.15689,0.27898,4.807355,0.064210564
mit,all,0.28762,0.2757158,0.08335,0.27479,4.807355,0.10910637
mit,call4,0.22796,0.16818716,0.08968,0.21328,4.807355,-0.24448487
mit,rl,0.2079,0.19494827,0.020269997,0.19757,4.807355,-0.11380569
call4,rl,0.20113,0.16351527,0.08268,0.19275,4.807355,0.19394518
