X var,Y var,MIC (strength),MIC-p^2 (nonlinearity),MAS (non-monotonicity),MEV (functionality),MCN (complexity),Linear regression (p)
all,rl,0.56723,0.5115942,0.05978,0.56723,4.4594316,0.23587245
mit,all,0.35458,0.35241958,0.05123,0.35458,4.4594316,0.046480197
mit,rl,0.235,0.15069836,0.03214,0.235,4.4594316,0.29034746
mit,call4,0.14549,0.11538677,0.071270004,0.14549,3.807355,-0.17350285
all,call4,0.11976,0.11849672,0.06814,0.11976,3.5849626,-0.035542637
call4,rl,0.10735,0.10208346,0.08213,0.10735,4.0,-0.07257095
