X var,Y var,MIC (strength),MIC-p^2 (nonlinearity),MAS (non-monotonicity),MEV (functionality),MCN (complexity),Linear regression (p)
all,rl,0.32097,0.26037368,0.10942,0.29792,4.321928,0.24616319
mit,all,0.27838,0.15662871,0.03773001,0.25947,4.321928,-0.34892878
mit,rl,0.27668,0.24368133,0.113079995,0.25986,4.321928,-0.18165535
