X var,Y var,MIC (strength),MIC-p^2 (nonlinearity),MAS (non-monotonicity),MEV (functionality),MCN (complexity),Linear regression (p)
mit,all,0.38492,0.37149867,0.06278001,0.376,4.807355,-0.11585039
mit,rl,0.35518,0.28530282,0.10429001,0.34034,4.807355,-0.26434293
all,rl,0.32179,-8.78036E-4,0.05218999,0.31434,4.807355,0.56803876
all,call4,0.25991,0.07894899,0.11808999,0.25518,4.807355,0.4253951
mit,call4,0.19511,0.19283685,0.16307999,0.18635,4.807355,0.04767746
call4,rl,0.15322,0.014662206,0.06176,0.14998,4.807355,0.3722335
