X var,Y var,MIC (strength),MIC-p^2 (nonlinearity),MAS (non-monotonicity),MEV (functionality),MCN (complexity),Linear regression (p)
all,rl,0.44266,0.1325539,0.0835,0.42634,4.4594316,0.5568717
call4,rl,0.29911,-0.060100317,0.054690003,0.28468,4.4594316,0.5993416
all,call4,0.29348,0.16536687,0.14881001,0.26823,4.4594316,0.35792896
mit,rl,0.2355,0.19802701,0.073249996,0.21817,4.4594316,0.19357939
mit,all,0.22336,0.22319146,0.017030004,0.20057,4.4594316,-0.012982452
mit,call4,0.21484,0.2072877,0.1398,0.19975,4.4594316,0.08690398
