X var,Y var,MIC (strength),MIC-p^2 (nonlinearity),MAS (non-monotonicity),MEV (functionality),MCN (complexity),Linear regression (p)
all,rl,0.5099,0.10062981,0.112749994,0.5099,4.321928,0.63974226
mit,all,0.36286,0.36203656,0.14897,0.36286,4.321928,-0.028695641
mit,rl,0.35489,0.27729306,0.07970999,0.35489,4.321928,-0.27856225
all,call4,0.30323,0.26687503,0.20060998,0.30323,4.321928,0.19066975
mit,call4,0.22044,0.16308591,0.11246,0.22044,4.321928,-0.23948713
call4,rl,0.20257,0.13655582,0.07926001,0.20257,4.321928,0.25693226
