X var,Y var,MIC (strength),MIC-p^2 (nonlinearity),MAS (non-monotonicity),MEV (functionality),MCN (complexity),Linear regression (p)
all,rl,0.61136,-0.11665934,0.1525,0.61136,3.5849626,0.8532405
mit,all,0.33156,0.32922864,0.114939995,0.31902,4.807355,0.048284076
mit,rl,0.31806,0.275361,0.04675,0.3067,4.807355,-0.20663735
all,call4,0.3057,0.30494034,0.16260001,0.29411,4.807355,0.027561866
mit,call4,0.27702,0.18097393,0.10006,0.26755,4.807355,-0.309913
call4,rl,0.20695,0.18888876,0.089839995,0.19867,4.807355,0.13439208
