X var,Y var,MIC (strength),MIC-p^2 (nonlinearity),MAS (non-monotonicity),MEV (functionality),MCN (complexity),Linear regression (p)
mit,all,0.46554,0.34036118,0.050900012,0.45053,4.321928,-0.35380617
all,rl,0.28255,-0.21110487,0.051019996,0.26282,4.321928,0.7026058
mit,rl,0.26748,0.08848891,0.08072001,0.24038,4.321928,-0.42307338
