X var,Y var,MIC (strength),MIC-p^2 (nonlinearity),MAS (non-monotonicity),MEV (functionality),MCN (complexity),Linear regression (p)
all,rl,0.42491,0.24892144,0.06698999,0.40252,4.0,0.41950992
mit,rl,0.39697,0.37010148,0.13951,0.36873,4.0,-0.16391623
mit,all,0.35561,0.24213676,0.14929001,0.31331,4.0,-0.33685791
all,call4,0.24648,0.24043092,0.21318,0.22061,4.0,-0.07777587
mit,call4,0.22532,0.2085664,0.18586999,0.19317,4.0,0.1294357
call4,rl,0.2038,0.18800858,0.14028,0.17351,4.0,-0.1256639
