X var,Y var,MIC (strength),MIC-p^2 (nonlinearity),MAS (non-monotonicity),MEV (functionality),MCN (complexity),Linear regression (p)
all,rl,0.33797,-0.42679766,0.044430003,0.33797,4.321928,0.87450993
mit,all,0.26691,0.24955033,0.051609993,0.26691,4.321928,-0.13175604
mit,rl,0.23282,0.2271627,0.057500005,0.23282,4.321928,-0.07521501
all,call4,0.22066,0.22017226,0.16591,0.22066,4.321928,0.022085093
call4,rl,0.21638,0.21446228,0.084529996,0.21638,4.321928,0.043791696
mit,call4,0.20757,0.1921447,0.1287,0.20757,4.321928,-0.12419863
