X var,Y var,MIC (strength),MIC-p^2 (nonlinearity),MAS (non-monotonicity),MEV (functionality),MCN (complexity),Linear regression (p)
all,rl,0.31277,0.16277821,0.038529992,0.30048,4.807355,0.38728774
mit,rl,0.24461,0.22036257,0.040979996,0.23234,4.807355,0.15571585
mit,all,0.19664,0.19647875,0.015919998,0.18297,4.807355,-0.012698325
all,call4,0.19361,0.19064532,0.14451,0.17943,4.807355,0.05444887
call4,rl,0.19115,0.1839736,0.14023,0.18096,4.807355,-0.08471363
mit,call4,0.18765,0.16380583,0.14754,0.17702,4.807355,-0.15441556
