X var,Y var,MIC (strength),MIC-p^2 (nonlinearity),MAS (non-monotonicity),MEV (functionality),MCN (complexity),Linear regression (p)
all,rl,0.56327,0.05671072,0.07025999,0.56327,4.321928,0.71172976
all,call4,0.26042,0.24384522,0.1521,0.26042,4.321928,-0.12874301
mit,rl,0.24815,0.24811158,0.04501,0.24815,4.321928,-0.0061989534
call4,rl,0.23621,0.18743777,0.13046,0.23621,4.321928,-0.22084437
mit,all,0.21009,0.20888448,0.027440012,0.21009,4.321928,-0.034720685
mit,call4,0.19681,0.17665035,0.06590001,0.19681,4.321928,-0.14198475
