X var,Y var,MIC (strength),MIC-p^2 (nonlinearity),MAS (non-monotonicity),MEV (functionality),MCN (complexity),Linear regression (p)
all,rl,0.23618,-0.12105952,0.024440005,0.22681,4.4594316,0.5976952
mit,all,0.23296,0.1491531,0.040179998,0.21175,4.4594316,-0.28949422
mit,rl,0.20939,0.18997009,0.09408,0.18883,4.4594316,-0.13935535
mit,call4,0.1709,0.16874626,0.123380005,0.15848,4.4594316,-0.046408437
all,call4,0.16725,0.106581405,0.08019001,0.15868,4.4594316,0.24630998
call4,rl,0.15518,-0.019550309,0.045380004,0.1536,4.4594316,0.41800755
