X var,Y var,MIC (strength),MIC-p^2 (nonlinearity),MAS (non-monotonicity),MEV (functionality),MCN (complexity),Linear regression (p)
all,rl,0.28568,0.1245856,0.034760013,0.27567,4.807355,0.40136567
all,call4,0.22063,0.20338313,0.13701001,0.207,4.807355,-0.13132735
mit,call4,0.21837,0.21048729,0.16350001,0.2048,4.807355,-0.08878463
mit,rl,0.20856,0.19680716,0.018870004,0.19484,4.807355,-0.10841051
mit,all,0.19413,0.1826582,0.027090006,0.18273,4.807355,-0.10710649
call4,rl,0.17237,0.14989848,0.09211,0.16205,4.807355,-0.14990503
