X var,Y var,MIC (strength),MIC-p^2 (nonlinearity),MAS (non-monotonicity),MEV (functionality),MCN (complexity),Linear regression (p)
all,rl,0.6469,-0.03179127,0.03267002,0.63404,4.807355,0.8238272
mit,rl,0.62064,0.51704305,0.15055999,0.61179,4.807355,-0.32186475
call4,rl,0.51881,0.23711571,0.115720004,0.51881,4.169925,0.5307488
all,call4,0.44381,0.21308196,0.09298,0.42771,4.807355,0.48034158
mit,all,0.308,0.30796522,0.09632,0.29782,4.807355,0.0058961953
mit,call4,0.25593,0.25301865,0.03975001,0.2411,4.807355,-0.053956907
