X var,Y var,MIC (strength),MIC-p^2 (nonlinearity),MAS (non-monotonicity),MEV (functionality),MCN (complexity),Linear regression (p)
all,rl,0.33976,-0.23517245,0.028340012,0.33106,4.807355,0.758243
mit,rl,0.27596,0.233096,0.07998,0.2649,4.807355,-0.2070362
mit,all,0.19671,0.18360612,0.021650001,0.1849,4.807355,-0.11447223
mit,call4,0.11327,0.11135987,0.09837,0.11327,4.169925,-0.043704975
all,call4,0.10569,0.10196013,0.08959,0.10569,4.169925,-0.061072666
call4,rl,0.07565,0.07525229,0.063209996,0.07565,3.0,-0.019942764
