X var,Y var,MIC (strength),MIC-p^2 (nonlinearity),MAS (non-monotonicity),MEV (functionality),MCN (complexity),Linear regression (p)
all,rl,0.80893,0.33025137,0.08425999,0.80271,4.807355,0.69186604
mit,all,0.39011,0.31807414,0.034169972,0.37336,4.807355,-0.26839495
mit,rl,0.3458,0.20640029,0.053530008,0.33087,4.807355,-0.37336272
all,call4,0.24057,0.1443283,0.07446,0.2297,4.807355,0.31022847
call4,rl,0.20235,0.13742593,0.0635,0.19346,4.807355,0.25480202
mit,call4,0.17563,0.17020191,0.11056,0.16579,4.807355,0.07367558
