X var,Y var,MIC (strength),MIC-p^2 (nonlinearity),MAS (non-monotonicity),MEV (functionality),MCN (complexity),Linear regression (p)
all,rl,0.38589,-0.22868842,0.042600006,0.38589,4.321928,0.7839505
mit,call4,0.35796,0.24484226,0.12223999,0.35796,4.321928,-0.3363298
mit,rl,0.32693,0.1319115,0.07658999,0.32693,4.321928,-0.44160897
call4,rl,0.30608,0.22727494,0.050860018,0.30608,4.321928,0.2807224
all,call4,0.22867,0.21107133,0.098290004,0.22867,4.321928,0.13266002
mit,all,0.2115,0.12470197,0.02391,0.2115,4.321928,-0.29461506
