X var,Y var,MIC (strength),MIC-p^2 (nonlinearity),MAS (non-monotonicity),MEV (functionality),MCN (complexity),Linear regression (p)
all,rl,0.33574,0.23344901,0.102070004,0.33574,3.321928,0.3198296
mit,rl,0.33031,0.20008908,0.09346999,0.29479,4.0,-0.36086133
mit,all,0.21627,0.1938764,0.026040003,0.1978,4.0,-0.14964491
all,call4,0.0736,0.010867119,0.017860003,0.0736,2.5849626,0.25046533
mit,call4,0.0736,0.07352945,0.063650005,0.0736,2.5849626,0.008399489
call4,rl,0.05574,0.028690666,0.016959999,0.05574,2.5849626,0.16446681
