X var,Y var,MIC (strength),MIC-p^2 (nonlinearity),MAS (non-monotonicity),MEV (functionality),MCN (complexity),Linear regression (p)
all,rl,0.30427,0.21670678,0.09414999,0.2928,4.807355,0.29591084
mit,rl,0.24511,0.19495383,0.043680012,0.23223,4.807355,-0.22395577
mit,all,0.22897,0.2278973,0.027050003,0.21492,4.807355,0.0327522
mit,call4,0.17294,0.17292733,0.14296,0.16341,4.807355,-0.003559386
all,call4,0.16421,0.16163006,0.12098001,0.15546,4.807355,-0.050793186
call4,rl,0.15124,0.15064034,0.11568001,0.13872,4.807355,-0.024488186
