X var,Y var,MIC (strength),MIC-p^2 (nonlinearity),MAS (non-monotonicity),MEV (functionality),MCN (complexity),Linear regression (p)
all,rl,0.45752,-0.017272472,0.054199994,0.45567,4.807355,0.68905187
mit,rl,0.23299,0.17803869,0.044640005,0.22038,4.807355,-0.23441696
mit,call4,0.23159,0.1453134,0.07263,0.21991,4.807355,-0.2937288
mit,all,0.17809,0.17192334,0.035779998,0.16833,4.807355,0.07852809
call4,rl,0.17721,0.11589497,0.04602,0.16943,4.807355,0.24761872
all,call4,0.17023,0.16984397,0.061470002,0.16229,4.807355,-0.019647526
