X var,Y var,MIC (strength),MIC-p^2 (nonlinearity),MAS (non-monotonicity),MEV (functionality),MCN (complexity),Linear regression (p)
all,rl,0.37481,-0.4021112,0.10403001,0.35369,4.321928,0.88143134
mit,all,0.25039,0.23236197,0.06503,0.23701,4.321928,0.13426848
mit,call4,0.21881,0.21812987,0.15294,0.1955,4.321928,-0.026079444
mit,rl,0.20789,0.20728727,0.03931,0.18797,4.321928,-0.02455056
all,call4,0.18631,0.12926799,0.123619996,0.15888,4.321928,0.23883468
call4,rl,0.115,0.070591405,0.03972,0.11092,4.321928,0.21073347
