X var,Y var,MIC (strength),MIC-p^2 (nonlinearity),MAS (non-monotonicity),MEV (functionality),MCN (complexity),Linear regression (p)
all,rl,0.54658,0.30588204,0.04701999,0.53185,4.321928,0.4906098
mit,rl,0.24408,0.23781422,0.025490008,0.22503,4.321928,-0.079156734
mit,call4,0.21905,0.2173191,0.16697,0.19926,4.321928,-0.041604135
call4,rl,0.21176,0.21141854,0.16392,0.19237,4.321928,0.018478569
all,call4,0.18907,0.18905221,0.14166,0.17531,4.321928,0.0042183157
mit,all,0.17362,0.16762911,0.043269992,0.15806,4.321928,-0.07740082
