X var,Y var,MIC (strength),MIC-p^2 (nonlinearity),MAS (non-monotonicity),MEV (functionality),MCN (complexity),Linear regression (p)
all,rl,0.35263,0.15245867,0.07033998,0.35263,4.321928,0.4474051
mit,rl,0.19887,0.13031106,0.05731,0.19887,4.321928,0.26183763
mit,all,0.192,0.16701552,0.05788,0.192,4.321928,0.15806477
all,call4,0.19022,0.187419,0.14194,0.19022,4.321928,-0.05292455
mit,call4,0.17534,0.15603092,0.12459999,0.17534,4.321928,0.13895711
call4,rl,0.08118,0.07694672,0.05393,0.08118,4.321928,0.06506367
