X var,Y var,MIC (strength),MIC-p^2 (nonlinearity),MAS (non-monotonicity),MEV (functionality),MCN (complexity),Linear regression (p)
all,rl,0.43843,-0.25852323,0.095670015,0.43843,4.321928,0.83483726
mit,call4,0.32474,0.28188467,0.14723,0.32474,4.321928,-0.20701525
mit,all,0.26749,0.22235617,0.046910003,0.26749,4.321928,-0.21244726
mit,rl,0.25913,0.2228559,0.025680006,0.25913,4.321928,-0.1904576
call4,rl,0.252,0.24594958,0.1082,0.252,4.321928,0.077784434
all,call4,0.18402,0.18349268,0.07479,0.18402,4.321928,0.022963505
