X var,Y var,MIC (strength),MIC-p^2 (nonlinearity),MAS (non-monotonicity),MEV (functionality),MCN (complexity),Linear regression (p)
all,rl,0.58823,0.1323824,0.07072002,0.56568,4.321928,0.6751649
all,call4,0.4127,0.41224152,0.28653002,0.39661,4.321928,-0.021411816
mit,all,0.33769,0.14165679,0.0627,0.3205,4.321928,-0.44275638
call4,rl,0.33018,0.29845917,0.19499,0.31384,4.321928,-0.17810336
mit,call4,0.24447,0.24411716,0.07614,0.22617,4.321928,-0.018784255
mit,rl,0.24207,0.19288655,0.049289994,0.22721,4.321928,-0.22177345
