X var,Y var,MIC (strength),MIC-p^2 (nonlinearity),MAS (non-monotonicity),MEV (functionality),MCN (complexity),Linear regression (p)
all,rl,0.38387,0.036381543,0.04068999,0.3556,4.0,0.58948153
mit,all,0.33045,0.3100845,0.10328999,0.29667,4.0,-0.1427078
mit,rl,0.27422,0.19812799,0.032120004,0.24721,4.0,-0.2758478
mit,call4,0.12923,0.10043828,0.06717999,0.12923,3.321928,0.16968119
call4,rl,0.11137,0.10553272,0.09719,0.11137,3.321928,-0.076402076
all,call4,0.11137,0.10220939,0.08508,0.11137,3.321928,-0.09571108
