X var,Y var,MIC (strength),MIC-p^2 (nonlinearity),MAS (non-monotonicity),MEV (functionality),MCN (complexity),Linear regression (p)
mit,all,0.31348,0.2522076,0.14306998,0.29414,4.4594316,-0.2475326
all,rl,0.25063,0.020027533,0.056779996,0.22768,4.4594316,0.48021084
mit,rl,0.24725,0.22268347,0.059450008,0.23145,4.4594316,-0.15673713
mit,call4,0.2047,0.20431931,0.14997,0.18823,4.4594316,0.019511074
call4,rl,0.17342,0.05195629,0.07956,0.16161,4.4594316,0.34851643
all,call4,0.14691,0.1448203,0.094699994,0.1289,4.4594316,0.045713134
