X var,Y var,MIC (strength),MIC-p^2 (nonlinearity),MAS (non-monotonicity),MEV (functionality),MCN (complexity),Linear regression (p)
mit,call4,0.38076,0.2772793,0.16767001,0.38076,4.321928,-0.3216842
all,rl,0.33938,0.11658171,0.05449,0.33938,4.321928,0.47201514
mit,all,0.31622,0.31577343,0.10353999,0.31622,4.321928,-0.021132052
mit,rl,0.30293,0.27577564,0.04997,0.30293,4.321928,-0.16478576
all,call4,0.26034,0.25779927,0.18776,0.26034,4.321928,-0.05040572
call4,rl,0.22533,0.22306591,0.1381,0.22533,4.321928,0.047582444
