X var,Y var,MIC (strength),MIC-p^2 (nonlinearity),MAS (non-monotonicity),MEV (functionality),MCN (complexity),Linear regression (p)
all,rl,0.46143,-0.22094381,0.07402998,0.46024,4.807355,0.8260592
all,call4,0.28832,0.28082502,0.14526,0.27776,4.807355,0.08657367
mit,all,0.24736,0.22937278,0.020229995,0.23686,4.807355,0.13411646
mit,call4,0.22234,0.16379085,0.1021,0.21155,4.807355,-0.2419693
call4,rl,0.1976,0.17315769,0.104600005,0.18917,4.807355,0.15634038
mit,rl,0.18063,0.17228109,0.018380001,0.17038,4.807355,-0.091372356
