X var,Y var,MIC (strength),MIC-p^2 (nonlinearity),MAS (non-monotonicity),MEV (functionality),MCN (complexity),Linear regression (p)
all,rl,0.30311,0.2511342,0.035220005,0.30311,4.321928,0.22798206
call4,rl,0.28328,0.024375468,0.14574999,0.28328,4.321928,0.5088266
mit,rl,0.2654,0.23256823,0.049089998,0.2654,4.321928,-0.18119538
mit,all,0.24679,0.23893206,0.03458999,0.24679,4.321928,0.08864505
mit,call4,0.20994,0.17228109,0.07674,0.20994,4.321928,-0.19405907
all,call4,0.17733,0.16757084,0.10978,0.17733,4.321928,0.09878848
