X var,Y var,MIC (strength),MIC-p^2 (nonlinearity),MAS (non-monotonicity),MEV (functionality),MCN (complexity),Linear regression (p)
all,rl,0.38331,0.008963406,0.057500005,0.37325,4.321928,0.6118387
mit,all,0.25108,0.2510161,0.034669995,0.23602,4.321928,-0.007992989
mit,rl,0.23413,0.22978473,0.028960004,0.21983,4.321928,-0.06591861
call4,rl,0.20333,0.2012361,0.13850999,0.19856,4.321928,0.045759164
all,call4,0.18051,0.17911482,0.16294,0.15966,4.321928,0.037352048
mit,call4,0.16618,0.16515553,0.15167,0.14946,4.321928,0.03200728
