X var,Y var,MIC (strength),MIC-p^2 (nonlinearity),MAS (non-monotonicity),MEV (functionality),MCN (complexity),Linear regression (p)
all,rl,0.37381,-0.10499489,0.034179986,0.35976,4.807355,0.6919573
mit,all,0.21585,0.21522246,0.010549992,0.20463,4.807355,0.025050543
all,call4,0.20868,0.084931575,0.08775,0.19748,4.807355,0.35177895
call4,rl,0.19749,-0.073357046,0.03523001,0.18515,4.807355,0.5204297
mit,rl,0.18421,0.15162991,0.010759994,0.1736,4.807355,-0.18049957
mit,call4,0.17936,0.12842232,0.038750004,0.16728,4.807355,-0.22569376
