X var,Y var,MIC (strength),MIC-p^2 (nonlinearity),MAS (non-monotonicity),MEV (functionality),MCN (complexity),Linear regression (p)
all,rl,0.43316,-0.07206452,0.11573002,0.42388,4.807355,0.71079147
mit,rl,0.30832,0.1633351,0.04111001,0.2973,4.807355,-0.3807688
mit,all,0.23304,0.23185533,0.02452001,0.21565,4.807355,-0.034419127
all,call4,0.2145,0.19833212,0.107729994,0.2145,4.70044,-0.12715298
mit,call4,0.18992,0.18541117,0.12844999,0.18134,4.807355,-0.06714776
call4,rl,0.18854,0.18512072,0.111719996,0.1832,4.807355,-0.058474656
