X var,Y var,MIC (strength),MIC-p^2 (nonlinearity),MAS (non-monotonicity),MEV (functionality),MCN (complexity),Linear regression (p)
all,rl,0.6617,-0.06677896,0.09614998,0.63654,4.321928,0.8535098
mit,call4,0.25755,0.23083273,0.15911001,0.23319,4.321928,-0.16345422
mit,rl,0.24582,0.22736527,0.034459993,0.22576,4.321928,-0.1358482
all,call4,0.23489,-0.1585706,0.1451,0.21727,4.321928,0.6272644
mit,all,0.22177,0.21316345,0.01709,0.20166,4.321928,-0.09277152
call4,rl,0.20673,-0.38996577,0.115159996,0.19018,4.321928,0.7724609
