X var,Y var,MIC (strength),MIC-p^2 (nonlinearity),MAS (non-monotonicity),MEV (functionality),MCN (complexity),Linear regression (p)
all,rl,0.49777,0.0050258934,0.058650017,0.48735,4.807355,0.70195735
call4,rl,0.36176,0.252803,0.055999994,0.34411,4.807355,0.33008635
mit,rl,0.30159,0.30121407,0.13721001,0.28666,4.807355,0.01938848
all,call4,0.27254,0.20001647,0.0803,0.2619,4.807355,0.26930192
mit,all,0.229,0.19615105,0.034999996,0.21669,4.807355,0.18124282
mit,call4,0.19262,0.18855642,0.098419994,0.17813,4.807355,0.063746184
