X var,Y var,MIC (strength),MIC-p^2 (nonlinearity),MAS (non-monotonicity),MEV (functionality),MCN (complexity),Linear regression (p)
all,rl,0.49118,-0.35529524,0.025249988,0.48307,4.807355,0.9200409
mit,rl,0.28487,0.23380768,0.078150004,0.27338,4.807355,-0.22596972
mit,call4,0.27647,0.20636618,0.08929001,0.26529,4.807355,-0.26477125
mit,all,0.21018,0.19604449,0.024829999,0.19901,4.807355,-0.11889283
call4,rl,0.19041,0.1611977,0.029579997,0.18488,4.807355,0.17091605
all,call4,0.18587,0.16734418,0.04603,0.1752,4.807355,0.13610962
