X var,Y var,MIC (strength),MIC-p^2 (nonlinearity),MAS (non-monotonicity),MEV (functionality),MCN (complexity),Linear regression (p)
all,rl,0.36768,0.31736702,0.09602001,0.35429,4.4594316,0.22430561
mit,all,0.24467,0.21061988,0.048680007,0.23135,4.4594316,-0.18452676
mit,rl,0.18525,0.17799108,0.09843,0.17005,4.4594316,0.08519934
mit,call4,0.15649,0.12851313,0.1252,0.15649,4.169925,-0.16726288
all,call4,0.14512,0.14076026,0.12528,0.14512,4.169925,-0.06602827
call4,rl,0.09886,0.089829534,0.053770002,0.09886,4.169925,0.09502877
