X var,Y var,MIC (strength),MIC-p^2 (nonlinearity),MAS (non-monotonicity),MEV (functionality),MCN (complexity),Linear regression (p)
all,rl,0.41694,-0.06490046,0.05122,0.41694,4.321928,0.6941473
mit,all,0.23526,0.1815561,0.059249997,0.21901,4.4594316,-0.23174101
mit,rl,0.22797,0.22095187,0.09542,0.2134,4.4594316,-0.083774276
mit,call4,0.18634,0.18617246,0.17561,0.15813,4.4594316,-0.012944107
all,call4,0.15225,0.059513994,0.098220006,0.15225,4.169925,0.30452588
call4,rl,0.13231,-0.074993,0.04851,0.13231,4.169925,0.4553054
