X var,Y var,MIC (strength),MIC-p^2 (nonlinearity),MAS (non-monotonicity),MEV (functionality),MCN (complexity),Linear regression (p)
all,rl,0.26537,0.021186844,0.08681001,0.25758,4.807355,0.49414894
mit,rl,0.23534,0.21826474,0.12852,0.2238,4.807355,-0.13067234
mit,all,0.2176,0.21426532,0.057219997,0.20703,4.807355,-0.057746723
mit,call4,0.13585,0.12889045,0.11582,0.13585,4.4594316,0.08342387
all,call4,0.12824,0.08193226,0.08151001,0.12824,4.4594316,0.21519235
call4,rl,0.03627,0.032806806,0.02289,0.03627,3.807355,0.0588489
