X var,Y var,MIC (strength),MIC-p^2 (nonlinearity),MAS (non-monotonicity),MEV (functionality),MCN (complexity),Linear regression (p)
all,rl,0.36635,0.288214,0.09838,0.36635,4.321928,0.27952817
mit,rl,0.25143,0.21013397,0.042820007,0.25143,4.321928,-0.20321427
mit,call4,0.21799,0.12422114,0.07146999,0.21799,4.321928,-0.306217
mit,all,0.20408,0.19458309,0.018830001,0.20408,4.321928,0.09745211
call4,rl,0.19853,0.09581899,0.07788,0.19853,4.321928,0.3204856
all,call4,0.19609,0.19586891,0.10837,0.19609,4.321928,-0.014869082
