X var,Y var,MIC (strength),MIC-p^2 (nonlinearity),MAS (non-monotonicity),MEV (functionality),MCN (complexity),Linear regression (p)
all,rl,0.53923,0.06752044,0.06834,0.52945,4.807355,0.68681115
mit,all,0.26028,0.21374378,0.019150019,0.24782,4.807355,0.21572258
mit,rl,0.2451,0.24323037,0.08490999,0.22968,4.7548876,-0.043239336
all,call4,0.21848,0.11745396,0.05972001,0.2068,4.807355,0.31784594
mit,call4,0.21216,0.21175757,0.05584,0.20144,4.807355,0.020060917
call4,rl,0.2013,0.1278821,0.052329995,0.19277,4.807355,0.27095738
