X var,Y var,MIC (strength),MIC-p^2 (nonlinearity),MAS (non-monotonicity),MEV (functionality),MCN (complexity),Linear regression (p)
all,rl,0.43836,-0.31473807,0.06446999,0.43179,4.807355,0.8678122
mit,rl,0.26227,0.18708861,0.040820003,0.25174,4.807355,-0.27419224
mit,call4,0.22004,0.090743065,0.03802,0.21033,4.807355,-0.35957882
all,call4,0.21899,0.21294327,0.12473,0.20714,4.807355,0.07776066
mit,all,0.20865,0.19868922,0.022239998,0.19756,4.807355,-0.099803664
call4,rl,0.18842,0.11498901,0.053440005,0.18201,4.807355,0.27098152
