X var,Y var,MIC (strength),MIC-p^2 (nonlinearity),MAS (non-monotonicity),MEV (functionality),MCN (complexity),Linear regression (p)
all,rl,0.33593,-0.2583403,0.067609996,0.32656,4.807355,0.7708893
mit,all,0.19204,0.18722752,0.042790003,0.18003,4.807355,-0.06937204
mit,rl,0.17916,0.17310737,0.016469993,0.1705,4.807355,-0.07779867
mit,call4,0.17166,0.16806695,0.13157001,0.16082,4.807355,0.05994208
all,call4,0.15628,0.12021437,0.10166,0.14822,4.807355,0.18990952
call4,rl,0.12234,0.107471585,0.061380003,0.1184,4.807355,0.1219361
