X var,Y var,MIC (strength),MIC-p^2 (nonlinearity),MAS (non-monotonicity),MEV (functionality),MCN (complexity),Linear regression (p)
all,rl,0.28639,0.23496458,0.09896001,0.28639,4.4594316,0.22677174
mit,all,0.23362,0.14603582,0.031200007,0.23362,4.4594316,0.29594624
mit,rl,0.189,0.18845052,0.015089989,0.189,4.4594316,0.023441091
all,call4,0.17961,0.17846107,0.15303,0.17961,4.4594316,0.033895686
mit,call4,0.17477,0.16770771,0.15893,0.17477,4.4594316,-0.08403745
call4,rl,0.13353,0.12868421,0.12312001,0.13353,4.321928,-0.06961172
