X var,Y var,MIC (strength),MIC-p^2 (nonlinearity),MAS (non-monotonicity),MEV (functionality),MCN (complexity),Linear regression (p)
all,rl,0.46411,0.10256013,0.12013,0.46411,4.321928,0.60129017
mit,rl,0.35738,0.26011997,0.13869001,0.35738,4.321928,-0.3118654
call4,rl,0.35304,0.19470212,0.12687,0.35304,4.321928,0.39791694
all,call4,0.34567,0.288504,0.12847002,0.34567,4.321928,0.23909412
mit,all,0.3332,0.26854908,0.10152,0.3332,4.321928,-0.25426543
mit,call4,0.30712,0.15279399,0.10374999,0.30712,4.321928,-0.39284348
