X var,Y var,MIC (strength),MIC-p^2 (nonlinearity),MAS (non-monotonicity),MEV (functionality),MCN (complexity),Linear regression (p)
all,rl,0.33076,0.24610549,0.098780006,0.33076,4.4594316,-0.29095447
all,call4,0.28191,0.22862491,0.15905,0.28191,4.4594316,-0.23083563
mit,all,0.23549,0.16991502,0.036469996,0.23549,4.4594316,0.25607613
mit,rl,0.2274,0.22679815,0.039900005,0.2274,4.4594316,0.024532905
call4,rl,0.22716,0.22291195,0.15071002,0.22716,4.4594316,0.06517708
mit,call4,0.20293,0.18375188,0.07384001,0.20293,4.4594316,-0.1384851
