X var,Y var,MIC (strength),MIC-p^2 (nonlinearity),MAS (non-monotonicity),MEV (functionality),MCN (complexity),Linear regression (p)
all,rl,0.51491,-0.2537983,0.060709983,0.51491,4.0,0.8767601
mit,rl,0.44029,0.38692003,0.0598,0.43161,4.807355,-0.23101938
all,call4,0.25861,0.25000897,0.18133001,0.24643,4.807355,-0.09274174
mit,all,0.25724,0.2535928,0.03688,0.24216,4.807355,0.060392234
mit,call4,0.23692,0.17521173,0.1496,0.22215,4.807355,-0.2484115
call4,rl,0.21264,0.20661946,0.17724,0.20429,4.807355,-0.07759214
