X var,Y var,MIC (strength),MIC-p^2 (nonlinearity),MAS (non-monotonicity),MEV (functionality),MCN (complexity),Linear regression (p)
all,rl,0.36114,-0.032685727,0.04534,0.34986,4.807355,0.6275554
mit,call4,0.24317,0.24075994,0.14897,0.22756,4.807355,0.049092352
mit,rl,0.23779,0.20890352,0.02425,0.22851,4.807355,-0.16996026
mit,all,0.20857,0.20698763,0.017870001,0.1974,4.807355,0.039779026
call4,rl,0.18585,0.09643809,0.039189994,0.17595,4.807355,0.29901823
all,call4,0.18347,0.08039459,0.09139,0.17452,4.807355,0.3210536
