X var,Y var,MIC (strength),MIC-p^2 (nonlinearity),MAS (non-monotonicity),MEV (functionality),MCN (complexity),Linear regression (p)
all,rl,0.31618,0.25615454,0.032769978,0.3048,4.807355,0.24500094
mit,all,0.24427,0.056438148,0.03263001,0.23369,4.807355,-0.4333957
mit,rl,0.19555,0.18744993,0.034219995,0.18499,4.807355,-0.09000038
mit,call4,0.11327,0.1111957,0.09298,0.11327,4.169925,-0.045544535
all,call4,0.0934,0.08962872,0.05527,0.0934,3.807355,0.06141077
call4,rl,0.07725,0.062114686,0.0146699995,0.07725,3.0,-0.12302564
