X var,Y var,MIC (strength),MIC-p^2 (nonlinearity),MAS (non-monotonicity),MEV (functionality),MCN (complexity),Linear regression (p)
all,rl,0.58698,0.5831064,0.06900999,0.58698,4.4594316,0.06223823
mit,all,0.28914,0.28499553,0.029649973,0.28914,4.4594316,-0.06437753
mit,rl,0.27591,0.21596925,0.061120003,0.27591,4.4594316,0.24482799
mit,call4,0.16565,0.15779099,0.13034,0.16565,4.4594316,-0.088651046
all,call4,0.15584,0.15552984,0.13996999,0.15584,4.4594316,-0.017611202
call4,rl,0.14518,0.14462984,0.1298,0.14518,4.4594316,0.023455534
