X var,Y var,MIC (strength),MIC-p^2 (nonlinearity),MAS (non-monotonicity),MEV (functionality),MCN (complexity),Linear regression (p)
mit,all,0.3099,0.2892429,0.053169996,0.29697,4.321928,-0.14372571
mit,call4,0.30554,0.2258124,0.12462999,0.29448,4.321928,-0.28236073
all,rl,0.27256,-0.20157024,0.054910004,0.27038,4.321928,0.68857116
mit,rl,0.21216,0.11368178,0.025450006,0.20891,4.321928,-0.3138124
call4,rl,0.15945,0.06729764,0.02652999,0.15854,4.321928,0.30356607
all,call4,0.10609,0.10452459,0.020920001,0.10073,4.169925,0.039565325
