X var,Y var,MIC (strength),MIC-p^2 (nonlinearity),MAS (non-monotonicity),MEV (functionality),MCN (complexity),Linear regression (p)
mit,rl,0.44095,0.22856204,0.036529988,0.42618,4.807355,-0.4608557
all,rl,0.44092,0.08968845,0.03268999,0.42847,4.807355,0.5926479
mit,all,0.3095,0.00493294,0.063319996,0.29857,4.807355,-0.55187595
call4,rl,0.21092,0.17337266,0.10395001,0.19574,4.807355,-0.19377136
all,call4,0.20814,0.1723472,0.10808,0.19325,4.807355,-0.18918985
mit,call4,0.1928,0.19023407,0.14522,0.18149,4.807355,-0.05065513
