X var,Y var,MIC (strength),MIC-p^2 (nonlinearity),MAS (non-monotonicity),MEV (functionality),MCN (complexity),Linear regression (p)
all,rl,0.47013,0.07842898,0.08001,0.4623,4.807355,0.6258602
mit,rl,0.2437,0.24369901,0.04486999,0.23173,4.807355,-9.911527E-4
mit,all,0.23558,0.22398885,0.047539994,0.22311,4.807355,0.107662216
all,call4,0.19504,0.118580244,0.041460007,0.18436,4.807355,0.27651358
mit,call4,0.17078,0.1563491,0.051920004,0.1598,4.807355,0.12012869
call4,rl,0.16057,0.13517651,0.032639995,0.15815,4.807355,0.15935335
