X var,Y var,MIC (strength),MIC-p^2 (nonlinearity),MAS (non-monotonicity),MEV (functionality),MCN (complexity),Linear regression (p)
all,rl,0.3205,0.23683277,0.10697998,0.3205,4.321928,0.28925285
mit,rl,0.24998,0.24780177,0.11834,0.24998,4.321928,-0.04667157
mit,all,0.21581,0.19491878,0.050299995,0.21581,4.321928,0.14453794
all,call4,0.19125,0.19077404,0.10581999,0.19125,4.321928,0.021816589
mit,call4,0.18949,0.18764788,0.122820005,0.18949,4.321928,-0.042919997
call4,rl,0.15142,0.13959873,0.077709995,0.15142,4.321928,0.10872568
