X var,Y var,MIC (strength),MIC-p^2 (nonlinearity),MAS (non-monotonicity),MEV (functionality),MCN (complexity),Linear regression (p)
all,rl,0.31893,0.23157504,0.07942,0.30675,4.0,0.29555872
mit,rl,0.26246,0.24530709,0.09959999,0.23049,4.0,-0.13096912
mit,all,0.17926,0.16992632,0.044710003,0.15344,4.0,-0.09661096
mit,call4,0.0736,-0.024701566,0.0,0.0736,2.0,0.3135308
call4,rl,0.049,0.048834246,0.038009997,0.049,2.5849626,-0.012874584
all,call4,0.049,0.048805553,0.03658,0.049,2.5849626,-0.013944321
