X var,Y var,MIC (strength),MIC-p^2 (nonlinearity),MAS (non-monotonicity),MEV (functionality),MCN (complexity),Linear regression (p)
mit,call4,0.26181,0.22755954,0.13901001,0.26181,4.321928,-0.18506883
all,rl,0.26019,0.24193193,0.075179994,0.26019,4.321928,0.13512248
mit,all,0.25744,0.2476334,0.0905,0.25744,4.321928,0.099028274
mit,rl,0.20845,0.19321643,0.028840005,0.20845,4.321928,-0.123424366
call4,rl,0.15609,0.109924614,0.08653001,0.15609,4.321928,0.21486133
all,call4,0.15523,0.15503943,0.086770006,0.15523,4.321928,-0.013804659
