X var,Y var,MIC (strength),MIC-p^2 (nonlinearity),MAS (non-monotonicity),MEV (functionality),MCN (complexity),Linear regression (p)
all,rl,0.51768,0.043505758,0.07590997,0.50143,4.321928,0.6886031
mit,rl,0.29437,0.28628308,0.05437,0.27196,4.321928,-0.08992735
mit,all,0.28799,0.27029887,0.03165999,0.26131,4.321928,-0.13300799
mit,call4,0.18586,0.14105894,0.13138999,0.17775,4.321928,-0.21166259
all,call4,0.14095,0.13486192,0.11555,0.14095,3.5849626,0.07802609
call4,rl,0.09137,0.0900959,0.06482,0.09137,3.807355,0.035694595
