X var,Y var,MIC (strength),MIC-p^2 (nonlinearity),MAS (non-monotonicity),MEV (functionality),MCN (complexity),Linear regression (p)
all,rl,0.37396,0.26711053,0.034840003,0.37396,4.321928,0.32687837
mit,call4,0.25177,0.18140087,0.11713,0.25177,4.321928,0.2652718
mit,rl,0.24893,0.21825492,0.08249001,0.24893,4.321928,-0.17514305
all,call4,0.21309,0.21275994,0.12092,0.21309,4.321928,0.018167593
call4,rl,0.20401,0.20371458,0.086169995,0.20401,4.321928,-0.017187478
mit,all,0.19634,0.19613674,0.03592,0.19634,4.321928,-0.014256743
