X var,Y var,MIC (strength),MIC-p^2 (nonlinearity),MAS (non-monotonicity),MEV (functionality),MCN (complexity),Linear regression (p)
all,rl,0.69866,-0.047213316,0.09073001,0.69866,4.169925,0.8636396
mit,all,0.38768,0.37552616,0.09838,0.36744,4.321928,-0.11024441
mit,rl,0.3128,0.30973157,0.030330002,0.28316,4.321928,-0.05539341
mit,call4,0.22377,0.15981552,0.15192999,0.20164,4.321928,-0.2528922
all,call4,0.20451,0.1346257,0.124000005,0.19331,4.321928,0.2643564
call4,rl,0.20267,0.14385252,0.12957999,0.19029,4.321928,0.24252315
