X var,Y var,MIC (strength),MIC-p^2 (nonlinearity),MAS (non-monotonicity),MEV (functionality),MCN (complexity),Linear regression (p)
all,rl,0.33797,0.094947755,0.06389001,0.32807,4.321928,0.49297285
mit,all,0.25062,0.24165022,0.0494,0.22263,4.321928,-0.09470894
mit,rl,0.24443,0.23109102,0.10757001,0.21911,4.321928,-0.11549448
mit,call4,0.05532,0.052310992,0.040909998,0.05532,2.5849626,-0.054854427
all,call4,0.04267,0.039019603,0.02024,0.04267,2.5849626,-0.0604185
call4,rl,0.02389,0.021679757,0.01469,0.02389,2.5849626,-0.047013223
