X var,Y var,MIC (strength),MIC-p^2 (nonlinearity),MAS (non-monotonicity),MEV (functionality),MCN (complexity),Linear regression (p)
all,rl,0.43853,-0.04068315,0.10124999,0.42229,4.321928,0.6922522
mit,all,0.37237,0.3592032,0.050620005,0.34934,4.321928,-0.11474679
mit,rl,0.31495,0.12475468,0.05037999,0.31495,4.169925,-0.43611386
all,call4,0.25402,0.24016179,0.16198,0.23004,4.321928,-0.11772091
call4,rl,0.20039,0.19744915,0.106479995,0.18641,4.321928,0.054229535
mit,call4,0.19655,0.19233152,0.07977,0.17723,4.321928,-0.06494979
