X var,Y var,MIC (strength),MIC-p^2 (nonlinearity),MAS (non-monotonicity),MEV (functionality),MCN (complexity),Linear regression (p)
all,rl,0.48155,0.027719557,0.05212,0.47868,4.807355,0.6736694
mit,rl,0.32552,0.23243025,0.06820002,0.31352,4.807355,-0.30510613
mit,all,0.27052,0.24944888,0.0449,0.26098,4.807355,-0.14515895
all,call4,0.21917,-0.14020103,0.15882,0.20869,4.807355,0.5994756
mit,call4,0.17975,0.17974624,0.16367,0.16927,4.807355,0.0019391004
call4,rl,0.16633,0.059139155,0.13029,0.15261,4.807355,0.32740012
