X var,Y var,MIC (strength),MIC-p^2 (nonlinearity),MAS (non-monotonicity),MEV (functionality),MCN (complexity),Linear regression (p)
all,rl,0.56214,0.39613217,0.087579995,0.55784,4.3923173,-0.40744057
mit,all,0.48731,0.19959557,0.11609998,0.48731,4.4594316,0.5363902
mit,rl,0.28916,0.24279554,0.08520001,0.28916,4.4594316,-0.2153241
call4,rl,0.11563,0.098100826,0.08437,0.11563,3.807355,0.13239779
all,call4,0.11563,0.1121883,0.0983,0.11563,3.807355,-0.058666024
mit,call4,0.11563,0.062469598,0.065510005,0.11563,3.807355,-0.2305654
