X var,Y var,MIC (strength),MIC-p^2 (nonlinearity),MAS (non-monotonicity),MEV (functionality),MCN (complexity),Linear regression (p)
mit,call4,0.40033,0.3615648,0.21297,0.37536,4.321928,-0.19688886
all,rl,0.37487,-0.11891103,0.06805,0.3568,4.321928,0.70269555
all,call4,0.28228,0.28073826,0.17686,0.2579,4.321928,-0.039264936
mit,rl,0.23701,0.21992795,0.026990004,0.21543,4.321928,-0.13069834
call4,rl,0.23625,0.23608927,0.13062,0.21301,4.321928,0.012677462
mit,all,0.19823,0.18717968,0.018969998,0.17703,4.321928,-0.1051205
