X var,Y var,MIC (strength),MIC-p^2 (nonlinearity),MAS (non-monotonicity),MEV (functionality),MCN (complexity),Linear regression (p)
all,rl,0.28943,-0.29279414,0.08221999,0.27301,4.321928,0.76303613
mit,all,0.24619,0.23192246,0.07214001,0.23115,4.321928,-0.11944677
mit,rl,0.20875,0.17839885,0.054549992,0.20324,4.321928,-0.17421581
mit,call4,0.09794,0.097723074,0.089889996,0.09794,3.321928,0.01472844
all,call4,0.05996,0.059430253,0.0427,0.05996,3.321928,-0.02301621
call4,rl,0.037,0.036590196,0.02251,0.037,3.321928,-0.020243604
