X var,Y var,MIC (strength),MIC-p^2 (nonlinearity),MAS (non-monotonicity),MEV (functionality),MCN (complexity),Linear regression (p)
all,rl,0.4095,-0.004743099,0.04493001,0.40937,4.321928,0.6436172
mit,all,0.25551,0.25226516,0.03784,0.24363,4.321928,-0.05696345
mit,rl,0.24964,0.24460347,0.12648001,0.22781,4.321928,-0.07096854
mit,call4,0.19152,0.19105387,0.14465001,0.18327,4.321928,-0.021590393
all,call4,0.11824,0.11693002,0.1017,0.11657,4.321928,-0.03619361
call4,rl,0.02419,0.018472383,0.0,0.02419,2.0,-0.07561492
