X var,Y var,MIC (strength),MIC-p^2 (nonlinearity),MAS (non-monotonicity),MEV (functionality),MCN (complexity),Linear regression (p)
all,rl,0.3995,-0.32396692,0.046199992,0.38678,4.807355,0.8505686
call4,rl,0.2288,0.006134391,0.07614,0.21692,4.807355,0.47187456
mit,all,0.22142,0.20148991,0.05459,0.21165,4.807355,-0.14117397
mit,rl,0.21911,0.14529479,0.040239997,0.20831,4.807355,-0.27168956
mit,call4,0.21845,0.14096648,0.048149988,0.2104,4.807355,-0.2783586
all,call4,0.19249,0.08325033,0.10189,0.17702,4.807355,0.33051425
