X var,Y var,MIC (strength),MIC-p^2 (nonlinearity),MAS (non-monotonicity),MEV (functionality),MCN (complexity),Linear regression (p)
all,rl,0.36732,0.13136515,0.03501001,0.35456,4.807355,0.48575184
mit,call4,0.22859,0.21142845,0.09318,0.21811,4.807355,-0.1310021
mit,all,0.22431,0.21751097,0.034339994,0.21183,4.807355,0.082456216
mit,rl,0.20749,0.20312169,0.023560002,0.1947,4.807355,-0.06609314
call4,rl,0.1848,0.16136621,0.074599996,0.17429,4.807355,0.153081
all,call4,0.1812,0.11556263,0.024519999,0.17124,4.807355,0.2561979
