X var,Y var,MIC (strength),MIC-p^2 (nonlinearity),MAS (non-monotonicity),MEV (functionality),MCN (complexity),Linear regression (p)
all,rl,0.49119,0.0085140765,0.07178998,0.49119,4.0,0.6947488
mit,all,0.23112,0.1967088,0.026120007,0.21872,4.807355,0.1855026
all,call4,0.19406,0.07685937,0.036630005,0.18288,4.807355,0.34234577
call4,rl,0.17648,0.08947035,0.039769992,0.16721,4.807355,0.29497397
mit,call4,0.1763,0.17459011,0.04692,0.16489,4.807355,-0.04135087
mit,rl,0.17561,0.17436822,0.0154,0.16097,4.807355,-0.03523893
