X var,Y var,MIC (strength),MIC-p^2 (nonlinearity),MAS (non-monotonicity),MEV (functionality),MCN (complexity),Linear regression (p)
all,rl,0.41551,0.018626899,0.08491999,0.40154,4.807355,0.6299866
mit,call4,0.24875,0.24544233,0.18032,0.24589,4.807355,-0.05751234
mit,rl,0.22246,0.2011259,0.017249994,0.21074,4.807355,-0.14606196
call4,rl,0.20501,0.2048636,0.16547999,0.19784,4.807355,0.012099799
mit,all,0.1906,0.18937722,0.024889998,0.18089,4.807355,0.034968264
all,call4,0.18107,0.17825331,0.15874,0.17368,4.807355,-0.053072523
