X var,Y var,MIC (strength),MIC-p^2 (nonlinearity),MAS (non-monotonicity),MEV (functionality),MCN (complexity),Linear regression (p)
all,rl,0.56611,-0.0343951,0.0803,0.51803,4.321928,0.77492267
mit,all,0.23392,0.23241378,0.059600003,0.21771,4.321928,0.038809903
mit,rl,0.19374,0.1914678,0.024439998,0.17748,4.321928,-0.04766747
mit,call4,0.17647,0.17485058,0.13275,0.17647,4.169925,-0.04024189
all,call4,0.13079,-0.029141858,0.07334,0.13079,3.807355,0.3999148
call4,rl,0.08556,-0.29038256,0.028110001,0.08556,3.807355,0.61314154
