X var,Y var,MIC (strength),MIC-p^2 (nonlinearity),MAS (non-monotonicity),MEV (functionality),MCN (complexity),Linear regression (p)
all,rl,0.56061,0.3536731,0.03348002,0.56061,4.4594316,0.45490316
mit,all,0.37083,0.33491802,0.071420014,0.37083,4.4594316,0.1895046
mit,rl,0.24144,0.16227421,0.025629997,0.24144,4.4594316,0.28136417
call4,rl,0.11563,0.10500954,0.08826,0.11563,3.807355,-0.10305561
mit,call4,0.11563,0.091446266,0.05438,0.11563,3.807355,-0.1555112
all,call4,0.10526,0.10256798,0.066819996,0.10526,3.807355,-0.05188469
