X var,Y var,MIC (strength),MIC-p^2 (nonlinearity),MAS (non-monotonicity),MEV (functionality),MCN (complexity),Linear regression (p)
all,rl,0.52456,-0.02482766,0.036819965,0.52456,4.321928,0.7412069
mit,rl,0.30084,0.23548764,0.065990016,0.30084,4.321928,-0.25564107
mit,all,0.25968,0.23268935,0.014380008,0.25968,4.321928,-0.16428831
mit,call4,0.23626,0.12196553,0.09131999,0.23626,4.321928,-0.33807465
call4,rl,0.23317,0.08618346,0.05066,0.23317,4.321928,0.38338825
all,call4,0.22472,0.20813216,0.12287,0.22472,4.321928,0.12879379
