X var,Y var,MIC (strength),MIC-p^2 (nonlinearity),MAS (non-monotonicity),MEV (functionality),MCN (complexity),Linear regression (p)
all,rl,0.46635,0.20550373,0.061339974,0.45502,4.807355,0.5107311
mit,rl,0.37888,0.2994738,0.07932,0.37179,4.807355,-0.28179106
mit,all,0.29269,0.2827426,0.045250013,0.28045,4.807355,-0.09973669
mit,call4,0.1644,0.16269003,0.123849995,0.15439,4.807355,-0.041351795
call4,rl,0.16108,0.07236047,0.10166,0.15582,4.807355,0.29785824
all,call4,0.15779,0.11031738,0.10171001,0.14664,4.807355,0.21788214
