X var,Y var,MIC (strength),MIC-p^2 (nonlinearity),MAS (non-monotonicity),MEV (functionality),MCN (complexity),Linear regression (p)
all,rl,0.54831,0.09808904,0.03377998,0.52657,4.321928,0.67098504
mit,all,0.28484,0.28124687,0.064840004,0.27056,4.321928,-0.059942685
mit,rl,0.28041,0.2796765,0.040659994,0.25968,4.321928,0.027083145
mit,call4,0.22471,0.17517301,0.15,0.20649,4.321928,-0.22256906
all,call4,0.21979,0.21584813,0.16839999,0.20521,4.321928,0.06278426
call4,rl,0.15963,0.1586183,0.09937,0.14853,4.321928,0.031807315
