X var,Y var,MIC (strength),MIC-p^2 (nonlinearity),MAS (non-monotonicity),MEV (functionality),MCN (complexity),Linear regression (p)
all,rl,0.43476,0.24980225,0.10699001,0.43476,4.321928,0.43006715
mit,all,0.2903,0.2321023,0.10182001,0.2903,4.321928,-0.24124202
mit,call4,0.28452,0.23146732,0.17779,0.28452,4.321928,-0.23033167
mit,rl,0.25949,0.23642994,0.092240006,0.25949,4.321928,-0.15185544
all,call4,0.23344,0.23321156,0.09991999,0.23344,4.321928,-0.015114206
call4,rl,0.21987,0.16403852,0.062110007,0.21987,4.321928,0.23628686
