X var,Y var,MIC (strength),MIC-p^2 (nonlinearity),MAS (non-monotonicity),MEV (functionality),MCN (complexity),Linear regression (p)
all,rl,0.49464,-0.28372854,0.13367999,0.47932,4.321928,0.882252
mit,all,0.21012,0.19775203,0.03793001,0.18584,4.321928,0.11121138
mit,rl,0.18798,0.18203865,0.035860002,0.17402,4.321928,-0.077080175
mit,call4,0.1786,0.17455968,0.099929996,0.16561,4.321928,-0.06356345
all,call4,0.15298,-0.28137898,0.06368,0.1396,4.321928,0.65905917
call4,rl,0.13904,-0.4721275,0.047369994,0.13214,4.321928,0.781772
