X var,Y var,MIC (strength),MIC-p^2 (nonlinearity),MAS (non-monotonicity),MEV (functionality),MCN (complexity),Linear regression (p)
mit,all,0.27121,0.22654653,0.06424001,0.25164,4.4594316,-0.2113374
all,rl,0.24737,-0.14488211,0.03569001,0.23464,4.4594316,0.62630033
mit,rl,0.18852,0.1862234,0.11802,0.17239,4.4594316,-0.04792277
all,call4,0.0897,0.048485633,0.05494,0.0897,3.321928,0.20301321
mit,call4,0.0897,0.08573789,0.07372,0.0897,3.321928,-0.06294525
call4,rl,0.05783,0.0042530373,0.023829997,0.05783,3.321928,0.23146698
