X var,Y var,MIC (strength),MIC-p^2 (nonlinearity),MAS (non-monotonicity),MEV (functionality),MCN (complexity),Linear regression (p)
all,rl,0.28491,-0.048296094,0.05257,0.28491,4.321928,0.57724005
mit,rl,0.24636,0.21904951,0.08731,0.24636,4.321928,-0.16525888
mit,all,0.23381,0.21839581,0.07770999,0.23381,4.321928,-0.12415384
mit,call4,0.20569,0.17964885,0.1096,0.20569,4.321928,-0.16137272
all,call4,0.19594,0.19498393,0.12658,0.19594,4.321928,0.030920325
call4,rl,0.18145,0.12737441,0.07654999,0.18145,4.321928,0.23254158
