X var,Y var,MIC (strength),MIC-p^2 (nonlinearity),MAS (non-monotonicity),MEV (functionality),MCN (complexity),Linear regression (p)
all,rl,0.38088,-0.27806175,0.017309994,0.37166,4.807355,0.81175226
all,call4,0.2277,0.078722715,0.113409996,0.21502,4.807355,0.38597575
mit,all,0.21808,0.21604015,0.022610001,0.20697,4.807355,-0.045164663
mit,rl,0.21705,0.15982014,0.05775,0.20499,4.807355,-0.23922765
call4,rl,0.20494,-0.16601284,0.09256001,0.1946,4.807355,0.609059
mit,call4,0.20414,0.15391806,0.03223999,0.19226,4.807355,-0.22410253
