X var,Y var,MIC (strength),MIC-p^2 (nonlinearity),MAS (non-monotonicity),MEV (functionality),MCN (complexity),Linear regression (p)
all,rl,0.49578,-0.43835938,0.054289997,0.48386,4.321928,0.96650887
mit,rl,0.22549,0.22150397,0.08667,0.2025,4.321928,-0.06313502
mit,call4,0.19152,0.18926492,0.14711,0.18586,4.321928,-0.04748769
mit,all,0.18675,0.18504204,0.047720008,0.17115,4.321928,-0.041327424
all,call4,0.12982,-0.44611454,0.047510006,0.12982,3.5849626,0.7589035
call4,rl,0.11426,-0.48575324,0.031950004,0.11426,3.321928,0.7746052
