X var,Y var,MIC (strength),MIC-p^2 (nonlinearity),MAS (non-monotonicity),MEV (functionality),MCN (complexity),Linear regression (p)
all,rl,0.26021,0.09760985,0.052650005,0.24277,4.4594316,0.4032371
all,call4,0.253,0.24237707,0.19601999,0.22673,4.4594316,0.10306752
mit,all,0.24002,0.10013911,0.025240004,0.22193,4.4594316,-0.37400654
mit,call4,0.2048,0.19761641,0.16323,0.186,4.4594316,-0.08475601
mit,rl,0.18883,0.18702522,0.049289994,0.17203,4.4594316,-0.042482827
call4,rl,0.11556,0.06605481,0.043230005,0.10928,4.4594316,0.22249761
