X var,Y var,MIC (strength),MIC-p^2 (nonlinearity),MAS (non-monotonicity),MEV (functionality),MCN (complexity),Linear regression (p)
all,rl,0.51474,0.0010411143,0.03854999,0.51474,4.169925,0.7167279
mit,call4,0.26018,0.24658428,0.18702999,0.2419,4.321928,-0.11660067
mit,all,0.24678,0.23365195,0.07599999,0.22532,4.321928,-0.114577696
mit,rl,0.22829,0.22753668,0.09762001,0.21071,4.321928,0.027446948
all,call4,0.20369,0.18779105,0.16475001,0.18094,4.321928,-0.12609106
call4,rl,0.14175,0.13611336,0.09549999,0.12309,4.321928,-0.07507755
