X var,Y var,MIC (strength),MIC-p^2 (nonlinearity),MAS (non-monotonicity),MEV (functionality),MCN (complexity),Linear regression (p)
all,rl,0.29149,-0.42608675,0.11451998,0.28004,4.321928,0.847099
mit,all,0.23715,0.22580968,0.039349988,0.22047,4.321928,-0.10649095
mit,rl,0.19056,0.18527366,0.031649992,0.17641,4.321928,-0.07270722
mit,call4,0.18394,0.18077274,0.13839999,0.17351,4.321928,-0.056278355
all,call4,0.12166,0.12084204,0.0961,0.12166,4.169925,-0.028600026
call4,rl,0.10727,0.10709701,0.046710003,0.10727,4.0,0.013152774
