X var,Y var,MIC (strength),MIC-p^2 (nonlinearity),MAS (non-monotonicity),MEV (functionality),MCN (complexity),Linear regression (p)
all,rl,0.35147,-0.023771197,0.047030002,0.33653,4.321928,0.61256933
mit,all,0.25983,0.19987142,0.06448001,0.24107,4.321928,-0.24486442
mit,rl,0.22837,0.21949503,0.03555,0.20511,4.321928,-0.094207026
mit,call4,0.21383,0.20318872,0.13915999,0.19252,4.321928,0.1031566
call4,rl,0.19345,0.19341473,0.13375,0.17571,4.321928,-0.0059394473
all,call4,0.1883,0.17428803,0.13772,0.16891,4.321928,-0.11837212
