X var,Y var,MIC (strength),MIC-p^2 (nonlinearity),MAS (non-monotonicity),MEV (functionality),MCN (complexity),Linear regression (p)
all,rl,0.48268,0.30412236,0.076029986,0.47208,4.807355,0.4225608
mit,all,0.38553,0.32589903,0.089129984,0.37352,4.807355,-0.2441945
mit,rl,0.37433,0.27582866,0.04062,0.36146,4.807355,-0.31384927
all,call4,0.2066,0.14194945,0.10978,0.20043,4.807355,0.2542647
mit,call4,0.18153,0.18085894,0.15274,0.17538,4.807355,0.02590472
call4,rl,0.13862,0.12098579,0.07001001,0.134,4.807355,0.13279387
