X var,Y var,MIC (strength),MIC-p^2 (nonlinearity),MAS (non-monotonicity),MEV (functionality),MCN (complexity),Linear regression (p)
all,rl,0.44076,-0.013258576,0.06535998,0.44076,4.70044,0.673809
mit,rl,0.22309,0.22102232,0.07994999,0.21252,4.807355,-0.04547157
mit,all,0.2228,0.2054397,0.009750001,0.21275,4.807355,0.13175848
mit,call4,0.20033,0.17906123,0.15811001,0.1916,4.807355,-0.14583816
all,call4,0.19298,0.18663378,0.16959001,0.1839,4.807355,0.07966319
call4,rl,0.11752,0.08685505,0.06399,0.10795,4.807355,0.17511411
