X var,Y var,MIC (strength),MIC-p^2 (nonlinearity),MAS (non-monotonicity),MEV (functionality),MCN (complexity),Linear regression (p)
all,rl,0.42209,-0.06699467,0.027919978,0.41435,4.807355,0.6993459
mit,rl,0.30593,0.26872218,0.062350005,0.2999,4.807355,-0.19289327
mit,all,0.25215,0.2406247,0.033149987,0.24039,4.807355,-0.107355975
mit,call4,0.18312,0.17209385,0.15416,0.17078,4.807355,0.10500546
all,call4,0.17655,0.12833664,0.11613,0.16768,4.807355,0.2195754
call4,rl,0.1451,0.1308357,0.09975,0.13741,4.807355,0.119433224
