X var,Y var,MIC (strength),MIC-p^2 (nonlinearity),MAS (non-monotonicity),MEV (functionality),MCN (complexity),Linear regression (p)
all,rl,0.45326,0.11290422,0.050860018,0.45326,4.321928,0.5834002
mit,rl,0.29886,0.24709953,0.09983,0.29886,4.321928,-0.22750929
mit,all,0.2452,0.20174742,0.014559999,0.2452,4.321928,-0.2084528
mit,call4,0.21588,0.12802891,0.07170001,0.21588,4.321928,-0.29639685
call4,rl,0.19259,0.09101123,0.025719993,0.19259,4.321928,0.31871423
all,call4,0.17844,0.15764026,0.043170005,0.17844,4.321928,0.14422114
