X var,Y var,MIC (strength),MIC-p^2 (nonlinearity),MAS (non-monotonicity),MEV (functionality),MCN (complexity),Linear regression (p)
all,rl,0.60253,0.17117324,0.14604,0.60253,4.321928,0.65677756
mit,all,0.31201,0.26796773,0.13547,0.31201,4.321928,-0.20986246
mit,call4,0.27707,0.15585923,0.13363999,0.27707,4.321928,-0.34815335
mit,rl,0.24823,0.24235666,0.058290005,0.24823,4.321928,-0.07663772
call4,rl,0.22,0.19704531,0.08883999,0.22,4.321928,0.15150806
all,call4,0.17897,0.17852092,0.100499995,0.17897,4.321928,-0.021191258
