X var,Y var,MIC (strength),MIC-p^2 (nonlinearity),MAS (non-monotonicity),MEV (functionality),MCN (complexity),Linear regression (p)
mit,rl,0.52015,0.4856486,0.11453998,0.512,4.807355,-0.18574557
all,rl,0.4175,0.048505425,0.051249996,0.41176,4.807355,0.60744923
call4,rl,0.28307,0.056302324,0.05534999,0.28307,4.321928,0.4762013
all,call4,0.22855,0.13588984,0.044990003,0.21753,4.807355,0.3044013
mit,all,0.2276,0.22146311,0.019930005,0.21491,4.807355,0.07833825
mit,call4,0.22025,0.17156437,0.06729,0.21703,4.807355,-0.22064818
