X var,Y var,MIC (strength),MIC-p^2 (nonlinearity),MAS (non-monotonicity),MEV (functionality),MCN (complexity),Linear regression (p)
all,rl,0.29755,0.013603687,0.018669993,0.28587,4.807355,0.5328661
mit,all,0.23389,0.22626527,0.02335,0.22153,4.807355,0.08731967
all,call4,0.22923,0.14912093,0.11276,0.21727,4.807355,0.28303546
mit,rl,0.20462,0.18013054,0.021259993,0.19078,4.807355,-0.15649109
call4,rl,0.19745,0.087188564,0.033329993,0.18317,4.807355,0.33205637
mit,call4,0.19387,0.17801651,0.08112999,0.18404,4.807355,-0.12591062
