X var,Y var,MIC (strength),MIC-p^2 (nonlinearity),MAS (non-monotonicity),MEV (functionality),MCN (complexity),Linear regression (p)
all,rl,0.45487,0.02446726,0.07043001,0.4457,4.807355,0.65605086
mit,rl,0.31364,0.29644352,0.05232002,0.29457,4.7548876,-0.13113536
mit,call4,0.31111,0.16475089,0.18809998,0.30181,4.807355,-0.38256907
mit,all,0.28648,0.23672158,0.042730004,0.27377,4.807355,0.223066
call4,rl,0.28007,0.26827937,0.22896,0.26601,4.807355,-0.10858464
all,call4,0.25369,0.23294829,0.15861,0.24204,4.807355,-0.14401984
