X var,Y var,MIC (strength),MIC-p^2 (nonlinearity),MAS (non-monotonicity),MEV (functionality),MCN (complexity),Linear regression (p)
all,rl,0.49284,0.10097924,0.113599986,0.47223,4.4594316,0.6259878
call4,rl,0.43966,-0.05752954,0.1117,0.43966,3.807355,0.7051167
all,call4,0.36475,0.105697334,0.10091999,0.34865,4.4594316,0.50897217
mit,rl,0.28853,0.2546317,0.11348,0.27715,4.4594316,0.18411493
mit,all,0.23497,0.21518764,0.03130001,0.2211,4.4594316,0.14064977
mit,call4,0.22989,0.22988506,0.10655,0.2128,4.4594316,-0.0022234418
