X var,Y var,MIC (strength),MIC-p^2 (nonlinearity),MAS (non-monotonicity),MEV (functionality),MCN (complexity),Linear regression (p)
all,rl,0.62468,-0.13896173,0.06797001,0.62277,4.321928,0.87386596
all,call4,0.37726,-0.06392437,0.124139994,0.35914,4.321928,0.6642171
call4,rl,0.32358,-0.16678938,0.08567999,0.29957,4.321928,0.7002638
mit,all,0.278,0.25674444,0.061690003,0.26087,4.321928,-0.14579289
mit,rl,0.27505,0.22609518,0.0701,0.26444,4.321928,-0.22125739
mit,call4,0.2674,0.20362401,0.14302,0.25099,4.321928,-0.25253907
