X var,Y var,MIC (strength),MIC-p^2 (nonlinearity),MAS (non-monotonicity),MEV (functionality),MCN (complexity),Linear regression (p)
all,rl,0.53298,-0.0075030923,0.11723,0.53298,4.321928,0.73517555
mit,call4,0.36086,0.09087312,0.07093999,0.36086,4.321928,-0.5196026
mit,all,0.23788,0.1874433,0.048309997,0.23788,4.321928,-0.22458117
mit,rl,0.22899,0.22695428,0.045319997,0.22899,4.321928,-0.045119014
all,call4,0.21787,0.21226451,0.1431,0.21787,4.321928,-0.07486982
call4,rl,0.19898,0.18073213,0.055509992,0.19898,4.321928,-0.1350847
