X var,Y var,MIC (strength),MIC-p^2 (nonlinearity),MAS (non-monotonicity),MEV (functionality),MCN (complexity),Linear regression (p)
all,rl,0.31829,0.08690663,0.040340006,0.3064,4.807355,0.48102325
mit,rl,0.24372,0.15819569,0.03293,0.23349,4.807355,-0.2924454
mit,all,0.22903,0.19322173,0.02541,0.21534,4.807355,0.18923071
call4,rl,0.22883,0.22662431,0.14282,0.21942,4.807355,-0.046964735
mit,call4,0.22113,0.21566513,0.14313,0.20853,4.807355,-0.073924765
all,call4,0.19908,0.18469653,0.10650001,0.18707,4.807355,-0.11993114
