X var,Y var,MIC (strength),MIC-p^2 (nonlinearity),MAS (non-monotonicity),MEV (functionality),MCN (complexity),Linear regression (p)
all,rl,0.47633,0.035400003,0.08882001,0.46442,4.807355,0.6640256
all,call4,0.26802,0.04352881,0.11017001,0.25107,4.807355,0.473805
mit,all,0.23769,0.21544784,0.01753001,0.22545,4.807355,0.14913806
call4,rl,0.23026,0.120236196,0.09904,0.2144,4.807355,0.33169836
mit,rl,0.20717,0.2059731,0.07087,0.19128,4.807355,0.034596045
mit,call4,0.1649,0.16332082,0.045440003,0.1537,4.807355,0.03973896
