X var,Y var,MIC (strength),MIC-p^2 (nonlinearity),MAS (non-monotonicity),MEV (functionality),MCN (complexity),Linear regression (p)
all,rl,0.39411,0.30740649,0.081039995,0.38427,4.807355,0.2944546
mit,all,0.36068,0.3423465,0.068070024,0.34709,4.807355,-0.1354013
mit,rl,0.35005,0.24626654,0.12460001,0.3375,4.807355,-0.3221544
mit,call4,0.16229,0.16012983,0.13591,0.1566,4.807355,0.04647775
all,call4,0.14708,0.123327866,0.09934001,0.14421,4.807355,0.1541173
call4,rl,0.10621,0.10092858,0.0617,0.10621,4.70044,0.07267339
