X var,Y var,MIC (strength),MIC-p^2 (nonlinearity),MAS (non-monotonicity),MEV (functionality),MCN (complexity),Linear regression (p)
all,rl,0.40998,0.19735876,0.12400001,0.40998,4.321928,0.4611087
mit,rl,0.27647,0.25033554,0.16550002,0.27647,4.321928,-0.16166157
mit,all,0.24583,0.20740949,0.06290001,0.24583,4.321928,-0.19601151
mit,call4,0.24117,0.15067148,0.09121001,0.24117,4.321928,-0.30082974
all,call4,0.13361,0.13282773,0.101449996,0.13361,4.321928,0.027969146
call4,rl,0.02611,0.024835857,0.013859999,0.02216,3.9068906,-0.035695158
