X var,Y var,MIC (strength),MIC-p^2 (nonlinearity),MAS (non-monotonicity),MEV (functionality),MCN (complexity),Linear regression (p)
all,rl,0.44401,0.37705514,0.11715001,0.44401,4.4594316,-0.25875637
mit,all,0.22016,0.2201288,0.031399995,0.22016,4.4594316,-0.00558465
mit,rl,0.21769,0.21637934,0.06038001,0.21769,4.4594316,-0.036202967
all,call4,0.11563,0.115394875,0.10594,0.11563,3.807355,-0.015333786
mit,call4,0.11563,0.08816024,0.086610004,0.11563,3.807355,-0.16574004
call4,rl,0.07724,0.07549256,0.06758,0.07724,3.5849626,0.041802317
