X var,Y var,MIC (strength),MIC-p^2 (nonlinearity),MAS (non-monotonicity),MEV (functionality),MCN (complexity),Linear regression (p)
all,rl,0.36564,-0.5004597,0.06119001,0.3459,4.321928,0.93064475
all,call4,0.23816,-0.4721372,0.16804,0.22387,4.321928,0.8427913
call4,rl,0.23465,-0.59579283,0.13182,0.2248,4.321928,0.91128635
mit,call4,0.22611,0.22427493,0.13920999,0.20485,4.321928,-0.042837683
mit,all,0.22037,0.21628839,0.034269996,0.20618,4.321928,-0.06388744
mit,rl,0.2181,0.2102717,0.06903,0.20239,4.321928,-0.08847768
