X var,Y var,MIC (strength),MIC-p^2 (nonlinearity),MAS (non-monotonicity),MEV (functionality),MCN (complexity),Linear regression (p)
all,rl,0.34532,-0.30731684,0.017569989,0.34532,4.321928,0.8078594
mit,call4,0.25748,0.15121397,0.04682,0.25748,4.321928,-0.3259847
mit,rl,0.23409,0.19134618,0.032539994,0.23409,4.321928,-0.20674579
call4,rl,0.22892,0.20927617,0.05054,0.22892,3.5849626,0.14015646
mit,all,0.22805,0.12915823,0.058359995,0.22805,4.321928,-0.31447062
all,call4,0.2024,0.19379738,0.058919996,0.2024,4.321928,0.09275032
