X var,Y var,MIC (strength),MIC-p^2 (nonlinearity),MAS (non-monotonicity),MEV (functionality),MCN (complexity),Linear regression (p)
all,rl,0.3601,0.14240184,0.040939987,0.35185,4.807355,0.46658134
mit,call4,0.30393,0.25294396,0.11827001,0.28901,4.807355,-0.22580093
mit,rl,0.28124,0.27467528,0.021500006,0.27068,4.807355,-0.08102286
call4,rl,0.25592,0.13344848,0.06394999,0.2465,4.807355,0.3499593
all,call4,0.2427,0.20148006,0.08420001,0.23168,4.807355,0.20302695
mit,all,0.20499,0.19027635,0.03750001,0.19227,4.807355,0.12129983
