X var,Y var,MIC (strength),MIC-p^2 (nonlinearity),MAS (non-monotonicity),MEV (functionality),MCN (complexity),Linear regression (p)
all,rl,0.44246,0.114237875,0.082100004,0.44246,4.321928,0.57290673
mit,all,0.38018,0.2822747,0.12716001,0.38018,4.321928,-0.31289825
mit,call4,0.32087,0.18295638,0.14337002,0.32087,4.321928,-0.37136725
mit,rl,0.31735,0.28366125,0.11792,0.31735,4.321928,-0.18354496
call4,rl,0.16917,0.118407466,0.028080001,0.16917,4.321928,0.22530544
all,call4,0.16255,0.15873963,0.037890002,0.16255,4.321928,0.061728206
