X var,Y var,MIC (strength),MIC-p^2 (nonlinearity),MAS (non-monotonicity),MEV (functionality),MCN (complexity),Linear regression (p)
all,rl,0.32161,0.24952011,0.096640006,0.32161,4.321928,0.26849562
mit,call4,0.27078,0.20066947,0.12550999,0.27078,4.321928,-0.26478392
mit,all,0.22816,0.21428111,0.04937999,0.22816,4.321928,0.11780865
mit,rl,0.22757,0.21902625,0.018020004,0.22757,4.321928,-0.092432365
call4,rl,0.19763,0.121238366,0.08433,0.19763,4.321928,0.27639037
all,call4,0.17634,0.17632078,0.117410004,0.17634,4.321928,0.0043840967
