X var,Y var,MIC (strength),MIC-p^2 (nonlinearity),MAS (non-monotonicity),MEV (functionality),MCN (complexity),Linear regression (p)
all,rl,0.396,-0.21172312,0.047750026,0.39045,4.807355,0.779566
all,call4,0.26243,0.26220042,0.12221001,0.25042,4.807355,0.015152145
mit,call4,0.23881,0.13685219,0.06985,0.22432,4.807355,-0.31930834
mit,all,0.23788,0.235339,0.032690004,0.22844,4.807355,0.050408397
mit,rl,0.19597,0.15724212,0.043420002,0.18441,4.807355,-0.196794
call4,rl,0.1455,0.12045832,0.058909997,0.14038,4.807355,0.15824564
