X var,Y var,MIC (strength),MIC-p^2 (nonlinearity),MAS (non-monotonicity),MEV (functionality),MCN (complexity),Linear regression (p)
all,rl,0.41384,-0.12544161,0.058720008,0.40404,4.807355,0.73435795
mit,rl,0.31351,0.25679198,0.079280004,0.29805,4.807355,-0.23815548
mit,call4,0.27522,0.19482672,0.13776001,0.26316,4.807355,-0.2835371
all,call4,0.20568,0.20226829,0.13881001,0.19442,4.807355,-0.0584098
mit,all,0.19092,0.19025533,0.012760006,0.17851,4.807355,0.025781265
call4,rl,0.17733,0.17286363,0.123150006,0.16572,4.807355,0.066830926
