X var,Y var,MIC (strength),MIC-p^2 (nonlinearity),MAS (non-monotonicity),MEV (functionality),MCN (complexity),Linear regression (p)
all,rl,0.42982,-0.12294912,0.06403002,0.42982,4.321928,0.74348444
call4,rl,0.34743,0.19273292,0.06487,0.34743,4.321928,0.3933155
all,call4,0.3091,0.2737489,0.12713,0.3091,4.321928,0.18801889
mit,call4,0.25352,0.07775229,0.11069001,0.25352,4.321928,-0.4192466
mit,all,0.2473,0.24380833,0.015780002,0.2473,4.321928,0.059090402
mit,rl,0.23766,0.21784145,0.05171001,0.23766,4.321928,-0.1407784
