X var,Y var,MIC (strength),MIC-p^2 (nonlinearity),MAS (non-monotonicity),MEV (functionality),MCN (complexity),Linear regression (p)
all,rl,0.49842,0.08183554,0.12694001,0.48298,4.807355,0.64543355
call4,rl,0.35187,0.09920606,0.10054001,0.34124,4.807355,0.5026569
all,call4,0.32424,0.1612357,0.094919994,0.31353,4.807355,0.4037379
mit,rl,0.279,0.24669217,0.09234001,0.26517,4.807355,-0.17974384
mit,call4,0.21758,0.17648432,0.12346,0.20609,4.807355,-0.20272073
mit,all,0.19228,0.19196455,0.036409996,0.18203,4.807355,0.017760834
