X var,Y var,MIC (strength),MIC-p^2 (nonlinearity),MAS (non-monotonicity),MEV (functionality),MCN (complexity),Linear regression (p)
all,rl,0.59725,0.22457674,0.026710004,0.59725,4.321928,0.6104697
mit,call4,0.35404,0.18740812,0.09342998,0.35404,4.321928,-0.4082057
mit,all,0.25259,0.2354506,0.021020003,0.25259,4.321928,-0.13091755
mit,rl,0.24896,0.24864654,0.038639992,0.24896,4.321928,-0.017705014
call4,rl,0.23746,0.23198316,0.1718,0.23746,4.321928,0.07400568
all,call4,0.17445,0.17444691,0.112449996,0.17445,4.321928,-0.0017568327
