X var,Y var,MIC (strength),MIC-p^2 (nonlinearity),MAS (non-monotonicity),MEV (functionality),MCN (complexity),Linear regression (p)
all,rl,0.5299,0.050887376,0.04504001,0.5299,4.321928,0.6921074
all,call4,0.27569,0.27487767,0.17563999,0.27569,4.321928,0.028501468
mit,rl,0.27304,0.20193341,0.05698,0.27304,4.321928,-0.26665816
mit,all,0.22506,0.19051772,0.020549998,0.22506,4.321928,-0.18585551
call4,rl,0.22311,0.22309268,0.12731001,0.22311,4.321928,0.0041638296
mit,call4,0.22259,0.18245992,0.11666,0.22259,4.321928,-0.20032492
