X var,Y var,MIC (strength),MIC-p^2 (nonlinearity),MAS (non-monotonicity),MEV (functionality),MCN (complexity),Linear regression (p)
all,rl,0.53422,0.18887058,0.14763999,0.52581,4.807355,0.58766437
mit,all,0.3855,0.37152025,0.13819,0.3755,4.807355,0.11823606
mit,rl,0.2934,0.28207177,0.13813001,0.28278,4.807355,-0.10643406
mit,call4,0.23377,0.20904827,0.056999996,0.22317,4.807355,0.15723146
call4,rl,0.22809,0.2279999,0.09984,0.21755,4.807355,-0.00949234
all,call4,0.2084,0.20356108,0.028879993,0.19489,4.807355,-0.06956233
