X var,Y var,MIC (strength),MIC-p^2 (nonlinearity),MAS (non-monotonicity),MEV (functionality),MCN (complexity),Linear regression (p)
all,rl,0.36021,0.22286521,0.05256,0.3354,4.0,0.37060058
mit,rl,0.22311,0.20975226,0.033590004,0.20389,4.0,-0.1155757
mit,all,0.20707,0.19343808,0.034559995,0.18619,4.0,-0.11675576
all,call4,0.0736,0.073559806,0.05355,0.0736,2.5849626,0.0063398434
mit,call4,0.0736,0.005107835,0.017860003,0.0736,2.5849626,0.26171008
call4,rl,0.049,0.048782796,0.03854,0.049,2.5849626,-0.014737802
