X var,Y var,MIC (strength),MIC-p^2 (nonlinearity),MAS (non-monotonicity),MEV (functionality),MCN (complexity),Linear regression (p)
all,rl,0.47159,0.037272573,0.07898998,0.47159,4.321928,0.65902764
mit,rl,0.35009,0.22538629,0.11753,0.35009,4.321928,-0.35313413
mit,all,0.30618,0.21888089,0.12782,0.30618,4.321928,-0.29546422
all,call4,0.28151,0.19102229,0.049219996,0.28151,4.321928,0.30081174
call4,rl,0.25151,0.03528516,0.041209996,0.25151,4.321928,0.46499982
mit,call4,0.24788,0.053005546,0.064689994,0.24788,4.321928,-0.44144586
