X var,Y var,MIC (strength),MIC-p^2 (nonlinearity),MAS (non-monotonicity),MEV (functionality),MCN (complexity),Linear regression (p)
all,rl,0.70831,0.024617136,0.076790035,0.70831,4.169925,0.8268572
all,call4,0.34031,0.035749525,0.12958,0.33181,4.321928,0.55187
mit,rl,0.33041,0.30453894,0.12984,0.32022,4.321928,-0.16084485
call4,rl,0.29645,-0.10530931,0.08571999,0.27877,4.321928,0.63384485
mit,call4,0.29528,0.24567333,0.16067001,0.2799,4.321928,-0.22272556
mit,all,0.25262,0.25182912,0.040829994,0.2287,4.321928,-0.028123064
