X var,Y var,MIC (strength),MIC-p^2 (nonlinearity),MAS (non-monotonicity),MEV (functionality),MCN (complexity),Linear regression (p)
all,rl,0.60179,-0.14172173,0.05092001,0.60179,4.169925,0.86227125
mit,all,0.33254,0.3158422,0.06564,0.30999,4.321928,-0.12921993
mit,rl,0.26387,0.25809488,0.03475,0.24819,4.321928,-0.075994186
all,call4,0.19542,0.19038273,0.16396,0.18363,4.321928,-0.07097371
mit,call4,0.1671,0.16658758,0.11982,0.15519,4.321928,-0.022636678
call4,rl,0.08245,0.072900996,0.057110004,0.08201,4.321928,-0.09771901
