X var,Y var,MIC (strength),MIC-p^2 (nonlinearity),MAS (non-monotonicity),MEV (functionality),MCN (complexity),Linear regression (p)
all,rl,0.45804,-0.065172434,0.10453999,0.4466,4.807355,0.72333425
mit,rl,0.32322,0.26462334,0.041999996,0.31077,4.807355,-0.24206752
mit,call4,0.23259,0.19382589,0.12553,0.21828,4.807355,-0.19688606
call4,rl,0.22102,0.21931012,0.17697,0.21159,4.807355,-0.04135071
mit,all,0.2197,0.20934586,0.012889996,0.20528,4.807355,0.10175524
all,call4,0.21355,0.19562449,0.16428,0.2022,4.807355,-0.13388622
