X var,Y var,MIC (strength),MIC-p^2 (nonlinearity),MAS (non-monotonicity),MEV (functionality),MCN (complexity),Linear regression (p)
all,rl,0.50062,0.45588598,0.03599,0.50062,4.321928,-0.21150419
mit,all,0.47595,0.3084104,0.11241001,0.47595,4.4594316,0.409316
all,call4,0.24761,0.23252994,0.18495,0.24761,4.4594316,-0.12280091
mit,rl,0.2462,0.2426586,0.072809994,0.2462,4.4594316,-0.059509635
mit,call4,0.19595,0.14283547,0.1237,0.19595,4.4594316,-0.23046589
call4,rl,0.17997,0.17814973,0.1276,0.17997,4.4594316,0.042664565
