X var,Y var,MIC (strength),MIC-p^2 (nonlinearity),MAS (non-monotonicity),MEV (functionality),MCN (complexity),Linear regression (p)
all,rl,0.53538,0.48505694,0.07293999,0.53538,4.4594316,-0.22432806
mit,all,0.39709,0.30036414,0.04168001,0.39709,4.4594316,0.31100783
mit,rl,0.28068,0.27881774,0.06811999,0.28068,4.4594316,0.04315375
all,call4,0.17342,0.17331277,0.15811999,0.17342,4.169925,-0.010355208
mit,call4,0.17342,0.1731646,0.15354,0.17342,4.4594316,-0.015981019
call4,rl,0.0822,0.08036378,0.058199998,0.0822,3.5849626,-0.0428511
