X var,Y var,MIC (strength),MIC-p^2 (nonlinearity),MAS (non-monotonicity),MEV (functionality),MCN (complexity),Linear regression (p)
mit,all,0.5963,0.14569947,0.06944001,0.5963,4.4594316,0.67126787
all,rl,0.4263,0.30977708,0.11115998,0.4263,4.4594316,-0.34135452
mit,rl,0.31097,0.2899893,0.10048,0.31097,4.4594316,-0.14484723
mit,call4,0.17342,0.1147465,0.10490999,0.17342,4.4594316,-0.24222612
all,call4,0.16306,0.1392602,0.11192,0.16306,4.4594316,-0.1542718
call4,rl,0.13504,0.12904689,0.11435,0.13504,4.321928,-0.077415176
