X var,Y var,MIC (strength),MIC-p^2 (nonlinearity),MAS (non-monotonicity),MEV (functionality),MCN (complexity),Linear regression (p)
all,rl,0.28297,-0.08515662,0.069759995,0.26246,4.4594316,0.6067344
mit,all,0.23913,0.22082658,0.06299001,0.22,4.4594316,-0.13529015
mit,rl,0.18361,0.17303622,0.09871001,0.16781,4.4594316,-0.10282894
call4,rl,0.05055,-0.04948274,0.011359997,0.05055,2.5849626,0.31627953
all,call4,0.05055,0.050534464,0.023529999,0.05055,2.5849626,-0.003941515
mit,call4,0.05055,0.05053596,0.04248,0.05055,2.5849626,0.003746864
