X var,Y var,MIC (strength),MIC-p^2 (nonlinearity),MAS (non-monotonicity),MEV (functionality),MCN (complexity),Linear regression (p)
all,rl,0.45627,0.13145691,0.103300005,0.44955,4.4594316,0.56992376
call4,rl,0.43885,-0.103197396,0.103680015,0.43885,3.5849626,0.73623866
mit,rl,0.28363,0.2824177,0.09523001,0.27281,4.4594316,-0.034818288
mit,all,0.25093,0.19475372,0.038289994,0.23491,4.4594316,-0.23701538
all,call4,0.24217,0.04697062,0.045560002,0.22716,4.4594316,0.44181374
mit,call4,0.2237,0.22312997,0.087689996,0.20433,4.4594316,0.023875393
