X var,Y var,MIC (strength),MIC-p^2 (nonlinearity),MAS (non-monotonicity),MEV (functionality),MCN (complexity),Linear regression (p)
all,rl,0.34575,-0.08241445,0.065100014,0.33477,4.321928,0.6543428
mit,all,0.29954,0.2636314,0.04798001,0.2814,4.321928,-0.18949564
mit,rl,0.28768,0.19885233,0.052880004,0.28768,4.169925,-0.2980397
call4,rl,0.18847,0.18195765,0.09548,0.17774,4.321928,0.08069919
mit,call4,0.16919,0.16918992,0.115650006,0.15731,4.321928,-3.079674E-4
all,call4,0.1645,0.16420458,0.09949,0.15431,4.321928,0.017187465
