X var,Y var,MIC (strength),MIC-p^2 (nonlinearity),MAS (non-monotonicity),MEV (functionality),MCN (complexity),Linear regression (p)
all,rl,0.49482,-0.32188654,0.061149985,0.47317,4.321928,0.9037182
mit,all,0.26207,0.18581906,0.053650007,0.24829,4.321928,-0.27613574
all,call4,0.22674,-0.26456627,0.08612001,0.21211,4.321928,0.70093244
mit,rl,0.22493,0.17414874,0.065179996,0.20904,4.321928,-0.22534697
call4,rl,0.2099,-0.23557027,0.096700005,0.19765,4.321928,0.6674356
mit,call4,0.19013,0.15573056,0.112289995,0.16984,4.321928,-0.18547085
