X var,Y var,MIC (strength),MIC-p^2 (nonlinearity),MAS (non-monotonicity),MEV (functionality),MCN (complexity),Linear regression (p)
mit,all,0.27102,0.1483975,0.03024,0.24269,4.321928,-0.35017493
all,rl,0.26192,0.052102,0.034549996,0.24899,4.321928,0.45805895
mit,rl,0.25213,0.23562306,0.09183,0.23486,4.321928,-0.12847933
mit,call4,0.21706,0.21705982,0.18905,0.20083,4.321928,4.2377223E-4
call4,rl,0.17196,0.17185874,0.11784999,0.16177,4.321928,0.010062457
all,call4,0.15246,0.15218724,0.11598,0.13445,4.321928,-0.016515093
