X var,Y var,MIC (strength),MIC-p^2 (nonlinearity),MAS (non-monotonicity),MEV (functionality),MCN (complexity),Linear regression (p)
all,rl,0.50633,0.17826203,0.10209,0.50633,4.321928,0.5727722
mit,rl,0.37577,0.25051892,0.06904,0.37577,4.321928,0.35390833
call4,rl,0.31101,0.20464662,0.12656,0.31101,4.321928,0.326134
all,call4,0.28165,0.25904083,0.14479001,0.28165,4.321928,0.15036352
mit,call4,0.22872,0.20091544,0.14956999,0.22872,4.321928,0.16674699
mit,all,0.22837,0.22757256,0.045220003,0.22837,4.321928,0.028238988
