X var,Y var,MIC (strength),MIC-p^2 (nonlinearity),MAS (non-monotonicity),MEV (functionality),MCN (complexity),Linear regression (p)
all,rl,0.46292,0.10945603,0.06861001,0.46292,4.321928,0.5945284
mit,rl,0.4306,0.32472065,0.15438,0.4306,4.321928,-0.32539105
all,call4,0.30755,0.30316237,0.24528001,0.30755,4.321928,-0.066239335
mit,call4,0.3051,0.26060176,0.15618,0.3051,4.321928,-0.21094607
mit,all,0.28615,0.27809745,0.072009996,0.28615,4.321928,-0.08973598
call4,rl,0.26932,0.26381898,0.17621002,0.26932,4.321928,0.0741689
