X var,Y var,MIC (strength),MIC-p^2 (nonlinearity),MAS (non-monotonicity),MEV (functionality),MCN (complexity),Linear regression (p)
all,rl,0.42386,-0.45943666,0.053200006,0.41333,4.807355,0.93983865
mit,rl,0.30835,0.2702658,0.13163,0.29551,4.807355,-0.19515176
mit,call4,0.28915,0.21695851,0.10896,0.27659,4.807355,-0.26868474
mit,all,0.22669,0.20694542,0.03437999,0.21337,4.807355,-0.14051537
all,call4,0.19865,-0.035489842,0.12875,0.18862,4.807355,0.48387998
call4,rl,0.19522,-0.12557769,0.093109995,0.18875,4.807355,0.56639004
