X var,Y var,MIC (strength),MIC-p^2 (nonlinearity),MAS (non-monotonicity),MEV (functionality),MCN (complexity),Linear regression (p)
all,rl,0.38138,-0.0088220835,0.038599998,0.37656,4.4594316,0.62466156
mit,rl,0.30999,0.22630543,0.11152999,0.29341,4.4594316,-0.28928286
mit,all,0.27797,0.1877535,0.05202,0.26485,4.4594316,-0.3003606
mit,call4,0.15649,0.12480337,0.08204,0.15649,4.169925,-0.17800738
all,call4,0.14512,0.1450447,0.102199994,0.14512,4.169925,0.008676965
call4,rl,0.13376,0.022469662,0.065910004,0.13376,4.0,0.33360207
