X var,Y var,MIC (strength),MIC-p^2 (nonlinearity),MAS (non-monotonicity),MEV (functionality),MCN (complexity),Linear regression (p)
all,rl,0.26999,0.22431684,0.110029995,0.26999,4.321928,0.2137128
mit,rl,0.22154,0.20874779,0.15891,0.22154,4.321928,-0.113102645
mit,all,0.21848,0.20684552,0.06827001,0.21848,4.321928,-0.10786328
mit,call4,0.16463,0.13436185,0.110999994,0.16463,4.169925,-0.17397743
all,call4,0.10463,0.10361528,0.08485,0.10463,4.169925,0.031854738
call4,rl,0.04124,0.041076917,5.6000054E-4,0.04124,2.5849626,-0.012770375
