X var,Y var,MIC (strength),MIC-p^2 (nonlinearity),MAS (non-monotonicity),MEV (functionality),MCN (complexity),Linear regression (p)
all,rl,0.56696,0.0775049,0.032019973,0.55427,4.321928,0.69961065
mit,call4,0.25697,0.24325657,0.17621998,0.23043,4.321928,-0.11710428
call4,rl,0.24721,0.22959064,0.15247,0.22064,4.321928,0.13273792
all,call4,0.20881,0.19431992,0.08529,0.19214,4.321928,0.12037475
mit,rl,0.18741,0.18312155,0.039689995,0.17559,4.321928,-0.065486215
mit,all,0.1865,0.15732326,0.012589999,0.17214,4.321928,-0.17081203
