X var,Y var,MIC (strength),MIC-p^2 (nonlinearity),MAS (non-monotonicity),MEV (functionality),MCN (complexity),Linear regression (p)
all,rl,0.29211,-0.54070306,0.029359996,0.28297,4.807355,0.9125859
mit,all,0.24648,0.24515878,0.017900005,0.23127,4.807355,-0.03634867
mit,rl,0.23572,0.2179371,0.115839995,0.22638,4.807355,-0.13335253
all,call4,0.18519,-0.55786103,0.099860005,0.17261,4.807355,0.8620041
mit,call4,0.18421,0.17001608,0.08766001,0.17549,4.807355,-0.119138226
call4,rl,0.16646,-0.6957767,0.05149001,0.15796,4.807355,0.928567
