X var,Y var,MIC (strength),MIC-p^2 (nonlinearity),MAS (non-monotonicity),MEV (functionality),MCN (complexity),Linear regression (p)
all,rl,0.40807,0.01871124,0.058670014,0.38141,4.321928,0.6239862
mit,call4,0.2339,0.21715117,0.13341999,0.21939,4.321928,-0.12941729
call4,rl,0.23388,0.17824395,0.11902,0.21423,4.321928,0.23587294
mit,all,0.23328,0.23316512,0.019759998,0.20554,4.321928,-0.010718592
all,call4,0.22775,0.18994503,0.08708,0.21035,4.321928,0.19443502
mit,rl,0.21074,0.21071143,0.06290001,0.19233,4.321928,-0.0053441483
