X var,Y var,MIC (strength),MIC-p^2 (nonlinearity),MAS (non-monotonicity),MEV (functionality),MCN (complexity),Linear regression (p)
all,rl,0.29594,-0.47157183,0.044659987,0.29335,4.807355,0.87607753
mit,call4,0.23771,0.19936872,0.14675,0.22684,4.807355,-0.19580932
mit,all,0.19669,0.19666521,0.013329998,0.1887,4.807355,-0.0049774586
mit,rl,0.19074,0.18016711,0.07382,0.18043,4.807355,-0.10282459
all,call4,0.17688,0.06227552,0.12375,0.16896,4.807355,0.33853284
call4,rl,0.10035,0.05603655,0.05888,0.09814,4.807355,0.2105076
