X var,Y var,MIC (strength),MIC-p^2 (nonlinearity),MAS (non-monotonicity),MEV (functionality),MCN (complexity),Linear regression (p)
all,rl,0.3999,-0.091629,0.13819999,0.38613,4.321928,0.7010913
mit,all,0.30846,0.2860072,0.05215001,0.28896,4.321928,-0.14984259
mit,rl,0.27756,0.20948833,0.04525,0.27756,4.0,-0.26090547
mit,call4,0.20426,0.20278129,0.16513,0.19146,4.321928,0.038454082
all,call4,0.1261,0.12429377,0.085130006,0.12344,4.321928,-0.042499807
call4,rl,0.10983,0.10966493,0.0635,0.10952,4.321928,-0.01284784
