X var,Y var,MIC (strength),MIC-p^2 (nonlinearity),MAS (non-monotonicity),MEV (functionality),MCN (complexity),Linear regression (p)
all,rl,0.37084,0.10727641,0.072500005,0.36266,4.807355,0.51338446
mit,rl,0.29099,0.27980468,0.045559987,0.27918,4.807355,-0.10576066
all,call4,0.21592,0.19769354,0.121810004,0.20359,4.807355,0.1350054
mit,call4,0.18765,0.18280278,0.08235999,0.1767,4.807355,-0.069621965
mit,all,0.18671,0.1828957,0.021340005,0.17623,4.807355,0.061760016
call4,rl,0.15697,0.13262624,0.039019994,0.14851,4.807355,0.15602489
