X var,Y var,MIC (strength),MIC-p^2 (nonlinearity),MAS (non-monotonicity),MEV (functionality),MCN (complexity),Linear regression (p)
mit,all,0.54682,0.19811201,0.11960998,0.54682,4.4594316,0.590515
all,rl,0.39901,0.39806753,0.12443,0.39901,4.4594316,0.030699614
mit,rl,0.27098,0.26896802,0.10923,0.27098,4.4594316,0.04485506
all,call4,0.22005,0.21476793,0.19654001,0.22005,4.4594316,-0.07267791
mit,call4,0.19324,0.18829754,0.17849,0.19324,4.4594316,-0.07030262
call4,rl,0.16941,0.16674145,0.14883001,0.16941,4.4594316,0.05165805
