X var,Y var,MIC (strength),MIC-p^2 (nonlinearity),MAS (non-monotonicity),MEV (functionality),MCN (complexity),Linear regression (p)
all,rl,0.35642,-0.30167535,0.043960005,0.35642,4.321928,0.8112308
mit,call4,0.33751,0.2839335,0.19008999,0.33751,4.321928,-0.231466
mit,rl,0.277,0.19602427,0.09299001,0.277,4.321928,-0.28456238
call4,rl,0.23724,0.23217127,0.08456001,0.23724,4.321928,0.071195
mit,all,0.22118,0.1501844,0.016350001,0.22118,4.321928,-0.26645002
all,call4,0.17006,0.16982779,0.080929995,0.17006,4.321928,-0.015238259
