X var,Y var,MIC (strength),MIC-p^2 (nonlinearity),MAS (non-monotonicity),MEV (functionality),MCN (complexity),Linear regression (p)
mit,rl,0.38768,0.374395,0.037819996,0.38768,4.321928,-0.11526053
all,rl,0.36838,0.12159322,0.05351001,0.36838,4.321928,0.4967764
mit,all,0.32536,0.31201357,0.11665,0.32536,4.321928,-0.11552676
mit,call4,0.22182,0.15841748,0.113809995,0.22182,4.321928,-0.25179857
all,call4,0.18939,0.18900625,0.111320004,0.18939,4.321928,-0.01958934
call4,rl,0.14544,0.14176367,0.028809994,0.14544,4.321928,0.06063267
