X var,Y var,MIC (strength),MIC-p^2 (nonlinearity),MAS (non-monotonicity),MEV (functionality),MCN (complexity),Linear regression (p)
all,rl,0.44581,-0.3826563,0.044730008,0.43667,4.807355,0.91020125
mit,rl,0.27806,0.22546841,0.078749985,0.26609,4.807355,-0.22932853
mit,call4,0.25316,0.18409318,0.058369994,0.24405,4.807355,-0.26280567
mit,all,0.19547,0.17888983,0.038259998,0.18421,4.807355,-0.12876403
call4,rl,0.18659,0.16916293,0.05149001,0.17882,4.807355,0.13201162
all,call4,0.16201,0.16190131,0.060489997,0.15039,4.807355,0.010425544
