X var,Y var,MIC (strength),MIC-p^2 (nonlinearity),MAS (non-monotonicity),MEV (functionality),MCN (complexity),Linear regression (p)
all,rl,0.44808,0.15598068,0.11985001,0.44808,3.5849626,0.54046214
mit,rl,0.36086,0.296356,0.06509,0.36086,4.321928,-0.25397637
mit,all,0.23685,0.20209384,0.053469993,0.23685,4.321928,-0.18643002
all,call4,0.21349,0.21223718,0.15779999,0.21349,4.169925,0.03539504
mit,call4,0.1876,0.1653869,0.13861,0.1876,4.321928,-0.14904062
call4,rl,0.17764,0.15397173,0.09001,0.17764,4.321928,0.15384498
