X var,Y var,MIC (strength),MIC-p^2 (nonlinearity),MAS (non-monotonicity),MEV (functionality),MCN (complexity),Linear regression (p)
all,rl,0.43479,-0.089610845,0.05411002,0.43479,4.321928,0.72415525
mit,call4,0.3045,0.21426612,0.14585002,0.3045,4.321928,-0.30038956
mit,rl,0.25191,0.24575704,0.0679,0.25191,4.321928,0.0784408
mit,all,0.22819,0.21147251,0.051699996,0.22819,4.321928,0.12929612
call4,rl,0.20317,0.2015518,0.14829001,0.20317,4.321928,-0.040226985
all,call4,0.18571,0.17780323,0.12742999,0.18571,4.321928,-0.08891998
