X var,Y var,MIC (strength),MIC-p^2 (nonlinearity),MAS (non-monotonicity),MEV (functionality),MCN (complexity),Linear regression (p)
all,rl,0.34811,-0.11575118,0.03220001,0.33627,4.807355,0.68107355
mit,all,0.22986,0.22674505,0.024299994,0.21756,4.807355,-0.05581169
mit,rl,0.21327,0.20712478,0.02049999,0.1997,4.807355,-0.0783914
all,call4,0.1907,0.1144408,0.12460999,0.18034,4.807355,0.27615067
mit,call4,0.1714,0.16602102,0.09898999,0.16092,4.807355,0.07334148
call4,rl,0.17039,0.13687511,0.09357999,0.16098,4.807355,0.18307072
