X var,Y var,MIC (strength),MIC-p^2 (nonlinearity),MAS (non-monotonicity),MEV (functionality),MCN (complexity),Linear regression (p)
all,rl,0.40986,-0.2651619,0.08159998,0.40986,4.321928,0.82159716
mit,all,0.23994,0.1574721,0.013490006,0.23994,4.321928,-0.28717226
mit,rl,0.20725,0.15546453,0.063889995,0.20725,4.321928,-0.2275642
mit,call4,0.16866,0.12471174,0.1099,0.16866,4.169925,-0.20963842
all,call4,0.14366,0.14182003,0.12615,0.14366,4.0,-0.042894904
call4,rl,0.09877,0.09798463,0.08604,0.09877,4.169925,-0.028024508
