X var,Y var,MIC (strength),MIC-p^2 (nonlinearity),MAS (non-monotonicity),MEV (functionality),MCN (complexity),Linear regression (p)
all,rl,0.54044,0.19541728,0.066029996,0.54044,4.321928,0.58738637
mit,call4,0.42065,0.26933444,0.14126,0.42065,4.321928,-0.38899302
mit,rl,0.31711,0.31604457,0.11789,0.31711,4.321928,-0.03264101
mit,all,0.3142,0.2641165,0.08462,0.3142,4.321928,-0.22379345
call4,rl,0.26873,0.2673423,0.15548001,0.26873,4.321928,-0.037251893
all,call4,0.23093,0.22910148,0.12845999,0.23093,4.321928,0.042761292
