X var,Y var,MIC (strength),MIC-p^2 (nonlinearity),MAS (non-monotonicity),MEV (functionality),MCN (complexity),Linear regression (p)
all,rl,0.90527,0.1694125,0.10053998,0.89736,4.807355,0.85782135
mit,rl,0.45833,0.365724,0.09959,0.44754,4.807355,-0.30431235
mit,all,0.36794,0.34698224,0.065,0.3595,4.807355,-0.14476803
all,call4,0.29512,0.002566278,0.037359983,0.29152,4.807355,0.54088235
call4,rl,0.28505,0.025439441,0.044620007,0.27917,4.807355,0.50951993
mit,call4,0.20404,0.1860547,0.103690006,0.1899,4.807355,0.13410927
