X var,Y var,MIC (strength),MIC-p^2 (nonlinearity),MAS (non-monotonicity),MEV (functionality),MCN (complexity),Linear regression (p)
call4,rl,0.3001,0.28767258,0.15004,0.3001,4.321928,0.11147833
all,rl,0.29334,0.22057581,0.07316999,0.29334,4.321928,0.2697484
mit,rl,0.25076,0.24045667,0.08311999,0.25076,4.321928,-0.10150526
mit,all,0.24044,0.23412815,0.05377999,0.24044,4.321928,0.07944714
all,call4,0.2392,0.2376375,0.11431,0.2392,4.321928,0.039528325
mit,call4,0.20224,0.20221747,0.09762,0.20224,4.321928,0.004746436
