X var,Y var,MIC (strength),MIC-p^2 (nonlinearity),MAS (non-monotonicity),MEV (functionality),MCN (complexity),Linear regression (p)
all,rl,0.28137,-0.109568655,0.044349983,0.26842,4.4594316,0.6252509
mit,all,0.24719,0.18560962,0.053079993,0.22597,4.4594316,-0.24815394
call4,rl,0.22521,0.09310411,0.13719,0.21074,4.4594316,0.36346373
mit,rl,0.2144,0.18373516,0.048489988,0.1937,4.4594316,-0.17511375
mit,call4,0.20138,0.19102688,0.13485,0.1855,4.4594316,-0.101750255
all,call4,0.19646,0.13947031,0.09793999,0.18182,4.4594316,0.23872514
