X var,Y var,MIC (strength),MIC-p^2 (nonlinearity),MAS (non-monotonicity),MEV (functionality),MCN (complexity),Linear regression (p)
all,rl,0.29292,-0.21482253,0.07514,0.29292,4.321928,0.71256053
mit,rl,0.26932,0.2460247,0.09807001,0.26932,4.321928,-0.15262805
mit,call4,0.23685,0.20208791,0.14719,0.23685,4.321928,-0.18644595
call4,rl,0.22322,0.22286798,0.11389001,0.22322,4.321928,0.01876242
all,call4,0.21783,0.21751608,0.17094,0.21783,4.321928,-0.017717898
mit,all,0.21257,0.1822309,0.026319996,0.21257,4.321928,-0.17418122
