X var,Y var,MIC (strength),MIC-p^2 (nonlinearity),MAS (non-monotonicity),MEV (functionality),MCN (complexity),Linear regression (p)
all,rl,0.36154,-0.17672572,0.02520001,0.35349,4.807355,0.73366594
mit,rl,0.24907,0.09566803,0.07276,0.24233,4.807355,-0.39166564
mit,all,0.20327,0.17704138,0.10858,0.1941,4.807355,-0.16195254
mit,call4,0.16914,0.16525881,0.12625,0.16323,4.807355,0.06229912
all,call4,0.08731,0.012600727,0.017579999,0.08645,4.807355,0.27332997
call4,rl,0.06801,0.02690101,0.014850002,0.06691,4.807355,0.20275353
