X var,Y var,MIC (strength),MIC-p^2 (nonlinearity),MAS (non-monotonicity),MEV (functionality),MCN (complexity),Linear regression (p)
mit,all,0.49743,0.48594075,0.18237,0.47467,4.321928,-0.10718788
all,rl,0.32335,0.08813676,0.08271,0.30199,4.321928,0.48498788
mit,rl,0.29052,0.18801525,0.07315999,0.28802,4.321928,-0.32016364
all,call4,0.225,0.21325354,0.16238,0.20822,4.321928,-0.10838108
mit,call4,0.19728,0.19562347,0.13576001,0.17662,4.321928,-0.040700432
call4,rl,0.12554,0.12422159,0.07652,0.11474,4.321928,-0.03630992
