X var,Y var,MIC (strength),MIC-p^2 (nonlinearity),MAS (non-monotonicity),MEV (functionality),MCN (complexity),Linear regression (p)
all,rl,0.55228,0.090690434,0.038640022,0.52993,4.321928,0.67940384
mit,all,0.21573,0.21223086,0.03418,0.19356,4.321928,-0.059153542
mit,rl,0.19671,0.19617163,0.046030004,0.17951,4.321928,0.023202885
mit,call4,0.18269,0.17313443,0.13929999,0.16997,4.321928,0.09775258
all,call4,0.17031,0.16624528,0.142,0.1544,4.321928,-0.06375517
call4,rl,0.12396,0.1238964,0.08369,0.11215,4.321928,-0.007975079
