X var,Y var,MIC (strength),MIC-p^2 (nonlinearity),MAS (non-monotonicity),MEV (functionality),MCN (complexity),Linear regression (p)
all,rl,0.33324,-0.31363675,0.025780007,0.32137,4.807355,0.8042865
mit,all,0.24689,0.24685244,0.027120002,0.23135,4.807355,-0.0061282557
all,call4,0.24047,-0.11497994,0.07135001,0.23039,4.807355,0.59619623
mit,call4,0.18984,0.17621039,0.09386,0.18059,4.807355,-0.11674594
mit,rl,0.17894,0.15961337,0.014750004,0.16677,4.807355,-0.13902022
call4,rl,0.14039,-0.11257915,0.06177999,0.13126,4.807355,0.5029604
