X var,Y var,MIC (strength),MIC-p^2 (nonlinearity),MAS (non-monotonicity),MEV (functionality),MCN (complexity),Linear regression (p)
all,rl,0.31017,0.050172865,0.03470999,0.29755,4.807355,0.50989914
mit,all,0.23966,0.1661381,0.04727,0.22778,4.807355,0.27114922
mit,rl,0.23141,0.20325664,0.037,0.21995,4.807355,-0.16778965
all,call4,0.15649,0.15365046,0.10451999,0.15649,4.70044,-0.053287346
mit,call4,0.15649,0.15474972,0.09539,0.15649,4.4594316,-0.041716643
call4,rl,0.14133,0.1400992,0.10151,0.14133,4.321928,0.035082765
