X var,Y var,MIC (strength),MIC-p^2 (nonlinearity),MAS (non-monotonicity),MEV (functionality),MCN (complexity),Linear regression (p)
all,rl,0.39421,-0.031145543,0.11919001,0.39421,4.321928,0.6521929
mit,rl,0.27325,0.17410439,0.12936002,0.27325,4.321928,-0.31487396
mit,all,0.26244,0.16228527,0.04129,0.26244,4.321928,-0.31647232
mit,call4,0.19093,0.1615599,0.13639,0.19093,4.321928,-0.17137706
all,call4,0.18368,0.1836768,0.15535,0.18368,4.321928,0.0017898561
call4,rl,0.14855,0.14541487,0.09297,0.14855,4.321928,0.055992205
