X var,Y var,MIC (strength),MIC-p^2 (nonlinearity),MAS (non-monotonicity),MEV (functionality),MCN (complexity),Linear regression (p)
all,rl,0.39534,0.36628565,0.057370007,0.39534,4.4594316,-0.17045332
mit,all,0.32318,0.20596111,0.040889993,0.32318,4.4594316,0.34237245
mit,rl,0.19899,0.16611567,0.044300005,0.19899,4.4594316,-0.1813128
mit,call4,0.19775,0.17160393,0.15521,0.19775,4.4594316,-0.16169746
all,call4,0.18032,0.1800924,0.13014999,0.18032,4.4594316,-0.015086242
call4,rl,0.15147,0.14634143,0.12072001,0.15147,4.4594316,-0.07161411
