X var,Y var,MIC (strength),MIC-p^2 (nonlinearity),MAS (non-monotonicity),MEV (functionality),MCN (complexity),Linear regression (p)
all,rl,0.30636,-0.07557058,0.063889995,0.2898,4.4594316,0.61800534
call4,rl,0.28615,-0.023444742,0.044790015,0.27181,4.4594316,0.5564124
all,call4,0.23298,0.09308709,0.086840004,0.21543,4.4594316,0.3740226
mit,rl,0.22516,0.20720825,0.045320004,0.20651,4.4594316,-0.1339842
mit,all,0.20919,0.08959736,0.029979996,0.19687,4.4594316,-0.34582168
mit,call4,0.2018,0.19142064,0.08991,0.18415,4.4594316,-0.10187913
