X var,Y var,MIC (strength),MIC-p^2 (nonlinearity),MAS (non-monotonicity),MEV (functionality),MCN (complexity),Linear regression (p)
all,rl,0.45829,0.02972117,0.034339994,0.45139,4.807355,0.6546517
mit,rl,0.33729,0.2743526,0.093069986,0.32473,4.807355,-0.2508732
mit,all,0.32497,0.3117965,0.091910005,0.31092,4.807355,-0.11477597
all,call4,0.231,0.1359652,0.17869,0.21798,4.807355,0.30827716
mit,call4,0.16325,0.16298594,0.120120004,0.15654,4.807355,0.016249886
call4,rl,0.14958,-1.2369454E-4,0.08602,0.14335,4.807355,0.38691562
