X var,Y var,MIC (strength),MIC-p^2 (nonlinearity),MAS (non-monotonicity),MEV (functionality),MCN (complexity),Linear regression (p)
all,rl,0.54695,0.27094412,0.030189991,0.54695,4.4594316,0.5253626
mit,all,0.42623,0.36686578,0.08849001,0.42623,4.4594316,0.24364777
mit,rl,0.27463,0.18841678,0.046490014,0.27463,4.4594316,0.29362088
all,call4,0.25029,0.23761123,0.17507,0.25029,4.4594316,-0.112600066
mit,call4,0.21683,0.15431435,0.13153,0.21683,4.4594316,-0.2500313
call4,rl,0.15304,0.14511634,0.11708,0.15304,4.4594316,-0.08901493
