X var,Y var,MIC (strength),MIC-p^2 (nonlinearity),MAS (non-monotonicity),MEV (functionality),MCN (complexity),Linear regression (p)
all,rl,0.26424,-0.047628105,0.022880003,0.2494,4.4594316,0.55845153
all,call4,0.24419,0.21123944,0.15878001,0.22853,4.4594316,0.18152289
mit,all,0.24314,0.196273,0.008309998,0.22649,4.4594316,-0.21648787
mit,call4,0.19423,0.1656436,0.13584,0.17827,4.4594316,-0.16907512
call4,rl,0.19324,0.113063045,0.10478,0.18009,4.4594316,0.28315535
mit,rl,0.18385,0.17097238,0.05732,0.16792,4.4594316,-0.11347965
