X var,Y var,MIC (strength),MIC-p^2 (nonlinearity),MAS (non-monotonicity),MEV (functionality),MCN (complexity),Linear regression (p)
all,rl,0.34075,0.15951985,0.032849997,0.32514,4.807355,0.42571136
all,call4,0.21386,0.19893526,0.11890001,0.20145,4.807355,-0.1221669
mit,all,0.20964,0.19951928,0.01348,0.19478,4.807355,-0.100601755
mit,call4,0.20741,0.2072111,0.12889,0.1942,4.807355,-0.014102514
mit,rl,0.2045,0.18171284,0.01811,0.19559,4.807355,-0.15095419
call4,rl,0.17211,0.15358001,0.067870006,0.15968,4.807355,-0.13612495
