X var,Y var,MIC (strength),MIC-p^2 (nonlinearity),MAS (non-monotonicity),MEV (functionality),MCN (complexity),Linear regression (p)
mit,all,0.37029,0.32635897,0.017530024,0.35246,4.321928,-0.20959733
all,rl,0.36224,0.21930458,0.15393,0.34261,4.321928,0.378068
mit,rl,0.27737,0.22777818,0.054299995,0.27737,4.169925,-0.22269222
mit,call4,0.09794,0.09615004,0.08674,0.09794,3.321928,0.04230793
all,call4,0.06474,0.06367245,0.038840003,0.06474,3.321928,-0.032673396
call4,rl,0.03606,0.035506763,0.028370002,0.03606,3.321928,-0.02352107
