X var,Y var,MIC (strength),MIC-p^2 (nonlinearity),MAS (non-monotonicity),MEV (functionality),MCN (complexity),Linear regression (p)
all,rl,0.33987,0.05566764,0.029200017,0.32245,4.321928,0.5331063
mit,all,0.3317,0.31208938,0.047890007,0.31094,4.321928,-0.1400379
mit,rl,0.28088,0.17327219,0.115600005,0.28088,3.5849626,-0.3280363
all,call4,0.22368,0.223495,0.18063,0.19926,4.321928,-0.013601354
call4,rl,0.19856,0.19788863,0.12844,0.18334,4.321928,0.025910875
mit,call4,0.19832,0.19774546,0.17022,0.18221,4.321928,-0.023969622
