X var,Y var,MIC (strength),MIC-p^2 (nonlinearity),MAS (non-monotonicity),MEV (functionality),MCN (complexity),Linear regression (p)
all,rl,0.55223,-0.049713194,0.11198002,0.54283,4.807355,0.77585
mit,rl,0.26925,0.20379172,0.03705001,0.25784,4.807355,-0.25584817
mit,call4,0.24651,0.18988937,0.1254,0.23315,4.807355,-0.23795088
all,call4,0.23309,0.145005,0.06322999,0.2223,4.807355,-0.29679117
call4,rl,0.18726,0.14259318,0.06769,0.17816,4.807355,-0.21134527
mit,all,0.16502,0.1572855,0.017240003,0.15421,4.807355,0.08794601
