X var,Y var,MIC (strength),MIC-p^2 (nonlinearity),MAS (non-monotonicity),MEV (functionality),MCN (complexity),Linear regression (p)
mit,rl,0.21769,0.20160288,0.071380004,0.19116,4.0,-0.12683508
all,rl,0.19162,0.17077228,0.03655,0.17709,4.0,0.1443874
mit,all,0.18651,0.16478947,0.031019997,0.16626,4.0,-0.14737886
