X var,Y var,MIC (strength),MIC-p^2 (nonlinearity),MAS (non-monotonicity),MEV (functionality),MCN (complexity),Linear regression (p)
all,rl,0.34425,-0.30618277,0.14382999,0.3281,4.321928,0.8064941
mit,call4,0.28376,0.26824555,0.15905002,0.26274,4.321928,-0.12455709
mit,all,0.24643,0.22457513,0.045269996,0.22915,4.321928,-0.14783388
all,call4,0.18211,0.18120584,0.11284,0.1647,4.321928,0.030069169
call4,rl,0.17802,0.16248684,0.07067,0.16902,4.321928,0.12463211
mit,rl,0.15377,0.13462713,0.044480003,0.13369,4.321928,-0.13835776
