X var,Y var,MIC (strength),MIC-p^2 (nonlinearity),MAS (non-monotonicity),MEV (functionality),MCN (complexity),Linear regression (p)
all,rl,0.31387,0.17999373,0.037359998,0.31387,4.4594316,-0.36589107
all,call4,0.3046,0.24660638,0.23706001,0.3046,4.4594316,-0.24081866
mit,rl,0.28339,0.25642437,0.06003,0.28339,4.4594316,-0.16421215
mit,all,0.27625,0.19402207,0.040110007,0.27625,4.4594316,0.28675413
mit,call4,0.23503,0.13860905,0.15886,0.23503,4.4594316,-0.31051722
call4,rl,0.18847,0.17483988,0.14424,0.18847,4.4594316,0.11674814
