X var,Y var,MIC (strength),MIC-p^2 (nonlinearity),MAS (non-monotonicity),MEV (functionality),MCN (complexity),Linear regression (p)
all,rl,0.46936,0.22245786,0.10496998,0.46936,4.169925,0.49689248
mit,all,0.29221,0.29073012,0.06155999,0.26654,4.321928,-0.03846955
mit,rl,0.28265,0.26803544,0.13510999,0.25713,4.321928,0.12089061
mit,call4,0.22733,0.21095374,0.15869999,0.21366,4.321928,0.12796973
call4,rl,0.20431,0.20410608,0.1374,0.19365,4.321928,0.01428021
all,call4,0.18283,0.17766422,0.11704001,0.16808,4.321928,-0.071873374
