X var,Y var,MIC (strength),MIC-p^2 (nonlinearity),MAS (non-monotonicity),MEV (functionality),MCN (complexity),Linear regression (p)
all,rl,0.35535,0.17279515,0.078889996,0.34516,4.4594316,0.42726436
mit,rl,0.19668,0.18204813,0.100899994,0.17939,4.4594316,-0.12096226
mit,all,0.17949,0.1363084,0.012390003,0.16384,4.4594316,-0.2078018
call4,rl,0.05055,-0.30546105,0.0,0.05055,2.0,0.59666663
all,call4,0.05055,0.047361508,0.027469998,0.05055,2.5849626,0.05646673
mit,call4,0.05055,0.049445625,0.04296,0.05055,2.5849626,-0.033232104
