X var,Y var,MIC (strength),MIC-p^2 (nonlinearity),MAS (non-monotonicity),MEV (functionality),MCN (complexity),Linear regression (p)
mit,all,0.23894,0.20883283,0.033120006,0.23894,4.321928,0.17351417
all,rl,0.23062,0.21329106,0.10968,0.23062,4.321928,0.13163942
mit,rl,0.1752,0.16573669,0.09985,0.1752,4.321928,-0.09727957
