X var,Y var,MIC (strength),MIC-p^2 (nonlinearity),MAS (non-monotonicity),MEV (functionality),MCN (complexity),Linear regression (p)
all,rl,0.37063,0.25981998,0.055509984,0.3362,4.0,0.3328814
mit,call4,0.29564,0.2390235,0.20990999,0.27163,4.0,-0.23794217
mit,all,0.27333,0.23241341,0.12329,0.24754,4.0,-0.20227851
call4,rl,0.22964,0.20865357,0.16447002,0.20321,4.0,0.14486696
mit,rl,0.22349,0.19093667,0.017869998,0.19615,4.0,-0.18042542
all,call4,0.1957,0.015869439,0.10997,0.17369,4.0,0.42406434
