X var,Y var,MIC (strength),MIC-p^2 (nonlinearity),MAS (non-monotonicity),MEV (functionality),MCN (complexity),Linear regression (p)
all,rl,0.42793,0.068356335,0.07110001,0.42793,4.321928,0.5996446
call4,rl,0.33643,0.3157948,0.21773002,0.33643,4.321928,-0.14364961
mit,call4,0.28972,0.23843893,0.15415,0.28972,4.321928,-0.22645321
mit,all,0.26665,0.25524855,0.049099997,0.26665,4.321928,-0.106777616
mit,rl,0.23722,0.22900262,0.05484,0.23722,4.321928,0.09064975
all,call4,0.15592,0.1551981,0.05347,0.15592,4.321928,-0.026868276
