X var,Y var,MIC (strength),MIC-p^2 (nonlinearity),MAS (non-monotonicity),MEV (functionality),MCN (complexity),Linear regression (p)
all,rl,0.36795,0.27433345,0.058290005,0.36795,4.321928,0.3059682
call4,rl,0.27249,0.24780571,0.13250999,0.27249,4.321928,0.15711232
mit,call4,0.21643,0.21119578,0.14747,0.21643,4.321928,-0.07234781
mit,all,0.21279,0.18691272,0.040289998,0.21279,4.321928,0.16086416
mit,rl,0.17295,0.16163526,0.040590003,0.17295,4.321928,-0.10637071
all,call4,0.15532,0.15268965,0.06741001,0.15532,4.321928,0.05128703
