X var,Y var,MIC (strength),MIC-p^2 (nonlinearity),MAS (non-monotonicity),MEV (functionality),MCN (complexity),Linear regression (p)
all,rl,0.47118,-0.099030346,0.12938002,0.47118,4.169925,0.7551227
mit,rl,0.42273,0.29719225,0.13532001,0.42273,4.321928,-0.35431308
all,call4,0.29267,0.27883,0.15102,0.29267,4.321928,0.11764367
call4,rl,0.28199,0.25102848,0.107739985,0.28199,4.321928,0.17595887
mit,call4,0.25621,0.2086493,0.12785,0.25621,4.321928,-0.21808419
mit,all,0.25225,0.20436892,0.07203,0.25225,4.321928,-0.21881741
