X var,Y var,MIC (strength),MIC-p^2 (nonlinearity),MAS (non-monotonicity),MEV (functionality),MCN (complexity),Linear regression (p)
all,rl,0.45897,-0.008806258,0.055179983,0.41929,4.321928,0.6839417
mit,rl,0.28669,0.2533404,0.04519999,0.26084,4.321928,-0.18261875
mit,all,0.28342,0.273216,0.028829992,0.25901,4.321928,-0.101014845
mit,call4,0.21225,0.21123153,0.124139994,0.18809,4.321928,0.031913284
call4,rl,0.20735,0.20531017,0.11206,0.19469,4.321928,-0.045164578
all,call4,0.18045,0.18044104,0.1332,0.16615,4.321928,-0.0029942552
