X var,Y var,MIC (strength),MIC-p^2 (nonlinearity),MAS (non-monotonicity),MEV (functionality),MCN (complexity),Linear regression (p)
all,rl,0.4599,-0.09515026,0.08331001,0.4599,4.0,0.74501693
mit,all,0.38062,0.16070452,0.09429002,0.36534,4.4594316,-0.46895146
mit,rl,0.31886,0.19048043,0.06854001,0.3098,4.4594316,-0.35830095
call4,rl,0.28773,-0.05000809,0.06628001,0.2656,4.4594316,0.5811524
mit,call4,0.27267,0.22939348,0.15749,0.25279,4.4594316,-0.2080301
all,call4,0.21647,0.06538901,0.043369994,0.2015,4.4594316,0.3886914
