X var,Y var,MIC (strength),MIC-p^2 (nonlinearity),MAS (non-monotonicity),MEV (functionality),MCN (complexity),Linear regression (p)
all,rl,0.34622,-0.5896027,0.14152,0.33635,4.807355,0.9673793
mit,all,0.24708,0.24603486,0.058870003,0.22876,4.807355,-0.032328665
all,call4,0.21711,-0.7118414,0.13762,0.20943,4.807355,0.96382123
mit,call4,0.21358,0.20881867,0.12858,0.20581,4.807355,-0.06900236
mit,rl,0.18752,0.1811379,0.07244,0.17862,4.807355,-0.07988802
call4,rl,0.1176,-0.8185676,0.053950004,0.11294,4.807355,0.96755755
