X var,Y var,MIC (strength),MIC-p^2 (nonlinearity),MAS (non-monotonicity),MEV (functionality),MCN (complexity),Linear regression (p)
all,rl,0.4835,-0.057889223,0.13306999,0.45847,4.807355,0.73579156
all,call4,0.28475,0.28446367,0.16561002,0.27597,4.807355,-0.016921613
mit,all,0.21623,0.20893769,0.024560004,0.19967,4.807355,0.08539509
call4,rl,0.21501,0.1950978,0.15068,0.20564,4.807355,0.14111057
mit,rl,0.20841,0.18964802,0.05118999,0.19434,4.807355,-0.13697438
mit,call4,0.2011,0.18144289,0.106010005,0.18979,4.807355,-0.14020385
