X var,Y var,MIC (strength),MIC-p^2 (nonlinearity),MAS (non-monotonicity),MEV (functionality),MCN (complexity),Linear regression (p)
all,rl,0.33371,0.17344612,0.051480025,0.33371,4.321928,0.40032974
call4,rl,0.30485,0.23102316,0.13232002,0.30485,4.321928,0.27171096
mit,call4,0.23389,0.15194327,0.12184,0.23389,4.321928,-0.2862634
all,call4,0.20546,0.2032401,0.12553999,0.20546,4.321928,0.047115862
mit,all,0.20306,0.19360912,0.051029995,0.20306,4.321928,0.097215615
mit,rl,0.18187,0.15737887,0.03501001,0.18187,4.321928,-0.15649642
