X var,Y var,MIC (strength),MIC-p^2 (nonlinearity),MAS (non-monotonicity),MEV (functionality),MCN (complexity),Linear regression (p)
all,rl,0.44567,-0.13508433,0.07495999,0.44567,4.5849624,0.7620724
all,call4,0.29511,0.29136816,0.13404998,0.2815,4.807355,-0.06117045
mit,call4,0.23802,0.23508084,0.13262,0.22613,4.807355,-0.054214004
mit,all,0.2048,0.20382641,0.019900009,0.19361,4.807355,0.031202262
mit,rl,0.19165,0.17286284,0.018150002,0.18101,4.807355,-0.13706627
call4,rl,0.17055,0.1690168,0.08527,0.15878,4.807355,0.039156202
