X var,Y var,MIC (strength),MIC-p^2 (nonlinearity),MAS (non-monotonicity),MEV (functionality),MCN (complexity),Linear regression (p)
all,rl,0.36942,0.1253363,0.07044999,0.35233,4.321928,0.49404827
call4,rl,0.34683,0.30808324,0.17923,0.32097,4.321928,0.19684197
mit,call4,0.32238,0.3054993,0.19918,0.30071,4.321928,-0.12992579
mit,rl,0.25854,0.24922192,0.039690003,0.23753,4.321928,-0.096530184
all,call4,0.23782,0.19982195,0.11602999,0.22229,4.321928,0.1949309
mit,all,0.23067,0.22262026,0.04238999,0.21347,4.321928,-0.089720346
