X var,Y var,MIC (strength),MIC-p^2 (nonlinearity),MAS (non-monotonicity),MEV (functionality),MCN (complexity),Linear regression (p)
all,rl,0.38331,-0.16930333,0.049979985,0.37306,4.321928,0.74337965
mit,rl,0.28644,0.17494395,0.04088001,0.28644,4.169925,-0.33391026
mit,all,0.26127,0.25217128,0.063779995,0.24201,4.321928,-0.09538709
mit,call4,0.23508,0.23495091,0.18265,0.21731,4.321928,-0.011361918
all,call4,0.21104,0.21093363,0.15384,0.2028,4.321928,0.010313902
call4,rl,0.19532,0.19500744,0.11207999,0.19003,4.321928,0.017678926
