X var,Y var,MIC (strength),MIC-p^2 (nonlinearity),MAS (non-monotonicity),MEV (functionality),MCN (complexity),Linear regression (p)
all,rl,0.34119,-0.46877047,0.023269996,0.33282,4.807355,0.89997804
mit,all,0.19452,0.19045754,0.05686999,0.18354,4.807355,-0.06373744
all,call4,0.18016,0.16989827,0.13057,0.17003,4.807355,0.10130019
mit,call4,0.16976,0.16667208,0.14457001,0.16018,4.807355,0.055569127
mit,rl,0.16954,0.1658843,0.036209993,0.15999,4.807355,-0.06046243
call4,rl,0.11499,0.11211143,0.059320003,0.11499,4.0,0.053652395
