X var,Y var,MIC (strength),MIC-p^2 (nonlinearity),MAS (non-monotonicity),MEV (functionality),MCN (complexity),Linear regression (p)
all,rl,0.44882,-0.16251802,0.02016002,0.43531,4.807355,0.7818811
mit,rl,0.28171,0.24848929,0.06525999,0.26997,4.807355,-0.18226549
mit,all,0.26504,0.24563295,0.03954,0.25298,4.807355,-0.13930921
all,call4,0.20202,0.19338118,0.16124001,0.19031,4.807355,0.09294532
mit,call4,0.15726,0.15673701,0.13384,0.14921,4.807355,0.022868894
call4,rl,0.15678,0.15296733,0.085300006,0.15242,4.807355,0.06174678
