X var,Y var,MIC (strength),MIC-p^2 (nonlinearity),MAS (non-monotonicity),MEV (functionality),MCN (complexity),Linear regression (p)
all,rl,0.35056,-0.32736242,0.07465002,0.35056,4.321928,0.82336044
call4,rl,0.24583,0.23969503,0.113299996,0.24583,4.321928,0.078326054
mit,call4,0.24355,0.21808727,0.13429001,0.24355,4.321928,-0.15957047
mit,all,0.23586,0.20189151,0.03654,0.23586,4.321928,-0.18430544
mit,rl,0.23049,0.22026978,0.055209994,0.23049,4.321928,-0.101095065
all,call4,0.19056,0.18906781,0.13095,0.19056,4.321928,0.038628846
