X var,Y var,MIC (strength),MIC-p^2 (nonlinearity),MAS (non-monotonicity),MEV (functionality),MCN (complexity),Linear regression (p)
all,rl,0.43241,-0.0032575428,0.087849975,0.425,4.321928,0.66005117
mit,rl,0.27376,0.2719773,0.16582999,0.2539,4.321928,0.042221714
mit,all,0.21984,0.21812446,0.08139001,0.19509,4.321928,-0.04141913
mit,call4,0.1016,0.0991206,0.07118,0.1016,3.321928,0.04979357
all,call4,0.0477,0.04515007,0.028989999,0.0477,3.321928,-0.050496798
call4,rl,0.00893,0.006547092,0.0,0.00893,2.0,-0.048815034
