X var,Y var,MIC (strength),MIC-p^2 (nonlinearity),MAS (non-monotonicity),MEV (functionality),MCN (complexity),Linear regression (p)
all,rl,0.33142,0.09100555,0.045640007,0.31997,4.807355,0.49032077
mit,rl,0.28021,0.19543865,0.05398999,0.26819,4.807355,-0.29115516
mit,all,0.23737,0.20442128,0.047010005,0.22259,4.807355,0.1815178
mit,call4,0.19983,0.18721041,0.12225,0.18955,4.807355,-0.112336926
all,call4,0.18072,0.16575806,0.08409,0.1688,4.807355,-0.12231903
call4,rl,0.16837,0.16637059,0.08746,0.1544,4.807355,-0.044714727
