X var,Y var,MIC (strength),MIC-p^2 (nonlinearity),MAS (non-monotonicity),MEV (functionality),MCN (complexity),Linear regression (p)
mit,all,0.33545,0.3158735,0.1397,0.30667,4.321928,-0.13991606
all,rl,0.30472,-0.16750771,0.040280014,0.29407,4.321928,0.68718827
mit,rl,0.29829,0.13393956,0.06476,0.29829,4.169925,-0.4054016
mit,call4,0.23078,0.22713639,0.10456,0.21461,4.321928,-0.06036238
call4,rl,0.20587,0.16684335,0.07802001,0.19493,4.321928,0.19755164
all,call4,0.18682,0.18348542,0.06738,0.17861,4.321928,0.057745833
