X var,Y var,MIC (strength),MIC-p^2 (nonlinearity),MAS (non-monotonicity),MEV (functionality),MCN (complexity),Linear regression (p)
all,rl,0.27521,-0.08636975,0.047079995,0.26431,4.4594316,0.601315
mit,call4,0.22559,0.22477491,0.20456001,0.20508,4.4594316,-0.028549924
mit,rl,0.20365,0.19059947,0.09026,0.18667,4.4594316,-0.114238925
mit,all,0.19768,0.15732071,0.03634,0.18203,4.4594316,-0.2008962
all,call4,0.12499,0.124759436,0.07266,0.11791,4.4594316,0.015184471
call4,rl,0.08809,-0.055329993,0.045110002,0.08809,4.321928,0.37870833
