X var,Y var,MIC (strength),MIC-p^2 (nonlinearity),MAS (non-monotonicity),MEV (functionality),MCN (complexity),Linear regression (p)
all,rl,0.4053,0.193667,0.036870003,0.4053,4.321928,0.46003586
call4,rl,0.34368,0.14429238,0.15704,0.34368,4.321928,0.4465284
mit,rl,0.32243,0.30020967,0.06841001,0.32243,4.321928,0.1490649
mit,all,0.28062,0.23791483,0.08656001,0.28062,4.321928,0.20665233
all,call4,0.19402,0.16433534,0.08167,0.19402,4.321928,0.17229238
mit,call4,0.19203,0.18227695,0.08971,0.19203,4.321928,0.09875753
