X var,Y var,MIC (strength),MIC-p^2 (nonlinearity),MAS (non-monotonicity),MEV (functionality),MCN (complexity),Linear regression (p)
mit,all,0.50987,0.5027578,0.11705999,0.48759,4.321928,-0.084333725
all,rl,0.44772,-0.069277406,0.14767998,0.42606,4.321928,0.7190253
mit,rl,0.37676,0.18661214,0.058479995,0.34474,4.321928,-0.43605947
all,call4,0.24715,0.23062739,0.17336,0.22894,4.321928,-0.12854034
call4,rl,0.21005,0.20767601,0.13124001,0.19048,4.321928,-0.048723593
mit,call4,0.20701,0.20681311,0.11525,0.18525,4.321928,0.014031831
