X var,Y var,MIC (strength),MIC-p^2 (nonlinearity),MAS (non-monotonicity),MEV (functionality),MCN (complexity),Linear regression (p)
all,rl,0.41892,0.20409186,0.09836,0.41892,4.321928,0.46349558
mit,call4,0.34904,0.3368663,0.23216,0.34904,4.321928,0.11033459
mit,all,0.27596,0.27595118,0.057129994,0.27596,4.321928,0.0029693549
all,call4,0.21969,0.2128753,0.13999,0.21969,4.321928,-0.08255116
call4,rl,0.20329,0.20304014,0.11294,0.20329,4.321928,-0.015807187
mit,rl,0.19783,0.19721739,0.0191,0.19783,4.321928,0.024751138
