X var,Y var,MIC (strength),MIC-p^2 (nonlinearity),MAS (non-monotonicity),MEV (functionality),MCN (complexity),Linear regression (p)
all,rl,0.42638,0.3756221,0.18379001,0.42638,4.4594316,-0.22529517
mit,all,0.26022,0.15487045,0.035630003,0.26022,4.4594316,0.32457593
mit,call4,0.24403,0.1539774,0.18439,0.24403,4.4594316,-0.30008766
mit,rl,0.21696,0.21682595,0.038610004,0.21696,4.4594316,0.011578336
call4,rl,0.20273,0.16169496,0.11883,0.20273,4.4594316,0.20257106
all,call4,0.19887,0.17481542,0.13537,0.19887,4.4594316,-0.15509541
