X var,Y var,MIC (strength),MIC-p^2 (nonlinearity),MAS (non-monotonicity),MEV (functionality),MCN (complexity),Linear regression (p)
mit,rl,0.51192,0.47713608,0.09136,0.50417,4.807355,-0.18650438
all,rl,0.43413,0.010025024,0.040219992,0.42284,4.807355,0.65123343
call4,rl,0.32846,0.033593237,0.05513999,0.32846,4.70044,0.5430164
mit,call4,0.27361,0.22295493,0.08757,0.26812,4.807355,-0.22506681
all,call4,0.24539,0.122868225,0.05179,0.23439,4.807355,0.3500311
mit,all,0.22844,0.22366096,0.02364,0.21185,4.807355,0.06913058
