X var,Y var,MIC (strength),MIC-p^2 (nonlinearity),MAS (non-monotonicity),MEV (functionality),MCN (complexity),Linear regression (p)
all,rl,0.315,0.008790672,0.10527,0.315,4.321928,0.55336183
mit,rl,0.22721,0.1878254,0.09499,0.22721,4.321928,-0.19845556
all,call4,0.21417,0.21058013,0.13343,0.21417,4.321928,0.059915572
mit,call4,0.21166,0.1904893,0.12954,0.21166,4.321928,-0.14550151
call4,rl,0.20163,0.14284894,0.06731999,0.20163,4.321928,0.24244805
mit,all,0.17312,0.15976617,0.03451,0.17312,4.321928,-0.115558825
