X var,Y var,MIC (strength),MIC-p^2 (nonlinearity),MAS (non-monotonicity),MEV (functionality),MCN (complexity),Linear regression (p)
mit,call4,0.24479,0.18714345,0.13287,0.24479,4.321928,-0.24009696
mit,rl,0.22448,0.21124244,0.15545,0.22448,4.321928,-0.115054645
all,rl,0.19067,0.064746305,0.05606,0.19067,4.321928,0.3548573
mit,all,0.17519,0.15406552,0.032430008,0.17519,4.321928,-0.14534266
all,call4,0.11645,0.11644963,0.056639995,0.11645,4.321928,-6.023068E-4
call4,rl,0.05956,0.05929743,0.023279998,0.05886,4.169925,-0.016204001
