X var,Y var,MIC (strength),MIC-p^2 (nonlinearity),MAS (non-monotonicity),MEV (functionality),MCN (complexity),Linear regression (p)
all,rl,0.38755,-0.14993334,0.112210006,0.37672,4.807355,0.73313254
mit,rl,0.3222,0.27814466,0.15136,0.30653,4.807355,-0.20989364
mit,all,0.23833,0.23321432,0.059070006,0.2265,4.807355,-0.07152403
all,call4,0.18471,-0.17452791,0.13358,0.16818,4.807355,0.5993646
mit,call4,0.175,0.1749372,0.15889,0.16843,4.807355,0.007923815
call4,rl,0.10655,-0.05864335,0.07051,0.10453,4.807355,0.40643984
