X var,Y var,MIC (strength),MIC-p^2 (nonlinearity),MAS (non-monotonicity),MEV (functionality),MCN (complexity),Linear regression (p)
all,rl,0.52331,-0.08321267,0.059080005,0.5136,4.807355,0.77879566
mit,rl,0.31634,0.3143626,0.06354,0.30615,4.807355,-0.044468053
mit,all,0.27641,0.23786022,0.06403999,0.26518,4.807355,0.19634101
all,call4,0.24502,0.20692047,0.19889,0.23477,4.807355,-0.19519101
call4,rl,0.22272,0.20806168,0.19105999,0.21109,4.807355,-0.12107156
mit,call4,0.22013,0.116501324,0.14513999,0.20831,4.807355,-0.32191408
