X var,Y var,MIC (strength),MIC-p^2 (nonlinearity),MAS (non-monotonicity),MEV (functionality),MCN (complexity),Linear regression (p)
all,rl,0.58466,0.28066403,0.045399994,0.58466,4.321928,0.5513583
mit,call4,0.39585,0.28921476,0.179,0.39585,4.321928,-0.3265505
mit,rl,0.357,0.35678637,0.16816999,0.357,4.321928,-0.014616073
call4,rl,0.33363,0.32376608,0.23629,0.33363,4.321928,-0.09931729
mit,all,0.25628,0.25625372,0.03466001,0.25628,4.321928,0.005127069
all,call4,0.20655,0.19541967,0.09864,0.20655,4.321928,-0.10550042
