X var,Y var,MIC (strength),MIC-p^2 (nonlinearity),MAS (non-monotonicity),MEV (functionality),MCN (complexity),Linear regression (p)
mit,all,0.55587,0.21343097,0.049759984,0.55587,4.4594316,0.5851829
all,rl,0.44331,0.30769163,0.058640003,0.44331,4.4594316,-0.36826396
mit,rl,0.36176,0.34159598,0.13442,0.36176,4.4594316,-0.142
mit,call4,0.22628,0.15659107,0.16384,0.22628,4.4594316,-0.26398662
all,call4,0.17972,0.16060947,0.13661,0.17972,4.4594316,-0.13824083
call4,rl,0.15608,0.14347197,0.113539994,0.15608,4.4594316,0.11228545
