X var,Y var,MIC (strength),MIC-p^2 (nonlinearity),MAS (non-monotonicity),MEV (functionality),MCN (complexity),Linear regression (p)
all,rl,0.52708,0.28031215,0.12153,0.52708,4.321928,0.49675733
mit,rl,0.34702,0.32951054,0.050770015,0.34702,4.321928,-0.13232331
mit,all,0.2934,0.25173745,0.03136,0.2934,4.321928,-0.20411406
mit,call4,0.26521,0.19313525,0.12048,0.26521,4.321928,-0.26846743
all,call4,0.22323,0.21461383,0.13884,0.22323,4.321928,0.09282334
call4,rl,0.19226,0.15753677,0.09612,0.19226,4.321928,0.18634169
