X var,Y var,MIC (strength),MIC-p^2 (nonlinearity),MAS (non-monotonicity),MEV (functionality),MCN (complexity),Linear regression (p)
all,rl,0.26323,0.20629355,0.08825,0.26323,4.321928,0.23861359
mit,all,0.23474,0.21477433,0.016600005,0.23474,4.321928,0.14129998
all,call4,0.21751,0.19513209,0.14616999,0.21751,4.321928,-0.14959246
mit,rl,0.18852,0.18362927,0.07654,0.18852,4.321928,-0.069933705
mit,call4,0.18686,0.18659043,0.15479,0.18686,4.321928,-0.01641846
call4,rl,0.08156,0.08115793,0.05353,0.08156,4.321928,-0.020051712
