X var,Y var,MIC (strength),MIC-p^2 (nonlinearity),MAS (non-monotonicity),MEV (functionality),MCN (complexity),Linear regression (p)
all,rl,0.60233,0.23762113,0.062180042,0.60233,4.4594316,0.60391134
mit,all,0.38017,0.26700935,0.105099976,0.38017,4.4594316,0.3363936
mit,call4,0.26891,0.115809396,0.15963998,0.26891,4.4594316,-0.3912807
mit,rl,0.24965,0.18463147,0.019569993,0.24965,4.4594316,0.25498733
call4,rl,0.24801,0.21480978,0.19287999,0.24801,4.4594316,-0.18220925
all,call4,0.244,0.18070151,0.13068,0.244,4.4594316,-0.25159192
