X var,Y var,MIC (strength),MIC-p^2 (nonlinearity),MAS (non-monotonicity),MEV (functionality),MCN (complexity),Linear regression (p)
all,rl,0.48972,-0.275568,0.03542,0.47646,4.321928,0.8748074
mit,all,0.31458,0.30456778,0.07372999,0.28463,4.321928,-0.100061074
mit,call4,0.26629,0.25974107,0.16094,0.23551,4.321928,-0.08092544
mit,rl,0.25924,0.24058291,0.053839996,0.23632,4.321928,-0.13659093
all,call4,0.24894,0.11874199,0.15972,0.22754,4.321928,0.36082962
call4,rl,0.18971,0.016434789,0.06118001,0.17504,4.321928,0.4162634
