X var,Y var,MIC (strength),MIC-p^2 (nonlinearity),MAS (non-monotonicity),MEV (functionality),MCN (complexity),Linear regression (p)
mit,rl,0.42837,0.39110014,0.11862001,0.42837,4.321928,-0.193054
all,rl,0.33151,-0.025524259,0.0502,0.33151,4.321928,0.59752345
mit,call4,0.23639,0.19474943,0.1513,0.23639,4.321928,-0.20406021
mit,all,0.23555,0.2233584,0.07237001,0.23555,4.321928,-0.110415585
call4,rl,0.18328,0.13687047,0.10484,0.18328,4.321928,0.21542871
all,call4,0.1827,0.16589372,0.13855,0.1827,4.321928,0.12963903
