X var,Y var,MIC (strength),MIC-p^2 (nonlinearity),MAS (non-monotonicity),MEV (functionality),MCN (complexity),Linear regression (p)
all,rl,0.37617,-0.4691032,0.03628999,0.36409,4.807355,0.9193874
mit,all,0.28748,0.28423718,0.1293,0.27481,4.807355,-0.056945667
mit,rl,0.26183,0.25232917,0.12719001,0.24704,4.807355,-0.097472265
all,call4,0.227,0.2138008,0.16909,0.2122,4.807355,0.114887744
mit,call4,0.18793,0.18674468,0.15681,0.17693,4.807355,0.03442865
call4,rl,0.11496,0.10671371,0.05259,0.11022,4.807355,0.09080909
