X var,Y var,MIC (strength),MIC-p^2 (nonlinearity),MAS (non-monotonicity),MEV (functionality),MCN (complexity),Linear regression (p)
all,rl,0.34533,-0.15999007,0.03738001,0.32797,4.321928,0.7108587
mit,rl,0.2652,0.25492316,0.13823,0.24418,4.321928,-0.10137461
all,call4,0.25863,0.25798574,0.18783,0.23572,4.321928,-0.025382265
mit,call4,0.24289,0.21944492,0.088530004,0.22546,4.321928,-0.1531179
mit,all,0.24101,0.23159857,0.034380004,0.22124,4.321928,-0.09701246
call4,rl,0.22377,0.22356586,0.14062999,0.20317,4.321928,0.014287689
