X var,Y var,MIC (strength),MIC-p^2 (nonlinearity),MAS (non-monotonicity),MEV (functionality),MCN (complexity),Linear regression (p)
mit,all,0.28633,0.27271605,0.05637999,0.26585,4.0,0.116678864
mit,rl,0.27993,0.12787805,0.06696999,0.26731,4.0,-0.38993838
all,rl,0.27811,0.04494764,0.040170014,0.27065,4.0,0.48286888
mit,call4,0.25218,0.18519059,0.19449002,0.22323,4.0,0.25882313
all,call4,0.09757,0.08919214,0.065510005,0.09175,4.0,-0.091530666
call4,rl,0.0617,0.0603963,0.0469,0.05617,4.0,-0.036106803
