X var,Y var,MIC (strength),MIC-p^2 (nonlinearity),MAS (non-monotonicity),MEV (functionality),MCN (complexity),Linear regression (p)
mit,call4,0.28186,0.27288106,0.17306,0.25152,4.0,-0.09475728
all,rl,0.25088,0.18967867,0.04288,0.24437,4.0,0.24738902
mit,rl,0.22669,0.20083874,0.080819994,0.19316,4.0,-0.16078322
mit,all,0.21575,0.19951808,0.04230001,0.18629,4.0,-0.1274045
call4,rl,0.17876,0.1452449,0.12043001,0.17184,4.0,0.18307132
all,call4,0.15731,0.119643666,0.11890999,0.13925,4.0,0.19407815
