X var,Y var,MIC (strength),MIC-p^2 (nonlinearity),MAS (non-monotonicity),MEV (functionality),MCN (complexity),Linear regression (p)
all,rl,0.56634,-0.019491017,0.11107999,0.5557,4.807355,0.765396
mit,all,0.29833,0.29817116,0.028120011,0.2826,4.807355,0.012603119
mit,call4,0.25154,0.06715892,0.059970006,0.24025,4.807355,-0.42939618
mit,rl,0.24859,0.18606082,0.063260004,0.23856,4.807355,-0.25005838
all,call4,0.23168,0.2272912,0.114810005,0.21998,4.807355,-0.066248044
call4,rl,0.19808,0.1742562,0.05172001,0.18723,4.807355,0.15434958
