X var,Y var,MIC (strength),MIC-p^2 (nonlinearity),MAS (non-monotonicity),MEV (functionality),MCN (complexity),Linear regression (p)
all,rl,0.39216,0.09900272,0.0925,0.39216,4.321928,0.54144
mit,rl,0.27135,0.21824181,0.033480003,0.27135,4.321928,-0.23045214
mit,all,0.26384,0.21955098,0.041690007,0.26384,4.321928,-0.21044955
call4,rl,0.26325,0.11173932,0.087589994,0.26325,4.321928,0.38924372
mit,call4,0.26059,0.20825711,0.102209985,0.26059,4.321928,-0.22876379
all,call4,0.24217,0.2224673,0.14146,0.24217,4.321928,0.14036632
