X var,Y var,MIC (strength),MIC-p^2 (nonlinearity),MAS (non-monotonicity),MEV (functionality),MCN (complexity),Linear regression (p)
all,rl,0.70138,0.18137705,0.078369975,0.69489,4.807355,0.7211123
mit,rl,0.50346,0.41013134,0.10154,0.49256,4.807355,-0.30549738
mit,all,0.44959,0.42312744,0.13446,0.43913,4.807355,-0.16267318
all,call4,0.24425,0.106405154,0.11135,0.2287,4.807355,0.37127462
mit,call4,0.22248,0.2221412,0.16196,0.21123,4.807355,0.018406384
call4,rl,0.18783,0.10802737,0.07632,0.17774,4.807355,0.2824936
