X var,Y var,MIC (strength),MIC-p^2 (nonlinearity),MAS (non-monotonicity),MEV (functionality),MCN (complexity),Linear regression (p)
all,rl,0.26629,-0.12555262,0.04164,0.2535,4.4594316,0.62597334
mit,all,0.22115,0.17533156,0.028580002,0.20322,4.4594316,-0.21405242
mit,call4,0.21366,0.21334724,0.17852,0.19418,4.4594316,-0.017685227
mit,rl,0.20276,0.1876204,0.019170001,0.19083,4.4594316,-0.123043045
all,call4,0.16138,0.16130498,0.11672999,0.14088,4.4594316,0.008660848
call4,rl,0.11774,0.036163427,0.0694,0.11774,4.321928,0.28561613
