X var,Y var,MIC (strength),MIC-p^2 (nonlinearity),MAS (non-monotonicity),MEV (functionality),MCN (complexity),Linear regression (p)
all,rl,0.48753,-0.13882208,0.046029985,0.48753,4.321928,0.7914241
mit,rl,0.3624,0.18581659,0.07317001,0.34964,4.4594316,-0.4202183
mit,all,0.32099,0.12169741,0.040560007,0.30311,4.4594316,-0.44642198
call4,rl,0.26204,-0.0607526,0.080439985,0.26204,4.169925,0.5681484
all,call4,0.22277,0.16447946,0.115200005,0.20437,4.4594316,0.24143435
mit,call4,0.20703,0.16087934,0.14937,0.1891,4.4594316,-0.21482702
