X var,Y var,MIC (strength),MIC-p^2 (nonlinearity),MAS (non-monotonicity),MEV (functionality),MCN (complexity),Linear regression (p)
all,rl,0.26321,0.14086463,0.035889998,0.25341,4.807355,0.34977904
all,call4,0.23307,0.2034995,0.13354,0.22219,4.807355,-0.17196079
mit,rl,0.21955,0.17927426,0.04885,0.20687,4.807355,-0.20068817
mit,all,0.19378,0.19255565,0.030200005,0.18207,4.807355,-0.034990788
mit,call4,0.18934,0.15980183,0.10692,0.17869,4.807355,-0.17186673
call4,rl,0.17249,0.15778853,0.058690004,0.15796,4.807355,-0.12124961
