X var,Y var,MIC (strength),MIC-p^2 (nonlinearity),MAS (non-monotonicity),MEV (functionality),MCN (complexity),Linear regression (p)
mit,all,0.42274,0.39095065,0.03335002,0.40039,4.321928,-0.17829573
all,rl,0.37012,-0.054935366,0.10541999,0.34874,4.321928,0.6519627
mit,rl,0.33384,0.14026894,0.062620014,0.32771,4.321928,-0.43996713
mit,call4,0.09794,0.097335316,0.08421,0.09794,3.321928,-0.024590215
all,call4,0.0805,0.07385018,0.060319997,0.0805,3.321928,-0.08154643
call4,rl,0.04073,0.03907055,0.02887,0.04073,3.321928,-0.04073636
