X var,Y var,MIC (strength),MIC-p^2 (nonlinearity),MAS (non-monotonicity),MEV (functionality),MCN (complexity),Linear regression (p)
all,rl,0.52131,-0.32733524,0.035159975,0.50752,4.807355,0.9212194
mit,rl,0.28195,0.25014007,0.11782999,0.27012,4.807355,-0.17835335
mit,call4,0.25168,0.20895436,0.037520006,0.23997,4.807355,-0.20670179
call4,rl,0.22894,0.208744,0.07509999,0.22139,4.807355,0.1421126
mit,all,0.20523,0.19746809,0.028549999,0.19341,4.807355,-0.088101715
all,call4,0.20274,0.20236117,0.10165,0.1941,4.807355,0.019463664
