X var,Y var,MIC (strength),MIC-p^2 (nonlinearity),MAS (non-monotonicity),MEV (functionality),MCN (complexity),Linear regression (p)
all,rl,0.3859,-0.100511044,0.06761998,0.3789,4.807355,0.69743174
mit,rl,0.26191,0.21160349,0.04147999,0.24583,4.807355,-0.22429109
mit,call4,0.25636,0.24189915,0.11835,0.24495,4.807355,-0.120253265
mit,all,0.22688,0.22467744,0.021680001,0.21241,4.807355,-0.04693145
all,call4,0.21005,0.19207548,0.10459,0.19859,4.807355,0.13406913
call4,rl,0.20131,0.12158253,0.10406999,0.18934,4.807355,0.28236052
