X var,Y var,MIC (strength),MIC-p^2 (nonlinearity),MAS (non-monotonicity),MEV (functionality),MCN (complexity),Linear regression (p)
all,rl,0.23494,0.2220535,0.024489999,0.21965,4.807355,0.11351878
mit,rl,0.22479,0.22037774,0.03809999,0.21251,4.807355,0.06642488
mit,all,0.20698,0.20431049,0.020460002,0.19597,4.807355,0.051667366
call4,rl,0.19394,0.19280896,0.13268,0.18466,4.807355,-0.03363095
all,call4,0.17837,0.17828636,0.13168,0.168,4.807355,0.009145882
mit,call4,0.17,0.16978218,0.13278,0.15667,4.807355,-0.0147590395
