X var,Y var,MIC (strength),MIC-p^2 (nonlinearity),MAS (non-monotonicity),MEV (functionality),MCN (complexity),Linear regression (p)
mit,all,0.34176,0.31817713,0.09662001,0.32413,4.321928,-0.15356714
mit,rl,0.24909,0.19401929,0.04907,0.23437,4.321928,-0.23467149
all,rl,0.19065,0.05475916,0.037540004,0.1784,4.321928,0.36863375
