X var,Y var,MIC (strength),MIC-p^2 (nonlinearity),MAS (non-monotonicity),MEV (functionality),MCN (complexity),Linear regression (p)
all,rl,0.47587,0.2934876,0.10411,0.47587,4.321928,0.4270625
mit,all,0.37603,0.24669033,0.12516001,0.37603,4.321928,-0.35963824
mit,rl,0.34805,0.34202996,0.05328001,0.34805,4.321928,-0.077588834
mit,call4,0.3226,0.22711986,0.16932,0.3226,4.321928,-0.3089986
all,call4,0.24739,0.24736859,0.15766999,0.24739,4.321928,0.0046280394
call4,rl,0.22236,0.20800102,0.09193,0.22236,4.321928,0.11982894
