X var,Y var,MIC (strength),MIC-p^2 (nonlinearity),MAS (non-monotonicity),MEV (functionality),MCN (complexity),Linear regression (p)
all,rl,0.5312,-0.23795563,0.088749975,0.51021,4.807355,0.8770152
mit,rl,0.28198,0.21141425,0.04795,0.26999,4.807355,-0.26564217
all,call4,0.26287,0.18245688,0.11296001,0.25005,4.807355,0.2835721
mit,call4,0.25664,0.13383734,0.04734,0.24499,4.807355,-0.35043207
mit,all,0.23248,0.22504573,0.03417,0.21911,4.807355,-0.08622228
call4,rl,0.20887,0.0072116703,0.09829,0.20026,4.807355,0.44906384
