X var,Y var,MIC (strength),MIC-p^2 (nonlinearity),MAS (non-monotonicity),MEV (functionality),MCN (complexity),Linear regression (p)
all,rl,0.34084,0.121678725,0.11333001,0.32737,4.807355,0.46814665
mit,rl,0.24673,0.24361165,0.044129997,0.23207,4.807355,-0.055842146
mit,all,0.22565,0.21857579,0.036410004,0.21146,4.807355,0.08410834
all,call4,0.1912,0.18833731,0.16911,0.17624,4.807355,-0.05350411
mit,call4,0.17695,0.17676361,0.16470999,0.17157,4.807355,0.013652346
call4,rl,0.16518,0.13156494,0.1074,0.15821,4.807355,-0.18334408
