X var,Y var,MIC (strength),MIC-p^2 (nonlinearity),MAS (non-monotonicity),MEV (functionality),MCN (complexity),Linear regression (p)
all,rl,0.3295,-0.14806023,0.033250004,0.3295,4.321928,0.6910573
mit,rl,0.22469,0.22212876,0.11128,0.20882,4.4594316,-0.05060877
mit,all,0.19323,0.15363348,0.01991,0.17563,4.4594316,-0.19898877
mit,call4,0.18634,0.14779238,0.13332,0.17069,4.4594316,0.19633546
all,call4,0.11387,0.10206916,0.088530004,0.10878,4.4594316,-0.10863167
call4,rl,0.02752,0.025244612,0.018579999,0.02752,3.0,-0.047701005
