X var,Y var,MIC (strength),MIC-p^2 (nonlinearity),MAS (non-monotonicity),MEV (functionality),MCN (complexity),Linear regression (p)
all,rl,0.35813,0.17267112,0.103330016,0.34662,4.807355,0.43064937
mit,rl,0.29817,0.24837482,0.034830004,0.28717,4.807355,0.22314833
mit,all,0.22585,0.22578214,0.039540008,0.21337,4.807355,-0.008237884
mit,call4,0.22096,0.2125966,0.16085,0.21154,4.807355,-0.0914517
all,call4,0.21771,0.21770793,0.14284,0.20468,4.807355,-0.0014400334
call4,rl,0.2002,0.15430331,0.09054,0.19074,4.807355,-0.21423516
