X var,Y var,MIC (strength),MIC-p^2 (nonlinearity),MAS (non-monotonicity),MEV (functionality),MCN (complexity),Linear regression (p)
all,rl,0.56386,-0.09731382,0.07374999,0.55034,4.321928,0.81312597
mit,all,0.29371,0.26086062,0.06931999,0.27664,4.321928,-0.18124391
call4,rl,0.25731,0.20633154,0.084460005,0.23672,4.321928,0.22578411
mit,rl,0.24551,0.24550316,0.037860006,0.23084,4.321928,-0.0026158346
mit,call4,0.23968,0.23191452,0.11272001,0.22413,4.321928,-0.088122
all,call4,0.2368,0.20894024,0.096729994,0.21307,4.321928,0.16691245
