X var,Y var,MIC (strength),MIC-p^2 (nonlinearity),MAS (non-monotonicity),MEV (functionality),MCN (complexity),Linear regression (p)
all,rl,0.35308,-0.117961526,0.067019984,0.35308,4.321928,0.68632466
mit,all,0.26097,0.17542863,0.06747,0.26097,4.321928,-0.29247457
mit,rl,0.22992,0.17250279,0.04399,0.22992,4.321928,-0.23961891
call4,rl,0.16866,0.16852587,0.14993,0.16866,4.169925,-0.011581098
mit,call4,0.16866,0.14746356,0.1099,0.16866,4.169925,-0.14558999
all,call4,0.15144,0.1511415,0.11937,0.15144,4.169925,-0.017277367
