X var,Y var,MIC (strength),MIC-p^2 (nonlinearity),MAS (non-monotonicity),MEV (functionality),MCN (complexity),Linear regression (p)
all,rl,0.45377,-0.0074204504,0.048780024,0.43626,4.321928,0.67911005
mit,rl,0.33258,0.2678956,0.055250004,0.31077,4.321928,-0.25433126
call4,rl,0.33037,0.31536728,0.22334,0.31441,4.321928,-0.122485645
mit,all,0.30351,0.22433919,0.035290003,0.2814,4.321928,-0.2813731
all,call4,0.30091,0.29338944,0.18498,0.27828,4.321928,-0.08672118
mit,call4,0.26601,0.23103108,0.05201,0.24504,4.321928,-0.1870265
