X var,Y var,MIC (strength),MIC-p^2 (nonlinearity),MAS (non-monotonicity),MEV (functionality),MCN (complexity),Linear regression (p)
all,rl,0.55321,-0.22872937,0.09375,0.5452,4.807355,0.88427335
mit,rl,0.37412,0.2965931,0.03571999,0.36221,4.807355,-0.2784365
all,call4,0.24909,0.24410662,0.15641001,0.23432,4.807355,-0.07059309
mit,call4,0.21106,0.19219981,0.14415,0.20044,4.807355,-0.1373324
call4,rl,0.20884,0.20438182,0.14008,0.196,4.807355,-0.0667695
mit,all,0.19034,0.19012898,0.028910004,0.17858,4.807355,-0.014526326
