X var,Y var,MIC (strength),MIC-p^2 (nonlinearity),MAS (non-monotonicity),MEV (functionality),MCN (complexity),Linear regression (p)
all,rl,0.44996,0.25559497,0.106920004,0.44996,4.169925,0.4408685
mit,all,0.29366,0.18702127,0.01241,0.27116,4.4594316,-0.32655588
mit,rl,0.29004,0.13014413,0.048370004,0.27284,4.4594316,-0.3998698
all,call4,0.2145,0.21331409,0.15343,0.2145,4.169925,0.034437124
mit,call4,0.19178,0.18716156,0.14934,0.16744,4.4594316,-0.06795906
call4,rl,0.17612,0.03015849,0.06983,0.17556,4.4594316,0.38204908
