X var,Y var,MIC (strength),MIC-p^2 (nonlinearity),MAS (non-monotonicity),MEV (functionality),MCN (complexity),Linear regression (p)
all,rl,0.48021,0.36834902,0.09979999,0.45931,4.321928,0.33445624
call4,rl,0.26994,0.260798,0.13748999,0.25088,4.321928,0.09561374
all,call4,0.24093,0.23342301,0.115720004,0.22018,4.321928,0.08664296
mit,all,0.2382,0.20219705,0.02228,0.21728,4.321928,-0.18974443
mit,rl,0.23755,0.22955617,0.027030006,0.21842,4.321928,-0.0894082
mit,call4,0.16499,0.16491765,0.025769994,0.1498,4.321928,0.008505733
