X var,Y var,MIC (strength),MIC-p^2 (nonlinearity),MAS (non-monotonicity),MEV (functionality),MCN (complexity),Linear regression (p)
all,rl,0.53304,-0.239627,0.10045999,0.52429,4.807355,0.8790148
mit,rl,0.32396,0.27463293,0.034769997,0.31229,4.807355,-0.22209696
all,call4,0.25919,0.25912553,0.20504,0.24664,4.807355,-0.008028459
mit,call4,0.24645,0.20222056,0.15541,0.23272,4.807355,-0.210308
mit,all,0.22868,0.22847264,0.076179996,0.21662,4.807355,0.014400309
call4,rl,0.17715,0.17696029,0.14107999,0.16733,4.807355,0.013773375
