X var,Y var,MIC (strength),MIC-p^2 (nonlinearity),MAS (non-monotonicity),MEV (functionality),MCN (complexity),Linear regression (p)
mit,all,0.49039,0.18876478,0.046800017,0.49039,4.4594316,0.5492042
all,rl,0.29,0.22625884,0.051389992,0.29,4.4594316,-0.2524701
mit,rl,0.2898,0.28014988,0.05970998,0.2898,4.4594316,-0.09823496
mit,call4,0.27313,0.108568415,0.06719001,0.27313,4.4594316,-0.4056619
call4,rl,0.26967,0.2696657,0.19281,0.26967,4.4594316,0.0020820613
all,call4,0.21801,0.11124147,0.07278,0.21801,4.4594316,-0.32675454
