X var,Y var,MIC (strength),MIC-p^2 (nonlinearity),MAS (non-monotonicity),MEV (functionality),MCN (complexity),Linear regression (p)
all,rl,0.45196,-0.16136566,0.03841999,0.45196,4.321928,0.7831511
mit,call4,0.31095,0.20178983,0.09318,0.31095,4.321928,-0.33039397
mit,all,0.26582,0.16048378,0.026479997,0.26582,4.321928,-0.32455543
all,call4,0.25634,0.25544912,0.14199,0.25634,4.321928,0.029847872
mit,rl,0.25447,0.20045578,0.04046999,0.25447,4.321928,-0.23240957
call4,rl,0.18782,0.17772244,0.054010004,0.18782,4.321928,0.100486666
