X var,Y var,MIC (strength),MIC-p^2 (nonlinearity),MAS (non-monotonicity),MEV (functionality),MCN (complexity),Linear regression (p)
all,rl,0.62193,0.5289817,0.09084001,0.62193,4.4594316,0.3048743
mit,all,0.35047,0.34966803,0.05471,0.35047,4.4594316,0.028319253
mit,rl,0.2296,0.1583266,0.027099997,0.2296,4.4594316,0.26697078
all,call4,0.20401,0.19299807,0.14919,0.20401,4.4594316,-0.1049377
mit,call4,0.17393,0.13231345,0.1067,0.17393,4.4594316,-0.20400138
call4,rl,0.17312,0.16268367,0.12205,0.17312,4.4594316,-0.10215843
