X var,Y var,MIC (strength),MIC-p^2 (nonlinearity),MAS (non-monotonicity),MEV (functionality),MCN (complexity),Linear regression (p)
all,rl,0.42719,-0.20825547,0.063469976,0.42719,4.321928,0.79714835
mit,call4,0.37271,0.3096089,0.13951999,0.37271,4.321928,-0.25119928
call4,rl,0.3204,0.31332254,0.12976,0.3204,4.321928,0.08412761
mit,rl,0.2624,0.20148844,0.025079995,0.2624,4.321928,-0.24680267
mit,all,0.23045,0.16074976,0.037890002,0.23045,4.321928,-0.26400802
all,call4,0.19938,0.19836159,0.07318999,0.19938,4.321928,0.031912565
