X var,Y var,MIC (strength),MIC-p^2 (nonlinearity),MAS (non-monotonicity),MEV (functionality),MCN (complexity),Linear regression (p)
mit,all,0.61398,0.18055388,0.07459998,0.61398,4.4594316,0.65835106
all,rl,0.51176,0.13256794,0.119619995,0.51176,4.4594316,-0.6157857
mit,rl,0.33112,0.24528396,0.062069997,0.33112,4.4594316,-0.2929779
all,call4,0.30481,0.25116336,0.18229999,0.30481,4.4594316,-0.23161738
mit,call4,0.25887,0.11275682,0.15284,0.25887,4.4594316,-0.38224754
call4,rl,0.1572,0.14527223,0.1292,0.1572,4.4594316,0.109214336
