X var,Y var,MIC (strength),MIC-p^2 (nonlinearity),MAS (non-monotonicity),MEV (functionality),MCN (complexity),Linear regression (p)
all,rl,0.25146,0.2488028,0.06317,0.25146,4.4594316,0.051547933
mit,rl,0.20719,0.20659989,0.049030006,0.20719,4.4594316,0.024292156
mit,all,0.20137,0.15567641,0.058050007,0.20137,4.4594316,0.21376058
mit,call4,0.197,0.18230115,0.17965,0.197,4.4594316,-0.12123883
all,call4,0.19104,0.18722285,0.16169,0.19104,4.4594316,-0.061782986
call4,rl,0.13984,0.13979845,0.11624001,0.13984,4.4594316,0.0064463606
