X var,Y var,MIC (strength),MIC-p^2 (nonlinearity),MAS (non-monotonicity),MEV (functionality),MCN (complexity),Linear regression (p)
all,rl,0.60182,-0.18166393,0.04225999,0.60182,4.0,0.88514626
call4,rl,0.2374,-0.07776895,0.095709994,0.22153,4.321928,0.5613991
mit,call4,0.2322,0.21759558,0.13504,0.20909,4.321928,-0.12084875
all,call4,0.22021,0.014937043,0.10206,0.20291,4.321928,0.45307058
mit,all,0.21045,0.20846167,0.02962,0.19113,4.321928,-0.044590678
mit,rl,0.19669,0.18337452,0.03659,0.18605,4.321928,-0.11539266
