X var,Y var,MIC (strength),MIC-p^2 (nonlinearity),MAS (non-monotonicity),MEV (functionality),MCN (complexity),Linear regression (p)
all,rl,0.38384,-0.25196078,0.06507999,0.38384,4.321928,0.79737115
mit,all,0.28511,0.24035005,0.10868999,0.28511,4.321928,-0.21156545
mit,rl,0.26247,0.24877495,0.03106001,0.26247,4.321928,-0.11702589
mit,call4,0.25196,0.22640425,0.14050001,0.25196,4.321928,-0.15986171
all,call4,0.21574,0.21549259,0.15724999,0.21574,4.321928,0.015729029
call4,rl,0.20873,0.2053665,0.10674,0.20873,4.321928,0.057995595
