X var,Y var,MIC (strength),MIC-p^2 (nonlinearity),MAS (non-monotonicity),MEV (functionality),MCN (complexity),Linear regression (p)
all,rl,0.6287,-0.093957186,0.08469999,0.6124,4.321928,0.8500925
mit,all,0.29474,0.2663289,0.023680001,0.27421,4.321928,-0.16855592
mit,rl,0.26882,0.2519798,0.032319993,0.24583,4.321928,-0.12976976
mit,call4,0.22109,0.15337838,0.12561,0.20189,4.321928,-0.26021457
call4,rl,0.21062,0.1062765,0.10249,0.20157,4.321928,0.32302245
all,call4,0.19297,0.095002994,0.11101999,0.17806,4.321928,0.3129968
