X var,Y var,MIC (strength),MIC-p^2 (nonlinearity),MAS (non-monotonicity),MEV (functionality),MCN (complexity),Linear regression (p)
mit,all,0.395,0.3947939,0.09116,0.37926,4.321928,0.014357093
all,rl,0.39348,0.14508314,0.12377,0.37845,4.321928,0.49839428
mit,rl,0.30455,0.14981599,0.046880007,0.29943,4.321928,-0.39336243
mit,call4,0.21265,0.20396112,0.16507,0.19097,4.321928,-0.09321417
all,call4,0.18141,0.1696637,0.14001,0.17523,4.321928,-0.10838037
call4,rl,0.15235,0.15215428,0.090129994,0.14181,4.321928,0.013989607
