X var,Y var,MIC (strength),MIC-p^2 (nonlinearity),MAS (non-monotonicity),MEV (functionality),MCN (complexity),Linear regression (p)
all,rl,0.48934,-0.0040949583,0.034810007,0.47631,4.807355,0.70244926
call4,rl,0.32169,0.22748083,0.041449994,0.32169,4.0,0.30693513
all,call4,0.29058,0.1908811,0.06616001,0.28293,4.807355,0.3157513
mit,rl,0.24325,0.20532428,0.036640003,0.23368,4.807355,-0.19474526
mit,call4,0.2086,0.19859233,0.062020004,0.19862,4.807355,-0.1000383
mit,all,0.20199,0.20017274,0.032530002,0.19106,4.807355,0.042629212
