X var,Y var,MIC (strength),MIC-p^2 (nonlinearity),MAS (non-monotonicity),MEV (functionality),MCN (complexity),Linear regression (p)
all,rl,0.26953,0.2007764,0.059319988,0.26953,4.4594316,0.26220906
mit,all,0.24152,0.19694586,0.033000007,0.24152,4.4594316,0.2111259
all,call4,0.23895,0.17937712,0.17631,0.23895,4.4594316,-0.24407555
call4,rl,0.20866,0.20655724,0.15609,0.20866,4.4594316,-0.045855902
mit,rl,0.1888,0.18875945,0.040700004,0.1888,4.4594316,0.006368896
mit,call4,0.17486,0.112847954,0.12635,0.17486,4.4594316,-0.24902217
