X var,Y var,MIC (strength),MIC-p^2 (nonlinearity),MAS (non-monotonicity),MEV (functionality),MCN (complexity),Linear regression (p)
mit,all,0.41375,0.38048494,0.10699999,0.38166,4.321928,-0.18238707
all,rl,0.40922,-0.13859335,0.029170007,0.39709,4.321928,0.74014413
mit,rl,0.26144,0.14342406,0.06328,0.24067,4.321928,-0.3435345
mit,call4,0.21603,0.2059616,0.17335,0.19425,4.321928,-0.100341395
all,call4,0.19234,0.17763935,0.14864,0.17708,4.321928,-0.121246256
call4,rl,0.16864,0.16847485,0.107020006,0.15691,4.321928,-0.012850798
