X var,Y var,MIC (strength),MIC-p^2 (nonlinearity),MAS (non-monotonicity),MEV (functionality),MCN (complexity),Linear regression (p)
all,rl,0.63913,0.41728267,0.30090997,0.63913,4.4594316,-0.47100672
mit,all,0.24331,0.23766527,0.05179,0.24331,4.4594316,-0.0751315
mit,rl,0.19112,0.1788347,0.042950004,0.19112,4.4594316,-0.110839
all,call4,0.14549,0.12993714,0.12128001,0.14549,4.169925,0.124711126
mit,call4,0.14549,0.1355403,0.12942001,0.14549,3.807355,-0.0997482
call4,rl,0.10698,0.105146915,0.097270004,0.10698,4.0,-0.04281457
