X var,Y var,MIC (strength),MIC-p^2 (nonlinearity),MAS (non-monotonicity),MEV (functionality),MCN (complexity),Linear regression (p)
all,rl,0.38778,-0.053450674,0.13195999,0.38778,4.321928,0.664252
mit,all,0.26827,0.094172314,0.029299997,0.24736,4.4594316,-0.41725013
all,call4,0.25335,0.22819608,0.16959,0.2237,4.4594316,0.15859981
mit,rl,0.21693,0.14883617,0.030240007,0.20613,4.4594316,-0.26094797
mit,call4,0.20376,0.20214128,0.14813,0.18677,4.4594316,-0.040233165
call4,rl,0.13708,0.027233414,0.062009998,0.12782,4.4594316,0.33143112
