X var,Y var,MIC (strength),MIC-p^2 (nonlinearity),MAS (non-monotonicity),MEV (functionality),MCN (complexity),Linear regression (p)
all,rl,0.57662,-0.058550596,0.05452001,0.57662,3.807355,0.7969759
mit,all,0.24325,0.21969993,0.046639994,0.22852,4.321928,-0.15346028
mit,rl,0.21009,0.18700194,0.045889996,0.19681,4.321928,-0.15194754
mit,call4,0.17647,0.16314243,0.13237,0.17647,4.169925,-0.11544508
call4,rl,0.16322,-0.061473638,0.063420005,0.16322,4.169925,0.4740186
all,call4,0.16322,0.019906998,0.07785001,0.16322,4.169925,0.37856704
