X var,Y var,MIC (strength),MIC-p^2 (nonlinearity),MAS (non-monotonicity),MEV (functionality),MCN (complexity),Linear regression (p)
all,rl,0.78005,0.15667039,0.08917004,0.77074,4.807355,0.7895439
mit,rl,0.44161,0.27139065,0.034049988,0.43859,4.807355,-0.4125765
mit,all,0.42722,0.38546196,0.06382999,0.41425,4.807355,-0.20434783
all,call4,0.26632,0.00429222,0.050699994,0.26562,4.807355,0.5118865
call4,rl,0.23762,0.052977636,0.04365,0.23762,4.321928,0.42970031
mit,call4,0.21707,0.2161143,0.120629996,0.20286,4.807355,0.030914305
