X var,Y var,MIC (strength),MIC-p^2 (nonlinearity),MAS (non-monotonicity),MEV (functionality),MCN (complexity),Linear regression (p)
all,rl,0.31639,0.14270712,0.04258001,0.30347,4.807355,0.4167528
mit,rl,0.23856,0.1851489,0.03069,0.22537,4.807355,-0.23110846
mit,call4,0.23204,0.22199315,0.16626,0.21959,4.807355,-0.10023403
mit,all,0.1978,0.04083304,0.008819997,0.18634,4.807355,0.39619055
all,call4,0.18979,0.18263696,0.1236,0.17732,4.807355,-0.084575586
call4,rl,0.18912,0.18568067,0.120689996,0.17815,4.807355,0.058645703
