X var,Y var,MIC (strength),MIC-p^2 (nonlinearity),MAS (non-monotonicity),MEV (functionality),MCN (complexity),Linear regression (p)
all,rl,0.34352,0.094328046,0.079150006,0.33202,4.807355,0.49919128
all,call4,0.23395,0.21870604,0.11529,0.22049,4.807355,-0.12346643
mit,all,0.22366,0.21909955,0.059190005,0.21199,4.807355,-0.06753112
call4,rl,0.21578,0.2026677,0.13687,0.20276,4.807355,-0.114509
mit,rl,0.21378,0.2135921,0.042749994,0.19815,4.807355,-0.013708029
mit,call4,0.16092,0.15967545,0.1266,0.1528,4.807355,-0.035278138
