X var,Y var,MIC (strength),MIC-p^2 (nonlinearity),MAS (non-monotonicity),MEV (functionality),MCN (complexity),Linear regression (p)
all,rl,0.57037,-0.014511585,0.05588001,0.55985,4.807355,0.7647755
mit,rl,0.40098,0.35661393,0.071830004,0.38731,4.807355,-0.2106325
mit,all,0.31863,0.30903947,0.031760007,0.30495,4.807355,-0.09793134
all,call4,0.30061,0.0948742,0.14377001,0.29205,4.807355,0.4535811
mit,call4,0.20417,0.20412081,0.12503001,0.19417,4.807355,0.0070131444
call4,rl,0.15009,0.07708562,0.071760006,0.14527,4.807355,0.27019322
