X var,Y var,MIC (strength),MIC-p^2 (nonlinearity),MAS (non-monotonicity),MEV (functionality),MCN (complexity),Linear regression (p)
mit,all,0.30864,0.29378343,0.075100005,0.30864,4.0,-0.12188753
mit,rl,0.29954,0.24097446,0.033930004,0.27319,4.321928,-0.24200323
all,rl,0.25186,-0.07088584,0.06834,0.23793,4.321928,0.56810725
mit,call4,0.17033,0.16950247,0.14320001,0.17033,4.169925,0.028766816
all,call4,0.13235,0.13141511,0.09805,0.13235,3.321928,-0.030575762
call4,rl,0.06412,0.062542,0.036390003,0.06412,3.0,-0.039724052
