X var,Y var,MIC (strength),MIC-p^2 (nonlinearity),MAS (non-monotonicity),MEV (functionality),MCN (complexity),Linear regression (p)
all,rl,0.50243,-0.09873921,0.11405,0.48283,4.321928,0.77535105
mit,call4,0.29366,0.29323643,0.18447001,0.27159,4.321928,-0.020580782
all,call4,0.25115,-0.08179551,0.09948002,0.22723,4.321928,0.5770143
mit,all,0.24237,0.20583002,0.03881,0.21993,4.321928,-0.19115432
call4,rl,0.21635,-0.40037757,0.05193001,0.20151,4.321928,0.78532004
mit,rl,0.20977,0.20558776,0.01992999,0.18945,4.321928,-0.0646702
