X var,Y var,MIC (strength),MIC-p^2 (nonlinearity),MAS (non-monotonicity),MEV (functionality),MCN (complexity),Linear regression (p)
all,rl,0.57603,0.09604111,0.08952999,0.56255,4.807355,0.6928123
mit,all,0.26841,0.2586933,0.11067,0.25273,4.807355,0.0985733
mit,rl,0.25727,0.2544869,0.018550009,0.24521,4.807355,-0.052755278
call4,rl,0.2195,0.219219,0.06722,0.20887,4.807355,0.016763436
all,call4,0.21432,0.19908842,0.07421,0.20314,4.807355,-0.1234163
mit,call4,0.19425,0.14349559,0.0573,0.18516,4.807355,0.22528741
