X var,Y var,MIC (strength),MIC-p^2 (nonlinearity),MAS (non-monotonicity),MEV (functionality),MCN (complexity),Linear regression (p)
all,rl,0.47313,0.3253194,0.08304,0.46417,4.807355,0.38446143
mit,all,0.46013,0.44082993,0.08954999,0.44958,4.807355,-0.13892472
mit,rl,0.36799,0.25504315,0.14664999,0.35566,4.807355,-0.33607563
all,call4,0.18888,0.1108437,0.09968,0.18888,4.4594316,0.27934977
mit,call4,0.18601,0.17990501,0.14554,0.18165,4.807355,0.078134395
call4,rl,0.11817,0.09948901,0.08657,0.11811,4.807355,0.13667843
