X var,Y var,MIC (strength),MIC-p^2 (nonlinearity),MAS (non-monotonicity),MEV (functionality),MCN (complexity),Linear regression (p)
all,rl,0.33097,0.22807398,0.046120003,0.31952,4.807355,0.32077408
mit,rl,0.26452,0.21313322,0.04559,0.25252,4.807355,-0.2266865
mit,call4,0.23704,0.22628075,0.13738,0.22467,4.807355,-0.10372677
mit,all,0.22164,0.19574004,0.02313,0.21182,4.807355,0.16093464
all,call4,0.21305,0.20047385,0.15383999,0.20104,4.807355,-0.11214346
call4,rl,0.16984,0.16945724,0.13843,0.1587,4.807355,0.019564057
