X var,Y var,MIC (strength),MIC-p^2 (nonlinearity),MAS (non-monotonicity),MEV (functionality),MCN (complexity),Linear regression (p)
all,rl,0.3807,-0.011522919,0.06955999,0.36604,4.321928,0.626277
mit,rl,0.36324,0.22114082,0.04001999,0.31304,4.321928,-0.37696046
mit,all,0.34267,0.34222162,0.11058,0.29084,4.321928,-0.02117472
mit,call4,0.22057,0.21047595,0.17893,0.21048,4.321928,-0.10046915
all,call4,0.17045,0.16344668,0.13398,0.1632,4.321928,-0.08368582
call4,rl,0.13118,0.13110945,0.09217,0.12567,4.321928,-0.008399941
