X var,Y var,MIC (strength),MIC-p^2 (nonlinearity),MAS (non-monotonicity),MEV (functionality),MCN (complexity),Linear regression (p)
all,rl,0.50639,-0.3800397,0.051479995,0.50223,4.807355,0.94150394
call4,rl,0.307,0.3030189,0.12256001,0.29938,4.807355,0.063095994
mit,call4,0.29427,0.25952446,0.14634001,0.2832,4.807355,-0.18640153
mit,rl,0.29231,0.26091444,0.119100004,0.27814,4.807355,-0.17718789
all,call4,0.28308,0.2669117,0.12546001,0.27441,4.807355,0.12715477
mit,all,0.20104,0.179752,0.021520004,0.18907,4.807355,-0.14590406
