X var,Y var,MIC (strength),MIC-p^2 (nonlinearity),MAS (non-monotonicity),MEV (functionality),MCN (complexity),Linear regression (p)
all,rl,0.3749,0.12834342,0.034940004,0.35967,4.807355,0.49654466
mit,rl,0.29402,0.25578105,0.09241,0.27831,4.807355,0.19554776
all,call4,0.23547,0.19880737,0.13752,0.22299,4.807355,-0.19147487
call4,rl,0.22785,0.15864995,0.09245001,0.21541,4.807355,-0.26305905
mit,all,0.19626,0.147941,0.022280008,0.18568,4.807355,-0.21981585
mit,call4,0.18859,0.18354966,0.09714001,0.17739,4.807355,-0.070995405
