X var,Y var,MIC (strength),MIC-p^2 (nonlinearity),MAS (non-monotonicity),MEV (functionality),MCN (complexity),Linear regression (p)
all,rl,0.53525,-0.14196175,0.06830999,0.52538,4.807355,0.8229288
mit,rl,0.276,0.25213915,0.046960004,0.2639,4.807355,-0.1544695
mit,call4,0.23914,0.023161024,0.05312001,0.23914,4.70044,-0.4647354
call4,rl,0.22312,0.19505697,0.04009001,0.21264,4.807355,0.16752025
all,call4,0.21628,0.21465334,0.08326,0.2013,4.807355,-0.040331878
mit,all,0.21202,0.1999079,0.034050003,0.19876,4.807355,0.110054955
