X var,Y var,MIC (strength),MIC-p^2 (nonlinearity),MAS (non-monotonicity),MEV (functionality),MCN (complexity),Linear regression (p)
all,rl,0.43289,0.14825895,0.04832998,0.43289,4.321928,0.53350824
mit,rl,0.35684,0.27315283,0.13637002,0.35684,4.321928,-0.2892874
mit,all,0.31437,0.29540074,0.04658,0.31437,4.321928,-0.13772893
mit,call4,0.26851,0.1639843,0.09846002,0.26851,4.321928,-0.32330438
call4,rl,0.2669,0.13259013,0.08184001,0.2669,4.321928,0.36648312
all,call4,0.25318,0.20859282,0.12573,0.25318,4.321928,0.21115676
