X var,Y var,MIC (strength),MIC-p^2 (nonlinearity),MAS (non-monotonicity),MEV (functionality),MCN (complexity),Linear regression (p)
mit,rl,0.29197,0.25461254,0.17796001,0.27267,4.4594316,0.19328085
mit,all,0.27506,0.27490506,0.11106999,0.25828,4.4594316,0.012447587
all,rl,0.26381,0.14707872,0.051970005,0.25211,4.4594316,0.3416596
all,call4,0.0897,0.08957528,0.07396,0.0897,3.321928,0.011167496
mit,call4,0.0897,0.08891874,0.07559,0.0897,3.321928,-0.02795108
call4,rl,0.07833,0.04754999,0.041040003,0.07833,3.321928,0.17544234
