X var,Y var,MIC (strength),MIC-p^2 (nonlinearity),MAS (non-monotonicity),MEV (functionality),MCN (complexity),Linear regression (p)
all,rl,0.48828,0.03741029,0.06215,0.48828,4.0,0.6714683
mit,rl,0.37856,0.37605074,0.073030025,0.37856,4.0,-0.050092567
mit,all,0.28132,0.25538254,0.110300004,0.28132,4.0,-0.16105115
all,call4,0.26377,0.14114329,0.119229995,0.26377,4.0,0.35018098
call4,rl,0.25684,0.102083415,0.07708,0.25684,4.0,0.39339113
mit,call4,0.24044,0.18130721,0.12431999,0.24044,4.0,-0.24317233
