X var,Y var,MIC (strength),MIC-p^2 (nonlinearity),MAS (non-monotonicity),MEV (functionality),MCN (complexity),Linear regression (p)
mit,call4,0.33499,0.19011453,0.1529,0.30085,3.5849626,-0.3806251
all,rl,0.33039,0.31934434,0.037339985,0.31759,3.5849626,-0.1050983
all,call4,0.32696,0.32645783,0.13764,0.30429,3.5849626,0.022409316
mit,all,0.23645,0.22914043,0.02798,0.19708,3.5849626,-0.08549604
mit,rl,0.22351,0.18881786,0.056030005,0.20663,3.5849626,-0.18625826
call4,rl,0.06132,0.04426469,0.0,0.06132,2.0,-0.13059598
