X var,Y var,MIC (strength),MIC-p^2 (nonlinearity),MAS (non-monotonicity),MEV (functionality),MCN (complexity),Linear regression (p)
all,call4,0.32,0.25305957,0.18996999,0.26084,3.5849626,0.2587285
mit,call4,0.29588,0.2936323,0.14253,0.25653,3.5849626,-0.047409676
all,rl,0.28037,0.2639734,0.049850002,0.2481,3.5849626,0.12804909
mit,rl,0.24476,0.24408567,0.09536001,0.20712,3.5849626,0.025967905
mit,all,0.22794,0.06428762,0.022329994,0.18741,3.5849626,0.4045397
call4,rl,0.1515,0.14444093,0.10693,0.11513,3.5849626,-0.084018245
