X var,Y var,MIC (strength),MIC-p^2 (nonlinearity),MAS (non-monotonicity),MEV (functionality),MCN (complexity),Linear regression (p)
all,rl,0.28033,-0.017215908,0.024039999,0.27004,4.9068904,0.5454777
mit,call4,0.21343,0.19522181,0.034950003,0.20336,4.9068904,-0.13493772
all,call4,0.2064,0.20596337,0.035060003,0.19445,4.9068904,0.020895926
call4,rl,0.19281,0.19262902,0.05354999,0.1829,4.9068904,-0.0134527935
mit,all,0.17785,0.17739552,0.017330002,0.16729,4.9068904,0.021318413
mit,rl,0.17024,0.16508795,0.016139999,0.15993,4.9068904,0.071777776
