X var,Y var,MIC (strength),MIC-p^2 (nonlinearity),MAS (non-monotonicity),MEV (functionality),MCN (complexity),Linear regression (p)
mit,rl,0.38666,0.30008835,0.1421,0.38666,4.0,-0.2942306
all,rl,0.3662,-0.013133824,0.049789995,0.3662,4.0,0.6159008
mit,all,0.25477,0.15971318,0.02339001,0.25477,4.0,-0.3083129
all,call4,0.12148,0.11941262,0.102570005,0.12148,3.321928,-0.045468472
mit,call4,0.12148,0.110210605,0.098390006,0.12148,3.321928,0.10615741
call4,rl,0.09164,0.090398,0.068780005,0.09164,3.321928,-0.03524203
