X var,Y var,MIC (strength),MIC-p^2 (nonlinearity),MAS (non-monotonicity),MEV (functionality),MCN (complexity),Linear regression (p)
all,rl,0.45947,0.02299431,0.025709987,0.45104,4.9068904,0.66066307
mit,all,0.31853,0.25525963,0.041999996,0.30892,4.9068904,-0.251536
mit,rl,0.27334,0.22683178,0.061159983,0.26241,4.9068904,-0.21565762
mit,call4,0.21026,0.11492939,0.02572,0.19991,4.9068904,-0.30875656
call4,rl,0.19423,0.19140558,0.045729995,0.18686,4.9068904,-0.05314528
all,call4,0.19008,0.18119122,0.04524,0.18117,4.9068904,-0.09428033
