X var,Y var,MIC (strength),MIC-p^2 (nonlinearity),MAS (non-monotonicity),MEV (functionality),MCN (complexity),Linear regression (p)
mit,all,0.29417,0.07249363,0.14818999,0.26356,3.5849626,0.4708252
mit,rl,0.2798,0.2744269,0.13705,0.25351,3.5849626,-0.07330136
mit,call4,0.27473,0.22749293,0.16670999,0.25694,3.5849626,0.21734092
all,rl,0.17836,0.16938949,0.12179,0.14693,3.5849626,-0.09471284
all,call4,0.14782,-0.4077909,0.008900002,0.14782,3.0,0.7453931
call4,rl,0.04296,0.022100583,0.0,0.04296,2.0,-0.1444279
