X var,Y var,MIC (strength),MIC-p^2 (nonlinearity),MAS (non-monotonicity),MEV (functionality),MCN (complexity),Linear regression (p)
all,rl,0.49782,0.09442982,0.08614001,0.49782,4.0,0.63513005
mit,rl,0.38478,0.28188986,0.04253,0.38478,4.0,0.3207649
mit,all,0.33662,0.3341735,0.13404998,0.33662,4.0,-0.049462017
mit,call4,0.27577,0.27539203,0.21882,0.27577,4.0,0.019441523
call4,rl,0.26879,0.13649382,0.15576,0.26879,4.0,0.36372542
all,call4,0.20647,0.1497649,0.07786,0.20647,4.0,0.23812835
