X var,Y var,MIC (strength),MIC-p^2 (nonlinearity),MAS (non-monotonicity),MEV (functionality),MCN (complexity),Linear regression (p)
all,rl,0.40081,0.016641885,0.021290004,0.39212,4.9068904,0.61981297
mit,all,0.21731,0.19429943,0.045819998,0.20789,4.9068904,-0.15169236
mit,call4,0.20858,0.19916095,0.025680006,0.19797,4.9068904,-0.097051814
mit,rl,0.17761,0.16199243,0.018150002,0.16735,4.9068904,-0.12497024
call4,rl,0.16668,0.1665882,0.011569992,0.1568,4.9068904,0.009581015
all,call4,0.14391,0.13864338,0.034780003,0.13475,4.9068904,0.072571486
