X var,Y var,MIC (strength),MIC-p^2 (nonlinearity),MAS (non-monotonicity),MEV (functionality),MCN (complexity),Linear regression (p)
all,rl,0.44724,0.054676503,0.052379996,0.43715,4.9068904,0.6265489
mit,call4,0.21751,0.21735907,0.016779989,0.20943,4.9068904,-0.012285354
mit,rl,0.19803,0.16938965,0.011869997,0.18565,4.9068904,-0.16923459
all,call4,0.19188,0.17708614,0.0246,0.18027,4.9068904,0.12163003
call4,rl,0.18658,0.18242763,0.021519996,0.17884,4.9068904,0.06443893
mit,all,0.17996,0.17865665,0.02513,0.17064,4.9068904,-0.036101904
