X var,Y var,MIC (strength),MIC-p^2 (nonlinearity),MAS (non-monotonicity),MEV (functionality),MCN (complexity),Linear regression (p)
all,rl,0.48641,0.024616688,0.07181001,0.48641,3.0,-0.67955375
mit,all,0.30978,0.28594333,0.08298999,0.25673,3.5849626,0.15439129
mit,rl,0.25417,0.18299621,0.036390007,0.20535,3.5849626,0.26678416
all,call4,0.23166,0.17383857,0.10140999,0.18631,3.5849626,-0.24046086
mit,call4,0.20398,0.18411633,0.08987,0.16889,3.5849626,0.14093849
call4,rl,0.14991,0.12815645,0.035050005,0.11882,3.5849626,0.14749086
