X var,Y var,MIC (strength),MIC-p^2 (nonlinearity),MAS (non-monotonicity),MEV (functionality),MCN (complexity),Linear regression (p)
all,rl,0.34168,0.11035408,0.04129,0.34168,4.0,0.48096353
mit,rl,0.30301,0.18935843,0.06327999,0.30301,4.0,0.33712247
mit,all,0.24176,0.23350054,0.045100003,0.24176,4.0,0.0908816
mit,call4,0.2095,0.20949613,0.17311001,0.2095,3.807355,-0.0019681798
call4,rl,0.1702,0.13797739,0.10901,0.1702,4.0,0.17950659
all,call4,0.16954,0.16826375,0.13921,0.16954,4.0,0.035724733
