X var,Y var,MIC (strength),MIC-p^2 (nonlinearity),MAS (non-monotonicity),MEV (functionality),MCN (complexity),Linear regression (p)
all,rl,0.6069,0.1153678,0.026869982,0.59756,4.9068904,0.70109355
mit,all,0.35765,0.2549822,0.054170012,0.34722,4.9068904,0.32041818
mit,rl,0.2733,0.24706954,0.05437,0.26436,4.9068904,0.16195817
mit,call4,0.25469,0.23669524,0.017870001,0.24115,4.9068904,0.13414448
all,call4,0.25274,0.19827044,0.038299993,0.24184,4.9068904,0.23338713
call4,rl,0.21517,0.19268027,0.035440005,0.20596,4.9068904,0.14996578
