X var,Y var,MIC (strength),MIC-p^2 (nonlinearity),MAS (non-monotonicity),MEV (functionality),MCN (complexity),Linear regression (p)
all,rl,0.38775,-0.5135317,0.05445999,0.37846,4.9068904,0.9493586
all,call4,0.29436,0.29411227,0.060450017,0.28054,4.9068904,0.015740238
mit,call4,0.19366,0.19057405,0.035240002,0.1812,4.9068904,-0.055551376
mit,rl,0.19201,0.19145013,0.073300004,0.1793,4.9068904,-0.02366159
mit,all,0.18308,0.1806861,0.019840002,0.17005,4.9068904,-0.048927564
call4,rl,0.18145,0.18130235,0.056559995,0.1724,4.9068904,-0.012150737
