X var,Y var,MIC (strength),MIC-p^2 (nonlinearity),MAS (non-monotonicity),MEV (functionality),MCN (complexity),Linear regression (p)
all,rl,0.38771,-0.06549546,0.05399999,0.37531,4.9068904,0.6732054
mit,all,0.24571,0.24349214,0.02617,0.23133,4.9068904,0.047094133
mit,call4,0.23823,0.23756129,0.041820005,0.2266,4.9068904,-0.025859639
all,call4,0.21456,0.20130686,0.049840003,0.20337,4.9068904,0.115122244
call4,rl,0.20997,0.19903916,0.024779998,0.19971,4.9068904,0.104550645
mit,rl,0.1989,0.19558191,0.0235,0.18728,4.9068904,0.057602856
