X var,Y var,MIC (strength),MIC-p^2 (nonlinearity),MAS (non-monotonicity),MEV (functionality),MCN (complexity),Linear regression (p)
all,rl,0.2906,-0.22061074,0.028760001,0.2906,4.0,0.71499
all,call4,0.26067,-0.060276628,0.0854,0.26067,4.0,0.5665215
mit,all,0.24054,0.14391205,0.049229994,0.24054,4.0,-0.31085035
mit,call4,0.22185,0.044880703,0.09233999,0.22185,4.0,-0.42067719
call4,rl,0.19657,-0.07155411,0.06302999,0.19657,4.0,0.517807
mit,rl,0.19551,0.12164173,0.014679998,0.19551,4.0,-0.27178717
