X var,Y var,MIC (strength),MIC-p^2 (nonlinearity),MAS (non-monotonicity),MEV (functionality),MCN (complexity),Linear regression (p)
all,rl,0.57176,0.1684818,0.15834999,0.53919,3.5849626,-0.6350419
mit,call4,0.44941,0.14055178,0.15483999,0.39512,3.5849626,-0.55575013
mit,all,0.38557,0.08732411,0.054130018,0.35591,3.5849626,-0.5461189
all,call4,0.3419,0.16423433,0.09129998,0.29724,3.5849626,0.42150405
mit,rl,0.23539,0.15943201,0.07051001,0.19938,3.5849626,0.27560475
call4,rl,0.16534,0.1374709,0.012330003,0.14693,3.5849626,-0.1669404
