X var,Y var,MIC (strength),MIC-p^2 (nonlinearity),MAS (non-monotonicity),MEV (functionality),MCN (complexity),Linear regression (p)
all,rl,0.50462,-0.030103743,0.025409997,0.49672,4.9068904,0.7312481
mit,call4,0.23045,0.22783476,0.049679995,0.22191,4.9068904,-0.05113943
all,call4,0.22033,0.20321427,0.020919994,0.21166,4.9068904,0.13082707
call4,rl,0.19457,0.19456328,0.011380002,0.18391,4.9068904,-0.0025920512
mit,rl,0.18333,0.17179349,0.023729995,0.17382,4.9068904,0.10740811
mit,all,0.17546,0.17519264,0.038119994,0.16438,4.9068904,0.016351137
