X var,Y var,MIC (strength),MIC-p^2 (nonlinearity),MAS (non-monotonicity),MEV (functionality),MCN (complexity),Linear regression (p)
all,rl,0.54824,-0.15326405,0.047850013,0.54824,4.0,0.8375584
mit,rl,0.39719,0.24204753,0.06389001,0.39719,4.0,-0.3938813
mit,all,0.34699,0.22357516,0.08339,0.34699,4.0,-0.35130447
mit,call4,0.12148,0.11289272,0.102000006,0.12148,3.321928,0.09266763
all,call4,0.07813,0.07683811,0.05909,0.07813,3.321928,-0.035942823
call4,rl,0.06888,0.06659767,0.053889997,0.06888,3.321928,-0.047773723
