X var,Y var,MIC (strength),MIC-p^2 (nonlinearity),MAS (non-monotonicity),MEV (functionality),MCN (complexity),Linear regression (p)
all,rl,0.45677,-0.011757821,0.052000016,0.44672,4.9068904,0.6844909
mit,all,0.23329,0.18470402,0.034879997,0.22382,4.9068904,-0.22042228
mit,rl,0.21759,0.18335211,0.06482001,0.20521,4.9068904,-0.18503484
mit,call4,0.19819,0.19105127,0.027910002,0.18832,4.9068904,-0.08449103
all,call4,0.18643,0.17324229,0.024720006,0.17429,4.9068904,0.11483781
call4,rl,0.1714,0.16986994,0.041309997,0.16181,4.9068904,0.03911586
