X var,Y var,MIC (strength),MIC-p^2 (nonlinearity),MAS (non-monotonicity),MEV (functionality),MCN (complexity),Linear regression (p)
all,rl,0.51421,-0.05503136,0.043789983,0.50358,4.9068904,0.75448084
mit,all,0.23316,0.19824207,0.022950001,0.22031,4.9068904,-0.18686344
mit,rl,0.21398,0.16565709,0.02803,0.20617,4.9068904,-0.21982473
all,call4,0.19874,0.18388382,0.03301999,0.18782,4.9068904,0.121885985
mit,call4,0.19187,0.17602086,0.029349998,0.18079,4.9068904,-0.1258934
call4,rl,0.17603,0.16910098,0.01368,0.16565,4.9068904,0.083240665
