X var,Y var,MIC (strength),MIC-p^2 (nonlinearity),MAS (non-monotonicity),MEV (functionality),MCN (complexity),Linear regression (p)
all,rl,0.27748,0.04853612,0.021530002,0.27748,4.0,0.47848082
mit,rl,0.26077,0.23718777,0.11002,0.26077,4.0,-0.15356503
all,call4,0.24832,0.08982648,0.16411999,0.24832,4.0,0.39811245
mit,call4,0.24832,0.17283481,0.17076999,0.24832,3.807355,-0.27474567
mit,all,0.24443,0.19185072,0.034730002,0.24443,4.0,-0.22930175
call4,rl,0.16837,0.16189204,0.10599999,0.16837,4.0,0.08048573
