X var,Y var,MIC (strength),MIC-p^2 (nonlinearity),MAS (non-monotonicity),MEV (functionality),MCN (complexity),Linear regression (p)
all,rl,0.60596,0.30736607,0.14855,0.54656,3.5849626,-0.5464375
mit,call4,0.42964,0.298461,0.108449996,0.40982,3.5849626,-0.36218643
all,call4,0.35396,0.35390022,0.18720001,0.30228,3.5849626,0.00773155
mit,all,0.30466,0.054335266,0.02787,0.27111,3.5849626,-0.5003246
mit,rl,0.2679,0.1808962,0.10467999,0.23131,3.5849626,0.29496405
call4,rl,0.15044,0.14880627,0.06062001,0.14792,3.5849626,0.04041943
