X var,Y var,MIC (strength),MIC-p^2 (nonlinearity),MAS (non-monotonicity),MEV (functionality),MCN (complexity),Linear regression (p)
all,rl,0.53578,0.051351428,0.06525999,0.47684,3.5849626,-0.69600904
mit,all,0.39319,0.317267,0.10731,0.3553,3.5849626,-0.27554125
mit,call4,0.32989,0.106796265,0.11455001,0.3113,3.5849626,-0.472328
mit,rl,0.27117,0.2682158,0.033329993,0.234,3.5849626,0.054352477
all,call4,0.18452,0.18387796,0.119,0.13609,3.5849626,-0.025338659
call4,rl,0.18212,0.122860655,0.07907999,0.14305,3.5849626,0.2434324
