X var,Y var,MIC (strength),MIC-p^2 (nonlinearity),MAS (non-monotonicity),MEV (functionality),MCN (complexity),Linear regression (p)
all,rl,0.60657,-0.14639157,0.08122003,0.59352,4.9068904,0.8677336
all,call4,0.37691,0.37222153,0.043990016,0.36777,4.9068904,0.06847238
call4,rl,0.2947,0.29335207,0.035170004,0.28827,4.9068904,0.03671421
mit,call4,0.23632,0.23276977,0.019269995,0.22649,4.9068904,-0.05958385
mit,all,0.20628,0.20605904,0.027139992,0.19411,4.9068904,-0.014864442
mit,rl,0.19795,0.19760287,0.052,0.18841,4.9068904,-0.01863143
