X var,Y var,MIC (strength),MIC-p^2 (nonlinearity),MAS (non-monotonicity),MEV (functionality),MCN (complexity),Linear regression (p)
mit,all,0.33167,-0.24772078,0.11407998,0.29311,3.5849626,0.76117724
mit,call4,0.28551,0.24946861,0.17749,0.26487,3.5849626,0.18984571
mit,rl,0.23905,0.23904048,0.053049996,0.21269,3.5849626,-0.003086707
all,rl,0.18243,0.17740467,0.040260002,0.16463,3.5849626,-0.07088952
all,call4,0.14129,0.02470968,0.014809996,0.14129,2.5849626,0.3414386
call4,rl,0.09408,0.09225398,0.07067,0.09408,3.321928,0.042731926
