X var,Y var,MIC (strength),MIC-p^2 (nonlinearity),MAS (non-monotonicity),MEV (functionality),MCN (complexity),Linear regression (p)
all,rl,0.39124,0.37290025,0.08116999,0.34488,3.5849626,-0.13542436
mit,all,0.32178,0.3197273,0.056099996,0.2887,3.5849626,0.04530663
mit,rl,0.2436,0.23457925,0.03467001,0.20314,3.5849626,0.09497761
