X var,Y var,MIC (strength),MIC-p^2 (nonlinearity),MAS (non-monotonicity),MEV (functionality),MCN (complexity),Linear regression (p)
all,rl,0.56114,-0.06273234,0.03128001,0.54978,4.9068904,0.7898559
mit,all,0.2799,0.27540863,0.06028001,0.26964,4.9068904,-0.06701778
all,call4,0.25171,0.20052728,0.034930006,0.23962,4.9068904,0.22623597
mit,rl,0.23754,0.2286329,0.03024,0.22708,4.9068904,-0.09437751
call4,rl,0.19886,0.18835396,0.01235,0.18622,4.9068904,0.102498986
mit,call4,0.17289,0.1690509,0.025339998,0.16294,4.9068904,0.061960444
