X var,Y var,MIC (strength),MIC-p^2 (nonlinearity),MAS (non-monotonicity),MEV (functionality),MCN (complexity),Linear regression (p)
all,rl,0.70952,-0.004158497,0.053309977,0.70322,4.9068904,0.8447949
all,call4,0.32681,0.24489528,0.028259993,0.31639,4.9068904,0.28620747
call4,rl,0.24335,0.20849037,0.01783,0.23209,4.9068904,0.18670733
mit,call4,0.23446,0.22275525,0.03769,0.22211,4.9068904,0.10818849
mit,all,0.20665,0.15141028,0.017009996,0.19728,4.9068904,0.23503134
mit,rl,0.19272,0.16491887,0.045779996,0.18302,4.9068904,0.16673668
