X var,Y var,MIC (strength),MIC-p^2 (nonlinearity),MAS (non-monotonicity),MEV (functionality),MCN (complexity),Linear regression (p)
all,rl,0.42109,0.040079623,0.035370022,0.42109,4.0,0.6172604
call4,rl,0.27332,-0.008319497,0.12719999,0.27332,4.0,0.53069717
all,call4,0.23909,0.09327616,0.11766999,0.23909,4.0,0.3818558
mit,rl,0.20066,0.19317235,0.03852001,0.20066,4.0,0.08653125
mit,call4,0.19355,0.17948456,0.15369001,0.19355,4.0,-0.11859781
mit,all,0.18753,0.18745658,0.030019999,0.18753,4.0,-0.008568716
