X var,Y var,MIC (strength),MIC-p^2 (nonlinearity),MAS (non-monotonicity),MEV (functionality),MCN (complexity),Linear regression (p)
all,rl,0.41646,0.09799799,0.043420017,0.41646,4.0,0.5643244
call4,rl,0.31885,0.031160593,0.13074002,0.31885,4.0,0.5363669
mit,rl,0.30879,0.22626066,0.097389996,0.30879,4.0,0.2872792
mit,all,0.24487,0.24170066,0.029059999,0.24487,4.0,0.056296866
all,call4,0.22426,0.084420666,0.11423,0.22426,4.0,0.373951
mit,call4,0.20935,0.20380336,0.17769,0.20935,4.0,0.07447577
