X var,Y var,MIC (strength),MIC-p^2 (nonlinearity),MAS (non-monotonicity),MEV (functionality),MCN (complexity),Linear regression (p)
mit,call4,0.3108,0.23526633,0.15095998,0.28095,3.5849626,-0.2748339
all,rl,0.28359,0.28222054,0.051850006,0.24476,3.5849626,0.037006006
mit,rl,0.27507,0.2742979,0.04820001,0.24582,3.5849626,0.027787283
mit,all,0.25929,0.20044854,0.04196,0.23285,3.5849626,-0.2425726
call4,rl,0.25315,0.2251989,0.15930998,0.21203,3.5849626,-0.1671858
all,call4,0.16305,0.16106781,0.08674999,0.15065,3.5849626,0.044521783
