X var,Y var,MIC (strength),MIC-p^2 (nonlinearity),MAS (non-monotonicity),MEV (functionality),MCN (complexity),Linear regression (p)
all,rl,0.5985,0.15473437,0.09645,0.57373,3.5849626,-0.66615736
all,call4,0.31655,0.16291176,0.10962999,0.297,3.5849626,-0.39196712
mit,call4,0.26629,0.2659648,0.13430001,0.2213,3.5849626,0.018033043
mit,all,0.23433,0.23004743,0.050520003,0.19532,3.5849626,0.06544127
mit,rl,0.18745,0.067754515,0.007940009,0.16151,3.5849626,0.34597036
call4,rl,0.16165,0.095932856,0.029990003,0.11744,3.5849626,0.25635356
