X var,Y var,MIC (strength),MIC-p^2 (nonlinearity),MAS (non-monotonicity),MEV (functionality),MCN (complexity),Linear regression (p)
mit,rl,0.56715,0.36108738,0.14172,0.56715,4.0,-0.45394123
all,rl,0.39156,-0.12663808,0.09187001,0.39156,3.807355,0.7198598
mit,all,0.26587,0.19548939,0.04923001,0.26587,4.0,-0.26529345
mit,call4,0.12148,0.11329645,0.098620005,0.12148,3.321928,0.09046301
all,call4,0.07511,0.072294645,0.058180004,0.07511,3.0,-0.05305993
call4,rl,0.05741,0.05541829,0.04456,0.05741,3.321928,-0.04462861
