X var,Y var,MIC (strength),MIC-p^2 (nonlinearity),MAS (non-monotonicity),MEV (functionality),MCN (complexity),Linear regression (p)
all,rl,0.35339,-0.037559092,0.037039995,0.34361,4.9068904,0.6252592
mit,call4,0.19808,0.19311911,0.01052,0.18703,4.9068904,-0.07043363
mit,all,0.19262,0.18964408,0.02064,0.18262,4.9068904,-0.054551892
mit,rl,0.18885,0.17994109,0.02487,0.17974,4.9068904,-0.09438703
call4,rl,0.18847,0.18730186,0.05044,0.17939,4.9068904,0.03417819
all,call4,0.17474,0.16849768,0.025450006,0.16229,4.9068904,0.07900839
