X var,Y var,MIC (strength),MIC-p^2 (nonlinearity),MAS (non-monotonicity),MEV (functionality),MCN (complexity),Linear regression (p)
all,rl,0.6203,-0.0074061155,0.09099001,0.61374,4.9068904,0.79227906
mit,all,0.26992,0.26638028,0.041789994,0.25877,4.9068904,-0.05949538
mit,rl,0.26457,0.26403958,0.065630004,0.25459,4.9068904,0.023030842
all,call4,0.20164,0.19739619,0.03442,0.19236,4.9068904,0.06514452
call4,rl,0.19935,0.19435033,0.053169996,0.18988,4.9068904,-0.07070835
mit,call4,0.19872,0.1752475,0.018379986,0.18606,4.9068904,-0.15320732
