X var,Y var,MIC (strength),MIC-p^2 (nonlinearity),MAS (non-monotonicity),MEV (functionality),MCN (complexity),Linear regression (p)
all,rl,0.44556,0.41355783,0.072810024,0.43369,3.5849626,0.17889155
all,call4,0.43437,0.053148538,0.06309,0.41252,3.5849626,0.61743134
mit,all,0.40046,0.39134923,0.060360014,0.37225,3.5849626,0.09545043
mit,call4,0.36017,0.2786497,0.12734,0.31034,3.5849626,-0.28551763
mit,rl,0.25977,0.24125536,0.11476001,0.2331,3.5849626,-0.13606852
call4,rl,0.22359,0.20926057,0.13873,0.20697,3.5849626,0.11970563
