X var,Y var,MIC (strength),MIC-p^2 (nonlinearity),MAS (non-monotonicity),MEV (functionality),MCN (complexity),Linear regression (p)
mit,call4,0.55231,0.09103614,0.16132,0.52231,3.5849626,-0.67917144
mit,all,0.45766,0.41101497,0.22292998,0.3886,3.5849626,-0.21597457
all,rl,0.40462,0.28594702,0.078559995,0.39583,3.5849626,-0.34448943
all,call4,0.37446,0.26371655,0.13050002,0.35221,3.5849626,0.3327814
mit,rl,0.29847,0.2967577,0.14082,0.27236,3.5849626,0.0413799
call4,rl,0.12757,0.10742331,0.05889,0.12757,3.0,-0.14193903
