X var,Y var,MIC (strength),MIC-p^2 (nonlinearity),MAS (non-monotonicity),MEV (functionality),MCN (complexity),Linear regression (p)
mit,call4,0.30771,0.16081677,0.13195999,0.24968,3.5849626,-0.3832665
mit,rl,0.27892,0.27140415,0.1306,0.25194,3.5849626,0.08669407
all,rl,0.27017,0.23180829,0.044620007,0.23666,3.5849626,-0.19586147
all,call4,0.2673,0.22994338,0.15425001,0.22788,3.5849626,-0.19327863
mit,all,0.24849,0.24008825,0.06331001,0.21477,3.5849626,0.09166109
call4,rl,0.14773,0.13252357,0.068229996,0.14574,3.5849626,-0.12331432
