X var,Y var,MIC (strength),MIC-p^2 (nonlinearity),MAS (non-monotonicity),MEV (functionality),MCN (complexity),Linear regression (p)
all,rl,0.37361,-0.24321166,0.03844002,0.37266,4.9068904,0.78537995
call4,rl,0.17198,0.16862585,0.07125999,0.16567,4.9068904,0.05791505
mit,call4,0.16819,0.16582784,0.011930004,0.16409,4.9068904,-0.048602097
mit,all,0.13335,0.12463468,0.053719997,0.127,4.9068904,-0.09335584
mit,rl,0.13283,0.13014013,0.07699999,0.12684,4.9068904,-0.05186393
all,call4,0.12169,0.109986246,0.04557,0.1153,4.9068904,0.10818387
