X var,Y var,MIC (strength),MIC-p^2 (nonlinearity),MAS (non-monotonicity),MEV (functionality),MCN (complexity),Linear regression (p)
mit,call4,0.29316,0.10747346,0.09489,0.27943,3.5849626,-0.4309136
call4,rl,0.22911,0.2004161,0.12683001,0.20204,3.5849626,-0.16939272
all,rl,0.21562,0.21519011,0.050470002,0.16719,3.5849626,0.020733481
mit,all,0.20152,0.16355082,0.05061999,0.1679,3.5849626,-0.1948568
mit,rl,0.1944,0.18236873,0.046409994,0.16094,3.5849626,0.10968718
all,call4,0.14145,0.14064872,0.071540006,0.1208,3.5849626,-0.028306788
