X var,Y var,MIC (strength),MIC-p^2 (nonlinearity),MAS (non-monotonicity),MEV (functionality),MCN (complexity),Linear regression (p)
mit,all,0.42743,0.42495528,0.21491,0.36108,3.5849626,0.049746744
mit,call4,0.28551,0.22726417,0.11407,0.20842,3.5849626,-0.24134175
mit,rl,0.21263,0.21260826,0.07900001,0.15043,3.5849626,-0.004663418
all,rl,0.14989,0.14981076,0.07044001,0.12226,3.5849626,-0.008902235
all,call4,0.08069,0.0799269,0.0172,0.08069,3.0,-0.027624201
call4,rl,0.04296,0.029556546,0.0,0.04296,2.0,-0.11577328
