X var,Y var,MIC (strength),MIC-p^2 (nonlinearity),MAS (non-monotonicity),MEV (functionality),MCN (complexity),Linear regression (p)
all,rl,0.43776,0.10925302,0.10901001,0.43776,4.0,0.5731553
mit,rl,0.42094,0.29116857,0.050679997,0.42094,4.0,0.36023802
mit,all,0.25851,0.25322756,0.046969995,0.25851,4.0,-0.07268038
call4,rl,0.06905,0.058299217,0.0446,0.06905,2.5849626,0.103685975
all,call4,0.06905,0.048068672,0.03876,0.06905,2.5849626,0.14484933
mit,call4,0.06905,0.06576935,0.05635,0.06905,2.5849626,-0.05727693
