X var,Y var,MIC (strength),MIC-p^2 (nonlinearity),MAS (non-monotonicity),MEV (functionality),MCN (complexity),Linear regression (p)
all,rl,0.54056,-0.08504462,0.040109992,0.53263,4.9068904,0.7909517
all,call4,0.21249,0.20394349,0.033070005,0.20247,4.9068904,0.0924474
mit,all,0.20532,0.19462535,0.011670001,0.19402,4.9068904,-0.10341493
mit,rl,0.19966,0.18580487,0.06682,0.19055,4.9068904,-0.11770782
mit,call4,0.19572,0.18738838,0.02527,0.18337,4.9068904,-0.09127773
call4,rl,0.19248,0.19187227,0.029009998,0.1819,4.9068904,0.02465214
