X var,Y var,MIC (strength),MIC-p^2 (nonlinearity),MAS (non-monotonicity),MEV (functionality),MCN (complexity),Linear regression (p)
all,call4,0.41999,0.04696977,0.23804,0.41063,3.5849626,0.61075383
mit,call4,0.39464,0.3208167,0.17514999,0.33814,3.5849626,-0.27170444
mit,all,0.36326,0.3468269,0.09403999,0.32488,3.5849626,0.12819162
all,rl,0.32867,0.2931721,0.054589987,0.3166,3.5849626,-0.18840888
mit,rl,0.29049,0.28776833,0.14719,0.2703,3.5849626,-0.052169558
call4,rl,0.1265,0.0888052,0.043759994,0.1265,3.0,-0.19415148
