X var,Y var,MIC (strength),MIC-p^2 (nonlinearity),MAS (non-monotonicity),MEV (functionality),MCN (complexity),Linear regression (p)
all,rl,0.30593,-0.64292264,0.13227,0.30593,4.0,0.9740907
mit,all,0.21973,0.20292315,0.05339001,0.21973,4.0,-0.12964123
mit,rl,0.2126,0.20224434,0.12093999,0.2126,4.0,-0.10176273
call4,rl,0.06905,-0.9106968,0.0,0.06905,2.0,0.9898216
all,call4,0.06905,-0.82209826,0.0,0.06905,2.0,0.9440065
mit,call4,0.06905,0.06035775,0.0,0.06905,2.0,-0.09323223
