X var,Y var,MIC (strength),MIC-p^2 (nonlinearity),MAS (non-monotonicity),MEV (functionality),MCN (complexity),Linear regression (p)
all,rl,0.28306,-0.36335158,0.084050015,0.28306,4.0,0.8039973
mit,all,0.25325,0.17644224,0.051160008,0.25325,4.0,-0.27714214
mit,rl,0.2347,0.16106603,0.07197,0.2347,4.0,-0.2713558
all,call4,0.20594,-0.17186145,0.121869996,0.20594,4.0,0.61465555
mit,call4,0.18783,0.113980316,0.12725,0.18783,4.0,-0.27175298
call4,rl,0.16809,-0.20115922,0.05358,0.16809,4.0,0.6076588
