X var,Y var,MIC (strength),MIC-p^2 (nonlinearity),MAS (non-monotonicity),MEV (functionality),MCN (complexity),Linear regression (p)
all,rl,0.35149,0.23634374,0.118459985,0.30723,3.5849626,0.33933207
mit,rl,0.29831,0.27863312,0.08949,0.26273,3.5849626,-0.14027433
mit,all,0.22959,0.19339105,0.13746,0.22959,2.5849626,-0.1902602
