X var,Y var,MIC (strength),MIC-p^2 (nonlinearity),MAS (non-monotonicity),MEV (functionality),MCN (complexity),Linear regression (p)
all,call4,0.52917,0.5215017,0.39950997,0.51599,3.5849626,-0.08756862
all,rl,0.43202,0.39191756,0.105859995,0.38603,3.5849626,-0.20025596
mit,call4,0.30516,0.2342822,0.15500998,0.24283,3.5849626,-0.26622882
mit,rl,0.28254,0.22799882,0.115289986,0.22364,3.5849626,-0.2335405
mit,all,0.26543,0.26540944,0.07406999,0.24351,3.5849626,-0.0045354078
call4,rl,0.13615,0.116181485,0.021650001,0.13615,3.0,-0.14131
