X var,Y var,MIC (strength),MIC-p^2 (nonlinearity),MAS (non-monotonicity),MEV (functionality),MCN (complexity),Linear regression (p)
mit,rl,0.20235,0.20222938,0.030930012,0.15599,3.5849626,0.010983074
mit,call4,0.18717,0.15287349,0.12139,0.18717,3.321928,-0.1851932
mit,all,0.18717,0.0826114,0.107489996,0.18717,3.321928,0.32335523
call4,rl,0.00934,0.0046464605,0.0,0.00934,2.0,-0.068509415
all,rl,0.00934,0.0046464605,0.0,0.00934,2.0,-0.068509415
all,call4,0.00121,3.449481E-4,0.0,0.00121,2.0,-0.029411765
