X var,Y var,MIC (strength),MIC-p^2 (nonlinearity),MAS (non-monotonicity),MEV (functionality),MCN (complexity),Linear regression (p)
mit,rl,0.44814,0.37235206,0.058670014,0.44814,4.0,0.27529606
all,rl,0.28287,-0.017358601,0.05217001,0.28287,4.0,0.5479312
mit,all,0.21381,0.20246318,0.013859995,0.21381,4.0,0.10652142
mit,call4,0.06905,0.06722876,0.060229998,0.06905,2.5849626,0.04267602
all,call4,0.05252,0.043077067,0.03018,0.05252,2.5849626,0.09717476
call4,rl,0.03682,0.036375076,0.026689999,0.03682,2.5849626,-0.021093186
