X var,Y var,MIC (strength),MIC-p^2 (nonlinearity),MAS (non-monotonicity),MEV (functionality),MCN (complexity),Linear regression (p)
mit,rl,0.58517,0.4286602,0.047250003,0.58517,4.0,-0.39561313
all,rl,0.33538,0.017409086,0.07466002,0.33538,4.0,0.5638891
mit,all,0.24623,0.21156171,0.0378,0.24623,4.0,-0.18619426
mit,call4,0.06905,0.06865021,0.05845,0.06905,2.5849626,0.01999483
all,call4,0.05252,0.050025534,0.043059997,0.05252,2.5849626,-0.049944617
call4,rl,0.03482,0.034114067,0.025140002,0.03482,2.5849626,-0.026569419
