X var,Y var,MIC (strength),MIC-p^2 (nonlinearity),MAS (non-monotonicity),MEV (functionality),MCN (complexity),Linear regression (p)
all,rl,0.29623,-0.23892912,0.02756001,0.29623,4.0,0.7315457
mit,rl,0.24578,0.17102551,0.039280012,0.24578,4.0,-0.27341267
mit,all,0.23557,0.18482257,0.028779998,0.23557,4.0,-0.22527188
call4,rl,0.06905,0.06897223,0.05054,0.06905,2.5849626,0.00881881
all,call4,0.06905,0.06445052,0.04535,0.06905,2.5849626,0.067819454
mit,call4,0.06905,0.0643062,0.05379,0.06905,2.5849626,-0.06887522
