X var,Y var,MIC (strength),MIC-p^2 (nonlinearity),MAS (non-monotonicity),MEV (functionality),MCN (complexity),Linear regression (p)
all,rl,0.58166,-0.14595205,0.023119986,0.56738,4.9068904,0.8530018
mit,all,0.35838,0.3545261,0.09336001,0.34162,4.9068904,-0.06207978
mit,rl,0.29956,0.2984743,0.049060017,0.28658,4.9068904,-0.032950018
all,call4,0.26802,0.22956178,0.02403,0.25634,4.9068904,0.19610769
mit,call4,0.21641,0.2155401,0.015619993,0.20412,4.9068904,-0.029493993
call4,rl,0.21293,0.21287107,0.061299995,0.20046,4.9068904,0.007675599
