X var,Y var,MIC (strength),MIC-p^2 (nonlinearity),MAS (non-monotonicity),MEV (functionality),MCN (complexity),Linear regression (p)
mit,rl,0.40509,0.31846267,0.10094002,0.40509,4.0,-0.29432523
all,rl,0.39396,-0.12893552,0.046440005,0.39396,3.807355,0.72311515
mit,all,0.29912,0.20702724,0.16535,0.29912,4.0,-0.3034679
mit,call4,0.12148,0.10864357,0.09548,0.12148,3.321928,0.11329799
all,call4,0.05872,0.054995332,0.043360002,0.05872,3.321928,-0.06103005
call4,rl,0.05571,0.055617455,0.03124,0.05571,3.321928,-0.009620035
