X var,Y var,MIC (strength),MIC-p^2 (nonlinearity),MAS (non-monotonicity),MEV (functionality),MCN (complexity),Linear regression (p)
all,rl,0.36823,0.020260036,0.06231001,0.3579,4.9068904,0.58988976
mit,rl,0.27586,0.20613655,0.034649998,0.26341,4.9068904,-0.264052
mit,call4,0.22906,0.22576298,0.033829994,0.2139,4.9068904,0.057419702
call4,rl,0.20962,0.1926609,0.053639993,0.1973,4.9068904,-0.13022709
all,call4,0.19681,0.16981575,0.039130002,0.18703,4.9068904,-0.16429931
mit,all,0.19123,0.17421228,0.012549996,0.18154,4.9068904,-0.13045202
