X var,Y var,MIC (strength),MIC-p^2 (nonlinearity),MAS (non-monotonicity),MEV (functionality),MCN (complexity),Linear regression (p)
all,rl,0.36761,-0.1603907,0.021899998,0.35997,4.9068904,0.7266366
mit,call4,0.27084,0.26619866,0.06161,0.26094,4.9068904,-0.06812735
mit,all,0.20201,0.19039613,0.028809994,0.19132,4.9068904,-0.1077677
call4,rl,0.19417,0.19415583,0.04162,0.18393,4.9068904,-0.0037635656
mit,rl,0.1786,0.17625466,0.014159996,0.16786,4.9068904,-0.048428763
all,call4,0.17111,0.16832153,0.023390003,0.16236,4.9068904,0.052806024
