X var,Y var,MIC (strength),MIC-p^2 (nonlinearity),MAS (non-monotonicity),MEV (functionality),MCN (complexity),Linear regression (p)
all,rl,0.32597,-0.16318372,0.030449986,0.32597,4.0,0.69939524
mit,rl,0.30779,0.12998654,0.06959002,0.30779,4.0,-0.4216675
call4,rl,0.19815,0.054364532,0.09167999,0.19815,4.0,0.37919053
mit,call4,0.19047,0.09367916,0.11092,0.19047,4.0,-0.31111225
mit,all,0.17948,0.06916367,0.067830004,0.17948,4.0,-0.33213902
all,call4,0.10003,0.014067084,0.026130002,0.10003,4.0,0.29319432
