X var,Y var,MIC (strength),MIC-p^2 (nonlinearity),MAS (non-monotonicity),MEV (functionality),MCN (complexity),Linear regression (p)
mit,call4,0.33914,0.32453138,0.14105,0.28387,3.5849626,-0.120866075
mit,rl,0.26266,0.26203397,0.15112999,0.22728,3.5849626,-0.025020268
all,rl,0.22257,0.22222829,0.039790004,0.20512,3.5849626,0.018485554
mit,all,0.1958,0.18555571,0.027710006,0.1703,3.5849626,0.10121408
all,call4,0.18455,0.1594587,0.054519996,0.16224,3.5849626,0.15840234
call4,rl,0.10093,0.07844782,0.060209997,0.10093,3.0,-0.14994058
