X var,Y var,MIC (strength),MIC-p^2 (nonlinearity),MAS (non-monotonicity),MEV (functionality),MCN (complexity),Linear regression (p)
all,rl,0.68522,-0.20670176,0.06329,0.67727,4.9068904,0.9444161
all,call4,0.29664,0.29630485,0.037470013,0.28698,4.9068904,0.018306987
call4,rl,0.27929,0.27925715,0.04419999,0.26748,4.9068904,-0.0057316325
mit,rl,0.21125,0.2106792,0.03662,0.20109,4.9068904,-0.023891436
mit,call4,0.18787,0.18486726,0.032349996,0.17851,4.9068904,-0.054797187
mit,all,0.18426,0.18261227,0.011310004,0.17169,4.9068904,-0.040592186
