X var,Y var,MIC (strength),MIC-p^2 (nonlinearity),MAS (non-monotonicity),MEV (functionality),MCN (complexity),Linear regression (p)
all,rl,0.48652,-0.062134445,0.089239985,0.48652,2.5849626,-0.7407121
all,call4,0.34915,0.26235023,0.18597001,0.32387,3.5849626,-0.294618
mit,rl,0.26078,0.20053782,0.101950005,0.21445,3.5849626,0.24544285
mit,call4,0.25326,0.2206704,0.15068999,0.20012,3.5849626,-0.18052585
mit,all,0.2372,0.23004667,0.024690002,0.18674,3.5849626,0.08457736
call4,rl,0.18526,0.15844981,0.03464,0.13324,3.5849626,0.16373816
