X var,Y var,MIC (strength),MIC-p^2 (nonlinearity),MAS (non-monotonicity),MEV (functionality),MCN (complexity),Linear regression (p)
mit,all,0.47122,0.09771615,0.11692998,0.47122,3.0,-0.6111496
all,rl,0.3364,0.1957275,0.053360015,0.3364,3.321928,-0.37506333
all,call4,0.2901,0.013302833,0.120220006,0.25973,3.5849626,0.5261152
mit,call4,0.28421,0.138212,0.13315,0.24754,3.5849626,-0.38209686
mit,rl,0.27366,0.26398253,0.071229994,0.24419,3.5849626,0.09837417
call4,rl,0.08542,0.055207305,0.027389996,0.08542,3.0,-0.17381799
