X var,Y var,MIC (strength),MIC-p^2 (nonlinearity),MAS (non-monotonicity),MEV (functionality),MCN (complexity),Linear regression (p)
all,rl,0.42482,-0.038714767,0.07479,0.41424,4.9068904,0.6808339
mit,call4,0.23896,0.23833421,0.030939996,0.22648,4.9068904,0.02501592
mit,rl,0.21281,0.20803577,0.028859988,0.20057,4.9068904,-0.06909581
all,call4,0.20091,0.19474544,0.022489995,0.18825,4.9068904,0.07851479
call4,rl,0.197,0.19629522,0.036969997,0.18609,4.9068904,0.026547622
mit,all,0.19665,0.19299626,0.04664,0.18674,4.9068904,-0.06044609
