X var,Y var,MIC (strength),MIC-p^2 (nonlinearity),MAS (non-monotonicity),MEV (functionality),MCN (complexity),Linear regression (p)
all,rl,0.54255,-0.3728817,0.025629997,0.52854,4.9068904,0.956782
mit,all,0.21508,0.21305649,0.04017,0.20453,4.9068904,-0.044983387
mit,call4,0.20888,0.2077436,0.014029995,0.19834,4.9068904,-0.033710714
all,call4,0.20833,0.208322,0.024010003,0.19648,4.9068904,0.002829881
call4,rl,0.18726,0.18714805,0.021820009,0.17658,4.9068904,-0.010580745
mit,rl,0.18397,0.18358387,0.01634,0.1739,4.9068904,-0.019650273
