X var,Y var,MIC (strength),MIC-p^2 (nonlinearity),MAS (non-monotonicity),MEV (functionality),MCN (complexity),Linear regression (p)
all,rl,0.45282,0.31070158,0.09878999,0.39278,3.5849626,-0.37698597
all,call4,0.42639,0.4210714,0.25893,0.37871,3.5849626,0.0729286
mit,call4,0.38528,0.35142198,0.16764002,0.32465,3.5849626,-0.18400548
mit,all,0.28884,0.2811655,0.052610002,0.26692,3.5849626,-0.08760418
mit,rl,0.22242,0.21636473,0.042360008,0.18361,3.5849626,-0.077815704
call4,rl,0.11184,0.090887114,0.03761,0.11184,3.0,-0.14475113
