X var,Y var,MIC (strength),MIC-p^2 (nonlinearity),MAS (non-monotonicity),MEV (functionality),MCN (complexity),Linear regression (p)
all,rl,0.34765,-0.069556534,0.021700025,0.33812,4.9068904,0.64591527
mit,call4,0.23373,0.20393659,0.04378,0.22111,4.9068904,-0.17260768
call4,rl,0.20329,0.19837075,0.03555,0.19025,4.9068904,0.0701373
mit,all,0.18985,0.18868601,0.0211,0.17999,4.9068904,0.034117285
mit,rl,0.18089,0.16112338,0.025930002,0.16993,4.9068904,0.1405938
all,call4,0.16302,0.15607366,0.022149995,0.15421,4.9068904,0.08334472
