X var,Y var,MIC (strength),MIC-p^2 (nonlinearity),MAS (non-monotonicity),MEV (functionality),MCN (complexity),Linear regression (p)
all,rl,0.42591,0.11803284,0.06290999,0.41404,4.9068904,0.5548668
mit,rl,0.26918,0.22982755,0.07277,0.2542,4.9068904,-0.1983745
mit,all,0.20872,0.19391102,0.01673,0.19784,4.9068904,-0.12169216
all,call4,0.2057,0.1705273,0.033800006,0.19498,4.9068904,-0.18754387
call4,rl,0.20366,0.20123884,0.048439994,0.18939,4.9068904,-0.049205307
mit,call4,0.20258,0.1979624,0.037039995,0.19269,4.9068904,0.06795298
