X var,Y var,MIC (strength),MIC-p^2 (nonlinearity),MAS (non-monotonicity),MEV (functionality),MCN (complexity),Linear regression (p)
all,rl,0.3294,0.05864826,0.037360013,0.31871,4.9068904,0.5203381
mit,call4,0.23092,0.20050955,0.030589998,0.21772,4.9068904,-0.17438592
all,call4,0.19987,0.19841024,0.04118,0.18866,4.9068904,0.03820677
mit,all,0.19285,0.19265324,0.011610001,0.18265,4.9068904,-0.01402674
call4,rl,0.17138,0.16987103,0.017769992,0.16139,4.9068904,-0.038845383
mit,rl,0.15853,0.15849416,0.032319993,0.14882,4.9068904,0.0059866863
