X var,Y var,MIC (strength),MIC-p^2 (nonlinearity),MAS (non-monotonicity),MEV (functionality),MCN (complexity),Linear regression (p)
mit,call4,0.56773,0.49214187,0.13536,0.52392,3.5849626,0.27493295
mit,all,0.36701,0.293903,0.13684,0.30816,3.5849626,-0.27038306
all,call4,0.29331,0.29242235,0.15147999,0.25681,3.5849626,0.029793225
all,rl,0.28703,0.190811,0.09806,0.24768,3.5849626,0.3101919
call4,rl,0.23047,0.23007393,0.100370005,0.20868,3.5849626,-0.019901661
mit,rl,0.2092,0.20518057,0.056260005,0.17427,3.5849626,-0.06339893
