X var,Y var,MIC (strength),MIC-p^2 (nonlinearity),MAS (non-monotonicity),MEV (functionality),MCN (complexity),Linear regression (p)
all,rl,0.61682,-0.014349997,0.037770003,0.60673,4.9068904,0.7944621
all,call4,0.23909,0.21659504,0.025849998,0.22793,4.9068904,0.1499832
mit,call4,0.209,0.18431237,0.03366001,0.19741,4.9068904,-0.15712297
mit,all,0.20246,0.19619504,0.03424999,0.19079,4.9068904,-0.07915155
call4,rl,0.19946,0.19578893,0.020610005,0.19216,4.9068904,0.060589317
mit,rl,0.18851,0.18003085,0.049210005,0.17865,4.9068904,-0.0920823
