X var,Y var,MIC (strength),MIC-p^2 (nonlinearity),MAS (non-monotonicity),MEV (functionality),MCN (complexity),Linear regression (p)
all,rl,0.33511,0.042143732,0.07909,0.324,4.9068904,0.5412636
mit,call4,0.204,0.19516914,0.029739998,0.19456,4.9068904,-0.09397262
mit,rl,0.1917,0.17628726,0.047340006,0.18079,4.9068904,0.124148004
all,call4,0.17327,0.17288162,0.010770004,0.16157,4.9068904,-0.019707588
mit,all,0.16956,0.16795577,0.019220002,0.15949,4.9068904,-0.040052764
call4,rl,0.16896,0.16889897,0.01769,0.15815,4.9068904,-0.007812718
