X var,Y var,MIC (strength),MIC-p^2 (nonlinearity),MAS (non-monotonicity),MEV (functionality),MCN (complexity),Linear regression (p)
all,rl,0.45185,0.31016427,0.12807,0.40268,3.5849626,-0.37641162
mit,call4,0.36427,0.31092253,0.13994,0.34592,3.5849626,-0.23097073
all,call4,0.35528,0.09303796,0.11335002,0.32474,3.5849626,0.51209575
mit,all,0.33201,0.21990363,0.03496,0.33201,3.321928,-0.3348229
mit,rl,0.27307,0.2575359,0.073470004,0.23329,3.5849626,0.12463589
call4,rl,0.1265,0.11845352,0.027530003,0.1265,3.0,-0.089702144
