X var,Y var,MIC (strength),MIC-p^2 (nonlinearity),MAS (non-monotonicity),MEV (functionality),MCN (complexity),Linear regression (p)
all,rl,0.65874,-0.14516068,0.12526003,0.65048,4.9068904,0.8966051
all,call4,0.23619,0.23404609,0.029620007,0.22604,4.9068904,0.046302546
mit,call4,0.21748,0.21201524,0.02531001,0.20414,4.9068904,-0.07392405
call4,rl,0.21691,0.21689457,0.020390004,0.20842,4.9068904,-0.0039288416
mit,all,0.19889,0.1943128,0.049060002,0.18796,4.9068904,-0.06765506
mit,rl,0.19361,0.1924624,0.048360005,0.18387,4.9068904,-0.033876292
