X var,Y var,MIC (strength),MIC-p^2 (nonlinearity),MAS (non-monotonicity),MEV (functionality),MCN (complexity),Linear regression (p)
all,rl,0.44052,0.43136802,0.05590999,0.42449,3.5849626,0.095665954
mit,call4,0.35613,0.24517293,0.15836,0.31997,3.5849626,-0.3331022
all,call4,0.34723,0.15431944,0.05969,0.34723,3.0,0.43921584
mit,all,0.24056,0.168116,0.057949997,0.21561,3.5849626,0.26915422
call4,rl,0.18783,0.12870127,0.011680007,0.16912,3.5849626,0.24316402
mit,rl,0.18371,0.1816557,0.081709996,0.15491,3.5849626,-0.045324218
