X var,Y var,MIC (strength),MIC-p^2 (nonlinearity),MAS (non-monotonicity),MEV (functionality),MCN (complexity),Linear regression (p)
all,rl,0.41267,0.072752476,0.03727001,0.40125,4.9068904,0.58302444
mit,call4,0.25607,0.24722403,0.04033999,0.24535,4.9068904,-0.09405291
call4,rl,0.22628,0.22621886,0.06662001,0.21392,4.9068904,-0.007818749
mit,all,0.22532,0.21120574,0.056140006,0.2163,4.9068904,-0.11880348
mit,rl,0.17619,0.16643682,0.017860003,0.16393,4.9068904,-0.09875818
all,call4,0.16151,0.15959965,0.015779998,0.15359,4.9068904,0.043707646
