X var,Y var,MIC (strength),MIC-p^2 (nonlinearity),MAS (non-monotonicity),MEV (functionality),MCN (complexity),Linear regression (p)
mit,all,0.33423,0.25386477,0.027150005,0.29574,3.5849626,-0.28348765
all,rl,0.30672,0.26285684,0.031530008,0.27543,3.5849626,-0.20943533
mit,rl,0.28033,0.2582322,0.05391001,0.24657,3.5849626,0.14865331
