X var,Y var,MIC (strength),MIC-p^2 (nonlinearity),MAS (non-monotonicity),MEV (functionality),MCN (complexity),Linear regression (p)
mit,all,0.47017,0.4052414,0.09131998,0.43225,3.5849626,-0.2548109
all,rl,0.35788,0.35492682,0.049250007,0.34474,3.5849626,-0.0543432
mit,rl,0.29787,0.22448489,0.027060017,0.26704,3.5849626,0.27089688
