X var,Y var,MIC (strength),MIC-p^2 (nonlinearity),MAS (non-monotonicity),MEV (functionality),MCN (complexity),Linear regression (p)
all,rl,0.33052,0.23872584,0.10847999,0.30141,3.5849626,-0.3029755
mit,rl,0.27598,0.26883337,0.05854,0.24563,3.5849626,0.084537804
mit,all,0.26225,0.24161294,0.074549995,0.23472,3.5849626,-0.14365608
