X var,Y var,MIC (strength),MIC-p^2 (nonlinearity),MAS (non-monotonicity),MEV (functionality),MCN (complexity),Linear regression (p)
all,rl,0.45912,-0.054123253,0.0792,0.44915,4.9068904,0.71641
mit,call4,0.27289,0.2724332,0.046859995,0.26001,4.9068904,0.0213729
mit,all,0.21374,0.209699,0.04055,0.20308,4.9068904,-0.06356892
all,call4,0.21269,0.1977447,0.0194,0.1994,4.9068904,0.122250944
mit,rl,0.20705,0.19128822,0.011209995,0.19627,4.9068904,-0.1255459
call4,rl,0.183,0.1719062,0.026610002,0.17405,4.9068904,0.105327085
