X var,Y var,MIC (strength),MIC-p^2 (nonlinearity),MAS (non-monotonicity),MEV (functionality),MCN (complexity),Linear regression (p)
all,rl,0.52548,0.12752733,0.049659997,0.52548,4.807355,0.6308349
mit,rl,0.3555,0.23430371,0.049320012,0.3555,4.807355,-0.34813258
mit,all,0.30764,0.20580682,0.12439999,0.30764,4.807355,-0.31911308
mit,call4,0.21491,0.20605695,0.13108,0.21491,4.807355,-0.09409068
all,call4,0.1863,0.16192007,0.12192,0.1863,4.807355,0.15614074
call4,rl,0.1829,0.068948776,0.084979996,0.1829,4.807355,0.3375666
