X var,Y var,MIC (strength),MIC-p^2 (nonlinearity),MAS (non-monotonicity),MEV (functionality),MCN (complexity),Linear regression (p)
call4,rl,0.26559,0.12858097,0.020370007,0.25502,5.0,0.37014732
all,call4,0.2235,0.16160835,0.020790003,0.21136,5.0,0.24878033
mit,all,0.22203,0.1647908,0.025099993,0.21405,5.0,0.23924716
mit,rl,0.2008,0.17454232,0.034730002,0.19233,5.0,0.16204223
mit,call4,0.19869,0.04565908,0.042810008,0.18939,5.0,0.39119166
all,rl,0.1969,0.17431389,0.025559992,0.18494,5.0,0.15028673
