X var,Y var,MIC (strength),MIC-p^2 (nonlinearity),MAS (non-monotonicity),MEV (functionality),MCN (complexity),Linear regression (p)
call4,rl,0.24866,-0.14841717,0.014650002,0.24084,5.321928,0.6301406
mit,rl,0.19523,-0.07777172,0.03476,0.18843,5.321928,0.5224957
all,call4,0.19345,-0.19798335,0.029569998,0.18671,5.321928,0.62564635
mit,call4,0.17303,-0.25491452,0.02231,0.16733,5.321928,0.6541747
mit,all,0.16329,-0.21132272,0.00852,0.15591,5.321928,0.61205614
all,rl,0.16049,-0.04048471,0.016140003,0.15221,5.321928,0.44830203
