X var,Y var,MIC (strength),MIC-p^2 (nonlinearity),MAS (non-monotonicity),MEV (functionality),MCN (complexity),Linear regression (p)
call4,rl,0.21198,0.09827412,0.02036,0.20526,5.0,0.33720303
mit,call4,0.17824,0.1156583,0.034730002,0.1697,5.0,0.25016335
mit,all,0.17818,0.16502066,0.0114600025,0.16892,5.0,0.11471415
all,call4,0.17191,0.15367174,0.03927,0.16575,5.0,0.13504913
mit,rl,0.15339,0.14120904,0.028180003,0.14466,5.0,0.11036742
all,rl,0.14746,0.14126053,0.020389996,0.13988,5.0,0.07873668
