X var,Y var,MIC (strength),MIC-p^2 (nonlinearity),MAS (non-monotonicity),MEV (functionality),MCN (complexity),Linear regression (p)
call4,rl,0.31525,0.059175134,0.023990005,0.31525,4.807355,0.5060384
mit,call4,0.21151,0.20828506,0.027109995,0.21151,4.807355,0.05678854
all,call4,0.2044,0.18206951,0.023090005,0.2044,4.807355,0.14943391
mit,all,0.20293,0.19003318,0.05002001,0.20293,4.807355,0.11356419
all,rl,0.18658,0.15883511,0.02008,0.18658,4.807355,0.16656798
mit,rl,0.18131,0.1763481,0.019089997,0.18131,4.807355,-0.070440754
