X var,Y var,MIC (strength),MIC-p^2 (nonlinearity),MAS (non-monotonicity),MEV (functionality),MCN (complexity),Linear regression (p)
call4,rl,0.21669,0.10493301,0.020609997,0.21669,5.087463,0.33430076
mit,all,0.20179,0.17827864,0.02708,0.20179,5.087463,0.15333414
all,call4,0.17523,0.10678403,0.01402,0.17523,5.087463,0.2616218
mit,call4,0.17455,0.12963328,0.016619999,0.17455,5.087463,0.21193567
mit,rl,0.17326,0.1691778,0.026080012,0.17326,5.087463,-0.06389212
all,rl,0.16733,0.15757145,0.02539,0.16733,5.087463,0.09878533
