X var,Y var,MIC (strength),MIC-p^2 (nonlinearity),MAS (non-monotonicity),MEV (functionality),MCN (complexity),Linear regression (p)
call4,rl,0.302,0.028114736,0.018619984,0.302,5.0,0.52334046
all,rl,0.22344,0.15999866,0.03523001,0.22344,5.0,0.25187567
all,call4,0.21346,0.09949608,0.01974,0.21346,5.0,0.33758542
mit,rl,0.20359,0.16125563,0.03310001,0.20359,5.0,0.20575318
mit,call4,0.20258,0.16878077,0.051909998,0.20258,5.0,0.18384568
mit,all,0.18629,0.118509896,0.02985999,0.18629,5.0,0.2603461
