X var,Y var,MIC (strength),MIC-p^2 (nonlinearity),MAS (non-monotonicity),MEV (functionality),MCN (complexity),Linear regression (p)
call4,rl,0.31533,0.04361978,0.049380004,0.31533,4.70044,0.5212583
all,call4,0.30428,0.16783334,0.11943999,0.30428,4.70044,0.36938688
mit,rl,0.25743,0.22248916,0.06943999,0.25743,4.70044,0.18692465
mit,all,0.23641,-0.025869593,0.017360002,0.23641,4.70044,0.5121324
mit,call4,0.21606,0.081511036,0.035890006,0.21606,4.70044,0.36680916
all,rl,0.18927,0.12798947,0.04083,0.18927,4.70044,0.24754904
