X var,Y var,MIC (strength),MIC-p^2 (nonlinearity),MAS (non-monotonicity),MEV (functionality),MCN (complexity),Linear regression (p)
all,rl,0.24992,-0.22677432,0.039350003,0.24156,5.087463,0.6904305
mit,rl,0.17176,0.14888908,0.07481999,0.16405,5.087463,-0.1512313
all,call4,0.11001,0.023262843,0.05331,0.10761,5.087463,0.2945287
mit,all,0.10766,0.09093818,0.03712,0.10142,5.044394,0.12931287
mit,call4,0.09083,0.0897901,0.0398,0.0885,5.087463,-0.032247525
call4,rl,0.07132,-0.24229756,0.017389998,0.07132,4.169925,0.5600157
