X var,Y var,MIC (strength),MIC-p^2 (nonlinearity),MAS (non-monotonicity),MEV (functionality),MCN (complexity),Linear regression (p)
call4,rl,0.26773,0.16429502,0.023219988,0.25829,5.0,0.3216131
all,call4,0.24027,0.19751757,0.015590005,0.22992,5.0,0.20676659
mit,call4,0.21953,0.022482172,0.04145001,0.21042,5.0,0.4439007
mit,rl,0.19359,0.16918892,0.045440003,0.18375,5.0,0.15620849
mit,all,0.19358,0.1471068,0.019310005,0.18463,5.0,0.21557645
all,rl,0.18603,0.16790627,0.012070004,0.17749,5.0,0.13462439
