X var,Y var,MIC (strength),MIC-p^2 (nonlinearity),MAS (non-monotonicity),MEV (functionality),MCN (complexity),Linear regression (p)
all,rl,0.30013,-0.023886442,0.019529998,0.30013,5.2479277,0.5692244
mit,rl,0.24847,0.094205245,0.021129996,0.24847,5.2479277,-0.39276552
all,call4,0.17202,0.1681249,0.07519,0.17202,5.2479277,0.0624108
mit,all,0.16579,0.16534272,0.013339996,0.16579,5.2479277,-0.021149235
call4,rl,0.15549,0.124026135,0.009069994,0.15549,5.2479277,0.17738056
mit,call4,0.155,0.12481643,0.017860003,0.155,5.2479277,-0.17373419
