X var,Y var,MIC (strength),MIC-p^2 (nonlinearity),MAS (non-monotonicity),MEV (functionality),MCN (complexity),Linear regression (p)
all,rl,0.85284,0.09528822,0.027419984,0.84757,5.321928,0.8703745
call4,rl,0.69652,0.15083677,0.07500994,0.69137,5.321928,0.7387037
all,call4,0.64524,0.1899212,0.07456002,0.6319,5.321928,0.67477316
mit,rl,0.48934,0.29969764,0.06725001,0.48175,5.321928,-0.4354795
mit,all,0.40427,0.23998995,0.0422,0.3967,5.321928,-0.40531474
mit,call4,0.37304,0.20947461,0.04010001,0.36734,5.321928,-0.40443218
