X var,Y var,MIC (strength),MIC-p^2 (nonlinearity),MAS (non-monotonicity),MEV (functionality),MCN (complexity),Linear regression (p)
call4,rl,0.22468,0.10112,0.0062899888,0.21551,5.0,0.35151103
all,call4,0.20903,0.14503574,0.014559999,0.20026,5.0,0.25297087
mit,call4,0.20405,0.10908365,0.033529997,0.19522,5.0,0.30816612
all,rl,0.18683,0.16186516,0.036400005,0.1769,5.0,0.15800266
mit,rl,0.18123,0.15802608,0.03683999,0.17197,5.0,0.15232831
mit,all,0.17741,0.13937657,0.020759996,0.16846,5.0,0.19502163
