X var,Y var,MIC (strength),MIC-p^2 (nonlinearity),MAS (non-monotonicity),MEV (functionality),MCN (complexity),Linear regression (p)
all,call4,0.22635,0.17595252,0.025690004,0.22635,5.2479277,0.2244938
mit,call4,0.19445,0.17759246,0.03199,0.19445,5.2479277,0.1298366
call4,rl,0.19178,0.1331581,0.014750004,0.19178,5.2479277,0.2421196
all,rl,0.18297,0.14310354,0.017760001,0.18297,5.2479277,0.19966589
mit,rl,0.18284,0.18180779,0.020220004,0.18284,5.2479277,0.032128233
mit,all,0.17397,0.0729966,0.016049996,0.17397,5.2479277,0.31776312
