X var,Y var,MIC (strength),MIC-p^2 (nonlinearity),MAS (non-monotonicity),MEV (functionality),MCN (complexity),Linear regression (p)
all,rl,0.29685,0.13919248,0.0325,0.28712,5.0,0.3970611
mit,rl,0.2668,0.19379152,0.0308,0.25803,5.0,-0.2702008
all,call4,0.19266,0.1921859,0.11606,0.18095,5.0,0.021774191
mit,all,0.18946,0.14828768,0.0120899975,0.18175,5.0,0.2029096
call4,rl,0.18608,0.18573453,0.07807999,0.17602,5.0,0.018586824
mit,call4,0.15722,0.13838454,0.059640005,0.14927,5.0,0.13724239
