X var,Y var,MIC (strength),MIC-p^2 (nonlinearity),MAS (non-monotonicity),MEV (functionality),MCN (complexity),Linear regression (p)
call4,rl,0.35888,0.039351314,0.026090026,0.35888,4.9068904,0.5652687
mit,rl,0.21376,0.19580469,0.02046001,0.21376,4.9068904,0.13399747
all,call4,0.21162,0.16121589,0.04435,0.21162,4.9068904,0.22450861
all,rl,0.20452,0.18779103,0.019510001,0.20452,4.9068904,0.1293405
mit,all,0.19551,0.12872213,0.027819999,0.19551,4.9068904,0.2584335
mit,call4,0.19328,0.12897772,0.018179998,0.19328,4.9068904,0.25357893
