X var,Y var,MIC (strength),MIC-p^2 (nonlinearity),MAS (non-monotonicity),MEV (functionality),MCN (complexity),Linear regression (p)
call4,rl,0.26867,0.14634919,0.016640007,0.26867,5.087463,0.3497439
all,call4,0.19109,0.14803076,0.018260002,0.19109,5.087463,0.20750724
mit,call4,0.1861,0.1400488,0.022890002,0.1861,5.087463,0.21459542
mit,all,0.18521,0.14140905,0.036290005,0.18521,5.087463,0.20928676
all,rl,0.17849,0.15289828,0.028970003,0.17849,5.087463,0.1599741
mit,rl,0.16604,0.16558996,0.011230003,0.16604,5.087463,0.021214228
