X var,Y var,MIC (strength),MIC-p^2 (nonlinearity),MAS (non-monotonicity),MEV (functionality),MCN (complexity),Linear regression (p)
all,rl,0.63208,0.56202483,0.07041001,0.63208,4.70044,-0.26467937
all,call4,0.61588,0.5477219,0.17093,0.61588,4.70044,-0.26107106
call4,rl,0.60283,-0.049016714,0.057579994,0.60283,4.70044,0.80737025
mit,all,0.25886,0.23515785,0.04175,0.25886,4.70044,0.15395503
mit,call4,0.24912,0.2092923,0.027919993,0.24912,4.70044,-0.19956881
mit,rl,0.21652,0.1663518,0.054240003,0.21652,4.70044,-0.2239826
