X var,Y var,MIC (strength),MIC-p^2 (nonlinearity),MAS (non-monotonicity),MEV (functionality),MCN (complexity),Linear regression (p)
call4,rl,0.22792,0.092451856,0.012500003,0.22792,5.087463,0.36805996
all,rl,0.19459,0.160864,0.025729999,0.19459,5.087463,0.18364644
all,call4,0.19149,0.14008814,0.016959995,0.19149,5.087463,0.22671978
mit,rl,0.18371,0.17871888,0.041419998,0.18371,5.087463,0.070647776
mit,call4,0.17506,0.1267417,0.009790003,0.17506,5.087463,0.21981423
mit,all,0.16759,0.12622099,0.011939999,0.16759,5.087463,0.20339376
