X var,Y var,MIC (strength),MIC-p^2 (nonlinearity),MAS (non-monotonicity),MEV (functionality),MCN (complexity),Linear regression (p)
call4,rl,0.26325,-0.047803074,0.017859995,0.25529,5.0,0.5577213
mit,call4,0.23245,0.008838698,0.08104999,0.22125,5.0,0.47287557
all,call4,0.21299,0.02148582,0.022070006,0.20284,5.0,0.4376119
mit,all,0.1901,-0.014610305,0.022650003,0.17933,5.0,0.45244923
mit,rl,0.18505,0.019878,0.02019,0.17552,5.0,0.40641358
all,rl,0.17773,0.016635716,0.017010003,0.16725,5.0,0.40136552
