X var,Y var,MIC (strength),MIC-p^2 (nonlinearity),MAS (non-monotonicity),MEV (functionality),MCN (complexity),Linear regression (p)
mit,call4,0.14651,0.12510528,0.06452,0.14017,5.0,0.14630355
call4,rl,0.13718,0.078142226,0.036289997,0.13373,5.0,0.2429769
mit,all,0.12132,0.11800098,0.012180001,0.11605,5.0,0.057610963
all,rl,0.10534,0.10497332,0.02663,0.10257,5.0,0.01914879
mit,rl,0.10326,0.09594517,0.01063,0.09857,5.0,0.08552678
all,call4,0.08625,0.084702775,0.0138799995,0.08437,5.0,0.039334737
