X var,Y var,MIC (strength),MIC-p^2 (nonlinearity),MAS (non-monotonicity),MEV (functionality),MCN (complexity),Linear regression (p)
call4,rl,0.21677,-0.051785737,0.03352,0.21677,5.087463,0.51822364
all,call4,0.20376,-0.038954034,0.009660002,0.20376,5.087463,0.49266016
mit,rl,0.19808,0.08976491,0.03148,0.19808,5.087463,0.3291126
mit,all,0.18578,0.044963837,0.019980006,0.18578,5.087463,0.3752548
mit,call4,0.17668,0.026903927,0.02584,0.17668,5.087463,0.38700914
all,rl,0.16635,-0.014638573,0.0284,0.16635,5.087463,0.42542753
