X var,Y var,MIC (strength),MIC-p^2 (nonlinearity),MAS (non-monotonicity),MEV (functionality),MCN (complexity),Linear regression (p)
all,rl,0.34374,0.09568657,0.02234,0.34374,4.9068904,0.49804962
mit,rl,0.2338,0.20944044,0.040979996,0.2338,4.9068904,-0.15607546
mit,all,0.20635,0.20623375,0.01895,0.20635,4.9068904,0.010781388
call4,rl,0.19568,-0.09956597,0.041199997,0.19568,4.9068904,0.5433654
mit,call4,0.18686,0.18540135,0.04252,0.18686,4.9068904,-0.038192276
all,call4,0.17447,0.13987032,0.06982001,0.17447,4.9068904,0.18600993
