X var,Y var,MIC (strength),MIC-p^2 (nonlinearity),MAS (non-monotonicity),MEV (functionality),MCN (complexity),Linear regression (p)
all,rl,0.717,0.46833068,0.14085001,0.717,4.70044,-0.49866754
call4,rl,0.5997,-0.05726242,0.05405,0.5997,4.70044,0.81053215
all,call4,0.59932,0.39448053,0.13099,0.59932,4.70044,-0.45259196
mit,all,0.33687,0.27317986,0.09935002,0.33687,4.70044,0.2523691
mit,rl,0.31488,0.31196886,0.08872001,0.31488,4.70044,0.053955138
mit,call4,0.30189,0.29296646,0.10416998,0.30189,4.70044,0.09446441
