X var,Y var,MIC (strength),MIC-p^2 (nonlinearity),MAS (non-monotonicity),MEV (functionality),MCN (complexity),Linear regression (p)
mit,rl,0.51489,0.279442,0.041420013,0.50743,5.0,-0.48522985
all,rl,0.32893,0.20189779,0.028789997,0.3196,5.0,0.35641578
mit,all,0.26974,0.24954087,0.033920005,0.26021,5.0,-0.14212358
all,call4,0.20471,0.19804825,0.14692001,0.19412,5.0,0.081619635
call4,rl,0.2019,0.20188937,0.16234,0.19273,5.0,-0.0032628954
mit,call4,0.15769,0.14749743,0.099690005,0.15007,5.0,0.10095825
