X var,Y var,MIC (strength),MIC-p^2 (nonlinearity),MAS (non-monotonicity),MEV (functionality),MCN (complexity),Linear regression (p)
call4,rl,0.25724,-0.20435938,0.047739998,0.25724,4.70044,0.67941105
mit,all,0.24013,0.09529905,0.023070008,0.24013,4.70044,0.38056663
all,call4,0.21965,-0.09897974,0.03699,0.21965,4.70044,0.564473
mit,call4,0.21372,0.019152522,0.03257999,0.21372,4.70044,0.44109803
all,rl,0.19458,-0.06504555,0.014210001,0.19458,4.70044,0.50953466
mit,rl,0.18423,0.036504477,0.034939997,0.18423,4.70044,0.38435078
