X var,Y var,MIC (strength),MIC-p^2 (nonlinearity),MAS (non-monotonicity),MEV (functionality),MCN (complexity),Linear regression (p)
call4,rl,0.33047,0.06981403,0.052219987,0.33047,4.9068904,0.5105448
all,call4,0.19563,0.13710439,0.027549997,0.19563,4.9068904,0.24192068
mit,rl,0.19291,0.18039781,0.017689995,0.19291,4.9068904,0.11185788
mit,all,0.19122,0.14310987,0.022299998,0.19122,4.9068904,0.2193402
all,rl,0.18833,0.17094949,0.022890002,0.18833,4.9068904,0.13183513
mit,call4,0.18156,0.11811989,0.025559992,0.18156,4.9068904,0.2518732
