X var,Y var,MIC (strength),MIC-p^2 (nonlinearity),MAS (non-monotonicity),MEV (functionality),MCN (complexity),Linear regression (p)
call4,rl,0.31269,0.008980721,0.022740006,0.31269,4.807355,0.5510982
mit,all,0.25324,0.21457091,0.03815,0.25324,4.807355,0.19664453
all,call4,0.22795,0.18650301,0.03882,0.22795,4.807355,0.20358536
mit,call4,0.19021,0.17740925,0.020089999,0.19021,4.807355,0.113140434
all,rl,0.17699,0.15021962,0.020209998,0.17699,4.807355,0.16361655
mit,rl,0.15844,0.15830503,0.014030002,0.15844,4.807355,-0.011617316
