X var,Y var,MIC (strength),MIC-p^2 (nonlinearity),MAS (non-monotonicity),MEV (functionality),MCN (complexity),Linear regression (p)
call4,rl,0.31224,0.038009167,0.05205001,0.31224,4.70044,0.52367055
all,call4,0.29324,0.15406632,0.10651,0.29324,4.70044,0.3730599
mit,all,0.24837,-0.01733388,0.023429997,0.24837,4.70044,0.5154647
mit,call4,0.22394,0.091702625,0.033490002,0.22394,4.70044,0.36364457
all,rl,0.19743,0.13538527,0.042320006,0.19743,4.70044,0.24908778
mit,rl,0.19688,0.15662804,0.015159994,0.19688,4.70044,0.20062892
