X var,Y var,MIC (strength),MIC-p^2 (nonlinearity),MAS (non-monotonicity),MEV (functionality),MCN (complexity),Linear regression (p)
call4,rl,0.30846,6.663799E-4,0.024360001,0.30846,5.0,0.5547915
all,call4,0.25356,0.10075709,0.064610004,0.25356,5.0,0.39090014
all,rl,0.20709,0.14373897,0.027539998,0.20709,5.0,0.25169632
mit,rl,0.20493,0.16174226,0.045159996,0.20493,5.0,0.2078166
mit,all,0.20242,0.10344527,0.030310005,0.20242,5.0,0.3146025
mit,call4,0.17364,0.10829993,0.013270002,0.17364,5.0,0.25561702
