X var,Y var,MIC (strength),MIC-p^2 (nonlinearity),MAS (non-monotonicity),MEV (functionality),MCN (complexity),Linear regression (p)
call4,rl,0.264,0.13102691,0.021909997,0.25743,5.0,0.36465475
mit,all,0.22935,0.1891655,0.021410003,0.21947,5.0,0.20046072
mit,call4,0.22291,0.08727272,0.0422,0.21187,5.0,0.36828968
mit,rl,0.21625,0.19289759,0.06575,0.20919,5.0,0.15281497
all,call4,0.20922,0.16547357,0.009610012,0.19858,5.0,0.20915651
all,rl,0.15993,0.14192736,0.008810006,0.15194,5.0,0.13417396
