X var,Y var,MIC (strength),MIC-p^2 (nonlinearity),MAS (non-monotonicity),MEV (functionality),MCN (complexity),Linear regression (p)
all,rl,0.70831,0.36253503,0.20937002,0.70831,4.70044,0.58802634
call4,rl,0.57315,0.042408466,0.051560014,0.57315,4.70044,0.7285201
all,call4,0.4803,0.35558313,0.05776,0.4803,4.169925,0.35315278
mit,all,0.31686,0.25579143,0.08207001,0.31686,4.70044,0.24712051
mit,call4,0.30808,0.30521187,0.07158999,0.30808,4.5849624,0.053554736
mit,rl,0.27437,0.2659052,0.056409985,0.27437,4.5849624,0.092004366
