X var,Y var,MIC (strength),MIC-p^2 (nonlinearity),MAS (non-monotonicity),MEV (functionality),MCN (complexity),Linear regression (p)
call4,rl,0.27826,0.04658802,0.021089993,0.27826,4.70044,0.48132315
mit,all,0.26819,-0.13752878,0.020230003,0.26819,4.70044,0.63696057
mit,call4,0.26438,0.051394075,0.060070008,0.26438,4.70044,0.46150398
all,call4,0.25715,0.06541745,0.05708,0.25715,4.70044,0.43787274
all,rl,0.21835,0.1230684,0.03853999,0.21835,4.70044,0.30867717
mit,rl,0.1979,0.1661017,0.018979996,0.1979,4.70044,0.17832078
