X var,Y var,MIC (strength),MIC-p^2 (nonlinearity),MAS (non-monotonicity),MEV (functionality),MCN (complexity),Linear regression (p)
mit,call4,0.2335,0.14090441,0.07100001,0.22438,5.0,0.30429524
call4,rl,0.2202,0.07485013,0.015709996,0.212,5.0,0.3812478
all,call4,0.20958,0.15152745,0.014540002,0.19806,5.0,0.24094097
mit,rl,0.193,0.16814604,0.01303,0.18241,5.0,0.15765141
all,rl,0.18669,0.1603919,0.03502001,0.17711,5.0,0.16216692
mit,all,0.17887,0.14263695,0.023340002,0.17065,5.0,0.19034982
