X var,Y var,MIC (strength),MIC-p^2 (nonlinearity),MAS (non-monotonicity),MEV (functionality),MCN (complexity),Linear regression (p)
all,rl,0.26996,-0.11379203,0.03075999,0.26096,5.087463,0.6194772
mit,rl,0.26,0.25366277,0.050419986,0.2496,5.087463,-0.07960672
mit,all,0.24018,0.20560554,0.049679995,0.22937,5.087463,0.1859421
all,call4,0.22436,0.13922513,0.13892001,0.2154,5.087463,0.29177883
call4,rl,0.17885,-0.3074286,0.060099997,0.17234,5.087463,0.6973368
mit,call4,0.16192,0.16100931,0.051239997,0.15285,5.087463,-0.03017748
