X var,Y var,MIC (strength),MIC-p^2 (nonlinearity),MAS (non-monotonicity),MEV (functionality),MCN (complexity),Linear regression (p)
call4,rl,0.27993,0.123357296,0.044430003,0.27993,5.087463,0.39569268
all,call4,0.18472,0.09726407,0.028039992,0.18472,5.087463,0.2957295
mit,rl,0.18339,0.1820786,0.03772001,0.18339,5.087463,-0.036213435
mit,all,0.17317,0.13175684,0.010480002,0.17317,5.087463,0.20350222
mit,call4,0.1672,0.10498631,0.01715,0.1672,5.087463,0.24942672
all,rl,0.15525,0.14488533,0.018710002,0.15525,5.087463,0.101807
