X var,Y var,MIC (strength),MIC-p^2 (nonlinearity),MAS (non-monotonicity),MEV (functionality),MCN (complexity),Linear regression (p)
call4,rl,0.2024,-0.068868905,0.019620001,0.2024,5.087463,0.5208348
all,call4,0.20198,-0.082953036,0.057339996,0.20198,5.087463,0.5337912
mit,rl,0.19902,0.09386882,0.021180004,0.19902,5.087463,0.32427022
mit,all,0.19146,-0.03504823,0.022489995,0.19146,5.087463,0.4759288
all,rl,0.18,0.008741811,0.03063,0.18,5.087463,0.41383353
mit,call4,0.17499,-0.0062993765,0.016780004,0.17499,5.087463,0.4257809
