X var,Y var,MIC (strength),MIC-p^2 (nonlinearity),MAS (non-monotonicity),MEV (functionality),MCN (complexity),Linear regression (p)
call4,rl,0.25227,0.13231122,0.021799996,0.25227,5.087463,0.34635067
mit,call4,0.20626,0.1618314,0.027350008,0.20626,5.087463,0.21078093
all,call4,0.1978,0.15599036,0.02974999,0.1978,5.087463,0.20447405
mit,rl,0.19672,0.19611205,0.011550009,0.19672,5.087463,0.024656782
all,rl,0.18325,0.16256863,0.030370004,0.18325,5.087463,0.14381017
mit,all,0.17147,0.12694201,0.022040002,0.17147,5.087463,0.21101657
