X var,Y var,MIC (strength),MIC-p^2 (nonlinearity),MAS (non-monotonicity),MEV (functionality),MCN (complexity),Linear regression (p)
call4,rl,0.3055,0.105264485,0.060110003,0.3055,4.807355,0.44747683
all,call4,0.22152,0.2020637,0.046900004,0.22152,4.807355,0.13948587
mit,all,0.2162,0.21200487,0.030359998,0.2162,4.807355,0.06476978
all,rl,0.20625,0.15306938,0.039309993,0.20625,4.807355,0.23060922
mit,call4,0.19269,0.19117035,0.019960001,0.19269,4.807355,0.038982753
mit,rl,0.17007,0.16539678,0.011429999,0.17007,4.807355,-0.06836106
