X var,Y var,MIC (strength),MIC-p^2 (nonlinearity),MAS (non-monotonicity),MEV (functionality),MCN (complexity),Linear regression (p)
call4,rl,0.32644,0.06287548,0.044690013,0.32644,4.807355,0.51338536
mit,call4,0.23499,0.22811536,0.027400002,0.23499,4.807355,0.08291346
mit,all,0.21431,0.19454367,0.033079997,0.21431,4.807355,0.1405928
all,call4,0.19996,0.17091668,0.035279997,0.19996,4.807355,0.17042099
all,rl,0.19566,0.17273287,0.025669992,0.19566,4.807355,0.15141703
mit,rl,0.17749,0.17490785,0.008919999,0.17749,4.807355,-0.05081479
