X var,Y var,MIC (strength),MIC-p^2 (nonlinearity),MAS (non-monotonicity),MEV (functionality),MCN (complexity),Linear regression (p)
call4,rl,0.26555,0.15615988,0.05004999,0.26555,5.087463,0.33074176
all,call4,0.18609,0.09594444,0.01362,0.18609,5.087463,0.3002425
mit,all,0.1763,0.13149916,0.023560002,0.1763,5.087463,0.2116621
mit,call4,0.17433,0.11209161,0.00722,0.17433,5.087463,0.24947622
all,rl,0.17127,0.1625059,0.011830002,0.17127,5.087463,0.09361679
mit,rl,0.16448,0.1638069,0.011100002,0.16448,5.087463,-0.025944114
