X var,Y var,MIC (strength),MIC-p^2 (nonlinearity),MAS (non-monotonicity),MEV (functionality),MCN (complexity),Linear regression (p)
all,call4,0.18846,0.16841637,0.036220014,0.18846,5.2479277,0.14157555
call4,rl,0.17572,0.14807202,0.009049997,0.17572,5.2479277,0.16627684
mit,call4,0.15673,0.15167187,0.017229997,0.15673,5.2479277,0.071120486
all,rl,0.14995,0.1258027,0.023849994,0.14995,5.2479277,0.15539403
mit,all,0.14601,0.07594735,0.022660002,0.14601,5.2479277,0.2646935
mit,rl,0.13042,0.1302728,0.025399998,0.13042,5.2479277,0.012132644
