X var,Y var,MIC (strength),MIC-p^2 (nonlinearity),MAS (non-monotonicity),MEV (functionality),MCN (complexity),Linear regression (p)
call4,rl,0.33927,0.2368477,0.085219994,0.33927,4.70044,0.32003483
mit,all,0.29651,0.281767,0.05908002,0.29651,4.70044,-0.12142076
all,rl,0.28488,0.2764431,0.07384001,0.28488,4.70044,0.091852725
all,call4,0.23973,0.23971455,0.033020005,0.23973,4.70044,0.00393105
mit,call4,0.23837,0.2349814,0.0617,0.23837,4.70044,-0.058211688
mit,rl,0.2346,0.081493095,0.04486999,0.2346,4.70044,0.39128876
