X var,Y var,MIC (strength),MIC-p^2 (nonlinearity),MAS (non-monotonicity),MEV (functionality),MCN (complexity),Linear regression (p)
mit,call4,0.21558,0.19560277,0.039010003,0.21558,5.2479277,0.14134079
all,rl,0.21145,0.1784468,0.03214,0.21145,5.2479277,0.1816678
call4,rl,0.21073,0.16052835,0.03576,0.21073,5.2479277,0.22405726
all,call4,0.20932,0.15914819,0.012419999,0.20932,5.2479277,0.22399065
mit,all,0.18517,0.027843371,0.030699998,0.18517,5.2479277,0.3966442
mit,rl,0.17881,0.17789257,0.011849996,0.17881,5.2479277,0.030289212
