X var,Y var,MIC (strength),MIC-p^2 (nonlinearity),MAS (non-monotonicity),MEV (functionality),MCN (complexity),Linear regression (p)
call4,rl,0.32476,0.13180229,0.061330006,0.32476,4.807355,0.4392695
mit,all,0.25822,0.25368905,0.086749986,0.25822,4.807355,0.06731226
all,call4,0.21103,0.18373178,0.022150002,0.21103,4.807355,0.16522177
all,rl,0.18078,0.103341155,0.013890002,0.18078,4.807355,0.27827835
mit,call4,0.17607,0.17136788,0.046260007,0.17607,4.807355,0.06857197
mit,rl,0.17259,0.16917816,0.028749995,0.17259,4.807355,-0.05841103
