X var,Y var,MIC (strength),MIC-p^2 (nonlinearity),MAS (non-monotonicity),MEV (functionality),MCN (complexity),Linear regression (p)
mit,all,0.25678,0.1513136,0.065019995,0.25678,4.70044,0.3247559
call4,rl,0.253,0.110795975,0.05646999,0.253,4.70044,0.37709948
mit,call4,0.23137,0.15355746,0.012319997,0.23137,4.70044,0.278949
all,call4,0.22853,0.13869342,0.053669997,0.22853,4.70044,0.2997275
all,rl,0.21666,0.16069052,0.027450003,0.21666,4.70044,0.23657867
mit,rl,0.19557,0.18827578,0.019979998,0.19557,4.70044,0.08540623
