X var,Y var,MIC (strength),MIC-p^2 (nonlinearity),MAS (non-monotonicity),MEV (functionality),MCN (complexity),Linear regression (p)
call4,rl,0.26858,0.082597256,0.017540008,0.26858,5.087463,0.43125716
mit,all,0.22248,0.13879703,0.02175001,0.22248,5.087463,0.2892801
mit,rl,0.20528,0.20207906,0.04968001,0.20528,5.087463,0.056576904
mit,call4,0.20178,0.15966731,0.046010002,0.20178,5.087463,0.20521379
all,call4,0.19251,0.13011222,0.011810001,0.19251,5.087463,0.24979547
all,rl,0.18044,0.1477388,0.01749,0.18044,5.087463,0.18083473
