X var,Y var,MIC (strength),MIC-p^2 (nonlinearity),MAS (non-monotonicity),MEV (functionality),MCN (complexity),Linear regression (p)
all,call4,0.21243,-0.0013555288,0.034449995,0.21243,5.2479277,0.46236947
all,rl,0.19291,0.09513356,0.022750005,0.19291,5.2479277,0.31269225
mit,call4,0.1884,0.074955136,0.01661,0.1884,5.2479277,0.33681577
mit,all,0.18524,0.06648093,0.020040005,0.18524,5.2479277,0.3446144
call4,rl,0.17507,0.10593437,0.021789998,0.17507,5.2479277,0.26293656
mit,rl,0.15952,0.09409744,0.018910006,0.15952,5.2479277,0.25577834
