X var,Y var,MIC (strength),MIC-p^2 (nonlinearity),MAS (non-monotonicity),MEV (functionality),MCN (complexity),Linear regression (p)
all,rl,0.41525,-0.14210248,0.020260006,0.41525,5.087463,0.74656045
mit,call4,0.22604,0.14422125,0.12692001,0.22604,5.087463,-0.2860398
mit,all,0.22321,0.16991761,0.032689996,0.22321,5.087463,-0.23085146
mit,rl,0.22085,0.09829522,0.015990004,0.22085,5.087463,-0.35007825
call4,rl,0.20691,0.058676854,0.09121,0.20691,5.087463,0.38501057
all,call4,0.18528,0.1121601,0.120239995,0.18528,5.087463,0.2704069
