X var,Y var,MIC (strength),MIC-p^2 (nonlinearity),MAS (non-monotonicity),MEV (functionality),MCN (complexity),Linear regression (p)
all,rl,0.45319,-0.056652397,0.07416999,0.45319,4.807355,0.7140325
mit,rl,0.32491,0.22684121,0.038429976,0.32491,4.807355,-0.3131594
mit,all,0.30981,0.1751688,0.04254,0.30981,4.807355,-0.3669349
mit,call4,0.22659,0.20905282,0.17273,0.22659,4.807355,-0.13242799
all,call4,0.18108,0.16703741,0.14456,0.18108,4.807355,0.118501395
call4,rl,0.17226,0.14661409,0.10354,0.17226,4.807355,0.16014339
