X var,Y var,MIC (strength),MIC-p^2 (nonlinearity),MAS (non-monotonicity),MEV (functionality),MCN (complexity),Linear regression (p)
mit,call4,0.44988,0.018844813,0.11093998,0.44988,4.5849624,-0.6565327
call4,rl,0.37565,-0.057608187,0.098969996,0.37565,4.9068904,0.6582235
all,rl,0.35509,-0.01409933,0.028569996,0.34623,5.087463,0.6076095
mit,rl,0.32356,0.12833326,0.039020002,0.31415,5.087463,-0.4418447
mit,all,0.23531,0.19373462,0.036569998,0.22585,5.087463,-0.20390043
all,call4,0.22002,0.06910768,0.050109997,0.21115,5.087463,0.38847435
