X var,Y var,MIC (strength),MIC-p^2 (nonlinearity),MAS (non-monotonicity),MEV (functionality),MCN (complexity),Linear regression (p)
call4,rl,0.24991,0.12860131,0.022090003,0.24991,5.087463,0.34829396
all,call4,0.21123,0.1301438,0.04350999,0.21123,5.087463,0.28475636
mit,all,0.20387,0.16478303,0.02263999,0.20387,5.087463,0.19770423
mit,call4,0.19296,0.123485625,0.039330006,0.19296,5.087463,0.2635799
all,rl,0.17737,0.17233284,0.024629995,0.17737,5.087463,0.07097293
mit,rl,0.15874,0.1564762,0.013280001,0.15874,5.087463,-0.04757941
