X var,Y var,MIC (strength),MIC-p^2 (nonlinearity),MAS (non-monotonicity),MEV (functionality),MCN (complexity),Linear regression (p)
call4,rl,0.29844,0.2035142,0.042050004,0.28767,5.0,0.3081003
all,call4,0.23672,0.17959481,0.027219996,0.22496,5.0,0.23900874
mit,rl,0.23049,0.20352738,0.081860006,0.22247,5.0,0.16420299
mit,call4,0.21622,-0.017994538,0.055120006,0.20497,5.0,0.48395717
mit,all,0.21508,0.15619512,0.023669988,0.2042,5.0,0.24266206
all,rl,0.17885,0.16000697,0.018990003,0.16816,5.0,0.13726991
