X var,Y var,MIC (strength),MIC-p^2 (nonlinearity),MAS (non-monotonicity),MEV (functionality),MCN (complexity),Linear regression (p)
mit,rl,0.40974,0.15125838,0.03362,0.40185,5.087463,-0.5084109
all,rl,0.40223,0.17419654,0.050940022,0.39223,5.087463,0.47752848
mit,all,0.27775,0.2646912,0.07680999,0.26641,5.087463,-0.11427498
mit,call4,0.20676,0.1910645,0.13867,0.19686,5.087463,-0.12528168
all,call4,0.17979,0.17017235,0.10908,0.17018,5.087463,-0.09806964
call4,rl,0.16176,0.16129985,0.11046,0.1546,5.087463,0.021451147
