X var,Y var,MIC (strength),MIC-p^2 (nonlinearity),MAS (non-monotonicity),MEV (functionality),MCN (complexity),Linear regression (p)
all,rl,0.71194,0.05752814,0.038830012,0.70259,5.321928,0.8089573
call4,rl,0.53093,0.14209226,0.09820998,0.5246,5.321928,0.62356853
all,call4,0.38713,0.15772773,0.0759,0.38194,5.321928,0.47895956
mit,rl,0.18214,0.17797127,0.014250003,0.17401,5.321928,-0.0645656
mit,call4,0.1812,0.1547222,0.024920002,0.17521,5.321928,-0.16272
mit,all,0.1585,0.14476204,0.00962,0.15135,5.321928,-0.11720904
