X var,Y var,MIC (strength),MIC-p^2 (nonlinearity),MAS (non-monotonicity),MEV (functionality),MCN (complexity),Linear regression (p)
call4,rl,0.33234,-0.010261506,0.020610005,0.33234,4.9068904,0.5853217
all,rl,0.21015,0.18155304,0.013049997,0.21015,4.9068904,0.16910636
mit,rl,0.20092,0.15799259,0.016719997,0.20092,4.9068904,0.20718932
mit,call4,0.19484,0.12863559,0.021920003,0.19484,4.9068904,0.2573022
all,call4,0.18049,0.13737106,0.02047,0.18049,4.9068904,0.20765099
mit,all,0.17032,0.10687299,0.018120006,0.17032,4.9068904,0.2518869
