X var,Y var,MIC (strength),MIC-p^2 (nonlinearity),MAS (non-monotonicity),MEV (functionality),MCN (complexity),Linear regression (p)
call4,rl,0.25195,-0.11404523,0.020789996,0.24577,5.321928,0.6049754
mit,all,0.20237,-0.1013325,0.026299998,0.19534,5.321928,0.5510921
all,call4,0.17975,-0.75648487,0.005559996,0.17167,5.321928,0.9675923
mit,rl,0.17056,0.06104727,0.020159997,0.16406,5.321928,0.33092707
all,rl,0.16116,-0.17296694,0.022350006,0.15515,5.321928,0.57803714
mit,call4,0.15878,-0.15426664,0.0076300018,0.15207,5.321928,0.5595057
