X var,Y var,MIC (strength),MIC-p^2 (nonlinearity),MAS (non-monotonicity),MEV (functionality),MCN (complexity),Linear regression (p)
call4,rl,0.35609,0.09959182,0.061289996,0.35609,4.807355,0.5064565
mit,all,0.22473,0.21318527,0.04688,0.22473,4.807355,0.107446425
all,call4,0.21379,0.18441156,0.04692,0.21379,4.807355,0.1714014
mit,call4,0.20887,0.20584868,0.029410005,0.20887,4.807355,0.054966483
all,rl,0.19668,0.16991188,0.012199998,0.19668,4.807355,0.16360965
mit,rl,0.17256,0.16736338,0.013070002,0.17256,4.807355,-0.072087616
