X var,Y var,MIC (strength),MIC-p^2 (nonlinearity),MAS (non-monotonicity),MEV (functionality),MCN (complexity),Linear regression (p)
call4,rl,0.25621,0.1142277,0.03255999,0.25621,5.087463,0.3768054
mit,call4,0.19856,0.117973804,0.01207,0.19856,5.087463,0.28387707
all,call4,0.18927,0.08468382,0.01738,0.18927,5.087463,0.32339787
all,rl,0.18182,0.17319821,0.03387001,0.18182,5.087463,0.092853665
mit,all,0.16584,0.1041204,0.01748,0.16584,5.087463,0.24843429
mit,rl,0.15038,0.15034275,0.016269997,0.15038,5.087463,-0.006103679
