X var,Y var,MIC (strength),MIC-p^2 (nonlinearity),MAS (non-monotonicity),MEV (functionality),MCN (complexity),Linear regression (p)
all,rl,0.38583,0.09188357,0.04991001,0.38583,5.087463,0.54216826
mit,rl,0.30639,0.10181318,0.03084001,0.30639,5.087463,-0.45230168
mit,all,0.22963,0.13849464,0.017010003,0.22963,5.087463,-0.30188632
call4,rl,0.19129,0.15209179,0.13996,0.19129,5.087463,0.19798541
mit,call4,0.18527,0.14328758,0.104439996,0.18527,5.087463,-0.2048961
all,call4,0.16653,0.15829685,0.11746,0.16653,5.087463,0.09073672
