X var,Y var,MIC (strength),MIC-p^2 (nonlinearity),MAS (non-monotonicity),MEV (functionality),MCN (complexity),Linear regression (p)
all,call4,0.23659,0.14769837,0.020599991,0.23659,5.2479277,0.298147
call4,rl,0.23402,0.17332612,0.04519999,0.23402,5.2479277,0.24636127
mit,call4,0.2315,0.15825325,0.02724,0.2315,5.2479277,0.27064136
mit,all,0.21462,0.014609918,0.02669999,0.21462,5.2479277,0.44722486
all,rl,0.16695,0.13248622,0.012559999,0.16695,5.2479277,0.18564421
mit,rl,0.16684,0.16400039,0.022320002,0.16684,5.2479277,0.05328805
