X var,Y var,MIC (strength),MIC-p^2 (nonlinearity),MAS (non-monotonicity),MEV (functionality),MCN (complexity),Linear regression (p)
call4,rl,0.29742,0.29218206,0.029760003,0.29742,5.087463,0.072373666
all,call4,0.21173,0.17161305,0.014420003,0.21173,5.087463,0.20029217
mit,rl,0.17533,0.17219187,0.00897,0.17533,5.087463,-0.056018952
mit,call4,0.17178,0.09713229,0.023329996,0.17178,5.087463,0.27321735
all,rl,0.16344,0.16289794,0.024540007,0.16344,5.087463,-0.023282286
mit,all,0.15794,0.1391987,0.020769998,0.15794,5.087463,0.13689883
