X var,Y var,MIC (strength),MIC-p^2 (nonlinearity),MAS (non-monotonicity),MEV (functionality),MCN (complexity),Linear regression (p)
call4,rl,0.28318,0.01924336,0.02700001,0.28318,5.0,0.51374763
all,call4,0.21056,0.105326444,0.01419,0.21056,5.0,0.3243972
all,rl,0.20577,0.14379314,0.029439986,0.20577,5.0,0.24895152
mit,all,0.20253,0.14012039,0.041079998,0.20253,5.0,0.24981916
mit,rl,0.18295,0.14388399,0.010890007,0.18295,5.0,0.19765125
mit,call4,0.18101,0.15105541,0.011489987,0.18101,5.0,0.17307393
