X var,Y var,MIC (strength),MIC-p^2 (nonlinearity),MAS (non-monotonicity),MEV (functionality),MCN (complexity),Linear regression (p)
call4,rl,0.28735,0.17399949,0.030880004,0.27813,5.0,0.33667567
mit,call4,0.24703,0.013026223,0.05251001,0.23717,5.0,0.48373938
all,call4,0.22888,0.16107385,0.012620002,0.21779,5.0,0.26039615
mit,rl,0.22884,0.20013785,0.026100002,0.21735,5.0,0.16941707
mit,all,0.20536,0.1422289,0.019610003,0.19551,5.0,0.251259
all,rl,0.20027,0.17468904,0.022380002,0.19097,5.0,0.15994047
