X var,Y var,MIC (strength),MIC-p^2 (nonlinearity),MAS (non-monotonicity),MEV (functionality),MCN (complexity),Linear regression (p)
call4,rl,0.33648,0.10783905,0.11884999,0.33648,4.70044,0.47816414
all,rl,0.27492,0.2702329,0.03745,0.27492,4.70044,-0.06846235
all,call4,0.27343,0.27170256,0.06424001,0.27343,4.70044,-0.04156253
mit,all,0.26037,0.18109098,0.07896,0.26037,4.70044,-0.28156528
mit,rl,0.22811,0.19615129,0.024720006,0.22811,4.70044,0.17877
mit,call4,0.21454,0.21453682,0.0528,0.21454,4.70044,-0.0017843192
