X var,Y var,MIC (strength),MIC-p^2 (nonlinearity),MAS (non-monotonicity),MEV (functionality),MCN (complexity),Linear regression (p)
call4,rl,0.24687,0.133497,0.01676999,0.23681,5.0,0.33670908
mit,call4,0.21369,0.027501747,0.021740004,0.20413,5.0,0.43149537
mit,all,0.2061,0.16304128,0.020999998,0.19447,5.0,0.20750596
mit,rl,0.20566,0.18298781,0.021010004,0.19451,5.0,0.15057285
all,rl,0.19319,0.17294537,0.028969996,0.18278,5.0,0.1422836
all,call4,0.19302,0.14292814,0.009550005,0.18416,5.0,0.22381212
