X var,Y var,MIC (strength),MIC-p^2 (nonlinearity),MAS (non-monotonicity),MEV (functionality),MCN (complexity),Linear regression (p)
all,rl,0.39172,-0.05587414,0.050559998,0.38423,5.087463,0.66902477
mit,rl,0.26124,0.19607383,0.06507,0.24739,5.087463,-0.25527665
mit,call4,0.23955,0.20774657,0.17034999,0.22895,5.087463,-0.17833515
mit,all,0.23286,0.22611141,0.010070004,0.22367,5.087463,-0.082149796
all,call4,0.21724,0.108164296,0.16315001,0.2079,5.087463,0.33026612
call4,rl,0.19502,0.0765243,0.1444,0.18874,5.087463,0.34423205
