X var,Y var,MIC (strength),MIC-p^2 (nonlinearity),MAS (non-monotonicity),MEV (functionality),MCN (complexity),Linear regression (p)
call4,rl,0.27265,0.03296423,0.05671999,0.27265,5.087463,0.48957714
all,call4,0.20011,0.021565795,0.031210005,0.20011,5.087463,0.42254493
mit,call4,0.19737,0.062133715,0.05088,0.19737,5.087463,0.36774486
mit,all,0.1677,0.034982473,0.016039997,0.1677,5.087463,0.36430416
all,rl,0.1675,0.11087522,0.03354001,0.1675,5.087463,0.23795962
mit,rl,0.16491,0.14341475,0.014679998,0.16491,5.087463,0.14661261
