X var,Y var,MIC (strength),MIC-p^2 (nonlinearity),MAS (non-monotonicity),MEV (functionality),MCN (complexity),Linear regression (p)
all,rl,0.45522,0.13362646,0.040969998,0.44738,5.0,0.5670922
mit,rl,0.34483,0.13978027,0.046910003,0.3348,5.0,-0.45282418
mit,all,0.27873,0.25489378,0.040340006,0.26819,5.0,-0.15438986
all,call4,0.17681,0.17582883,0.15908,0.16555,5.0,-0.031323582
mit,call4,0.17345,0.16139846,0.13383,0.1638,5.0,0.10977948
call4,rl,0.14952,0.13492244,0.11264999,0.14343,5.0,-0.12082035
