X var,Y var,MIC (strength),MIC-p^2 (nonlinearity),MAS (non-monotonicity),MEV (functionality),MCN (complexity),Linear regression (p)
call4,rl,0.26011,0.23021878,0.024959996,0.26011,5.087463,0.17289072
all,call4,0.18216,0.12512365,0.0130600035,0.18216,5.087463,0.23882286
mit,all,0.17567,0.15016311,0.017590001,0.17567,5.087463,0.15970874
mit,call4,0.17174,0.09545181,0.017309994,0.17174,5.087463,0.27620316
mit,rl,0.16919,0.16362882,0.01175,0.16919,5.087463,-0.07457337
all,rl,0.16897,0.16896993,0.03836,0.16897,5.087463,-2.6096535E-4
