X var,Y var,MIC (strength),MIC-p^2 (nonlinearity),MAS (non-monotonicity),MEV (functionality),MCN (complexity),Linear regression (p)
call4,rl,0.3382,0.054928154,0.08399999,0.3382,4.70044,0.5322329
all,call4,0.27369,0.12557659,0.062219992,0.27369,4.70044,0.38485503
mit,all,0.26975,-0.018298298,0.045550004,0.26975,4.70044,0.5367013
mit,call4,0.24778,0.10687016,0.028820008,0.24778,4.70044,0.3753796
mit,rl,0.21919,0.18496956,0.040710002,0.21919,4.70044,0.18498768
all,rl,0.2072,0.1402697,0.03089,0.2072,4.70044,0.25870892
