X var,Y var,MIC (strength),MIC-p^2 (nonlinearity),MAS (non-monotonicity),MEV (functionality),MCN (complexity),Linear regression (p)
call4,rl,0.30797,0.061329305,0.0318,0.30797,5.0,0.49662933
all,call4,0.23128,0.048346117,0.03925,0.23128,5.0,0.4277077
mit,all,0.21299,0.14152849,0.03253001,0.21299,5.0,0.26732287
mit,call4,0.20474,0.16361132,0.035040006,0.20474,5.0,0.20280206
mit,rl,0.20062,0.18068242,0.060489997,0.20062,5.0,0.14120047
all,rl,0.19917,0.16106524,0.020510003,0.19917,5.0,0.1952044
