X var,Y var,MIC (strength),MIC-p^2 (nonlinearity),MAS (non-monotonicity),MEV (functionality),MCN (complexity),Linear regression (p)
call4,rl,0.26668,0.16164434,0.021750003,0.25509,5.0,0.32409206
mit,rl,0.20675,0.19147208,0.017420001,0.19453,5.0,0.123603866
mit,all,0.20451,0.18467344,0.018969998,0.19376,5.0,0.14084232
all,call4,0.204,0.18419544,0.019769996,0.1935,5.0,0.14072865
mit,call4,0.2011,0.08659163,0.024330005,0.19243,5.0,0.33839086
all,rl,0.20086,0.18957654,0.016419992,0.1899,5.0,0.10622359
