X var,Y var,MIC (strength),MIC-p^2 (nonlinearity),MAS (non-monotonicity),MEV (functionality),MCN (complexity),Linear regression (p)
call4,rl,0.31581,0.1314027,0.02048999,0.31581,5.0,0.4294267
mit,all,0.22418,0.17337911,0.06718999,0.22418,5.0,0.22539054
all,rl,0.21222,0.18698612,0.028599992,0.21222,5.0,0.15885177
all,call4,0.19945,-0.02138935,0.011439994,0.19945,5.0,0.46993548
mit,rl,0.19531,0.18123992,0.02302,0.19531,5.0,0.118617356
mit,call4,0.19056,0.15648757,0.016670004,0.19056,5.0,0.1845872
