X var,Y var,MIC (strength),MIC-p^2 (nonlinearity),MAS (non-monotonicity),MEV (functionality),MCN (complexity),Linear regression (p)
call4,rl,0.24262,-0.0016448498,0.015760005,0.23574,5.321928,0.49423158
mit,all,0.19707,0.038346678,0.02719,0.18953,5.321928,0.39840096
mit,rl,0.18151,0.14998135,0.015089996,0.1734,5.321928,0.17756307
all,call4,0.17953,-0.35765204,0.023329988,0.17288,5.321928,0.732927
mit,call4,0.17297,0.027765945,0.00767,0.16621,5.321928,0.3810565
all,rl,0.16973,0.02174294,0.016429998,0.16252,5.321928,0.38469085
