X var,Y var,MIC (strength),MIC-p^2 (nonlinearity),MAS (non-monotonicity),MEV (functionality),MCN (complexity),Linear regression (p)
call4,rl,0.25384,0.052469164,0.024350002,0.24676,5.321928,0.4487436
mit,all,0.20052,0.11572074,0.04253,0.193,5.321928,0.2912031
all,call4,0.18694,0.109999396,0.01636,0.17886,5.321928,0.2773817
mit,call4,0.17447,0.100974254,0.01862,0.16812,5.321928,0.271101
all,rl,0.16267,0.12202968,0.015069999,0.15621,5.321928,0.20159444
mit,rl,0.16257,0.14547639,0.013679996,0.15552,5.321928,0.13074253
