X var,Y var,MIC (strength),MIC-p^2 (nonlinearity),MAS (non-monotonicity),MEV (functionality),MCN (complexity),Linear regression (p)
call4,rl,0.31387,0.008723676,0.039600015,0.31387,4.9068904,0.5524005
mit,call4,0.20813,0.1531749,0.036720008,0.20813,4.9068904,0.23442504
mit,rl,0.2062,0.1687656,0.032340005,0.2062,4.9068904,0.19347973
mit,all,0.20582,0.1448561,0.039640002,0.20582,4.9068904,0.24690868
all,call4,0.18889,0.1575019,0.035690002,0.18889,4.9068904,0.17716686
all,rl,0.16112,0.1369736,0.023139998,0.16112,4.9068904,0.15539111
