X var,Y var,MIC (strength),MIC-p^2 (nonlinearity),MAS (non-monotonicity),MEV (functionality),MCN (complexity),Linear regression (p)
all,rl,0.31638,0.13187803,0.030939996,0.31638,4.9068904,0.4295369
mit,all,0.20701,0.20536657,0.031160004,0.20701,4.9068904,-0.0405393
mit,call4,0.19723,0.19712518,0.11768,0.19723,4.9068904,0.0102378335
all,call4,0.18496,0.11708138,0.13398999,0.18496,4.9068904,0.26053524
call4,rl,0.18333,-0.55582887,0.10887,0.18333,4.9068904,0.8597435
mit,rl,0.15713,0.14993821,0.0134,0.15713,4.9068904,-0.08480447
