X var,Y var,MIC (strength),MIC-p^2 (nonlinearity),MAS (non-monotonicity),MEV (functionality),MCN (complexity),Linear regression (p)
mit,rl,0.29467,0.061471045,0.05790001,0.29467,5.087463,-0.48290676
all,rl,0.22956,0.10051288,0.030850008,0.22956,5.087463,0.3592313
mit,call4,0.19062,0.17990701,0.12013,0.19062,5.087463,-0.103503615
mit,all,0.1901,0.16071936,0.02267,0.1901,5.087463,-0.17140782
call4,rl,0.16773,0.08632719,0.06569,0.16773,5.087463,0.2853118
all,call4,0.15454,0.15447247,0.10153,0.15454,5.087463,0.008218075
