X var,Y var,MIC (strength),MIC-p^2 (nonlinearity),MAS (non-monotonicity),MEV (functionality),MCN (complexity),Linear regression (p)
call4,rl,0.31595,0.12457478,0.09,0.31595,4.70044,0.43746454
mit,all,0.23095,0.12015934,0.023709998,0.23095,4.70044,0.3328523
mit,call4,0.21535,0.15094742,0.03761001,0.21535,4.70044,0.25377664
mit,rl,0.20143,0.18992679,0.010990001,0.20143,4.70044,0.107252985
all,rl,0.18623,0.14485109,0.029469997,0.18623,4.70044,0.20341809
all,call4,0.18305,0.081842765,0.016150001,0.18305,4.70044,0.31813085
