X var,Y var,MIC (strength),MIC-p^2 (nonlinearity),MAS (non-monotonicity),MEV (functionality),MCN (complexity),Linear regression (p)
all,rl,0.31652,0.059268713,0.03983,0.31652,4.9068904,0.50719947
call4,rl,0.31051,0.31010702,0.18294,0.31051,4.9068904,-0.020074362
all,call4,0.30099,0.2905082,0.16490999,0.30099,4.9068904,-0.10238048
mit,call4,0.25735,0.24843585,0.1039,0.25735,4.9068904,0.09441472
mit,rl,0.22511,0.22278285,0.02431,0.22511,4.9068904,0.048240557
mit,all,0.21381,0.1538307,0.031570002,0.21381,4.9068904,-0.24490671
