X var,Y var,MIC (strength),MIC-p^2 (nonlinearity),MAS (non-monotonicity),MEV (functionality),MCN (complexity),Linear regression (p)
call4,rl,0.22669,-0.059037775,0.015549995,0.22026,5.321928,0.5345351
all,call4,0.18363,-0.007853657,0.020140007,0.17647,5.321928,0.43758845
mit,call4,0.17914,-0.051600173,0.0063299984,0.1719,5.321928,0.48035422
mit,all,0.17149,-0.029539287,0.02121,0.16448,5.321928,0.4483629
mit,rl,0.16158,0.04494182,0.018549994,0.15469,5.321928,0.34152332
all,rl,0.16143,0.033455417,0.0102400035,0.15427,5.321928,0.35773537
