X var,Y var,MIC (strength),MIC-p^2 (nonlinearity),MAS (non-monotonicity),MEV (functionality),MCN (complexity),Linear regression (p)
call4,rl,0.32463,0.031599402,0.066530004,0.32463,5.0,0.541323
all,rl,0.23441,0.16283059,0.0273,0.23441,5.0,0.2675433
mit,rl,0.21926,0.18668808,0.042140007,0.21926,5.0,0.18047693
mit,all,0.20337,0.12360883,0.04212001,0.20337,5.0,0.28242022
all,call4,0.20075,0.0598626,0.013630003,0.20075,5.0,0.3753497
mit,call4,0.18569,0.13503946,0.020670004,0.18569,5.0,0.22505674
