X var,Y var,MIC (strength),MIC-p^2 (nonlinearity),MAS (non-monotonicity),MEV (functionality),MCN (complexity),Linear regression (p)
call4,rl,0.3068,-0.25456494,0.050409988,0.3068,5.0,0.7492429
all,call4,0.23222,-0.18059549,0.047319997,0.23222,5.0,0.6425072
mit,rl,0.20941,-0.20920758,0.030029997,0.20941,5.0,0.64700663
mit,all,0.19606,-0.26402688,0.014649995,0.19606,5.0,0.67829704
mit,call4,0.19234,-0.2760238,0.011799999,0.19234,5.0,0.6843711
all,rl,0.18363,-0.15572171,0.02045001,0.18363,5.0,0.582539
