X var,Y var,MIC (strength),MIC-p^2 (nonlinearity),MAS (non-monotonicity),MEV (functionality),MCN (complexity),Linear regression (p)
call4,rl,0.25429,0.22430483,0.05531001,0.25429,5.2479277,0.17316231
all,call4,0.23151,0.20991132,0.042669997,0.23151,5.2479277,0.14696488
mit,call4,0.21423,0.20873141,0.040460005,0.21423,5.2479277,0.07415251
mit,all,0.20093,-0.05550146,0.030019999,0.20093,5.2479277,0.50639063
all,rl,0.17147,0.1590711,0.014589999,0.17147,5.2479277,0.111350365
mit,rl,0.15995,0.15985054,0.02143,0.15995,5.2479277,0.009973108
