X var,Y var,MIC (strength),MIC-p^2 (nonlinearity),MAS (non-monotonicity),MEV (functionality),MCN (complexity),Linear regression (p)
mit,call4,0.23413,-0.28717485,0.029339999,0.23413,5.2479277,0.7220144
all,call4,0.20966,-0.28128365,0.015500002,0.20966,5.2479277,0.7006737
call4,rl,0.19746,-0.13901624,0.023729995,0.19746,5.2479277,0.5800657
mit,rl,0.19541,-0.02848567,0.018419996,0.19541,5.2479277,0.47317615
all,rl,0.18385,-0.10476191,0.01523,0.18385,5.2479277,0.53722614
mit,all,0.18167,-0.2961918,0.021949992,0.18167,5.2479277,0.6912755
