X var,Y var,MIC (strength),MIC-p^2 (nonlinearity),MAS (non-monotonicity),MEV (functionality),MCN (complexity),Linear regression (p)
mit,call4,0.23822,0.10674484,0.06682001,0.23822,5.087463,-0.36259505
mit,all,0.2016,0.18841124,0.04918,0.2016,5.087463,-0.114842355
all,rl,0.19793,0.14114752,0.018409997,0.19793,5.087463,0.23829074
call4,rl,0.19613,0.096062355,0.038599998,0.19613,5.087463,0.3163347
mit,rl,0.18789,0.17525434,0.022169992,0.18789,5.087463,-0.112408414
all,call4,0.1677,0.16068278,0.077539995,0.1677,5.087463,-0.083768785
