X var,Y var,MIC (strength),MIC-p^2 (nonlinearity),MAS (non-monotonicity),MEV (functionality),MCN (complexity),Linear regression (p)
all,rl,0.59477,0.43015772,0.05565998,0.59477,4.70044,-0.4057244
call4,rl,0.57398,0.33776397,0.15479997,0.57398,4.70044,0.48602057
all,call4,0.51667,0.31058526,0.08571002,0.51667,4.70044,-0.45396554
mit,all,0.22777,0.2270754,0.036479995,0.22777,4.70044,-0.026355242
mit,rl,0.19549,0.1906054,0.051300004,0.19549,4.70044,0.06988987
mit,call4,0.18316,0.18259373,0.043629996,0.18316,4.70044,-0.023796624
