X var,Y var,MIC (strength),MIC-p^2 (nonlinearity),MAS (non-monotonicity),MEV (functionality),MCN (complexity),Linear regression (p)
call4,rl,0.28528,0.033947915,0.061699994,0.28528,4.70044,0.5013303
all,call4,0.25875,0.11361657,0.032040007,0.25875,4.70044,0.3809638
mit,call4,0.25079,0.12488903,0.008599997,0.25079,4.70044,0.35482526
mit,all,0.24634,-0.03179416,0.017419994,0.24634,4.70044,0.5273843
mit,rl,0.21968,0.19626832,0.044430003,0.21968,4.70044,0.15300873
all,rl,0.20363,0.12751718,0.023529999,0.20363,4.70044,0.27588552
