X var,Y var,MIC (strength),MIC-p^2 (nonlinearity),MAS (non-monotonicity),MEV (functionality),MCN (complexity),Linear regression (p)
mit,rl,0.26568,0.2640139,0.05195999,0.26568,4.807355,-0.04081803
call4,rl,0.2635,0.22490902,0.08739999,0.2635,4.807355,0.19644588
all,rl,0.25654,0.041625142,0.01794,0.25654,4.807355,0.4635891
all,call4,0.21668,0.19603975,0.05177,0.21668,4.807355,0.14366715
mit,call4,0.20111,0.19086482,0.044860005,0.20111,4.807355,-0.101218514
mit,all,0.18414,0.10342685,0.017230004,0.18414,4.807355,-0.2841006
