X var,Y var,MIC (strength),MIC-p^2 (nonlinearity),MAS (non-monotonicity),MEV (functionality),MCN (complexity),Linear regression (p)
call4,rl,0.25128,0.03391999,0.022629991,0.24483,5.321928,0.46621886
mit,all,0.18317,0.08942151,0.014179997,0.1764,5.321928,0.30618376
all,rl,0.18136,0.13778788,0.025880009,0.17284,5.321928,0.20873937
all,call4,0.1809,0.09899449,0.029259995,0.17423,5.321928,0.28619137
mit,rl,0.1787,0.15972415,0.021480002,0.17167,5.321928,0.13775285
mit,call4,0.17495,0.08561285,0.01032,0.16692,5.321928,0.2988932
