X var,Y var,MIC (strength),MIC-p^2 (nonlinearity),MAS (non-monotonicity),MEV (functionality),MCN (complexity),Linear regression (p)
call4,rl,0.30727,0.12179668,0.019120008,0.30727,5.0,0.43066612
mit,all,0.2187,0.16538778,0.049500003,0.2187,5.0,0.23089442
all,rl,0.20012,0.17614163,0.016640007,0.20012,5.0,0.1548495
all,call4,0.19396,-0.024659395,0.016560003,0.19396,5.0,0.46756753
mit,rl,0.19223,0.17620277,0.019869998,0.19223,5.0,0.12659866
mit,call4,0.17609,0.14390235,0.015520006,0.17609,5.0,0.17940919
