X var,Y var,MIC (strength),MIC-p^2 (nonlinearity),MAS (non-monotonicity),MEV (functionality),MCN (complexity),Linear regression (p)
all,call4,0.24276,0.20437522,0.023990005,0.24276,5.2479277,0.19592035
mit,call4,0.22392,0.20359302,0.022780001,0.22392,5.2479277,0.14257276
mit,rl,0.20539,0.2051738,0.060150012,0.20539,5.2479277,0.014703654
mit,all,0.2052,-0.10192408,0.015760005,0.2052,5.2479277,0.5541878
call4,rl,0.19697,0.16987011,0.034700006,0.19697,5.2479277,0.16462044
all,rl,0.18834,0.1672084,0.020829998,0.18834,5.2479277,0.1453671
