X var,Y var,MIC (strength),MIC-p^2 (nonlinearity),MAS (non-monotonicity),MEV (functionality),MCN (complexity),Linear regression (p)
all,rl,0.77469,0.10839862,0.033689976,0.76898,5.321928,0.8162667
call4,rl,0.50065,0.12083402,0.07136002,0.49661,5.321928,0.6162921
all,call4,0.40732,0.14497402,0.057909995,0.40335,5.321928,0.5121972
mit,rl,0.24972,0.17519909,0.037660003,0.24214,5.321928,0.2729852
mit,all,0.21667,0.20595057,0.015550002,0.20832,5.321928,0.10353469
mit,call4,0.18661,0.174299,0.04761,0.1797,5.321928,0.11095492
