X var,Y var,MIC (strength),MIC-p^2 (nonlinearity),MAS (non-monotonicity),MEV (functionality),MCN (complexity),Linear regression (p)
call4,rl,0.36159,0.0849556,0.029080003,0.36159,4.9068904,0.52596045
all,rl,0.22239,0.20567523,0.034329996,0.22239,4.9068904,0.1292856
mit,call4,0.20911,0.14540482,0.009049997,0.20911,4.9068904,0.25239888
mit,all,0.20368,0.14218989,0.042209998,0.20368,4.9068904,0.247972
mit,rl,0.19245,0.18167336,0.013290003,0.19245,4.9068904,0.103810616
all,call4,0.17865,0.11138853,0.029770002,0.17865,4.9068904,0.25934818
