X var,Y var,MIC (strength),MIC-p^2 (nonlinearity),MAS (non-monotonicity),MEV (functionality),MCN (complexity),Linear regression (p)
call4,rl,0.27809,-0.03358388,0.06259,0.27809,5.087463,0.5582776
all,call4,0.20958,0.04670672,0.017110001,0.20958,5.087463,0.40357563
mit,all,0.20638,0.040211737,0.046859995,0.20638,5.087463,0.40763742
all,rl,0.19252,0.080154374,0.027469993,0.19252,5.087463,0.33520982
mit,call4,0.17721,0.063125305,0.015950002,0.17721,5.087463,0.33776426
mit,rl,0.17404,0.1013669,0.015689999,0.17404,5.087463,0.2695795
