X var,Y var,MIC (strength),MIC-p^2 (nonlinearity),MAS (non-monotonicity),MEV (functionality),MCN (complexity),Linear regression (p)
call4,rl,0.32375,0.05651334,0.03137,0.32375,4.807355,0.51694936
mit,all,0.24457,0.22780123,0.046430007,0.24457,4.807355,0.1294943
all,rl,0.22372,0.19821462,0.043479994,0.22372,4.807355,0.15970404
all,call4,0.2237,0.19588393,0.056160003,0.2237,4.807355,0.16678153
mit,call4,0.19865,0.19416073,0.030589998,0.19865,4.807355,0.06700204
mit,rl,0.17189,0.16789086,0.01258,0.17189,4.807355,-0.06323876
