X var,Y var,MIC (strength),MIC-p^2 (nonlinearity),MAS (non-monotonicity),MEV (functionality),MCN (complexity),Linear regression (p)
call4,rl,0.22094,0.06847794,0.010729998,0.21483,5.321928,0.3904639
all,rl,0.20205,0.15979357,0.019720003,0.19382,5.321928,0.2055637
all,call4,0.17459,0.123715386,0.014420003,0.16739,5.321928,0.22555402
mit,all,0.16962,0.12955739,0.017349988,0.16244,5.321928,0.20015648
mit,rl,0.16198,0.14764893,0.009859998,0.15533,5.321928,0.11971244
mit,call4,0.15101,0.10344905,0.017019998,0.14414,5.321928,0.21808475
