X var,Y var,MIC (strength),MIC-p^2 (nonlinearity),MAS (non-monotonicity),MEV (functionality),MCN (complexity),Linear regression (p)
call4,rl,0.31226,0.08049604,0.04462999,0.31226,4.807355,0.4814187
mit,all,0.20243,0.18370739,0.044150002,0.20243,4.807355,0.1368306
all,rl,0.19729,0.1544719,0.04086,0.19729,4.807355,0.20692533
all,call4,0.18949,0.16164114,0.033010006,0.18949,4.807355,0.16687982
mit,rl,0.17674,0.17473598,0.013570003,0.17674,4.807355,-0.044766404
mit,call4,0.17329,0.1649215,0.031049997,0.17329,4.807355,0.09147947
