X var,Y var,MIC (strength),MIC-p^2 (nonlinearity),MAS (non-monotonicity),MEV (functionality),MCN (complexity),Linear regression (p)
all,rl,0.47263,0.03485614,0.037499994,0.47263,4.9068904,0.6616448
mit,rl,0.25413,0.2430928,0.03622,0.25413,4.9068904,-0.10505806
mit,all,0.21798,0.2171497,0.021360002,0.21798,4.9068904,-0.028814679
all,call4,0.21328,0.20895785,0.102230005,0.21328,4.9068904,-0.0657431
mit,call4,0.19611,0.16259333,0.072799996,0.19611,4.9068904,-0.18307556
call4,rl,0.17974,0.177685,0.07691,0.17974,4.9068904,0.045332108
