X var,Y var,MIC (strength),MIC-p^2 (nonlinearity),MAS (non-monotonicity),MEV (functionality),MCN (complexity),Linear regression (p)
call4,rl,0.24473,0.10644327,0.019560002,0.24473,5.087463,0.37186924
all,call4,0.2197,0.11583556,0.03194,0.2197,5.087463,0.32228005
mit,call4,0.18424,0.10136417,0.015869997,0.18424,5.087463,0.2878816
all,rl,0.18351,0.1745458,0.041020006,0.18351,5.087463,0.09467955
mit,all,0.18078,0.12084542,0.021860003,0.18078,5.087463,0.24481538
mit,rl,0.16165,0.16164927,0.045500003,0.16165,5.087463,8.523489E-4
