X var,Y var,MIC (strength),MIC-p^2 (nonlinearity),MAS (non-monotonicity),MEV (functionality),MCN (complexity),Linear regression (p)
call4,rl,0.24346,0.1436069,0.023770005,0.24346,5.2479277,0.31599542
all,call4,0.21735,0.11032157,0.028959997,0.21735,5.2479277,0.327152
mit,call4,0.20857,0.13441613,0.025240004,0.20857,5.2479277,0.27231207
all,rl,0.19962,0.13748512,0.025519997,0.19962,5.2479277,0.24926868
mit,all,0.19453,0.070750214,0.03592001,0.19453,5.2479277,0.3518235
mit,rl,0.16301,0.15624307,0.027020007,0.16301,5.2479277,0.082261354
