X var,Y var,MIC (strength),MIC-p^2 (nonlinearity),MAS (non-monotonicity),MEV (functionality),MCN (complexity),Linear regression (p)
call4,rl,0.30709,0.08986607,0.051809996,0.30709,4.70044,0.4660729
mit,all,0.26068,0.0011841357,0.025010005,0.26068,4.70044,0.50940734
all,rl,0.25763,0.19381297,0.022939995,0.25763,4.70044,0.2526203
all,call4,0.25578,0.113380134,0.031729996,0.25578,4.70044,0.3773591
mit,rl,0.23591,0.20354815,0.02775,0.23591,4.70044,0.17989399
mit,call4,0.22167,0.06732021,0.033269994,0.22167,4.70044,0.39287376
