X var,Y var,MIC (strength),MIC-p^2 (nonlinearity),MAS (non-monotonicity),MEV (functionality),MCN (complexity),Linear regression (p)
all,rl,0.56912,0.44511274,0.11304,0.56912,4.70044,-0.35214663
all,call4,0.515,0.35236323,0.09494999,0.515,4.70044,-0.4032825
call4,rl,0.46169,-0.07951951,0.07403001,0.46169,4.70044,0.73566943
mit,all,0.23533,0.19519828,0.05934999,0.23533,4.70044,-0.20032904
mit,call4,0.22403,0.2225449,0.06374,0.22403,4.70044,0.03853717
mit,rl,0.17368,0.17123677,0.040539995,0.17368,4.70044,0.049428973
