X var,Y var,MIC (strength),MIC-p^2 (nonlinearity),MAS (non-monotonicity),MEV (functionality),MCN (complexity),Linear regression (p)
call4,rl,0.49399,0.24775064,0.044369996,0.49399,4.807355,0.49622512
all,rl,0.35973,0.12044956,0.050530016,0.35973,4.807355,0.489163
mit,call4,0.26969,0.19926035,0.045590013,0.26969,4.807355,-0.26538584
mit,rl,0.26482,0.15720087,0.063400015,0.26482,4.807355,-0.32805356
all,call4,0.25759,0.23559523,0.10075,0.25759,4.807355,0.14830631
mit,all,0.21171,0.14406767,0.011880003,0.21171,4.807355,-0.26008138
