X var,Y var,MIC (strength),MIC-p^2 (nonlinearity),MAS (non-monotonicity),MEV (functionality),MCN (complexity),Linear regression (p)
all,rl,0.4574,-0.09143534,0.078449994,0.4574,5.087463,0.74083424
call4,rl,0.28163,-0.002104044,0.10733001,0.28163,5.087463,0.5326669
mit,rl,0.25316,0.0057162493,0.034160003,0.25316,5.087463,-0.49743718
mit,all,0.2329,0.072903395,0.019820005,0.2329,5.087463,-0.39999574
all,call4,0.22087,0.110118225,0.08431001,0.22087,5.087463,0.3327939
mit,call4,0.21082,0.16533734,0.07076001,0.21082,5.087463,-0.21326666
