X var,Y var,MIC (strength),MIC-p^2 (nonlinearity),MAS (non-monotonicity),MEV (functionality),MCN (complexity),Linear regression (p)
all,rl,0.53103,0.008222342,0.04565999,0.52694,5.0,0.7230544
mit,rl,0.49664,0.28165925,0.094199985,0.4905,5.0,-0.46366018
mit,all,0.38407,0.30178082,0.10945001,0.37466,5.0,-0.28686094
mit,call4,0.20763,0.20626804,0.17904,0.19614,5.0,-0.03690465
all,call4,0.19669,0.18837865,0.16132,0.18491,5.0,0.09116656
call4,rl,0.13732,0.13543834,0.11202,0.13028,5.0,0.043378137
