X var,Y var,MIC (strength),MIC-p^2 (nonlinearity),MAS (non-monotonicity),MEV (functionality),MCN (complexity),Linear regression (p)
all,rl,0.59297,0.4069889,0.14029002,0.59297,4.70044,-0.43125528
call4,rl,0.53565,0.23071668,0.05095002,0.53565,4.70044,0.5522077
all,call4,0.42183,0.22865722,0.06513001,0.42183,4.70044,-0.43951425
mit,rl,0.22878,0.21265279,0.06706999,0.22878,4.70044,0.12699296
mit,all,0.22285,0.20507902,0.065699995,0.22285,4.70044,-0.13330783
mit,call4,0.19452,0.1900042,0.04083,0.19452,4.70044,-0.06719972
