X var,Y var,MIC (strength),MIC-p^2 (nonlinearity),MAS (non-monotonicity),MEV (functionality),MCN (complexity),Linear regression (p)
call4,rl,0.32666,0.030660152,0.07180999,0.32666,4.70044,0.5440587
mit,all,0.25148,-0.06968528,0.03995,0.25148,4.70044,0.56671447
all,call4,0.24508,0.0827132,0.07071999,0.24508,4.70044,0.40294763
mit,call4,0.21554,0.07126123,0.029470004,0.21554,4.70044,0.37984046
all,rl,0.2009,0.12826088,0.03604,0.2009,4.70044,0.26951647
mit,rl,0.18383,0.15089853,0.019470003,0.18383,4.70044,0.18147029
