X var,Y var,MIC (strength),MIC-p^2 (nonlinearity),MAS (non-monotonicity),MEV (functionality),MCN (complexity),Linear regression (p)
call4,rl,0.28941,0.14925587,0.05400999,0.28941,4.807355,0.37437165
mit,all,0.24566,0.23377182,0.073850006,0.24566,4.807355,0.109032996
mit,rl,0.19014,0.18909569,0.043799996,0.19014,4.807355,-0.0323156
all,call4,0.18848,0.15101331,0.03609,0.18848,4.807355,0.19356315
all,rl,0.17543,0.083731584,0.02324,0.17543,4.807355,0.30281746
mit,call4,0.15613,0.13538465,0.015979998,0.15613,4.807355,0.1440325
