X var,Y var,MIC (strength),MIC-p^2 (nonlinearity),MAS (non-monotonicity),MEV (functionality),MCN (complexity),Linear regression (p)
call4,rl,0.3261,0.082454816,0.04851,0.3261,4.807355,0.49360427
mit,all,0.2657,0.2336309,0.092539996,0.2657,4.807355,0.17907853
all,rl,0.22074,0.18695752,0.03152,0.22074,4.807355,0.1838001
all,call4,0.21858,0.18678568,0.044089988,0.21858,4.807355,0.17830959
mit,rl,0.21514,0.21465021,0.05132,0.21514,4.807355,-0.022131013
mit,call4,0.2053,0.19272722,0.039340004,0.2053,4.807355,0.11212841
