X var,Y var,MIC (strength),MIC-p^2 (nonlinearity),MAS (non-monotonicity),MEV (functionality),MCN (complexity),Linear regression (p)
all,rl,0.51917,-0.3636518,0.052869976,0.51187,5.321928,0.939586
mit,rl,0.31292,0.20139606,0.051860005,0.30676,5.321928,0.333952
mit,all,0.2385,0.07341851,0.01997,0.23163,5.321928,0.4063022
mit,call4,0.18687,-0.05744429,0.114949994,0.17932,5.321928,0.4942816
all,call4,0.17289,-0.6866323,0.084929995,0.16502,5.321928,0.92710423
call4,rl,0.17081,-0.4149559,0.07412,0.16408,5.321928,0.76535344
