X var,Y var,MIC (strength),MIC-p^2 (nonlinearity),MAS (non-monotonicity),MEV (functionality),MCN (complexity),Linear regression (p)
call4,rl,0.30217,0.08006896,0.07094,0.30217,4.70044,0.471276
mit,all,0.2528,0.10716523,0.027340002,0.2528,4.70044,0.3816212
mit,call4,0.24208,0.14918187,0.030130006,0.24208,4.70044,0.30479196
all,rl,0.23127,0.19113551,0.063559994,0.23127,4.70044,0.20033593
all,call4,0.22866,0.11725623,0.025739998,0.22866,4.70044,0.33377203
mit,rl,0.19618,0.17915326,0.012419999,0.19618,4.70044,0.13048655
