X var,Y var,MIC (strength),MIC-p^2 (nonlinearity),MAS (non-monotonicity),MEV (functionality),MCN (complexity),Linear regression (p)
all,rl,0.29995,-0.58661604,0.012979999,0.29283,5.321928,0.94157636
mit,all,0.18256,0.14125125,0.018750004,0.17458,5.321928,0.20324552
mit,call4,0.16563,-0.05847095,0.04197,0.15888,5.321928,0.47339302
mit,rl,0.16488,0.11758232,0.017819997,0.15822,5.321928,0.21748027
all,call4,0.16425,-0.21938868,0.041550003,0.15596,5.321928,0.6193857
call4,rl,0.15656,-0.19788116,0.02809,0.14984,5.321928,0.5953496
