X var,Y var,MIC (strength),MIC-p^2 (nonlinearity),MAS (non-monotonicity),MEV (functionality),MCN (complexity),Linear regression (p)
call4,rl,0.24572,0.18769346,0.024540007,0.24572,5.087463,0.24088699
all,call4,0.19798,0.1421888,0.034649998,0.19798,5.087463,0.23620161
mit,rl,0.1854,0.17819427,0.03148,0.1854,5.087463,-0.08488653
mit,call4,0.18399,0.11811807,0.056690007,0.18399,5.087463,0.25665528
mit,all,0.18258,0.15903276,0.021129996,0.18258,5.087463,0.15345106
all,rl,0.17657,0.17588034,0.04592,0.17657,5.087463,0.026261343
