X var,Y var,MIC (strength),MIC-p^2 (nonlinearity),MAS (non-monotonicity),MEV (functionality),MCN (complexity),Linear regression (p)
all,call4,0.23979,0.218727,0.049109995,0.23979,5.2479277,0.14513099
mit,call4,0.22037,0.21419479,0.016779996,0.22037,5.2479277,0.07858249
call4,rl,0.21569,0.18666826,0.025509998,0.21569,5.2479277,0.17035767
mit,all,0.18922,-0.055162713,0.022250004,0.18922,5.2479277,0.4943508
all,rl,0.17239,0.15963504,0.015479997,0.17239,5.2479277,0.11293786
mit,rl,0.16451,0.16438995,0.013569996,0.16451,5.2479277,0.010956204
