X var,Y var,MIC (strength),MIC-p^2 (nonlinearity),MAS (non-monotonicity),MEV (functionality),MCN (complexity),Linear regression (p)
call4,rl,0.2579,0.0975845,0.026130006,0.24752,5.0,0.40039417
mit,call4,0.20612,0.1239966,0.024190001,0.19715,5.0,0.2865718
all,call4,0.19802,0.15123382,0.031309992,0.18795,5.0,0.2163011
all,rl,0.19704,0.17384757,0.029350013,0.18523,5.0,0.15229061
mit,all,0.19152,0.16035183,0.010260001,0.18122,5.0,0.17654513
mit,rl,0.18626,0.15982345,0.02245,0.17528,5.0,0.1625932
