X var,Y var,MIC (strength),MIC-p^2 (nonlinearity),MAS (non-monotonicity),MEV (functionality),MCN (complexity),Linear regression (p)
mit,all,0.23735,0.17617238,0.02741,0.23735,5.087463,0.2473411
all,rl,0.22003,0.06621505,0.03294,0.22003,5.087463,0.39219248
call4,rl,0.20431,0.17467223,0.09814,0.20431,5.087463,0.17215623
mit,rl,0.1878,0.16170725,0.016549997,0.1878,5.087463,-0.16153254
all,call4,0.18479,0.109210365,0.09051,0.18479,5.087463,0.2749175
mit,call4,0.17772,0.16791874,0.076069996,0.17772,5.087463,0.09900129
