X var,Y var,MIC (strength),MIC-p^2 (nonlinearity),MAS (non-monotonicity),MEV (functionality),MCN (complexity),Linear regression (p)
all,rl,0.61651,-0.021919847,0.036249995,0.61651,4.807355,0.799018
mit,all,0.35825,0.35770035,0.091379985,0.35825,4.807355,-0.023444474
mit,rl,0.28077,0.25138304,0.028830007,0.28077,4.807355,-0.17142628
mit,call4,0.18666,0.18626125,0.16806,0.18666,4.807355,-0.019969031
call4,rl,0.16054,0.15584984,0.13565,0.16054,4.807355,0.06848466
all,call4,0.15132,0.15032274,0.13206999,0.15132,4.807355,0.031579446
