X var,Y var,MIC (strength),MIC-p^2 (nonlinearity),MAS (non-monotonicity),MEV (functionality),MCN (complexity),Linear regression (p)
call4,rl,0.30344,0.04406646,0.029369995,0.30344,4.807355,0.5092873
mit,call4,0.25402,0.24978094,0.10575001,0.25402,4.807355,0.065108165
mit,all,0.23101,0.2196796,0.045049995,0.23101,4.807355,0.1064444
all,call4,0.18267,0.15100452,0.027199998,0.18267,4.807355,0.17794794
mit,rl,0.17824,0.17436133,0.029400006,0.17824,4.807355,-0.062278904
all,rl,0.17223,0.14781246,0.0067500025,0.17223,4.807355,0.15626115
