X var,Y var,MIC (strength),MIC-p^2 (nonlinearity),MAS (non-monotonicity),MEV (functionality),MCN (complexity),Linear regression (p)
call4,rl,0.47589,0.0702638,0.10930002,0.47589,4.70044,0.6368879
all,call4,0.45978,0.45928288,0.10595,0.45978,4.70044,-0.022296144
all,rl,0.4466,0.4229564,0.043229997,0.4466,4.70044,-0.15376465
mit,call4,0.26815,0.2678126,0.079160005,0.26815,4.70044,0.01836814
mit,all,0.20859,0.16098085,0.04568,0.20859,4.70044,-0.2181952
mit,rl,0.20431,0.20426242,0.04153,0.20431,4.70044,-0.006898227
