X var,Y var,MIC (strength),MIC-p^2 (nonlinearity),MAS (non-monotonicity),MEV (functionality),MCN (complexity),Linear regression (p)
call4,rl,0.35705,0.075216085,0.024130002,0.35705,4.9068904,0.53088033
mit,all,0.21331,0.13161165,0.027360007,0.21331,4.9068904,0.28582925
mit,rl,0.20637,0.1963343,0.026500002,0.20637,4.9068904,0.100178316
mit,call4,0.20144,0.1408638,0.029630005,0.20144,4.9068904,0.24612232
all,call4,0.19342,0.12958792,0.017649993,0.19342,4.9068904,0.2526501
all,rl,0.19326,0.18153735,0.016460001,0.19326,4.9068904,0.10827123
