X var,Y var,MIC (strength),MIC-p^2 (nonlinearity),MAS (non-monotonicity),MEV (functionality),MCN (complexity),Linear regression (p)
call4,rl,0.25891,0.25461975,0.020679995,0.25891,5.087463,0.06550007
all,rl,0.19337,0.1926542,0.045849994,0.19337,5.087463,-0.026754264
all,call4,0.1928,0.1435069,0.01196,0.1928,5.087463,0.22202049
mit,call4,0.16691,0.086180724,0.021080002,0.16691,5.087463,0.28412896
mit,all,0.16471,0.1407725,0.028380007,0.16471,5.087463,0.15471745
mit,rl,0.15868,0.15574606,0.012459997,0.15868,5.087463,-0.054165896
