X var,Y var,MIC (strength),MIC-p^2 (nonlinearity),MAS (non-monotonicity),MEV (functionality),MCN (complexity),Linear regression (p)
call4,rl,0.32887,-0.18470818,0.035060003,0.32887,4.807355,0.7166437
mit,all,0.22273,-0.12953018,0.03537,0.22273,4.807355,0.5935151
mit,rl,0.20045,-0.06414589,0.041810006,0.20045,4.807355,0.51438886
all,call4,0.19533,-0.075891525,0.02692999,0.19533,4.807355,0.5207893
all,rl,0.19139,-0.030585483,0.010689996,0.19139,4.807355,0.47114274
mit,call4,0.1842,-0.102750435,0.019420002,0.1842,4.807355,0.53567755
