X var,Y var,MIC (strength),MIC-p^2 (nonlinearity),MAS (non-monotonicity),MEV (functionality),MCN (complexity),Linear regression (p)
call4,rl,0.25819,-0.17751366,0.031190008,0.25819,5.0,0.6600785
mit,rl,0.21149,0.006682083,0.050019994,0.21149,5.0,0.4525571
mit,all,0.21025,-0.04874243,0.03057,0.21025,5.0,0.508913
all,rl,0.20962,-0.012417063,0.035569996,0.20962,5.0,0.4712081
all,call4,0.20913,-0.0494041,0.01636,0.20913,5.0,0.5084625
mit,call4,0.18558,-0.036807418,0.03259,0.18558,5.0,0.4715797
