X var,Y var,MIC (strength),MIC-p^2 (nonlinearity),MAS (non-monotonicity),MEV (functionality),MCN (complexity),Linear regression (p)
all,call4,0.20955,-0.11736494,0.011369988,0.20955,5.087463,0.57176477
call4,rl,0.20714,-0.20128751,0.01653999,0.20714,5.087463,0.6390833
mit,rl,0.18061,-0.07720801,0.01197,0.18061,5.087463,0.50775784
mit,call4,0.17546,-0.13129286,0.033409998,0.17546,5.087463,0.55385274
all,rl,0.16561,-0.08772178,0.0058100075,0.16561,5.087463,0.50332075
mit,all,0.16429,-0.1566195,0.0202,0.16429,5.087463,0.56648874
