X var,Y var,MIC (strength),MIC-p^2 (nonlinearity),MAS (non-monotonicity),MEV (functionality),MCN (complexity),Linear regression (p)
call4,rl,0.28478,0.07593517,0.045279995,0.27791,5.321928,0.45699543
mit,all,0.20188,0.10105253,0.043119997,0.19494,5.321928,0.3175334
mit,call4,0.19491,0.10483098,0.040280014,0.1888,5.321928,0.30013168
all,call4,0.19307,0.10983451,0.023109987,0.18502,5.321928,0.2885056
mit,rl,0.1575,0.13960345,0.0167,0.15141,5.321928,0.13377799
all,rl,0.15514,0.120299086,0.0119,0.14762,5.321928,0.1866572
