X var,Y var,MIC (strength),MIC-p^2 (nonlinearity),MAS (non-monotonicity),MEV (functionality),MCN (complexity),Linear regression (p)
call4,rl,0.2532,0.049568415,0.024509996,0.24614,5.321928,0.45125556
mit,all,0.17513,0.08114372,0.013559997,0.16847,5.321928,0.3065718
mit,call4,0.17262,0.08167783,0.01489,0.16624,5.321928,0.30156618
all,call4,0.16722,0.0859837,0.019600004,0.1604,5.321928,0.28501981
all,rl,0.16502,0.12670729,0.019810006,0.15802,5.321928,0.19573633
mit,rl,0.16016,0.14253765,0.03226,0.15333,5.321928,0.13274923
