X var,Y var,MIC (strength),MIC-p^2 (nonlinearity),MAS (non-monotonicity),MEV (functionality),MCN (complexity),Linear regression (p)
all,rl,0.41054,0.02779314,0.06601003,0.40583,5.0,0.6186654
mit,rl,0.31318,0.19568348,0.08682001,0.29776,5.0,-0.34277767
mit,all,0.26578,0.2506637,0.07211,0.25424,5.0,-0.12294844
mit,call4,0.158,0.15362236,0.14334,0.14984,5.0,0.06616374
all,call4,0.15666,0.15165128,0.14592001,0.14894,5.0,-0.07077241
call4,rl,0.09794,0.09106918,0.085719995,0.09591,5.0,-0.082890406
