X var,Y var,MIC (strength),MIC-p^2 (nonlinearity),MAS (non-monotonicity),MEV (functionality),MCN (complexity),Linear regression (p)
call4,rl,0.35206,0.073623,0.103339985,0.35206,4.807355,0.5276713
mit,all,0.22099,0.15703097,0.028700002,0.22099,4.807355,0.25290123
mit,call4,0.19846,0.16906907,0.04066,0.19846,4.807355,0.17143784
all,call4,0.18799,0.14238846,0.011609994,0.18799,4.807355,0.21354517
all,rl,0.18464,0.16453627,0.03367,0.18464,4.807355,0.14178765
mit,rl,0.17877,0.17696114,0.033120006,0.17877,4.807355,0.04253083
