X var,Y var,MIC (strength),MIC-p^2 (nonlinearity),MAS (non-monotonicity),MEV (functionality),MCN (complexity),Linear regression (p)
all,rl,0.28586,0.058910802,0.021310002,0.27753,5.0,0.47639185
mit,all,0.21085,0.17709866,0.017869994,0.20121,5.0,0.18371537
mit,call4,0.20949,0.1944977,0.122430004,0.20326,5.0,0.12244304
mit,rl,0.19479,0.18421835,0.026110008,0.18524,5.0,-0.102818556
all,call4,0.17446,0.1744575,0.11356999,0.16461,5.0,-0.0015784042
call4,rl,0.15176,0.15144853,0.09642,0.1441,5.0,-0.017648388
