X var,Y var,MIC (strength),MIC-p^2 (nonlinearity),MAS (non-monotonicity),MEV (functionality),MCN (complexity),Linear regression (p)
call4,rl,0.23662,-0.13888244,0.013849989,0.22966,5.321928,0.61278254
mit,rl,0.18734,0.07589038,0.028529994,0.17976,5.321928,0.33384073
mit,all,0.18054,-0.12141916,0.028389998,0.17316,5.321928,0.5495081
all,rl,0.17094,-0.17180215,0.01464,0.16406,5.321928,0.5854418
mit,call4,0.16934,-0.14156495,0.022379994,0.16326,5.321928,0.5575885
all,call4,0.16638,-0.7673087,0.010209996,0.16038,5.321928,0.9662757
