X var,Y var,MIC (strength),MIC-p^2 (nonlinearity),MAS (non-monotonicity),MEV (functionality),MCN (complexity),Linear regression (p)
call4,rl,0.30793,0.053386807,0.10933,0.30793,4.70044,0.50452274
all,call4,0.26181,0.09967098,0.03299001,0.26181,4.70044,0.4026649
mit,all,0.25727,-0.002453059,0.066269994,0.25727,4.70044,0.5096303
mit,call4,0.22959,0.11298291,0.03389,0.22959,4.70044,0.3414778
all,rl,0.21343,0.09651463,0.032739997,0.21343,4.70044,0.3419289
mit,rl,0.18582,0.15843882,0.026299998,0.18582,4.70044,0.16547258
