X var,Y var,MIC (strength),MIC-p^2 (nonlinearity),MAS (non-monotonicity),MEV (functionality),MCN (complexity),Linear regression (p)
call4,rl,0.35459,0.037268728,0.030709997,0.35459,4.807355,0.56331277
mit,all,0.23187,0.17794691,0.06133999,0.23187,4.807355,0.23221344
mit,call4,0.20724,0.18861778,0.043980002,0.20724,4.807355,0.13646327
all,call4,0.19255,0.15056974,0.022880003,0.19255,4.807355,0.20489088
all,rl,0.17236,0.14653325,0.018650003,0.17236,4.807355,0.16070706
mit,rl,0.15742,0.15635628,0.030149996,0.15742,4.807355,0.0326147
