X var,Y var,MIC (strength),MIC-p^2 (nonlinearity),MAS (non-monotonicity),MEV (functionality),MCN (complexity),Linear regression (p)
all,rl,0.41461,-0.21021631,0.04993999,0.41461,5.087463,0.7904596
mit,rl,0.22721,0.034141913,0.035349995,0.22721,5.087463,-0.43939513
call4,rl,0.20901,-0.083550215,0.05663,0.20901,5.087463,0.54088837
mit,all,0.20892,0.08570004,0.048929997,0.20892,5.087463,-0.351027
all,call4,0.20124,0.07563718,0.10405,0.20124,5.087463,0.3544049
mit,call4,0.19426,0.1310388,0.09027,0.19426,5.087463,-0.25143826
