X var,Y var,MIC (strength),MIC-p^2 (nonlinearity),MAS (non-monotonicity),MEV (functionality),MCN (complexity),Linear regression (p)
all,rl,0.41356,0.012453496,0.020339996,0.41356,5.2479277,0.6333297
mit,rl,0.29798,0.12949908,0.042669997,0.29798,5.2479277,-0.4104643
mit,all,0.17533,0.1276869,0.03192,0.17533,5.2479277,-0.21827298
mit,call4,0.16393,0.13649522,0.04568,0.16393,5.2479277,-0.16563447
all,call4,0.16015,0.13010289,0.04382001,0.16015,5.2479277,0.17334107
call4,rl,0.1569,0.12712374,0.068830006,0.1569,5.2479277,0.17255798
