X var,Y var,MIC (strength),MIC-p^2 (nonlinearity),MAS (non-monotonicity),MEV (functionality),MCN (complexity),Linear regression (p)
mit,call4,0.2348,0.22038351,0.048549995,0.2348,5.2479277,0.12006866
all,call4,0.2288,0.18834826,0.039419994,0.2288,5.2479277,0.20112619
call4,rl,0.22726,0.18169443,0.02477999,0.22726,5.2479277,0.2134609
mit,all,0.18396,-0.021795705,0.026590005,0.18396,5.2479277,0.45360303
mit,rl,0.17203,0.1716537,0.02307,0.17203,5.2479277,0.01939837
all,rl,0.1655,0.14099115,0.01675,0.1655,5.2479277,0.156553
