X var,Y var,MIC (strength),MIC-p^2 (nonlinearity),MAS (non-monotonicity),MEV (functionality),MCN (complexity),Linear regression (p)
mit,all,0.13825,0.12253542,0.024749994,0.13825,4.807355,0.12535776
mit,call4,0.13652,0.10045997,0.066599995,0.13652,4.807355,0.18989478
call4,rl,0.12425,-0.022541024,0.039300002,0.12425,4.807355,0.38313317
mit,rl,0.09888,0.098779015,0.02437,0.09888,4.807355,0.010049272
all,call4,0.09393,0.056584246,0.040269997,0.09393,4.807355,0.19325049
all,rl,0.09354,0.022599012,0.035030004,0.09354,4.807355,0.2663475
