X var,Y var,MIC (strength),MIC-p^2 (nonlinearity),MAS (non-monotonicity),MEV (functionality),MCN (complexity),Linear regression (p)
call4,rl,0.2639,0.07595743,0.020100012,0.2639,5.087463,0.43352345
mit,all,0.2205,0.13540372,0.011030003,0.2205,5.087463,0.29171267
mit,call4,0.20588,0.1646514,0.044249997,0.20588,5.087463,0.20304827
all,call4,0.18513,0.12173797,0.012990002,0.18513,5.087463,0.25177774
mit,rl,0.1818,0.17879334,0.012540001,0.1818,5.087463,0.054832913
all,rl,0.18055,0.14662156,0.009300001,0.18055,5.087463,0.18419674
