X var,Y var,MIC (strength),MIC-p^2 (nonlinearity),MAS (non-monotonicity),MEV (functionality),MCN (complexity),Linear regression (p)
call4,rl,0.42714,0.3368919,0.09448999,0.42714,4.70044,0.30041322
all,call4,0.34383,0.34156194,0.052969992,0.34383,4.70044,-0.047624093
all,rl,0.27922,0.27822918,0.08305001,0.27922,4.5849624,0.031477362
mit,call4,0.23999,0.2326711,0.0676,0.23999,4.70044,-0.085550584
mit,rl,0.23281,0.23260278,0.04507999,0.23281,4.70044,-0.014395556
mit,all,0.22958,0.2280908,0.03361001,0.22958,4.70044,0.038590256
