X var,Y var,MIC (strength),MIC-p^2 (nonlinearity),MAS (non-monotonicity),MEV (functionality),MCN (complexity),Linear regression (p)
call4,rl,0.2843,-0.072966516,0.023330003,0.2843,4.807355,0.59771776
mit,all,0.21901,0.0082155615,0.047099993,0.21901,4.807355,0.45912355
all,call4,0.21869,0.06915322,0.035469994,0.21869,4.807355,0.38669986
mit,call4,0.19297,0.054766968,0.025030002,0.19297,4.807355,0.37175667
all,rl,0.18655,0.0883391,0.019610003,0.18655,4.807355,0.3133862
mit,rl,0.17004,0.061741576,0.02003,0.17004,4.807355,0.32908726
