X var,Y var,MIC (strength),MIC-p^2 (nonlinearity),MAS (non-monotonicity),MEV (functionality),MCN (complexity),Linear regression (p)
call4,rl,0.32959,-0.011266559,0.029650003,0.32959,4.9068904,0.5838292
all,rl,0.25525,0.22671536,0.066180006,0.25525,4.9068904,0.16892202
mit,call4,0.21567,0.13591787,0.035329998,0.21567,4.9068904,0.2824042
mit,all,0.19814,0.13498902,0.012539998,0.19814,4.9068904,0.25129858
all,call4,0.19521,0.13059406,0.0211,0.19521,4.9068904,0.25419664
mit,rl,0.18998,0.15074988,0.015800003,0.18998,4.9068904,0.19806597
