X var,Y var,MIC (strength),MIC-p^2 (nonlinearity),MAS (non-monotonicity),MEV (functionality),MCN (complexity),Linear regression (p)
all,rl,0.29422,0.048958555,0.044819996,0.29422,5.087463,0.49523878
mit,rl,0.25334,0.13767472,0.034370005,0.25334,5.087463,-0.340096
call4,rl,0.21321,0.21091664,0.16217,0.21321,5.087463,0.04788905
mit,all,0.19518,0.15452327,0.01912,0.19518,5.087463,-0.20163515
mit,call4,0.17284,0.1711073,0.13062,0.17284,5.087463,0.04162557
all,call4,0.15762,0.15715355,0.12433,0.15762,5.087463,0.021597603
