X var,Y var,MIC (strength),MIC-p^2 (nonlinearity),MAS (non-monotonicity),MEV (functionality),MCN (complexity),Linear regression (p)
call4,rl,0.29109,0.04418446,0.022070006,0.29109,5.0,0.4968959
mit,all,0.22974,0.14937729,0.036670007,0.22974,5.0,0.28348318
mit,rl,0.22553,0.20998836,0.04552999,0.22553,5.0,0.12466614
all,call4,0.20765,0.012046188,0.029209998,0.20765,5.0,0.4422712
all,rl,0.20066,0.16514409,0.035160005,0.20066,5.0,0.18845665
mit,call4,0.1961,0.14541666,0.034999996,0.1961,5.0,0.2251296
