X var,Y var,MIC (strength),MIC-p^2 (nonlinearity),MAS (non-monotonicity),MEV (functionality),MCN (complexity),Linear regression (p)
all,rl,0.42263,-0.14796865,0.052349985,0.42263,4.9068904,0.7553798
mit,rl,0.34252,0.25214794,0.04967001,0.34252,4.9068904,-0.30061945
mit,call4,0.29538,0.26951694,0.09086999,0.29538,4.9068904,-0.16081995
mit,all,0.29059,0.28826356,0.12193,0.29059,4.9068904,-0.04823299
call4,rl,0.20236,0.19529282,0.05184999,0.20236,4.9068904,0.08406658
all,call4,0.183,0.182987,0.08292,0.183,4.9068904,-0.0036042042
