X var,Y var,MIC (strength),MIC-p^2 (nonlinearity),MAS (non-monotonicity),MEV (functionality),MCN (complexity),Linear regression (p)
all,rl,0.51829,-0.14614177,0.051099986,0.51118,5.321928,0.81512684
call4,rl,0.34796,0.21049939,0.088640004,0.33961,5.321928,0.3707568
mit,rl,0.3362,0.15969032,0.010000005,0.32919,5.321928,-0.42013055
all,call4,0.2625,0.21709317,0.040889993,0.2553,5.321928,0.21308875
mit,call4,0.20635,0.18002702,0.011460006,0.19823,5.321928,-0.16224356
mit,all,0.19344,0.15219837,0.020400003,0.18641,5.321928,-0.20308036
