X var,Y var,MIC (strength),MIC-p^2 (nonlinearity),MAS (non-monotonicity),MEV (functionality),MCN (complexity),Linear regression (p)
all,rl,0.70646,0.67545485,0.16089001,0.70646,4.70044,0.17608273
call4,rl,0.57489,-0.28485352,0.045900017,0.57489,4.70044,0.92722356
all,call4,0.53036,0.53020465,0.13371001,0.53036,4.70044,0.012463641
mit,rl,0.37485,-0.20597252,0.05768001,0.37485,4.70044,0.76211715
mit,call4,0.34286,-0.12563378,0.079980016,0.34286,4.70044,0.68446606
mit,all,0.32213,0.2340955,0.08214,0.32213,4.70044,0.29670608
