X var,Y var,MIC (strength),MIC-p^2 (nonlinearity),MAS (non-monotonicity),MEV (functionality),MCN (complexity),Linear regression (p)
call4,rl,0.24593,0.19476497,0.020339996,0.24593,5.087463,0.22619687
all,call4,0.19123,0.1330458,0.042329997,0.19123,5.087463,0.24121404
mit,call4,0.18764,0.12045702,0.021990001,0.18764,5.087463,0.2591968
mit,rl,0.18668,0.18082774,0.012639999,0.18668,5.087463,-0.07650009
mit,all,0.17748,0.15216778,0.019439995,0.17748,5.087463,0.15909815
all,rl,0.16263,0.16208372,0.016049996,0.16263,5.087463,0.023372738
