X var,Y var,MIC (strength),MIC-p^2 (nonlinearity),MAS (non-monotonicity),MEV (functionality),MCN (complexity),Linear regression (p)
call4,rl,0.2789,0.14742956,0.05775,0.26829,5.0,0.36258852
mit,call4,0.23879,0.11643099,0.059100002,0.22993,5.0,0.34979853
all,call4,0.22125,0.1603325,0.037019998,0.21023,5.0,0.24681471
mit,all,0.21096,0.15409546,0.024910003,0.20193,5.0,0.23846288
all,rl,0.21004,0.1709147,0.01292,0.20059,5.0,0.19780117
mit,rl,0.19227,0.15943998,0.028599992,0.18057,5.0,0.18119055
