X var,Y var,MIC (strength),MIC-p^2 (nonlinearity),MAS (non-monotonicity),MEV (functionality),MCN (complexity),Linear regression (p)
call4,rl,0.2039,0.023837402,0.017059997,0.19658,5.321928,0.42433783
mit,rl,0.17422,0.1517197,0.010790002,0.16732,5.321928,0.15000096
mit,call4,0.17036,0.09251157,0.01059,0.16252,5.321928,0.2790133
all,call4,0.16947,-0.048532054,0.009919997,0.16309,5.321928,0.4669069
all,rl,0.16635,0.07104087,0.020259991,0.1605,5.321928,0.30872178
mit,all,0.14811,0.06959507,0.007929996,0.14175,5.321928,0.28020516
