X var,Y var,MIC (strength),MIC-p^2 (nonlinearity),MAS (non-monotonicity),MEV (functionality),MCN (complexity),Linear regression (p)
all,call4,0.38204,0.3745654,0.08448999,0.38204,4.70044,0.0864558
all,rl,0.35199,0.3442755,0.057890028,0.35199,4.70044,-0.0878323
call4,rl,0.262,-0.3391833,0.05539,0.262,4.70044,0.7753601
mit,all,0.25451,0.25375646,0.05163999,0.25451,4.70044,0.027450588
mit,call4,0.19518,0.18839967,0.024949998,0.19518,4.70044,0.082342744
mit,rl,0.1836,0.17863366,0.023529992,0.1836,4.70044,0.07047221
