X var,Y var,MIC (strength),MIC-p^2 (nonlinearity),MAS (non-monotonicity),MEV (functionality),MCN (complexity),Linear regression (p)
call4,rl,0.26373,0.11360812,0.025599994,0.25328,5.0,0.38745564
all,call4,0.23342,0.15882981,0.034709997,0.22203,5.0,0.27311203
mit,call4,0.2199,0.09100641,0.043530002,0.20772,5.0,0.35901752
all,rl,0.20515,0.167011,0.028829992,0.19344,5.0,0.1952921
mit,all,0.18526,0.11602396,0.021449998,0.17723,5.0,0.26312742
mit,rl,0.17245,0.13818175,0.019510001,0.16346,5.0,0.1851169
