X var,Y var,MIC (strength),MIC-p^2 (nonlinearity),MAS (non-monotonicity),MEV (functionality),MCN (complexity),Linear regression (p)
call4,rl,0.25294,0.16762593,0.017059997,0.25294,5.087463,0.2920857
mit,call4,0.16363,0.08544236,0.013769999,0.16363,5.087463,0.27962053
all,call4,0.15993,0.08238277,0.010880008,0.15993,5.087463,0.27847305
mit,all,0.15747,0.11919743,0.014660001,0.15747,5.087463,0.19563377
mit,rl,0.15058,0.14715318,0.024950005,0.15058,5.087463,-0.058538985
all,rl,0.15043,0.14885943,0.019329995,0.15043,5.087463,0.039630372
