X var,Y var,MIC (strength),MIC-p^2 (nonlinearity),MAS (non-monotonicity),MEV (functionality),MCN (complexity),Linear regression (p)
call4,rl,0.29277,0.053789705,0.031109989,0.29277,5.087463,0.4888561
all,call4,0.21986,0.13122383,0.025399998,0.21986,5.087463,0.2977183
mit,all,0.21676,0.10557973,0.05444999,0.21676,5.087463,0.33343706
all,rl,0.19304,0.14017779,0.012189999,0.19304,5.087463,0.22991784
mit,call4,0.18414,0.14085037,0.012620002,0.18414,5.087463,0.20806159
mit,rl,0.16577,0.14959922,0.013059989,0.16577,5.087463,0.12716436
