X var,Y var,MIC (strength),MIC-p^2 (nonlinearity),MAS (non-monotonicity),MEV (functionality),MCN (complexity),Linear regression (p)
call4,rl,0.24625,0.09944449,0.009130001,0.24625,5.087463,0.38315207
all,call4,0.18463,0.10118102,0.026189998,0.18463,5.087463,0.28887537
mit,call4,0.18445,0.1221295,0.035520002,0.18445,5.087463,0.24964075
mit,all,0.18068,0.14531739,0.020720005,0.18068,5.087463,0.1880495
all,rl,0.1731,0.16107611,0.022909999,0.1731,5.087463,0.10965349
mit,rl,0.15002,0.14881107,0.011089999,0.15002,5.087463,-0.034769654
