X var,Y var,MIC (strength),MIC-p^2 (nonlinearity),MAS (non-monotonicity),MEV (functionality),MCN (complexity),Linear regression (p)
mit,all,0.26364,0.022672594,0.03639,0.26364,4.70044,0.4908843
call4,rl,0.20631,0.008910403,0.025540002,0.20631,4.70044,0.44429675
all,rl,0.19907,0.0029376,0.05133,0.19907,4.70044,0.44286838
mit,call4,0.19537,0.11407055,0.048460007,0.19537,4.70044,0.2851306
mit,rl,0.19091,0.105301514,0.02646999,0.19091,4.70044,0.29258928
all,call4,0.18438,-0.018262848,0.02059,0.18438,4.70044,0.4501587
