X var,Y var,MIC (strength),MIC-p^2 (nonlinearity),MAS (non-monotonicity),MEV (functionality),MCN (complexity),Linear regression (p)
call4,rl,0.33466,0.113212705,0.07514,0.33466,5.0,0.47058186
all,rl,0.22309,0.18715088,0.04044999,0.22309,5.0,0.18957613
mit,call4,0.20099,0.17526837,0.0537,0.20099,5.0,0.16037966
all,call4,0.19587,0.043203235,0.02595,0.19587,5.0,0.39072594
mit,all,0.18371,0.125743,0.023700006,0.18371,5.0,0.24076335
mit,rl,0.18128,0.15794691,0.009270005,0.18128,5.0,0.15275171
