X var,Y var,MIC (strength),MIC-p^2 (nonlinearity),MAS (non-monotonicity),MEV (functionality),MCN (complexity),Linear regression (p)
call4,rl,0.25506,0.08400975,0.030129984,0.24756,5.321928,0.4135822
all,call4,0.19515,0.1408851,0.018399999,0.18585,5.321928,0.23294827
mit,rl,0.178,0.1618489,0.013420001,0.17142,5.321928,0.12708695
mit,all,0.16543,0.11949402,0.017020002,0.15923,5.321928,0.2143268
mit,call4,0.16221,0.106349126,0.015929997,0.15657,5.321928,0.23634905
all,rl,0.16096,0.11545372,0.013920002,0.15487,5.321928,0.21332201
