X var,Y var,MIC (strength),MIC-p^2 (nonlinearity),MAS (non-monotonicity),MEV (functionality),MCN (complexity),Linear regression (p)
call4,rl,0.28147,0.010706335,0.035150006,0.28147,4.70044,0.52034956
mit,all,0.263,-0.01778707,0.040670007,0.263,4.70044,0.52989346
mit,call4,0.24517,0.12283784,0.018430002,0.24517,4.70044,0.34976014
all,call4,0.23413,0.08255161,0.025190003,0.23413,4.70044,0.3893307
all,rl,0.20217,0.12630928,0.050919995,0.20217,4.70044,0.27542824
mit,rl,0.18216,0.15614435,0.021880008,0.18216,4.70044,0.1612937
