X var,Y var,MIC (strength),MIC-p^2 (nonlinearity),MAS (non-monotonicity),MEV (functionality),MCN (complexity),Linear regression (p)
all,call4,0.2182,0.17815712,0.038469993,0.2182,5.2479277,0.20010719
mit,all,0.19428,0.05420719,0.034730002,0.19428,5.2479277,0.37426302
call4,rl,0.19416,0.14274718,0.0060199946,0.19416,5.2479277,0.22674395
mit,call4,0.18549,0.17329553,0.015100002,0.18549,5.2479277,0.11042857
all,rl,0.17347,0.14178324,0.0057799965,0.17347,5.2479277,0.1780078
mit,rl,0.16309,0.16251706,0.03463,0.16309,5.2479277,0.02393634
