X var,Y var,MIC (strength),MIC-p^2 (nonlinearity),MAS (non-monotonicity),MEV (functionality),MCN (complexity),Linear regression (p)
all,call4,0.2325,0.13787413,0.023510002,0.2325,5.2479277,0.3076132
all,rl,0.19612,0.1326747,0.025400005,0.19612,5.2479277,0.2518835
mit,call4,0.19111,0.16198693,0.026030004,0.19111,5.2479277,0.17065483
mit,all,0.17729,0.099664055,0.01354,0.17729,5.2479277,0.2786143
call4,rl,0.17335,0.12555373,0.00948,0.17335,5.2479277,0.2186236
mit,rl,0.17297,0.16173692,0.008200001,0.17297,5.2479277,0.10598618
