X var,Y var,MIC (strength),MIC-p^2 (nonlinearity),MAS (non-monotonicity),MEV (functionality),MCN (complexity),Linear regression (p)
mit,all,0.34081,0.117346674,0.09161,0.34081,4.70044,0.47271907
all,rl,0.22875,0.07703602,0.03786,0.22875,4.70044,0.3895048
call4,rl,0.21584,0.07998027,0.02437,0.21584,4.70044,0.36859155
mit,rl,0.21025,0.17414531,0.023029998,0.21025,4.70044,0.19001235
all,call4,0.20991,0.026391253,0.033470005,0.20991,4.70044,0.4283909
mit,call4,0.19847,0.13507667,0.042729996,0.19847,4.70044,0.2517803
