X var,Y var,MIC (strength),MIC-p^2 (nonlinearity),MAS (non-monotonicity),MEV (functionality),MCN (complexity),Linear regression (p)
all,rl,0.54293,0.40865624,0.051210016,0.54293,4.70044,-0.36643386
all,call4,0.48389,0.25011835,0.042219996,0.48389,4.70044,-0.48349938
call4,rl,0.41756,0.27729896,0.06557,0.41756,4.70044,0.37451443
mit,all,0.2643,0.21808,0.072689995,0.2643,4.70044,-0.21498834
mit,call4,0.2415,0.24107894,0.070329994,0.2415,4.70044,-0.020519631
mit,rl,0.22123,0.16489479,0.014839992,0.22123,4.70044,0.2373504
