X var,Y var,MIC (strength),MIC-p^2 (nonlinearity),MAS (non-monotonicity),MEV (functionality),MCN (complexity),Linear regression (p)
call4,rl,0.3141,0.12141217,0.029650003,0.3141,5.0,0.43896222
all,call4,0.21253,-0.03548257,0.037469998,0.21253,5.0,0.4980086
mit,all,0.20541,0.14522283,0.024240002,0.20541,5.0,0.24533075
mit,rl,0.1931,0.18449068,0.024979997,0.1931,5.0,0.09278646
mit,call4,0.19147,0.13029528,0.018359996,0.19147,5.0,0.24733523
all,rl,0.18548,0.16172042,0.014949992,0.18548,5.0,0.15414138
