X var,Y var,MIC (strength),MIC-p^2 (nonlinearity),MAS (non-monotonicity),MEV (functionality),MCN (complexity),Linear regression (p)
call4,rl,0.36891,0.08613679,0.036300004,0.36891,4.9068904,0.53176427
mit,call4,0.23162,0.17142606,0.029990003,0.23162,4.9068904,0.24534455
mit,rl,0.22257,0.21068335,0.03792,0.22257,4.9068904,0.10902598
mit,all,0.2045,0.13755229,0.027229995,0.2045,4.9068904,0.25874257
all,call4,0.20028,0.14078178,0.057919994,0.20028,4.9068904,0.24392258
all,rl,0.18354,0.17033407,0.04935,0.18354,4.9068904,0.11491708
