X var,Y var,MIC (strength),MIC-p^2 (nonlinearity),MAS (non-monotonicity),MEV (functionality),MCN (complexity),Linear regression (p)
call4,rl,0.26197,0.051017076,0.019730002,0.26197,5.087463,0.45929614
all,call4,0.19578,0.11097804,0.013400003,0.19578,5.087463,0.29120776
mit,all,0.19269,0.11709722,0.020569995,0.19269,5.087463,0.2749414
all,rl,0.17661,0.12467827,0.013599999,0.17661,5.087463,0.22788534
mit,rl,0.17655,0.15829766,0.029090002,0.17655,5.087463,0.13510123
mit,call4,0.17524,0.11712445,0.004479997,0.17524,5.087463,0.24107166
