X var,Y var,MIC (strength),MIC-p^2 (nonlinearity),MAS (non-monotonicity),MEV (functionality),MCN (complexity),Linear regression (p)
mit,call4,0.23641,0.16055223,0.043730006,0.22606,5.0,0.2754229
call4,rl,0.22718,0.07332462,0.010180004,0.21797,5.0,0.39224404
mit,rl,0.19757,0.17084393,0.010749996,0.18583,5.0,0.16348112
mit,all,0.19648,0.16619852,0.034920007,0.18742,5.0,0.17401578
all,call4,0.19634,0.15086393,0.02268,0.18641,5.0,0.21325119
all,rl,0.18516,0.16185889,0.010619998,0.17595,5.0,0.152647
