X var,Y var,MIC (strength),MIC-p^2 (nonlinearity),MAS (non-monotonicity),MEV (functionality),MCN (complexity),Linear regression (p)
call4,rl,0.32142,0.08644964,0.03264001,0.32142,5.0,0.48473743
mit,all,0.24001,0.16693814,0.057579994,0.24001,5.0,0.27031806
all,call4,0.22355,0.01707606,0.03835,0.22355,5.0,0.45439404
mit,rl,0.19925,0.18345273,0.031389996,0.19925,5.0,0.12568718
mit,call4,0.19919,0.14560556,0.01331,0.19919,5.0,0.23148313
all,rl,0.19843,0.16786298,0.01753001,0.19843,5.0,0.17483428
