X var,Y var,MIC (strength),MIC-p^2 (nonlinearity),MAS (non-monotonicity),MEV (functionality),MCN (complexity),Linear regression (p)
all,rl,0.60642,0.014214754,0.041530013,0.60642,4.9068904,0.7695487
mit,rl,0.47004,0.42877537,0.15471,0.47004,4.9068904,-0.20313697
mit,all,0.40891,0.39983702,0.17456001,0.40891,4.9068904,0.095252216
mit,call4,0.2569,0.18685396,0.15943001,0.2569,4.9068904,-0.26466215
call4,rl,0.20789,0.20617549,0.161,0.20789,4.9068904,0.041406695
all,call4,0.1757,0.16090278,0.12822999,0.1757,4.9068904,-0.1216438
