X var,Y var,MIC (strength),MIC-p^2 (nonlinearity),MAS (non-monotonicity),MEV (functionality),MCN (complexity),Linear regression (p)
call4,rl,0.22164,-0.16946436,0.016719997,0.22164,5.087463,0.6253834
mit,all,0.19907,-0.109775364,0.04527001,0.19907,5.087463,0.55573857
mit,call4,0.18541,-0.07305622,0.022369996,0.18541,5.087463,0.50839573
all,call4,0.17405,-0.16411912,0.026519999,0.17405,5.087463,0.5815231
all,rl,0.16539,-0.06175968,0.014990002,0.16539,5.087463,0.47660223
mit,rl,0.16262,-0.023581654,0.0075000003,0.16262,5.087463,0.4315109
