X var,Y var,MIC (strength),MIC-p^2 (nonlinearity),MAS (non-monotonicity),MEV (functionality),MCN (complexity),Linear regression (p)
call4,rl,0.36118,0.08466518,0.050249994,0.36118,4.9068904,0.5258468
mit,call4,0.229,0.16823018,0.007459998,0.229,4.9068904,0.24651536
mit,rl,0.22722,0.21779379,0.046320006,0.22722,4.9068904,0.09708863
mit,all,0.21484,0.11993588,0.026149988,0.21484,4.9068904,0.30806512
all,call4,0.19549,0.13042733,0.01444,0.19549,4.9068904,0.25507388
all,rl,0.19322,0.18457712,0.015549995,0.19322,4.9068904,0.09296707
