X var,Y var,MIC (strength),MIC-p^2 (nonlinearity),MAS (non-monotonicity),MEV (functionality),MCN (complexity),Linear regression (p)
call4,rl,0.3345,0.0019917488,0.041729987,0.3345,4.9068904,0.5766353
all,rl,0.19753,0.16880856,0.035510004,0.19753,4.9068904,0.16947399
all,call4,0.1959,0.1376994,0.012280002,0.1959,4.9068904,0.24124798
mit,call4,0.183,0.11161658,0.025110006,0.183,4.9068904,0.26717675
mit,all,0.17125,0.10919162,0.02276,0.17125,4.9068904,0.2491152
mit,rl,0.16931,0.13903444,0.010700002,0.16931,4.9068904,0.17399876
