X var,Y var,MIC (strength),MIC-p^2 (nonlinearity),MAS (non-monotonicity),MEV (functionality),MCN (complexity),Linear regression (p)
call4,rl,0.27041,0.03088288,0.036229998,0.27041,5.0,0.48941508
all,rl,0.22746,0.17115034,0.030450001,0.22746,5.0,0.23729657
all,call4,0.21007,0.11998838,0.022549994,0.21007,5.0,0.300136
mit,call4,0.18007,0.15696605,0.0282,0.18007,5.0,0.15199986
mit,all,0.17388,0.12184664,0.016509995,0.17388,5.0,0.22810821
mit,rl,0.16935,0.13579214,0.011820003,0.16935,5.0,0.18318807
