X var,Y var,MIC (strength),MIC-p^2 (nonlinearity),MAS (non-monotonicity),MEV (functionality),MCN (complexity),Linear regression (p)
call4,rl,0.30134,0.13750087,0.031459987,0.30134,5.0,0.4047705
all,call4,0.19961,0.008481309,0.0251,0.19961,5.0,0.43718266
mit,rl,0.19366,0.17820482,0.026409999,0.19366,5.0,0.124318905
mit,all,0.17842,0.1350458,0.01721,0.17842,5.0,0.20826475
all,rl,0.17735,0.15310733,0.015140004,0.17735,5.0,0.1557006
mit,call4,0.15523,0.13339503,0.0062099993,0.15523,5.0,0.14776662
