X var,Y var,MIC (strength),MIC-p^2 (nonlinearity),MAS (non-monotonicity),MEV (functionality),MCN (complexity),Linear regression (p)
all,rl,0.31809,-0.29888037,0.038619995,0.31156,5.321928,0.7854746
mit,call4,0.18799,0.15934324,0.04463999,0.18042,5.321928,0.1692535
call4,rl,0.16877,-0.11143653,0.015160002,0.162,5.321928,0.5293454
mit,rl,0.16772,0.166578,0.018009998,0.16019,5.321928,-0.03379372
mit,all,0.16418,0.15930963,0.009690002,0.15689,5.321928,-0.06978806
all,call4,0.1502,0.07608509,0.018709987,0.14263,5.321928,0.27224052
