X var,Y var,MIC (strength),MIC-p^2 (nonlinearity),MAS (non-monotonicity),MEV (functionality),MCN (complexity),Linear regression (p)
all,rl,0.63617,0.4421607,0.14971003,0.6189,4.7548876,-0.4404649
all,call4,0.61778,0.40134132,0.16417003,0.61778,4.70044,-0.46522975
call4,rl,0.58727,-0.05300373,0.08337003,0.58727,4.70044,0.8001711
mit,call4,0.24644,0.18087313,0.06759,0.24644,4.70044,-0.2560603
mit,all,0.23456,0.19000742,0.041710004,0.23456,4.70044,0.2110748
mit,rl,0.2262,0.15230303,0.040089995,0.2262,4.70044,-0.27183998
