X var,Y var,MIC (strength),MIC-p^2 (nonlinearity),MAS (non-monotonicity),MEV (functionality),MCN (complexity),Linear regression (p)
call4,rl,0.2785,0.07562776,0.030080006,0.2785,4.807355,0.4504134
mit,all,0.24278,0.21135792,0.024000004,0.24278,4.807355,0.17726274
all,call4,0.2146,0.17046255,0.05805999,0.2146,4.807355,0.21008913
all,rl,0.19514,0.1639787,0.02564001,0.19514,4.807355,0.17652568
mit,call4,0.17366,0.14918818,0.022509992,0.17366,4.807355,0.1564347
mit,rl,0.16896,0.16886806,0.016960002,0.16896,4.807355,0.009588348
