X var,Y var,MIC (strength),MIC-p^2 (nonlinearity),MAS (non-monotonicity),MEV (functionality),MCN (complexity),Linear regression (p)
all,rl,0.60774,-0.09031302,0.06604999,0.60062,5.0,0.83549565
mit,rl,0.39207,0.3012295,0.09108999,0.38321,5.0,-0.30139756
mit,all,0.29804,0.25145262,0.06546001,0.28782,5.0,-0.21584108
mit,call4,0.18891,0.17311114,0.13328,0.18102,5.0,-0.1256935
all,call4,0.17458,0.0679432,0.06766,0.16756,5.0,0.3265529
call4,rl,0.1594,0.14004533,0.08164,0.15284,5.0,0.13912109
