X var,Y var,MIC (strength),MIC-p^2 (nonlinearity),MAS (non-monotonicity),MEV (functionality),MCN (complexity),Linear regression (p)
call4,rl,0.23875,0.13853417,0.05674,0.22934,5.0,0.31656882
all,call4,0.23337,0.17895162,0.026070002,0.22441,5.0,0.23327747
mit,call4,0.18554,0.0961483,0.024039999,0.17682,5.0,0.29898447
mit,rl,0.18008,0.16347465,0.02099,0.17128,5.0,0.12886174
mit,all,0.17835,0.14265954,0.027780004,0.16828,5.0,0.18891919
all,rl,0.15986,0.13721414,0.010079995,0.14942,5.0,0.15048543
