X var,Y var,MIC (strength),MIC-p^2 (nonlinearity),MAS (non-monotonicity),MEV (functionality),MCN (complexity),Linear regression (p)
all,rl,0.37279,-0.041463464,0.084280014,0.36529,5.0,0.64362526
mit,rl,0.19595,0.16001514,0.035060003,0.18676,5.0,-0.18956491
mit,all,0.18124,0.1728251,0.016490001,0.17476,5.0,-0.091732815
mit,call4,0.09294,0.091321714,0.08674,0.09294,4.169925,-0.040227965
all,call4,0.07659,0.07658413,0.06498,0.07659,4.169925,0.0024223553
call4,rl,0.03556,0.035504427,0.023430001,0.03556,3.807355,-0.0074547287
