X var,Y var,MIC (strength),MIC-p^2 (nonlinearity),MAS (non-monotonicity),MEV (functionality),MCN (complexity),Linear regression (p)
all,rl,0.32396,-0.27838504,0.01956001,0.32396,5.087463,0.7761089
call4,rl,0.19137,0.18995593,0.122169994,0.19137,5.087463,0.03760401
mit,call4,0.17857,0.16787066,0.10255,0.17857,5.087463,-0.10343762
mit,all,0.1776,0.17648168,0.016560003,0.1776,5.087463,-0.03344126
mit,rl,0.17293,0.13896215,0.013700008,0.17293,5.087463,-0.1843037
all,call4,0.15816,0.15663132,0.09502,0.15816,5.087463,0.03909829
