X var,Y var,MIC (strength),MIC-p^2 (nonlinearity),MAS (non-monotonicity),MEV (functionality),MCN (complexity),Linear regression (p)
call4,rl,0.31711,0.14898086,0.06367998,0.31711,4.807355,0.41003555
all,call4,0.24504,0.21427017,0.088369995,0.24504,4.807355,0.17541331
mit,all,0.21271,0.2036873,0.041750006,0.21271,4.807355,0.094987884
mit,call4,0.18987,0.18023655,0.041679993,0.18987,4.807355,0.09815016
mit,rl,0.18005,0.17789336,0.026309997,0.18005,4.807355,-0.046439696
all,rl,0.17001,0.08137123,0.01206,0.17001,4.807355,0.29772264
