X var,Y var,MIC (strength),MIC-p^2 (nonlinearity),MAS (non-monotonicity),MEV (functionality),MCN (complexity),Linear regression (p)
call4,rl,0.26329,0.05862765,0.058319986,0.26329,4.70044,0.4523962
mit,all,0.24615,0.06468724,0.017050005,0.24615,4.70044,0.42598447
mit,call4,0.23109,0.13915475,0.022629999,0.23109,4.70044,0.30320826
all,rl,0.22375,0.16530949,0.022619992,0.22375,4.70044,0.24174473
all,call4,0.21931,0.10481867,0.017409995,0.21931,4.70044,0.33836567
mit,rl,0.21593,0.20232843,0.028960004,0.21593,4.70044,0.11662579
