X var,Y var,MIC (strength),MIC-p^2 (nonlinearity),MAS (non-monotonicity),MEV (functionality),MCN (complexity),Linear regression (p)
call4,rl,0.30809,0.06338744,0.034390002,0.30809,5.0,0.4946742
mit,all,0.21086,0.1394458,0.01495,0.21086,5.0,0.26723436
mit,call4,0.2091,0.16888665,0.03990999,0.2091,5.0,0.20053264
all,call4,0.19388,0.013289958,0.013320003,0.19388,5.0,0.42495888
all,rl,0.19244,0.15544125,0.022249997,0.19244,5.0,0.19235061
mit,rl,0.19185,0.1712533,0.030980006,0.19185,5.0,0.14351554
