X var,Y var,MIC (strength),MIC-p^2 (nonlinearity),MAS (non-monotonicity),MEV (functionality),MCN (complexity),Linear regression (p)
call4,rl,0.36411,0.043073118,0.027480006,0.36411,4.9068904,0.56660116
mit,rl,0.20565,0.19043706,0.02000001,0.20565,4.9068904,0.12334076
all,call4,0.19597,0.15294568,0.016030002,0.19597,4.9068904,0.20742303
all,rl,0.19285,0.17690541,0.011209995,0.19285,4.9068904,0.12627189
mit,all,0.18726,0.115023114,0.019820005,0.18726,4.9068904,0.2687692
mit,call4,0.18343,0.12545893,0.015959993,0.18343,4.9068904,0.24077182
