X var,Y var,MIC (strength),MIC-p^2 (nonlinearity),MAS (non-monotonicity),MEV (functionality),MCN (complexity),Linear regression (p)
call4,rl,0.26061,0.070061654,0.01958999,0.26061,5.087463,0.43651846
mit,rl,0.19234,0.18117818,0.044090003,0.19234,5.087463,0.105649516
mit,all,0.18407,0.12110382,0.016139999,0.18407,5.087463,0.25093064
all,call4,0.18369,0.10707286,0.018000007,0.18369,5.087463,0.276798
all,rl,0.17101,0.12841254,0.015080005,0.17101,5.087463,0.20639151
mit,call4,0.16833,0.11391159,0.0089799985,0.16833,5.087463,0.23327753
