X var,Y var,MIC (strength),MIC-p^2 (nonlinearity),MAS (non-monotonicity),MEV (functionality),MCN (complexity),Linear regression (p)
call4,rl,0.32806,0.055273235,0.06386,0.32806,5.0,0.52228993
all,call4,0.21169,0.09267793,0.02691999,0.21169,5.0,0.34498125
mit,call4,0.2057,0.1669702,0.01207,0.2057,5.0,0.19679889
all,rl,0.20424,0.14299369,0.018940002,0.20424,5.0,0.24747992
mit,all,0.20054,0.12934795,0.03553,0.20054,5.0,0.26681837
mit,rl,0.19769,0.1503251,0.010349996,0.19769,5.0,0.21763477
