X var,Y var,MIC (strength),MIC-p^2 (nonlinearity),MAS (non-monotonicity),MEV (functionality),MCN (complexity),Linear regression (p)
all,rl,0.37936,0.0013985634,0.04214999,0.37936,5.087463,0.6147857
mit,rl,0.22467,0.09303716,0.0242,0.22467,5.087463,-0.3628124
mit,call4,0.19917,0.19335698,0.14431,0.19917,5.087463,-0.07624318
mit,all,0.19865,0.1923012,0.027180001,0.19865,5.087463,-0.07967937
call4,rl,0.17166,0.08512406,0.13122001,0.17166,5.087463,0.29416993
all,call4,0.16194,0.13730423,0.12195999,0.16194,5.087463,0.15695785
