X var,Y var,MIC (strength),MIC-p^2 (nonlinearity),MAS (non-monotonicity),MEV (functionality),MCN (complexity),Linear regression (p)
call4,rl,0.238,0.06264484,0.031279996,0.238,5.087463,0.4187543
mit,rl,0.19504,0.17872676,0.024100006,0.19504,5.087463,0.1277233
all,call4,0.18385,0.10555391,0.015000001,0.18385,5.087463,0.2798144
mit,call4,0.18214,0.120378055,0.02906999,0.18214,5.087463,0.2485195
mit,all,0.1772,0.12620774,0.01687,0.1772,5.087463,0.22581467
all,rl,0.16817,0.12616807,0.021530002,0.16817,5.087463,0.20494372
