X var,Y var,MIC (strength),MIC-p^2 (nonlinearity),MAS (non-monotonicity),MEV (functionality),MCN (complexity),Linear regression (p)
all,rl,0.30369,0.08311623,0.020889997,0.30369,5.087463,0.4696528
mit,rl,0.23071,0.22932819,0.050640002,0.23071,5.087463,-0.037172705
all,call4,0.19506,0.1900727,0.15788001,0.19506,5.087463,0.070620835
mit,all,0.19208,0.17081782,0.02786,0.19208,5.087463,-0.14581557
call4,rl,0.15663,0.15142928,0.11999999,0.15663,5.087463,0.072115995
mit,call4,0.14378,0.14371955,0.11047,0.14378,5.087463,0.007774395
