X var,Y var,MIC (strength),MIC-p^2 (nonlinearity),MAS (non-monotonicity),MEV (functionality),MCN (complexity),Linear regression (p)
call4,rl,0.21851,0.1822612,0.012620002,0.21851,5.2479277,0.19039118
all,call4,0.21309,0.17227493,0.017790005,0.21309,5.2479277,0.20202741
mit,all,0.19804,-0.066213354,0.01585,0.19804,5.2479277,0.5140558
all,rl,0.18513,0.16723843,0.014389992,0.18513,5.2479277,0.13375938
mit,call4,0.1824,0.16366091,0.01878,0.1824,5.2479277,0.13689077
mit,rl,0.15446,0.15422517,0.025119998,0.15446,5.2479277,0.015324171
