X var,Y var,MIC (strength),MIC-p^2 (nonlinearity),MAS (non-monotonicity),MEV (functionality),MCN (complexity),Linear regression (p)
call4,rl,0.25005,0.06596841,0.021479994,0.24167,5.0,0.42904732
mit,all,0.22062,0.1626312,0.02099,0.21074,5.0,0.24080865
all,call4,0.2089,0.13941117,0.011670001,0.1984,5.0,0.26360735
mit,call4,0.20752,0.09705473,0.0291,0.1988,5.0,0.33236316
all,rl,0.19283,0.15545467,0.018480003,0.18301,5.0,0.19332701
mit,rl,0.15995,0.12565325,0.0146699995,0.15135,5.0,0.1851938
