X var,Y var,MIC (strength),MIC-p^2 (nonlinearity),MAS (non-monotonicity),MEV (functionality),MCN (complexity),Linear regression (p)
call4,rl,0.25819,0.22643915,0.02647999,0.25819,5.087463,0.17818771
all,call4,0.20347,0.1604833,0.035210013,0.20347,5.087463,0.20733234
all,rl,0.195,0.1949668,0.045619994,0.195,5.087463,0.0057621575
mit,all,0.15837,0.13947977,0.02178,0.15837,5.087463,0.13744175
mit,call4,0.14139,0.07740535,0.013500001,0.14139,5.087463,0.25295186
mit,rl,0.1345,0.12859212,0.010370001,0.1345,5.087463,-0.07686268
