X var,Y var,MIC (strength),MIC-p^2 (nonlinearity),MAS (non-monotonicity),MEV (functionality),MCN (complexity),Linear regression (p)
call4,rl,0.25536,0.14984792,0.022980005,0.25536,5.087463,0.32482624
all,call4,0.2047,0.11098207,0.019769996,0.2047,5.087463,0.30613384
mit,call4,0.18163,0.097046964,0.016559996,0.18163,5.087463,0.29083163
mit,all,0.1698,0.115941085,0.013379991,0.1698,5.087463,0.23207523
mit,rl,0.16407,0.16293776,0.016680002,0.16407,5.087463,-0.033648685
all,rl,0.1592,0.15543224,0.006480001,0.1592,5.087463,0.061382096
