X var,Y var,MIC (strength),MIC-p^2 (nonlinearity),MAS (non-monotonicity),MEV (functionality),MCN (complexity),Linear regression (p)
all,rl,0.70121,0.47794062,0.21768999,0.70121,4.70044,-0.4725139
call4,rl,0.61335,0.044929624,0.12942997,0.61335,4.70044,0.7539366
all,call4,0.5985,0.33743867,0.13155001,0.5985,4.70044,-0.5109416
mit,all,0.34855,0.30776656,0.10173999,0.34855,4.70044,0.2019491
mit,rl,0.32689,0.27511495,0.038709998,0.32689,4.4594316,-0.22754127
mit,call4,0.30585,0.28612903,0.094270006,0.30585,4.70044,-0.14043139
