X var,Y var,MIC (strength),MIC-p^2 (nonlinearity),MAS (non-monotonicity),MEV (functionality),MCN (complexity),Linear regression (p)
call4,rl,0.37062,0.08498213,0.045270026,0.37062,4.9068904,0.534451
mit,call4,0.21043,0.14937247,0.008469999,0.21043,4.9068904,0.24709821
mit,rl,0.20328,0.19254366,0.026419997,0.20328,4.9068904,0.10361634
all,call4,0.19595,0.1313412,0.02768001,0.19595,4.9068904,0.2541826
mit,all,0.19277,0.11173958,0.013849996,0.19277,4.9068904,0.28465843
all,rl,0.17672,0.1652593,0.021589994,0.17672,4.9068904,0.10705459
