X var,Y var,MIC (strength),MIC-p^2 (nonlinearity),MAS (non-monotonicity),MEV (functionality),MCN (complexity),Linear regression (p)
all,rl,0.6599,0.08141017,0.034419984,0.65173,5.087463,0.7605852
mit,call4,0.63966,0.22173175,0.11510998,0.63966,5.0,-0.6464737
mit,rl,0.56541,0.07287884,0.095589995,0.55607,5.087463,-0.70180565
call4,rl,0.54465,-0.024367929,0.106539994,0.54375,5.087463,0.7543328
mit,all,0.50388,0.19866803,0.09255001,0.49501,5.087463,-0.55245996
all,call4,0.37455,0.024960548,0.07424,0.37455,4.4594316,0.5912609
