X var,Y var,MIC (strength),MIC-p^2 (nonlinearity),MAS (non-monotonicity),MEV (functionality),MCN (complexity),Linear regression (p)
call4,rl,0.31579,0.011526674,0.026800007,0.31579,4.807355,0.5516007
mit,all,0.24668,0.18979184,0.07249,0.24668,4.807355,0.2385124
all,call4,0.23353,0.18416578,0.020809993,0.23353,4.807355,0.2221806
all,rl,0.20825,0.18115574,0.034890004,0.20825,4.807355,0.16460335
mit,call4,0.19093,0.1728458,0.023439996,0.19093,4.807355,0.1344775
mit,rl,0.16562,0.16508237,0.009350002,0.16562,4.807355,0.023187023
