X var,Y var,MIC (strength),MIC-p^2 (nonlinearity),MAS (non-monotonicity),MEV (functionality),MCN (complexity),Linear regression (p)
call4,rl,0.2885,0.115601644,0.04937999,0.2885,5.087463,0.4158105
mit,call4,0.20838,0.1463927,0.023619995,0.20838,5.087463,0.24897249
all,call4,0.19874,0.12435792,0.017009996,0.19874,5.087463,0.2727308
mit,all,0.19537,0.14807351,0.047409996,0.19537,5.087463,0.21747757
all,rl,0.16927,0.12915045,0.024189994,0.16927,5.087463,0.20029865
mit,rl,0.16302,0.1463288,0.014049999,0.16302,5.087463,0.12919441
