X var,Y var,MIC (strength),MIC-p^2 (nonlinearity),MAS (non-monotonicity),MEV (functionality),MCN (complexity),Linear regression (p)
all,call4,0.27422,0.1009534,0.057419986,0.27422,4.70044,0.41625303
mit,all,0.2566,-0.076132685,0.03164,0.2566,4.70044,0.57682985
call4,rl,0.25616,-0.012288958,0.018900007,0.25616,4.70044,0.5181206
mit,call4,0.24433,0.120485775,0.032580003,0.24433,4.70044,0.3519151
mit,rl,0.208,0.18098752,0.037589997,0.208,4.70044,0.16435476
all,rl,0.18717,0.080463275,0.03558,0.18717,4.70044,0.32665995
