X var,Y var,MIC (strength),MIC-p^2 (nonlinearity),MAS (non-monotonicity),MEV (functionality),MCN (complexity),Linear regression (p)
all,rl,0.48752,-0.013857633,0.037929982,0.48752,4.9068904,0.70808023
mit,rl,0.31231,0.26627317,0.068670005,0.31231,4.9068904,-0.21456198
mit,all,0.23149,0.23097615,0.022129998,0.23149,4.9068904,-0.022668388
mit,call4,0.2207,0.19705777,0.13134,0.2207,4.9068904,-0.15376028
call4,rl,0.19326,0.17832637,0.11372,0.19326,4.9068904,0.12220327
all,call4,0.15408,0.1537699,0.08786,0.15408,4.9068904,0.017609928
