X var,Y var,MIC (strength),MIC-p^2 (nonlinearity),MAS (non-monotonicity),MEV (functionality),MCN (complexity),Linear regression (p)
all,rl,0.47965,0.07970178,0.07801998,0.4736,5.087463,0.6324146
mit,all,0.32017,0.16493547,0.023200005,0.3117,5.087463,-0.39399812
mit,rl,0.28038,0.13437267,0.068399996,0.27426,5.087463,-0.38210908
mit,call4,0.27282,0.23137802,0.15772,0.26363,5.087463,-0.20357302
call4,rl,0.24386,0.18395326,0.12955001,0.23713,5.087463,0.24475856
all,call4,0.23722,0.17268735,0.128,0.22904,5.087463,0.25403276
