X var,Y var,MIC (strength),MIC-p^2 (nonlinearity),MAS (non-monotonicity),MEV (functionality),MCN (complexity),Linear regression (p)
call4,rl,0.30786,0.047181606,0.03257999,0.30786,5.0,0.5105667
all,call4,0.19031,0.036791146,0.011199996,0.19031,5.0,0.39181483
mit,rl,0.17225,0.13818385,0.0147899985,0.17225,5.0,0.18457018
mit,all,0.16377,0.09341551,0.028400004,0.16377,5.0,0.26524422
all,rl,0.15279,0.10347655,0.013439998,0.15279,5.0,0.22206631
mit,call4,0.15186,0.112027936,0.008230001,0.15186,5.0,0.19957972
