X var,Y var,MIC (strength),MIC-p^2 (nonlinearity),MAS (non-monotonicity),MEV (functionality),MCN (complexity),Linear regression (p)
all,rl,0.3018,-0.08911091,0.022780001,0.3018,5.087463,0.6252287
mit,rl,0.20174,0.1525177,0.06304,0.20174,5.087463,-0.22186098
mit,all,0.1957,0.19451469,0.018709999,0.1957,5.087463,-0.034428306
mit,call4,0.176,0.175987,0.14704,0.176,5.087463,-0.0036054305
all,call4,0.16583,0.16059227,0.13298,0.16583,5.087463,0.072372176
call4,rl,0.14695,0.14567427,0.11386001,0.14695,5.087463,0.035717424
