X var,Y var,MIC (strength),MIC-p^2 (nonlinearity),MAS (non-monotonicity),MEV (functionality),MCN (complexity),Linear regression (p)
mit,call4,0.25953,0.15575081,0.04659999,0.25953,4.70044,0.3221478
call4,rl,0.2531,0.014255106,0.04821001,0.2531,4.70044,0.48871762
mit,all,0.22634,0.015682936,0.046950005,0.22634,4.70044,0.4589739
all,call4,0.20714,0.07817322,0.01506,0.20714,4.70044,0.35911945
all,rl,0.20184,0.14749126,0.0519,0.20184,4.70044,0.23312815
mit,rl,0.16876,0.15135399,0.013980001,0.16876,4.70044,0.13193189
