X var,Y var,MIC (strength),MIC-p^2 (nonlinearity),MAS (non-monotonicity),MEV (functionality),MCN (complexity),Linear regression (p)
call4,rl,0.31775,0.045666903,0.01527001,0.31775,4.807355,0.52161586
mit,call4,0.20642,0.19506548,0.022280008,0.20642,4.807355,0.10655762
mit,all,0.20486,0.15493727,0.027040005,0.20486,4.807355,0.22343396
all,call4,0.20118,0.15167637,0.021279998,0.20118,4.807355,0.22249411
all,rl,0.18282,0.15742692,0.016450003,0.18282,4.807355,0.1593521
mit,rl,0.15958,0.15850882,0.012610003,0.15958,4.807355,0.03272904
