X var,Y var,MIC (strength),MIC-p^2 (nonlinearity),MAS (non-monotonicity),MEV (functionality),MCN (complexity),Linear regression (p)
mit,rl,0.51284,0.39108923,0.13275999,0.51284,4.9068904,-0.34892797
all,rl,0.44947,-0.12864086,0.08046001,0.44947,4.9068904,0.76033604
mit,all,0.37231,0.35942414,0.16339001,0.37231,4.9068904,-0.113515876
mit,call4,0.3668,0.28137887,0.11829001,0.3668,4.9068904,-0.29226893
all,call4,0.26984,0.26834565,0.16711,0.26984,4.9068904,-0.038656898
call4,rl,0.25484,0.25135532,0.11399999,0.25484,4.9068904,0.059031043
