X var,Y var,MIC (strength),MIC-p^2 (nonlinearity),MAS (non-monotonicity),MEV (functionality),MCN (complexity),Linear regression (p)
call4,rl,0.26164,-0.10833019,0.016370013,0.25562,5.321928,0.60825175
mit,rl,0.21888,0.10008405,0.074939996,0.21068,5.321928,0.34466788
mit,all,0.19879,-0.12865646,0.02979,0.19123,5.321928,0.5722294
mit,call4,0.17364,-0.16707556,0.020290002,0.16629,5.321928,0.58370847
all,call4,0.17317,-0.7563689,0.01929,0.16542,5.321928,0.964126
all,rl,0.15988,-0.18193854,0.0080699995,0.15294,5.321928,0.5846525
