X var,Y var,MIC (strength),MIC-p^2 (nonlinearity),MAS (non-monotonicity),MEV (functionality),MCN (complexity),Linear regression (p)
all,rl,0.35528,0.19081005,0.050110012,0.35528,5.087463,0.40554896
mit,rl,0.23586,0.1297158,0.044489995,0.23586,5.087463,-0.3257978
call4,rl,0.23073,0.110486776,0.04738,0.23073,5.087463,0.34676105
mit,all,0.21732,0.20996775,0.045399994,0.21732,5.087463,0.08574526
mit,call4,0.21291,0.18928856,0.08395,0.21291,5.087463,0.15369266
all,call4,0.18411,0.119204745,0.0921,0.18411,5.087463,0.2547651
