X var,Y var,MIC (strength),MIC-p^2 (nonlinearity),MAS (non-monotonicity),MEV (functionality),MCN (complexity),Linear regression (p)
call4,rl,0.35445,-0.037454426,0.020940006,0.35445,4.9068904,0.6260227
mit,call4,0.19643,0.04859428,0.011329994,0.19643,4.9068904,0.3844941
all,call4,0.19189,0.07591726,0.037310004,0.19189,4.9068904,0.3405477
mit,rl,0.18516,0.09199001,0.033219993,0.18516,4.9068904,0.3052376
mit,all,0.17037,0.04592921,0.023090005,0.17037,4.9068904,0.35276166
all,rl,0.16854,0.09365301,0.016129997,0.16854,4.9068904,0.27365488
