X var,Y var,MIC (strength),MIC-p^2 (nonlinearity),MAS (non-monotonicity),MEV (functionality),MCN (complexity),Linear regression (p)
call4,rl,0.2491,-0.08315185,0.02628,0.2491,4.9068904,0.5764129
mit,rl,0.20764,-0.012917563,0.055410013,0.20764,4.9068904,0.46963558
all,rl,0.19827,0.02462025,0.019820005,0.19827,4.9068904,0.41671303
mit,all,0.19648,-0.03398505,0.033140004,0.19648,4.9068904,0.48006776
all,call4,0.18838,-0.018507943,0.021280006,0.18838,4.9068904,0.45484936
mit,call4,0.18499,-0.114398256,0.021710008,0.18499,4.9068904,0.54716384
