X var,Y var,MIC (strength),MIC-p^2 (nonlinearity),MAS (non-monotonicity),MEV (functionality),MCN (complexity),Linear regression (p)
call4,rl,0.27262,0.025141463,0.037890002,0.26588,5.321928,0.49747214
mit,call4,0.18643,0.014876217,0.022270009,0.17815,5.321928,0.41419053
mit,all,0.183,4.479587E-4,0.01994,0.17386,5.321928,0.42726108
all,call4,0.17531,-0.4036798,0.010570005,0.16766,5.321928,0.7609138
all,rl,0.17159,0.019941643,0.015049998,0.16549,5.321928,0.38942054
mit,rl,0.16463,0.12890339,0.01771,0.15806,5.321928,0.18901482
