X var,Y var,MIC (strength),MIC-p^2 (nonlinearity),MAS (non-monotonicity),MEV (functionality),MCN (complexity),Linear regression (p)
all,rl,0.42414,0.19358706,0.043610007,0.42414,5.087463,0.48015928
mit,rl,0.30497,0.08178958,0.05031,0.30497,5.087463,-0.47241974
mit,all,0.28237,0.22226405,0.037550002,0.28237,5.087463,-0.24516515
mit,call4,0.15019,0.13005196,0.12816,0.15019,5.087463,-0.14190854
call4,rl,0.14694,0.14478135,0.086629994,0.14694,5.087463,0.046461184
all,call4,0.14535,0.12526369,0.11050999,0.14535,5.087463,0.14172615
