X var,Y var,MIC (strength),MIC-p^2 (nonlinearity),MAS (non-monotonicity),MEV (functionality),MCN (complexity),Linear regression (p)
call4,rl,0.30067,-0.09602642,0.029809996,0.30067,5.0,0.6298384
all,rl,0.22157,0.0737074,0.027710006,0.22157,5.0,0.38452905
all,call4,0.20285,-0.014895827,0.03717999,0.20285,5.0,0.46663243
mit,rl,0.18347,0.056637615,0.012290001,0.18347,5.0,0.35613534
mit,all,0.17897,-0.01086244,0.0111500025,0.17897,5.0,0.43569764
mit,call4,0.17489,0.022512585,0.03351,0.17489,5.0,0.3903555
