X var,Y var,MIC (strength),MIC-p^2 (nonlinearity),MAS (non-monotonicity),MEV (functionality),MCN (complexity),Linear regression (p)
call4,rl,0.25066,-0.18262541,0.057510003,0.25066,5.087463,0.6582442
all,call4,0.2208,-0.16076218,0.025179997,0.2208,5.087463,0.6177072
mit,rl,0.20029,-0.08607918,0.042559996,0.20029,5.087463,0.53513473
mit,all,0.18825,-0.24438968,0.02677001,0.18825,5.087463,0.6577535
mit,call4,0.17174,-0.20203325,0.008090004,0.17174,5.087463,0.61136997
all,rl,0.16886,-0.07221411,0.011700001,0.16886,5.087463,0.490993
