X var,Y var,MIC (strength),MIC-p^2 (nonlinearity),MAS (non-monotonicity),MEV (functionality),MCN (complexity),Linear regression (p)
all,rl,0.29777,-0.14926228,0.032999992,0.29777,5.087463,0.66860473
mit,call4,0.1983,0.1881372,0.13559,0.1983,5.087463,-0.10081075
mit,rl,0.18297,0.1689362,0.0317,0.18297,5.087463,-0.11846441
all,call4,0.18102,0.18075971,0.09148001,0.18102,5.087463,-0.016133826
call4,rl,0.1798,0.1768208,0.120910004,0.1798,5.087463,-0.054582134
mit,all,0.16271,0.16270204,0.012780003,0.16271,5.087463,-0.0028210457
