X var,Y var,MIC (strength),MIC-p^2 (nonlinearity),MAS (non-monotonicity),MEV (functionality),MCN (complexity),Linear regression (p)
all,rl,0.57878,0.07356322,0.08575001,0.57021,5.0,0.71078604
mit,rl,0.52639,0.2924158,0.068210006,0.5179,5.0,-0.48370883
mit,all,0.37827,0.31776908,0.14877,0.36856,5.0,-0.24596936
call4,rl,0.24153,0.21173513,0.1454,0.23258,5.0,-0.17261189
all,call4,0.21512,0.1914636,0.16003,0.20653,5.0,-0.15380636
mit,call4,0.18415,0.1763307,0.11867999,0.17316,5.0,0.08842675
