X var,Y var,MIC (strength),MIC-p^2 (nonlinearity),MAS (non-monotonicity),MEV (functionality),MCN (complexity),Linear regression (p)
all,call4,0.2088,0.009786844,0.047350004,0.2088,5.087463,0.4461089
call4,rl,0.20026,-0.018327355,0.045210004,0.20026,5.087463,0.46753326
mit,rl,0.18325,0.111445226,0.009829998,0.18325,5.087463,0.26796412
mit,all,0.17822,0.07745665,0.018209998,0.17822,5.087463,0.31743243
all,rl,0.17012,0.030651554,0.013590001,0.17012,5.087463,0.37345475
mit,call4,0.16835,0.05904229,0.025009997,0.16835,5.087463,0.33061716
