X var,Y var,MIC (strength),MIC-p^2 (nonlinearity),MAS (non-monotonicity),MEV (functionality),MCN (complexity),Linear regression (p)
all,call4,0.2389,0.21719435,0.04787001,0.2389,5.2479277,0.14732838
call4,rl,0.21613,0.18230261,0.00852,0.21613,5.2479277,0.18392226
mit,call4,0.20931,0.20370317,0.023309998,0.20931,5.2479277,0.0748788
all,rl,0.19624,0.18003845,0.013829999,0.19624,5.2479277,0.12728524
mit,all,0.17911,-0.009133309,0.011909999,0.17911,5.2479277,0.43387017
mit,rl,0.16223,0.1620664,0.010439999,0.16223,5.2479277,0.0127904555
