X var,Y var,MIC (strength),MIC-p^2 (nonlinearity),MAS (non-monotonicity),MEV (functionality),MCN (complexity),Linear regression (p)
call4,rl,0.23661,0.08895968,0.011450008,0.23661,5.087463,0.38425294
mit,call4,0.19758,0.14381307,0.01981999,0.19758,5.087463,0.23187695
mit,all,0.18473,0.14757472,0.02929999,0.18473,5.087463,0.19275701
all,call4,0.18123,0.099624865,0.020510003,0.18123,5.087463,0.2856661
all,rl,0.1741,0.1642668,0.025540002,0.1741,5.087463,0.09916253
mit,rl,0.16282,0.16043954,0.012979999,0.16282,5.087463,-0.048789974
