X var,Y var,MIC (strength),MIC-p^2 (nonlinearity),MAS (non-monotonicity),MEV (functionality),MCN (complexity),Linear regression (p)
call4,rl,0.2701,0.091165945,0.022430003,0.25954,5.0,0.42300597
mit,call4,0.23367,0.106922746,0.037090003,0.22175,5.0,0.3560158
mit,all,0.22773,0.16141541,0.04595001,0.21852,5.0,0.2575162
all,call4,0.22092,0.1413088,0.04253,0.20848,5.0,0.28215456
all,rl,0.21561,0.17470023,0.023849994,0.20522,5.0,0.20226164
mit,rl,0.19895,0.16346817,0.02944,0.19011,5.0,0.18836619
