X var,Y var,MIC (strength),MIC-p^2 (nonlinearity),MAS (non-monotonicity),MEV (functionality),MCN (complexity),Linear regression (p)
call4,rl,0.23431,-0.033026963,0.041040003,0.23431,4.807355,0.5170464
all,call4,0.19212,0.018018574,0.048269995,0.19212,4.807355,0.41725463
all,rl,0.18394,0.04015881,0.022740003,0.18394,4.807355,0.3791849
mit,call4,0.18367,0.0074281096,0.046629995,0.18367,4.807355,0.41981173
mit,all,0.18002,-0.0568434,0.03192,0.18002,4.807355,0.48668614
mit,rl,0.16545,-0.027198523,0.016429998,0.16545,4.807355,0.43891746
