X var,Y var,MIC (strength),MIC-p^2 (nonlinearity),MAS (non-monotonicity),MEV (functionality),MCN (complexity),Linear regression (p)
call4,rl,0.24611,0.2427258,0.025010005,0.24611,5.087463,0.058173914
all,call4,0.19777,0.14455485,0.017000005,0.19777,5.087463,0.2306841
mit,call4,0.18854,0.09762221,0.027050003,0.18854,5.087463,0.30152577
all,rl,0.18272,0.18178251,0.01703,0.18272,5.087463,-0.030618576
mit,all,0.17946,0.15091911,0.02132,0.17946,5.087463,0.16894048
mit,rl,0.17315,0.17047949,0.01176,0.17315,5.087463,-0.051676974
