X var,Y var,MIC (strength),MIC-p^2 (nonlinearity),MAS (non-monotonicity),MEV (functionality),MCN (complexity),Linear regression (p)
call4,rl,0.22173,0.19841276,0.017170005,0.22173,5.2479277,0.1526998
all,call4,0.21299,0.19181298,0.01151,0.21299,5.2479277,0.14552328
mit,all,0.19858,-0.107901216,0.018419996,0.19858,5.2479277,0.55360746
mit,call4,0.19819,0.19161102,0.023279995,0.19819,5.2479277,0.08111097
all,rl,0.17821,0.16886225,0.013319999,0.17821,5.2479277,0.09668377
mit,rl,0.16167,0.16160515,0.01393,0.16167,5.2479277,0.008052609
