X var,Y var,MIC (strength),MIC-p^2 (nonlinearity),MAS (non-monotonicity),MEV (functionality),MCN (complexity),Linear regression (p)
call4,rl,0.18895,-0.06114596,0.013319999,0.18471,5.0,0.50009596
all,call4,0.14366,0.03500656,0.01659,0.14084,5.0,0.3296262
mit,call4,0.12929,-0.021239862,0.04252,0.12546,5.0,0.38798177
mit,rl,0.12442,0.05158268,0.041020006,0.12104,5.0,0.2698839
mit,all,0.11433,0.016488627,0.01599,0.11061,5.0,0.31279606
all,rl,0.10176,0.03892716,0.01393,0.09678,5.0,0.2506648
