X var,Y var,MIC (strength),MIC-p^2 (nonlinearity),MAS (non-monotonicity),MEV (functionality),MCN (complexity),Linear regression (p)
mit,rl,0.40467,0.36938828,0.1642,0.40467,4.9068904,-0.18783432
all,rl,0.38617,-0.11882356,0.038919985,0.38617,4.9068904,0.710629
mit,all,0.33939,0.33823812,0.1631,0.33939,4.9068904,0.033939518
mit,call4,0.2546,0.16123244,0.13239999,0.2546,4.9068904,-0.30556104
all,call4,0.15935,0.14164516,0.09966999,0.15935,4.9068904,-0.13305947
call4,rl,0.14213,0.14101271,0.112660006,0.14213,4.9068904,-0.033425964
