X var,Y var,MIC (strength),MIC-p^2 (nonlinearity),MAS (non-monotonicity),MEV (functionality),MCN (complexity),Linear regression (p)
mit,all,0.25967,-0.033495545,0.023649998,0.25967,4.70044,0.54144764
call4,rl,0.24809,-0.030226022,0.01512,0.24809,4.70044,0.52755666
all,call4,0.23512,0.028159603,0.025130004,0.23512,4.70044,0.454929
mit,call4,0.2245,0.045116246,0.021540001,0.2245,4.70044,0.4235372
all,rl,0.2055,0.05932118,0.024080008,0.2055,4.70044,0.3823334
mit,rl,0.17746,0.03629139,0.015290007,0.17746,4.70044,0.3757241
