X var,Y var,MIC (strength),MIC-p^2 (nonlinearity),MAS (non-monotonicity),MEV (functionality),MCN (complexity),Linear regression (p)
call4,rl,0.29189,0.1344628,0.02521,0.29189,5.087463,0.39677095
mit,call4,0.19753,0.15229164,0.02205,0.19753,5.087463,0.21269311
all,call4,0.18443,0.1236866,0.016950004,0.18443,5.087463,0.24646176
mit,all,0.18419,0.1326393,0.02802001,0.18419,5.087463,0.2270478
mit,rl,0.18321,0.18084192,0.014339998,0.18321,5.087463,0.048662964
all,rl,0.17652,0.14821249,0.009240001,0.17652,5.087463,0.16824837
