X var,Y var,MIC (strength),MIC-p^2 (nonlinearity),MAS (non-monotonicity),MEV (functionality),MCN (complexity),Linear regression (p)
call4,rl,0.33146,0.08275083,0.03841999,0.33146,5.0,0.4987075
all,call4,0.22036,0.038577393,0.020389996,0.22036,5.0,0.4263597
mit,call4,0.2176,0.18098485,0.06058,0.2176,5.0,0.19135086
all,rl,0.21121,0.17307124,0.016380005,0.21121,5.0,0.19529146
mit,all,0.2078,0.13270333,0.02707,0.2078,5.0,0.27403772
mit,rl,0.19456,0.1764095,0.0063299984,0.19456,5.0,0.13472383
