X var,Y var,MIC (strength),MIC-p^2 (nonlinearity),MAS (non-monotonicity),MEV (functionality),MCN (complexity),Linear regression (p)
call4,rl,0.35731,0.03248772,0.04236999,0.35731,4.9068904,0.5699318
all,call4,0.20946,0.17278484,0.03478001,0.20946,4.9068904,0.19150762
mit,call4,0.20124,0.14038551,0.017549999,0.20124,4.9068904,0.24668702
mit,rl,0.19498,0.15342158,0.041389994,0.19498,4.9068904,0.2038588
all,rl,0.19036,0.16456442,0.014930002,0.19036,4.9068904,0.16061002
mit,all,0.18684,0.1237853,0.019050002,0.18684,4.9068904,0.25110695
