X var,Y var,MIC (strength),MIC-p^2 (nonlinearity),MAS (non-monotonicity),MEV (functionality),MCN (complexity),Linear regression (p)
call4,rl,0.36371,0.038810253,0.056989998,0.36371,4.9068904,0.56999975
mit,rl,0.20827,0.17980993,0.03481,0.20827,4.9068904,0.16870111
mit,call4,0.20543,0.12686363,0.0143,0.20543,4.9068904,0.28029695
all,rl,0.20065,0.18046528,0.04019001,0.20065,4.9068904,0.14207295
mit,all,0.2003,0.12943816,0.017080002,0.2003,4.9068904,0.26619884
all,call4,0.199,0.13546622,0.0120600015,0.199,4.9068904,0.25205907
