X var,Y var,MIC (strength),MIC-p^2 (nonlinearity),MAS (non-monotonicity),MEV (functionality),MCN (complexity),Linear regression (p)
call4,rl,0.22029,0.118254945,0.01529,0.2115,5.0,0.31942928
mit,call4,0.21741,0.14118376,0.069350004,0.20683,5.0,0.27609098
all,call4,0.20241,0.18981048,0.025629997,0.19144,5.0,0.11224756
mit,all,0.19985,0.18743405,0.02888,0.19033,5.0,0.11142684
mit,rl,0.19929,0.18858206,0.048700005,0.18839,5.0,0.10347923
all,rl,0.18739,0.1810722,0.020589992,0.17772,5.0,0.07948457
