X var,Y var,MIC (strength),MIC-p^2 (nonlinearity),MAS (non-monotonicity),MEV (functionality),MCN (complexity),Linear regression (p)
call4,rl,0.26669,0.122829616,0.012379989,0.26669,5.087463,0.3792893
mit,rl,0.22247,0.22231184,0.053460002,0.22247,5.087463,0.01257602
mit,all,0.21518,0.13763557,0.032240003,0.21518,5.087463,0.27846798
all,rl,0.20969,0.18476622,0.03658001,0.20969,5.087463,0.15787268
mit,call4,0.20968,0.1687992,0.02155,0.20968,5.087463,0.20219
all,call4,0.19753,0.14949852,0.016179994,0.19753,5.087463,0.21916085
