X var,Y var,MIC (strength),MIC-p^2 (nonlinearity),MAS (non-monotonicity),MEV (functionality),MCN (complexity),Linear regression (p)
call4,rl,0.39987,0.32691646,0.17123,0.39987,4.9068904,0.27009916
mit,rl,0.37235,0.14309709,0.044149995,0.37235,4.9068904,0.47880363
mit,call4,0.30485,0.28398934,0.13337001,0.30485,4.9068904,0.14443225
all,rl,0.28406,0.16638869,0.03012,0.28406,4.9068904,0.3430325
all,call4,0.24404,0.24150747,0.04237999,0.24404,4.9068904,0.050324198
mit,all,0.22161,0.2036717,0.02972,0.22161,4.9068904,0.13393392
