X var,Y var,MIC (strength),MIC-p^2 (nonlinearity),MAS (non-monotonicity),MEV (functionality),MCN (complexity),Linear regression (p)
all,rl,0.29078,-0.4352278,0.016760007,0.29078,5.087463,0.8520609
mit,all,0.17334,0.17131583,0.01315999,0.17334,5.087463,-0.0449907
mit,rl,0.17192,0.16235411,0.022320002,0.17192,5.087463,-0.09780536
mit,call4,0.14512,0.14453748,0.096549995,0.14512,5.087463,-0.024135517
call4,rl,0.14227,0.14225435,0.10701,0.14227,5.087463,0.0039546113
all,call4,0.1409,0.1402879,0.09237,0.1409,5.087463,0.024740404
