X var,Y var,MIC (strength),MIC-p^2 (nonlinearity),MAS (non-monotonicity),MEV (functionality),MCN (complexity),Linear regression (p)
call4,rl,0.21796,0.16836584,0.043040007,0.21796,5.087463,0.22269748
mit,all,0.19992,0.17985657,0.055150002,0.19992,5.087463,0.14164545
mit,call4,0.17582,0.115044296,0.032069996,0.17582,5.087463,0.24652728
all,call4,0.17202,0.13492098,0.01692,0.17202,5.087463,0.19261107
all,rl,0.1709,0.16828452,0.027650006,0.1709,5.087463,0.05114182
mit,rl,0.1515,0.14162192,0.016139999,0.1515,5.087463,-0.09938853
