X var,Y var,MIC (strength),MIC-p^2 (nonlinearity),MAS (non-monotonicity),MEV (functionality),MCN (complexity),Linear regression (p)
call4,rl,0.26004,0.047140375,0.020089999,0.25289,5.321928,0.46141046
mit,call4,0.19438,0.10421672,0.016650006,0.18659,5.321928,0.30027202
mit,rl,0.18388,0.16477908,0.0139700025,0.17722,5.321928,0.1382061
mit,all,0.18282,0.08060275,0.009810001,0.17624,5.321928,0.31971434
all,call4,0.17493,-0.0044531375,0.01624,0.16863,5.321928,0.42353648
all,rl,0.16814,0.094739676,0.030050002,0.16217,5.321928,0.27092493
