X var,Y var,MIC (strength),MIC-p^2 (nonlinearity),MAS (non-monotonicity),MEV (functionality),MCN (complexity),Linear regression (p)
mit,all,0.28417,0.06510572,0.0378,0.28417,4.70044,0.46804303
call4,rl,0.26588,0.09432052,0.0581,0.26588,4.70044,0.4141974
mit,call4,0.24073,0.09699765,0.045569994,0.24073,4.70044,0.3791205
all,call4,0.23605,0.1057007,0.07446,0.23605,4.70044,0.3610392
all,rl,0.20503,0.13601276,0.04446,0.20503,4.70044,0.26271132
mit,rl,0.18893,0.17553443,0.012189999,0.18893,4.70044,0.11573929
