X var,Y var,MIC (strength),MIC-p^2 (nonlinearity),MAS (non-monotonicity),MEV (functionality),MCN (complexity),Linear regression (p)
call4,rl,0.36487,0.038822353,0.03114,0.36487,4.9068904,0.5710058
mit,all,0.22999,0.15876047,0.027340002,0.22999,4.9068904,0.26688862
mit,call4,0.21141,0.15037134,0.025639996,0.21141,4.9068904,0.24706003
mit,rl,0.20917,0.18927017,0.019419998,0.20917,4.9068904,0.14106677
all,call4,0.20193,0.15449224,0.014629997,0.20193,4.9068904,0.2178021
all,rl,0.18818,0.17106436,0.025880001,0.18818,4.9068904,0.13082674
