X var,Y var,MIC (strength),MIC-p^2 (nonlinearity),MAS (non-monotonicity),MEV (functionality),MCN (complexity),Linear regression (p)
all,rl,0.68516,-0.023042679,0.07431996,0.68516,4.9068904,0.8415478
mit,rl,0.35992,0.32087657,0.055570006,0.35228,5.0,-0.19759412
mit,all,0.26431,0.23683603,0.029799998,0.255,5.0,-0.16575274
all,call4,0.19275,0.08420614,0.10096001,0.19275,4.70044,0.32945997
mit,call4,0.16295,0.16118592,0.14791,0.15822,5.0,-0.042000905
call4,rl,0.15635,0.1486297,0.096980006,0.15382,5.0,0.0878653
