X var,Y var,MIC (strength),MIC-p^2 (nonlinearity),MAS (non-monotonicity),MEV (functionality),MCN (complexity),Linear regression (p)
all,rl,0.32391,-0.19514817,0.041480005,0.31657,5.0,0.7204569
mit,rl,0.25559,0.2136988,0.08395,0.24561,5.0,-0.20467336
mit,all,0.18895,0.17646922,0.029410005,0.1781,5.0,-0.111717395
mit,call4,0.14886,0.14811753,0.13422999,0.14203,5.0,0.02724818
all,call4,0.14274,0.1427286,0.12581,0.13598,5.0,-0.003376502
call4,rl,0.05355,0.052225143,0.041500002,0.05355,4.70044,-0.036398586
