X var,Y var,MIC (strength),MIC-p^2 (nonlinearity),MAS (non-monotonicity),MEV (functionality),MCN (complexity),Linear regression (p)
all,rl,0.42002,-0.24520782,0.06380001,0.42002,5.087463,0.815615
mit,all,0.26094,0.16353187,0.08472,0.26094,5.087463,-0.31210274
mit,call4,0.21225,0.1707092,0.13182999,0.21225,5.087463,-0.20381562
mit,rl,0.20605,0.08456319,0.042559996,0.20605,5.087463,-0.34854957
call4,rl,0.19475,-0.0038339049,0.08578999,0.19475,5.087463,0.44562754
all,call4,0.1794,0.10825585,0.10821,0.1794,5.087463,0.2667286
