X var,Y var,MIC (strength),MIC-p^2 (nonlinearity),MAS (non-monotonicity),MEV (functionality),MCN (complexity),Linear regression (p)
call4,rl,0.30861,-0.043762058,0.011299998,0.30861,4.9068904,0.59360933
all,rl,0.21264,0.119704895,0.03136,0.21264,4.9068904,0.3048526
mit,call4,0.1997,0.030895203,0.006289996,0.1997,4.9068904,0.4108586
mit,rl,0.1984,0.0771566,0.03117001,0.1984,4.9068904,0.34820023
all,call4,0.19525,0.07079772,0.01148,0.19525,4.9068904,0.35277796
mit,all,0.17596,0.027463675,0.008420002,0.17596,4.9068904,0.38535222
