X var,Y var,MIC (strength),MIC-p^2 (nonlinearity),MAS (non-monotonicity),MEV (functionality),MCN (complexity),Linear regression (p)
call4,rl,0.27271,0.09575316,0.009640008,0.27271,5.087463,0.42066237
mit,all,0.204,0.12971699,0.014179997,0.204,5.087463,0.2725491
mit,rl,0.20388,0.20211282,0.073149994,0.20388,5.087463,0.042037815
mit,call4,0.20149,0.16247799,0.019540004,0.20149,5.087463,0.1975146
all,call4,0.17399,0.107816,0.027369998,0.17399,5.087463,0.25724307
all,rl,0.17143,0.13964471,0.017630003,0.17143,5.087463,0.1782843
