X var,Y var,MIC (strength),MIC-p^2 (nonlinearity),MAS (non-monotonicity),MEV (functionality),MCN (complexity),Linear regression (p)
call4,rl,0.25829,0.06821181,0.059899986,0.25829,5.087463,0.43597957
all,call4,0.19315,0.10909741,0.009959996,0.19315,5.087463,0.28991824
mit,call4,0.18452,0.12123355,0.011990003,0.18452,5.087463,0.251568
mit,all,0.17971,0.11955683,0.015540004,0.17971,5.087463,0.24526143
mit,rl,0.17861,0.15980892,0.015940003,0.17861,5.087463,0.13711701
all,rl,0.17849,0.13080382,0.01703,0.17849,5.087463,0.21837163
