X var,Y var,MIC (strength),MIC-p^2 (nonlinearity),MAS (non-monotonicity),MEV (functionality),MCN (complexity),Linear regression (p)
all,rl,0.49062,0.4857599,0.18354002,0.49062,4.70044,0.06971421
call4,rl,0.36394,-0.0626598,0.04033999,0.36394,4.70044,0.6531461
all,call4,0.35074,0.34752864,0.038579985,0.35074,4.70044,0.0566688
mit,rl,0.30647,0.26039684,0.066230014,0.30647,4.70044,0.21464664
mit,all,0.28295,0.24349263,0.04152,0.28295,4.70044,-0.19863884
mit,call4,0.21961,0.21297488,0.041360006,0.21961,4.70044,0.08145632
