X var,Y var,MIC (strength),MIC-p^2 (nonlinearity),MAS (non-monotonicity),MEV (functionality),MCN (complexity),Linear regression (p)
call4,rl,0.18058,0.12582612,0.04795,0.18058,5.0,0.23399547
mit,all,0.14505,0.12249962,0.044519998,0.14505,5.0,0.15016784
mit,call4,0.1199,0.11732018,0.044690005,0.1199,5.0,0.05079195
mit,rl,0.11805,0.105604924,0.026780002,0.11805,5.0,0.111557506
all,call4,0.10383,-0.003311023,0.0151700005,0.10383,5.0,0.32732403
all,rl,0.0999,0.08808499,0.009970002,0.0999,5.0,0.10869688
