X var,Y var,MIC (strength),MIC-p^2 (nonlinearity),MAS (non-monotonicity),MEV (functionality),MCN (complexity),Linear regression (p)
call4,rl,0.33497,-2.771616E-6,0.021900013,0.33497,4.9068904,0.5787683
all,call4,0.21298,0.1482842,0.050630003,0.21298,4.9068904,0.2543537
mit,rl,0.20163,0.1691457,0.02646,0.20163,4.9068904,0.180234
mit,call4,0.19548,0.11679954,0.026780002,0.19548,4.9068904,0.28050038
all,rl,0.18695,0.15798554,0.027180001,0.18695,4.9068904,0.17018947
mit,all,0.18663,0.11924877,0.016679995,0.18663,4.9068904,0.25957894
