X var,Y var,MIC (strength),MIC-p^2 (nonlinearity),MAS (non-monotonicity),MEV (functionality),MCN (complexity),Linear regression (p)
call4,rl,0.27295,0.13496415,0.045810014,0.27295,5.0,0.37146446
mit,all,0.20125,0.16683805,0.042930007,0.20125,5.0,0.18550457
mit,rl,0.19715,0.17738736,0.033250004,0.19715,5.0,0.14057972
all,rl,0.19361,0.1755371,0.01602,0.19361,5.0,0.13443552
all,call4,0.18527,0.024528801,0.028370008,0.18527,5.0,0.40092543
mit,call4,0.1586,0.14784665,0.009520002,0.1586,5.0,0.10369833
