X var,Y var,MIC (strength),MIC-p^2 (nonlinearity),MAS (non-monotonicity),MEV (functionality),MCN (complexity),Linear regression (p)
all,rl,0.36373,-0.18320954,0.04771,0.35711,5.321928,0.73955363
mit,all,0.18799,0.15612613,0.020370007,0.18133,5.321928,-0.17850453
all,call4,0.18589,0.18567224,0.11201,0.17915,5.321928,0.014757065
mit,rl,0.1774,0.12257467,0.017750002,0.17028,5.321928,-0.23414807
call4,rl,0.16277,0.16074072,0.078600004,0.1558,5.321928,0.045047518
mit,call4,0.15922,0.15069987,0.07566,0.15182,5.321928,0.092304565
