X var,Y var,MIC (strength),MIC-p^2 (nonlinearity),MAS (non-monotonicity),MEV (functionality),MCN (complexity),Linear regression (p)
mit,call4,0.25285,0.13839091,0.051599994,0.25285,4.70044,0.33831802
mit,all,0.24357,0.06151156,0.023190007,0.24357,4.70044,0.42668307
call4,rl,0.23006,0.11376032,0.019730002,0.23006,4.70044,0.34102738
mit,rl,0.21478,0.20263083,0.02614,0.21478,4.70044,0.11022328
all,rl,0.19172,0.14900395,0.026489995,0.19172,4.70044,0.20667861
all,call4,0.18805,0.077416085,0.014959998,0.18805,4.70044,0.33261678
