X var,Y var,MIC (strength),MIC-p^2 (nonlinearity),MAS (non-monotonicity),MEV (functionality),MCN (complexity),Linear regression (p)
call4,rl,0.27842,0.05337967,0.043530002,0.27842,4.70044,0.47438416
mit,all,0.27805,-0.046383202,0.03963001,0.27805,4.70044,0.5695904
mit,call4,0.27725,0.08950153,0.042009994,0.27725,4.70044,0.4332995
all,call4,0.27346,0.1014625,0.05686,0.27346,4.70044,0.4147258
all,rl,0.20235,0.117394745,0.033990003,0.20235,4.70044,0.29147086
mit,rl,0.19643,0.1736525,0.01734,0.19643,4.70044,0.15092215
