X var,Y var,MIC (strength),MIC-p^2 (nonlinearity),MAS (non-monotonicity),MEV (functionality),MCN (complexity),Linear regression (p)
all,rl,0.49451,0.07789606,0.09687999,0.48441,5.0,0.6454564
mit,rl,0.32758,0.22437745,0.071779996,0.31627,5.0,-0.32125154
all,call4,0.21335,0.21311367,0.12265,0.20364,5.0,0.015373207
mit,all,0.20712,0.20352484,0.01924999,0.19812,5.0,-0.059959654
call4,rl,0.1988,0.19154154,0.12288,0.18975,5.0,0.08519664
mit,call4,0.19746,0.19475704,0.12497,0.18907,5.0,-0.051989865
