X var,Y var,MIC (strength),MIC-p^2 (nonlinearity),MAS (non-monotonicity),MEV (functionality),MCN (complexity),Linear regression (p)
call4,rl,0.23532,0.045091733,0.020910002,0.23532,5.087463,0.43615165
mit,call4,0.20239,0.14311229,0.013849996,0.20239,5.087463,0.24347015
all,call4,0.19445,0.11032218,0.02249001,0.19445,5.087463,0.29004797
all,rl,0.16942,0.12119609,0.008730002,0.16942,5.087463,0.21959943
mit,all,0.16206,0.09526309,0.008779988,0.16206,5.087463,0.25845096
mit,rl,0.16092,0.14253432,0.01283,0.16092,5.087463,0.13559377
