X var,Y var,MIC (strength),MIC-p^2 (nonlinearity),MAS (non-monotonicity),MEV (functionality),MCN (complexity),Linear regression (p)
call4,rl,0.25008,0.21258342,0.03220001,0.25008,5.087463,0.19364032
all,call4,0.202,0.12807056,0.025470003,0.202,5.087463,0.2718997
mit,call4,0.19547,0.099799715,0.017700002,0.19547,5.087463,0.30930614
mit,rl,0.18829,0.18437585,0.03554,0.18829,5.087463,-0.06256309
mit,all,0.1811,0.13780092,0.01912,0.1811,5.087463,0.2080843
all,rl,0.16135,0.16134937,0.01022999,0.16135,5.087463,7.955529E-4
