X var,Y var,MIC (strength),MIC-p^2 (nonlinearity),MAS (non-monotonicity),MEV (functionality),MCN (complexity),Linear regression (p)
all,call4,0.22612,0.17378208,0.027490005,0.22612,5.2479277,0.2287748
mit,call4,0.20155,0.18027006,0.021740004,0.20155,5.2479277,0.14587647
call4,rl,0.20069,0.14614919,0.011550002,0.20069,5.2479277,0.23353975
mit,rl,0.19429,0.19345234,0.04514,0.19429,5.2479277,0.028942263
all,rl,0.18347,0.15103437,0.011600003,0.18347,5.2479277,0.18009894
mit,all,0.16631,0.015015006,0.008199997,0.16631,5.2479277,0.38896656
