X var,Y var,MIC (strength),MIC-p^2 (nonlinearity),MAS (non-monotonicity),MEV (functionality),MCN (complexity),Linear regression (p)
call4,rl,0.22974,0.17256846,0.027629986,0.22974,5.2479277,0.2391057
all,call4,0.22822,0.12290221,0.028719999,0.22822,5.2479277,0.32452703
mit,all,0.22609,0.023497298,0.040570006,0.22609,5.2479277,0.45010298
mit,call4,0.21918,0.09686262,0.018809997,0.21918,5.2479277,0.34973902
all,rl,0.18024,0.13695472,0.026090011,0.18024,5.2479277,0.20805115
mit,rl,0.17245,0.16808262,0.02691,0.17245,5.2479277,0.06608614
