X var,Y var,MIC (strength),MIC-p^2 (nonlinearity),MAS (non-monotonicity),MEV (functionality),MCN (complexity),Linear regression (p)
all,rl,0.75722,0.55535704,0.21144998,0.75722,4.70044,-0.4492916
call4,rl,0.61214,-0.08488512,0.07049,0.61214,4.70044,0.8348803
all,call4,0.55159,0.3695221,0.088750005,0.55159,4.70044,-0.4266942
mit,rl,0.31863,0.1969132,0.054700017,0.31863,4.70044,0.34887937
mit,all,0.3107,0.24811871,0.055900007,0.3107,4.70044,0.2501625
mit,call4,0.29177,0.20236877,0.06616001,0.29177,4.4594316,0.2990004
