X var,Y var,MIC (strength),MIC-p^2 (nonlinearity),MAS (non-monotonicity),MEV (functionality),MCN (complexity),Linear regression (p)
call4,rl,0.27535,0.07661456,0.018380001,0.27535,5.087463,0.44579753
mit,call4,0.19663,0.13627446,0.021220006,0.19663,5.087463,0.24567364
all,call4,0.1878,0.103002526,0.020070001,0.1878,5.087463,0.29120007
mit,all,0.16716,0.09923705,0.01334,0.16716,5.087463,0.26062033
all,rl,0.16383,0.11424571,0.019610003,0.16383,5.087463,0.22267528
mit,rl,0.16186,0.14087822,0.01565,0.16186,5.087463,0.14485092
