X var,Y var,MIC (strength),MIC-p^2 (nonlinearity),MAS (non-monotonicity),MEV (functionality),MCN (complexity),Linear regression (p)
call4,rl,0.2907,-0.25129834,0.03109999,0.2907,5.0,0.73620534
all,rl,0.203,-0.15944521,0.023529999,0.203,5.0,0.6020342
mit,all,0.20147,-0.24239711,0.03645,0.20147,5.0,0.66623354
mit,call4,0.1979,-0.22130212,0.023179993,0.1979,5.0,0.6474582
mit,rl,0.18651,-0.20208773,0.014299996,0.18651,5.0,0.6233761
all,call4,0.18479,-0.20899893,0.013270006,0.18479,5.0,0.62752604
