X var,Y var,MIC (strength),MIC-p^2 (nonlinearity),MAS (non-monotonicity),MEV (functionality),MCN (complexity),Linear regression (p)
mit,all,0.21027,-0.11379354,0.025920004,0.19922,5.0,0.5692658
all,rl,0.20329,-0.06254779,0.024350002,0.19341,5.0,0.5155946
call4,rl,0.20328,-0.16324976,0.02442,0.19607,5.0,0.605417
all,call4,0.18577,-0.09668636,0.012480006,0.17723,5.0,0.53146625
mit,call4,0.18527,-0.1259938,0.041160002,0.1764,5.0,0.5579102
mit,rl,0.14857,-0.124035925,0.023379996,0.14146,5.0,0.5221168
