X var,Y var,MIC (strength),MIC-p^2 (nonlinearity),MAS (non-monotonicity),MEV (functionality),MCN (complexity),Linear regression (p)
call4,rl,0.24677,0.0722419,0.01722999,0.24677,4.807355,0.4177656
mit,rl,0.21963,0.21947744,0.07233,0.21963,4.807355,-0.012351574
mit,all,0.1992,0.17962034,0.019809999,0.1992,4.807355,0.13992734
mit,call4,0.16541,0.14965911,0.034089997,0.16541,4.807355,0.12550251
all,call4,0.16229,0.12164797,0.042550005,0.16229,4.807355,0.20159872
all,rl,0.16123,0.14421225,0.028129995,0.16123,4.807355,0.13045213
