X var,Y var,MIC (strength),MIC-p^2 (nonlinearity),MAS (non-monotonicity),MEV (functionality),MCN (complexity),Linear regression (p)
mit,rl,0.34578,0.020529538,0.054120004,0.34578,5.2479277,-0.5703073
all,rl,0.28219,0.2075581,0.018690005,0.28219,5.2479277,0.2731884
mit,all,0.18049,0.17964096,0.023490004,0.18049,5.2479277,0.029138364
call4,rl,0.17967,0.13160282,0.114190005,0.17967,5.2479277,0.2192423
all,call4,0.17022,0.144742,0.12897,0.17022,5.2479277,0.1596183
mit,call4,0.15956,0.125305,0.11005999,0.15956,5.2479277,-0.18508108
