X var,Y var,MIC (strength),MIC-p^2 (nonlinearity),MAS (non-monotonicity),MEV (functionality),MCN (complexity),Linear regression (p)
call4,rl,0.29503,0.05931364,0.028629988,0.29503,5.0,0.4855063
all,call4,0.22126,0.024682626,0.030709997,0.22126,5.0,0.44337046
mit,all,0.19961,0.1321557,0.025580004,0.19961,5.0,0.25971964
all,rl,0.19618,0.16264194,0.013669997,0.19618,5.0,0.18313399
mit,call4,0.17969,0.13658267,0.020330012,0.17969,5.0,0.20762305
mit,rl,0.17448,0.15611957,0.016029999,0.17448,5.0,0.1355007
