X var,Y var,MIC (strength),MIC-p^2 (nonlinearity),MAS (non-monotonicity),MEV (functionality),MCN (complexity),Linear regression (p)
call4,rl,0.31626,-0.06316587,0.028490007,0.31626,4.807355,0.61597556
all,call4,0.23659,0.13510263,0.028969996,0.23659,4.807355,0.31857082
mit,all,0.23061,0.08904214,0.047429994,0.23061,4.807355,0.37625504
mit,call4,0.20101,0.11447262,0.050170004,0.20101,4.807355,0.29417238
all,rl,0.17698,0.11108528,0.03616,0.17698,4.807355,0.25669968
mit,rl,0.16249,0.12139611,0.028519988,0.16249,4.807355,0.20271626
