X var,Y var,MIC (strength),MIC-p^2 (nonlinearity),MAS (non-monotonicity),MEV (functionality),MCN (complexity),Linear regression (p)
call4,rl,0.2597,-0.11132473,0.019799992,0.25279,5.321928,0.609118
mit,call4,0.18423,-0.14436567,0.01658,0.17613,5.321928,0.57323265
mit,all,0.18329,-0.13389194,0.025139999,0.17692,5.321928,0.5631891
all,call4,0.18195,-0.7515472,0.019539997,0.17427,5.321928,0.96617657
mit,rl,0.18178,0.066202044,0.029150002,0.17485,5.321928,0.33996758
all,rl,0.17095,-0.16961509,0.012319997,0.1632,5.321928,0.58357954
