X var,Y var,MIC (strength),MIC-p^2 (nonlinearity),MAS (non-monotonicity),MEV (functionality),MCN (complexity),Linear regression (p)
call4,rl,0.26799,0.038355038,0.033409998,0.26799,5.087463,0.47920242
mit,all,0.22706,0.12575054,0.035050005,0.22706,5.087463,0.3182915
all,call4,0.21661,0.1392192,0.025880001,0.21661,5.087463,0.27819204
mit,call4,0.21183,0.17077132,0.029029995,0.21183,5.087463,0.20262943
all,rl,0.17969,0.13513805,0.011390001,0.17969,5.087463,0.21107332
mit,rl,0.16836,0.15716715,0.01117,0.16836,5.087463,0.10579624
