X var,Y var,MIC (strength),MIC-p^2 (nonlinearity),MAS (non-monotonicity),MEV (functionality),MCN (complexity),Linear regression (p)
call4,rl,0.2126,0.049528435,0.018309996,0.20445,5.321928,0.4038212
all,rl,0.18262,0.13908833,0.03005001,0.17642,5.321928,0.20864247
mit,rl,0.1819,0.16662167,0.028010003,0.17499,5.321928,0.123605505
mit,call4,0.17542,0.11973001,0.036610007,0.1694,5.321928,0.23598728
all,call4,0.174,0.118111104,0.012079999,0.16645,5.321928,0.23640831
mit,all,0.1715,0.12138291,0.009849995,0.16573,5.321928,0.22386847
