X var,Y var,MIC (strength),MIC-p^2 (nonlinearity),MAS (non-monotonicity),MEV (functionality),MCN (complexity),Linear regression (p)
call4,rl,0.33732,0.17395179,0.058569998,0.33732,5.0,0.40418833
all,call4,0.21691,0.015490875,0.02519001,0.21691,5.0,0.44879743
mit,rl,0.20697,0.1901276,0.037250005,0.20697,5.0,0.12977833
mit,call4,0.19274,0.17005561,0.02166,0.19274,5.0,0.15061334
mit,all,0.18064,0.13561271,0.014029995,0.18064,5.0,0.21219635
all,rl,0.17775,0.15537825,0.01674001,0.17775,5.0,0.14957191
