X var,Y var,MIC (strength),MIC-p^2 (nonlinearity),MAS (non-monotonicity),MEV (functionality),MCN (complexity),Linear regression (p)
call4,rl,0.30218,0.03379613,0.03707999,0.30218,5.0,0.51805776
all,rl,0.21621,0.15870139,0.043400005,0.21621,5.0,0.23980951
mit,rl,0.19883,0.16422926,0.024279997,0.19883,5.0,0.18601273
mit,all,0.19299,0.122638956,0.015429996,0.19299,5.0,0.26523772
all,call4,0.18273,0.05131644,0.023430005,0.18273,5.0,0.3625101
mit,call4,0.16247,0.12910113,0.015819997,0.16247,5.0,0.18267149
