X var,Y var,MIC (strength),MIC-p^2 (nonlinearity),MAS (non-monotonicity),MEV (functionality),MCN (complexity),Linear regression (p)
call4,rl,0.2539,0.1244096,0.015710011,0.2472,5.0,0.35984772
all,call4,0.23936,0.19265217,0.018350005,0.2291,5.0,0.21611997
mit,all,0.23407,0.19402538,0.03591001,0.22382,5.0,0.20011151
mit,call4,0.2138,0.08509722,0.042730004,0.20265,5.0,0.35875168
all,rl,0.1894,0.16979283,0.018340006,0.18161,5.0,0.14002562
mit,rl,0.18729,0.16556469,0.01563,0.17647,5.0,0.1473951
