X var,Y var,MIC (strength),MIC-p^2 (nonlinearity),MAS (non-monotonicity),MEV (functionality),MCN (complexity),Linear regression (p)
all,rl,0.4893,-0.1677447,0.06968999,0.4893,4.807355,0.81058294
mit,rl,0.40004,0.14530745,0.07770999,0.40004,5.0,-0.5047104
mit,all,0.3375,0.09473337,0.07598001,0.3375,4.169925,-0.49271354
call4,rl,0.29728,-0.19173071,0.13507001,0.29728,5.087463,0.699293
all,call4,0.27664,0.06342825,0.13458,0.27664,5.087463,0.46174857
mit,call4,0.2358,0.12091364,0.08996999,0.2358,5.087463,-0.3389489
