X var,Y var,MIC (strength),MIC-p^2 (nonlinearity),MAS (non-monotonicity),MEV (functionality),MCN (complexity),Linear regression (p)
call4,rl,0.26882,0.03429444,0.027559996,0.26152,5.321928,0.48427838
mit,all,0.18846,0.016407236,0.01314,0.18013,5.321928,0.41479245
mit,call4,0.17818,0.012996212,0.012480006,0.1707,5.321928,0.40642807
all,rl,0.17404,0.025889218,0.014730006,0.16586,5.321928,0.3849036
mit,rl,0.1729,0.13984188,0.029290006,0.16693,5.321928,0.18181893
all,call4,0.1698,-0.36540055,0.0077099986,0.16409,5.321928,0.731574
