X var,Y var,MIC (strength),MIC-p^2 (nonlinearity),MAS (non-monotonicity),MEV (functionality),MCN (complexity),Linear regression (p)
all,rl,0.40096,-0.045250118,0.048859984,0.40096,4.9068904,0.6679896
mit,call4,0.30101,0.20474583,0.16547002,0.30101,4.9068904,-0.3102647
mit,all,0.28207,0.2685915,0.085420005,0.28207,4.9068904,0.11609704
all,call4,0.225,0.20517278,0.17706999,0.225,4.9068904,-0.14080918
mit,rl,0.20512,0.2046714,0.01794,0.20512,4.9068904,0.02118023
call4,rl,0.19999,0.19908756,0.10602,0.19999,4.9068904,-0.030040652
