X var,Y var,MIC (strength),MIC-p^2 (nonlinearity),MAS (non-monotonicity),MEV (functionality),MCN (complexity),Linear regression (p)
call4,rl,0.36671,0.05599326,0.038370013,0.36671,4.9068904,0.5574197
mit,rl,0.23344,0.21348089,0.03971,0.23344,4.9068904,0.14127673
mit,call4,0.2201,0.15392396,0.01741001,0.2201,4.9068904,0.25724703
all,call4,0.18723,0.13765505,0.032409996,0.18723,4.9068904,0.22265433
all,rl,0.18627,0.16910198,0.049960002,0.18627,4.9068904,0.13102677
mit,all,0.17428,0.116112985,0.020370003,0.17428,4.9068904,0.2411784
