X var,Y var,MIC (strength),MIC-p^2 (nonlinearity),MAS (non-monotonicity),MEV (functionality),MCN (complexity),Linear regression (p)
call4,rl,0.35372,0.042776167,0.03294,0.35372,4.9068904,0.5576234
mit,rl,0.2585,0.23504075,0.05307001,0.2585,4.9068904,0.15316413
mit,call4,0.21396,0.14826447,0.024460003,0.21396,4.9068904,0.25631142
all,rl,0.2048,0.18637463,0.04038,0.2048,4.9068904,0.13574004
all,call4,0.20314,0.15931915,0.041289993,0.20314,4.9068904,0.20933433
mit,all,0.20274,0.14789243,0.039739996,0.20274,4.9068904,0.23419558
