X var,Y var,MIC (strength),MIC-p^2 (nonlinearity),MAS (non-monotonicity),MEV (functionality),MCN (complexity),Linear regression (p)
all,rl,0.39495,-0.017428964,0.050029993,0.39495,5.087463,0.6421674
mit,rl,0.25644,-0.027668297,0.030080006,0.25644,5.087463,-0.5330181
call4,rl,0.23448,-0.13291192,0.03509,0.23448,5.087463,0.60612863
all,call4,0.21013,0.12227061,0.10179,0.21013,5.087463,0.29641086
mit,call4,0.20222,0.03901489,0.03312999,0.20222,5.087463,-0.4039865
mit,all,0.17189,0.15501976,0.011360005,0.17189,5.087463,-0.12988551
