X var,Y var,MIC (strength),MIC-p^2 (nonlinearity),MAS (non-monotonicity),MEV (functionality),MCN (complexity),Linear regression (p)
all,rl,0.60216,-0.16406906,0.046300054,0.58982,5.0,0.8753451
mit,rl,0.46783,0.31322253,0.030099988,0.46086,5.0,-0.3932016
mit,all,0.33602,0.24286869,0.024919987,0.32401,5.0,-0.30520698
mit,call4,0.20825,0.19042738,0.14636001,0.1956,5.0,-0.13350138
all,call4,0.18201,0.14715622,0.11246999,0.17222,5.0,0.18669164
call4,rl,0.17085,0.16381781,0.09752999,0.16147,5.0,0.083858125
