X var,Y var,MIC (strength),MIC-p^2 (nonlinearity),MAS (non-monotonicity),MEV (functionality),MCN (complexity),Linear regression (p)
call4,rl,0.27001,0.16344273,0.025589988,0.25827,5.0,0.3264464
all,call4,0.21823,0.18848078,0.029419988,0.20649,5.0,0.1724796
mit,call4,0.20922,0.05430767,0.04162,0.20075,5.0,0.39358905
mit,all,0.20559,0.17296548,0.020309996,0.19766,5.0,0.18062256
mit,rl,0.19758,0.1779061,0.03526,0.1871,5.0,0.14026368
all,rl,0.18959,0.1746864,0.03827001,0.18169,5.0,0.12208035
