X var,Y var,MIC (strength),MIC-p^2 (nonlinearity),MAS (non-monotonicity),MEV (functionality),MCN (complexity),Linear regression (p)
call4,rl,0.27593,0.083149806,0.027539998,0.26853,5.0,0.4390674
mit,call4,0.21136,0.10213793,0.03175,0.20096,5.0,0.3304876
all,call4,0.20901,0.13135698,0.00722,0.19885,5.0,0.27866292
all,rl,0.19643,0.15847345,0.016259998,0.18792,5.0,0.19482441
mit,all,0.19621,0.13095258,0.02767,0.18716,5.0,0.25545532
mit,rl,0.1701,0.13295367,0.015249997,0.15925,5.0,0.19273381
