X var,Y var,MIC (strength),MIC-p^2 (nonlinearity),MAS (non-monotonicity),MEV (functionality),MCN (complexity),Linear regression (p)
call4,rl,0.33544,-0.15319249,0.015180007,0.33544,4.9068904,0.69902253
mit,call4,0.20947,-0.17046869,0.014160007,0.20947,4.9068904,0.61639166
mit,rl,0.2031,-0.09616026,0.023189992,0.2031,4.9068904,0.54704684
mit,all,0.19143,-0.17611188,0.018580005,0.19143,4.9068904,0.6062523
all,rl,0.18802,-0.0547802,0.014030002,0.18802,4.9068904,0.4927476
all,call4,0.18046,-0.12438765,0.013409995,0.18046,4.9068904,0.5521301
