X var,Y var,MIC (strength),MIC-p^2 (nonlinearity),MAS (non-monotonicity),MEV (functionality),MCN (complexity),Linear regression (p)
call4,rl,0.28806,0.11260186,0.105399996,0.28806,4.70044,0.41887724
mit,call4,0.25021,0.15854159,0.067839995,0.25021,4.70044,0.3027679
mit,all,0.23467,0.06665416,0.021790005,0.23467,4.70044,0.40989736
all,call4,0.22561,0.11618891,0.044410005,0.22561,4.70044,0.33078858
mit,rl,0.22505,0.2132444,0.042600006,0.22505,4.70044,0.1086536
all,rl,0.18767,0.13391411,0.032120004,0.18767,4.70044,0.23185317
