X var,Y var,MIC (strength),MIC-p^2 (nonlinearity),MAS (non-monotonicity),MEV (functionality),MCN (complexity),Linear regression (p)
all,rl,0.29999,-0.05135566,0.06373,0.29081,5.087463,0.5927442
mit,all,0.2054,0.20406322,0.022239998,0.19274,5.087463,-0.03656211
mit,rl,0.19655,0.14483653,0.04456,0.18871,5.087463,-0.22740595
all,call4,0.18308,0.1320729,0.14894,0.17857,5.087463,0.22584753
mit,call4,0.16442,0.16438855,0.14969999,0.15166,5.087463,-0.005607117
call4,rl,0.08526,0.04617891,0.060499996,0.08247,5.087463,0.19768937
