X var,Y var,MIC (strength),MIC-p^2 (nonlinearity),MAS (non-monotonicity),MEV (functionality),MCN (complexity),Linear regression (p)
all,call4,0.22055,0.11306648,0.020879999,0.22055,5.2479277,0.3278468
mit,call4,0.20628,0.16233402,0.03622,0.20628,5.2479277,0.20963293
mit,all,0.19813,0.114854194,0.020159997,0.19813,5.2479277,0.28857547
call4,rl,0.19795,0.11376479,0.027140006,0.19795,5.2479277,0.2901469
all,rl,0.18076,0.11701831,0.014619991,0.18076,5.2479277,0.25247115
mit,rl,0.16522,0.15577842,0.010739997,0.16522,5.2479277,0.097167805
