X var,Y var,MIC (strength),MIC-p^2 (nonlinearity),MAS (non-monotonicity),MEV (functionality),MCN (complexity),Linear regression (p)
call4,rl,0.28201,0.15298188,0.021329999,0.27051,5.0,0.35920483
all,call4,0.21634,0.15482898,0.02414,0.20812,5.0,0.24801417
mit,all,0.21104,0.15293932,0.02482,0.20089,5.0,0.24104084
mit,rl,0.20472,0.17801112,0.03182,0.19524,5.0,0.16342854
mit,call4,0.20328,0.032637104,0.051029995,0.19451,5.0,0.41308945
all,rl,0.17853,0.15745151,0.022149995,0.1686,5.0,0.14518432
