X var,Y var,MIC (strength),MIC-p^2 (nonlinearity),MAS (non-monotonicity),MEV (functionality),MCN (complexity),Linear regression (p)
call4,rl,0.24511,-0.15672055,0.018040001,0.24511,4.70044,0.63390106
all,call4,0.21698,-0.09250294,0.031829998,0.21698,4.70044,0.5563119
all,rl,0.2054,-0.08075546,0.027569994,0.2054,4.70044,0.534935
mit,rl,0.20468,-0.1243414,0.04963,0.20468,4.70044,0.57360387
mit,all,0.19596,-0.09792684,0.021830007,0.19596,4.70044,0.5421133
mit,call4,0.17618,-0.11069542,0.017530002,0.17618,4.70044,0.5356075
