X var,Y var,MIC (strength),MIC-p^2 (nonlinearity),MAS (non-monotonicity),MEV (functionality),MCN (complexity),Linear regression (p)
all,rl,0.38302,-0.038438022,0.027849987,0.37369,5.087463,0.649198
mit,rl,0.25241,0.21497941,0.04186,0.24274,5.087463,-0.19346985
mit,all,0.19351,0.18554765,0.01568,0.18493,5.087463,-0.08923196
all,call4,0.17397,0.03702487,0.11769,0.1651,5.087463,0.37006098
call4,rl,0.16893,-0.0873833,0.09451,0.16226,5.087463,0.5062739
mit,call4,0.16836,0.1681122,0.13766,0.16044,5.087463,-0.015741272
