X var,Y var,MIC (strength),MIC-p^2 (nonlinearity),MAS (non-monotonicity),MEV (functionality),MCN (complexity),Linear regression (p)
all,rl,0.66755,0.66619325,0.32073,0.66755,4.70044,0.03683485
call4,rl,0.57268,0.11205429,0.052349985,0.57268,4.70044,0.6786941
all,call4,0.51092,0.47537228,0.19075999,0.51092,4.169925,-0.18854097
mit,call4,0.22632,0.20590964,0.06163001,0.22632,4.70044,-0.14286485
mit,all,0.21779,0.21429922,0.05398999,0.21779,4.70044,0.059082743
mit,rl,0.20711,0.19021453,0.032969996,0.20711,4.70044,-0.12998258
