X var,Y var,MIC (strength),MIC-p^2 (nonlinearity),MAS (non-monotonicity),MEV (functionality),MCN (complexity),Linear regression (p)
call4,rl,0.34684,0.03453508,0.026500002,0.34684,4.9068904,0.5588425
mit,all,0.20152,0.14556342,0.03298001,0.20152,4.9068904,0.23655142
all,rl,0.19316,0.16676797,0.023450002,0.19316,4.9068904,0.16245621
mit,call4,0.1877,0.13213041,0.017159998,0.1877,4.9068904,0.23573202
all,call4,0.17979,0.13469836,0.028190002,0.17979,4.9068904,0.21234792
mit,rl,0.17342,0.15234755,0.025370002,0.17342,4.9068904,0.14516352
