X var,Y var,MIC (strength),MIC-p^2 (nonlinearity),MAS (non-monotonicity),MEV (functionality),MCN (complexity),Linear regression (p)
mit,call4,0.24681,0.16057077,0.048030004,0.24681,4.70044,0.29366517
mit,all,0.23121,0.08673908,0.03920999,0.23121,4.70044,0.3800933
all,call4,0.22611,0.120266885,0.054539993,0.22611,4.70044,0.32533538
call4,rl,0.2222,0.05233924,0.0379,0.2222,4.70044,0.41214168
all,rl,0.18584,0.119214356,0.062499993,0.18584,4.70044,0.25811943
mit,rl,0.18167,0.1694802,0.04281999,0.18167,4.70044,0.11040737
