X var,Y var,MIC (strength),MIC-p^2 (nonlinearity),MAS (non-monotonicity),MEV (functionality),MCN (complexity),Linear regression (p)
call4,rl,0.27814,-0.18908805,0.021019995,0.27814,5.0,0.6835408
mit,all,0.21497,-0.08258286,0.04603,0.21497,5.0,0.54548407
all,rl,0.21092,-0.009044215,0.023310006,0.21092,5.0,0.46900344
all,call4,0.20648,-0.08280957,0.027560003,0.20648,5.0,0.53785646
mit,call4,0.19986,-0.06887245,0.027430013,0.19986,5.0,0.5183941
mit,rl,0.19158,-0.039525032,0.035919994,0.19158,5.0,0.48073384
