X var,Y var,MIC (strength),MIC-p^2 (nonlinearity),MAS (non-monotonicity),MEV (functionality),MCN (complexity),Linear regression (p)
call4,rl,0.22106,0.14788973,0.013319999,0.22106,5.2479277,0.27050003
mit,call4,0.21509,0.11460025,0.030599996,0.21509,5.2479277,0.3170012
all,call4,0.21215,0.09993569,0.02753,0.21215,5.2479277,0.33498403
mit,all,0.189,0.014889941,0.016789995,0.189,5.2479277,0.41726497
mit,rl,0.16765,0.16182452,0.016180001,0.16765,5.2479277,0.07632481
all,rl,0.16727,0.12318214,0.014130004,0.16727,5.2479277,0.2099711
