X var,Y var,MIC (strength),MIC-p^2 (nonlinearity),MAS (non-monotonicity),MEV (functionality),MCN (complexity),Linear regression (p)
all,rl,0.34184,-0.5940294,0.0545,0.34184,4.807355,0.9674035
mit,rl,0.29017,0.24229716,0.019119993,0.29017,4.807355,0.21879867
mit,all,0.21216,0.16448718,0.0127799995,0.21216,4.807355,0.21834105
mit,call4,0.2007,0.11040259,0.11598,0.2007,4.807355,0.30049527
call4,rl,0.16845,-0.68994015,0.040769994,0.16845,4.807355,0.92649347
all,call4,0.15524,-0.66986156,0.079339996,0.15524,4.807355,0.908351
