X var,Y var,MIC (strength),MIC-p^2 (nonlinearity),MAS (non-monotonicity),MEV (functionality),MCN (complexity),Linear regression (p)
call4,rl,0.25519,0.006010011,0.03864999,0.25519,5.087463,0.49917933
mit,rl,0.20745,0.18892296,0.02549,0.20745,5.087463,0.1361141
all,call4,0.2004,0.11831306,0.023489997,0.2004,5.087463,0.28650817
mit,call4,0.19629,0.15477249,0.020449996,0.19629,5.087463,0.20375846
all,rl,0.18559,0.1349563,0.008650005,0.18559,5.087463,0.22501934
mit,all,0.17884,0.06424282,0.010279998,0.17884,5.087463,0.33852205
