X var,Y var,MIC (strength),MIC-p^2 (nonlinearity),MAS (non-monotonicity),MEV (functionality),MCN (complexity),Linear regression (p)
all,rl,0.41963,0.04456061,0.07594001,0.41497,5.0,0.6124291
mit,rl,0.27674,0.124607876,0.025250018,0.26844,5.0,-0.3900412
mit,all,0.23059,0.22980742,0.018569998,0.22066,5.0,-0.027974544
all,call4,0.16694,0.1661235,0.14438,0.15538,5.0,-0.028574584
mit,call4,0.16309,0.13015544,0.12679,0.15418,5.0,0.1814788
call4,rl,0.10779,0.0943127,0.06666,0.10272,5.0,-0.11609178
