X var,Y var,MIC (strength),MIC-p^2 (nonlinearity),MAS (non-monotonicity),MEV (functionality),MCN (complexity),Linear regression (p)
all,rl,0.33834,0.05850029,0.09321001,0.33008,5.0,0.5289988
mit,rl,0.21624,0.1648829,0.103180006,0.20563,5.0,-0.22662108
mit,all,0.18212,0.18212,0.021340005,0.17437,5.0,3.646387E-5
mit,call4,0.15478,0.13757153,0.13161,0.15049,5.0,0.13118105
all,call4,0.13795,0.13726303,0.12881,0.13321,5.0,-0.026210254
call4,rl,0.02758,0.021891197,0.016770002,0.02758,3.807355,-0.07542416
