X var,Y var,MIC (strength),MIC-p^2 (nonlinearity),MAS (non-monotonicity),MEV (functionality),MCN (complexity),Linear regression (p)
mit,all,0.15635,-0.00231646,0.025150001,0.15051,5.321928,0.3983296
call4,rl,0.15438,-0.1507346,0.015239999,0.15096,5.321928,0.5523718
all,call4,0.14889,-0.6409307,0.011820003,0.14468,5.321928,0.8887186
mit,call4,0.13869,-0.01586847,0.011320002,0.13258,5.321928,0.39313924
all,rl,0.13637,-0.1259701,0.0092699975,0.13181,5.321928,0.5121915
mit,rl,0.13611,0.08129111,0.03842,0.13147,5.321928,0.23413432
