X var,Y var,MIC (strength),MIC-p^2 (nonlinearity),MAS (non-monotonicity),MEV (functionality),MCN (complexity),Linear regression (p)
call4,rl,0.23277,-0.21461824,0.027999997,0.23277,5.087463,0.66887087
mit,all,0.19076,-0.18460862,0.03778,0.19076,5.087463,0.61267334
all,call4,0.17832,-0.2067412,0.011099998,0.17832,5.087463,0.620533
mit,call4,0.1661,-0.15566224,0.01270999,0.1661,5.087463,0.5672409
all,rl,0.16446,-0.09720358,0.013660006,0.16446,5.087463,0.51153064
mit,rl,0.1615,-0.08791374,0.015129998,0.1615,5.087463,0.4994134
