X var,Y var,MIC (strength),MIC-p^2 (nonlinearity),MAS (non-monotonicity),MEV (functionality),MCN (complexity),Linear regression (p)
mit,all,0.29251,0.05627495,0.03716001,0.29251,4.70044,0.48604017
call4,rl,0.26159,0.0394585,0.052530006,0.26159,4.70044,0.4713083
mit,call4,0.25773,0.1575353,0.04337001,0.25773,4.70044,0.31653547
all,rl,0.24054,0.1487934,0.049569994,0.24054,4.70044,0.302897
all,call4,0.21661,0.087157235,0.02584,0.21661,4.70044,0.35979545
mit,rl,0.20813,0.18622804,0.020329997,0.20813,4.70044,0.14799315
