X var,Y var,MIC (strength),MIC-p^2 (nonlinearity),MAS (non-monotonicity),MEV (functionality),MCN (complexity),Linear regression (p)
call4,rl,0.25919,-0.18125388,0.014540002,0.25206,5.321928,0.66365945
mit,all,0.20242,-0.16266897,0.022009999,0.19438,5.321928,0.60422593
mit,rl,0.19665,-0.07975897,0.038279995,0.18873,5.321928,0.5257461
all,call4,0.18516,-0.18458073,0.014459997,0.17833,5.321928,0.6080631
mit,call4,0.1718,-0.22464989,0.014799997,0.16491,5.321928,0.62964267
all,rl,0.15264,-0.054887667,0.011700001,0.14665,5.321928,0.45555204
