X var,Y var,MIC (strength),MIC-p^2 (nonlinearity),MAS (non-monotonicity),MEV (functionality),MCN (complexity),Linear regression (p)
call4,rl,0.37341,0.037303507,0.058539987,0.37341,4.9068904,0.5797469
mit,all,0.20909,0.14324726,0.028589994,0.20909,4.9068904,0.25659838
mit,call4,0.20568,0.12728274,0.033069998,0.20568,4.9068904,0.2799951
all,call4,0.19715,0.13128242,0.046500012,0.19715,4.9068904,0.2566468
all,rl,0.19538,0.16668381,0.01798001,0.19538,4.9068904,0.1693995
mit,rl,0.19246,0.15765119,0.02719,0.19246,4.9068904,0.18657121
