X var,Y var,MIC (strength),MIC-p^2 (nonlinearity),MAS (non-monotonicity),MEV (functionality),MCN (complexity),Linear regression (p)
call4,rl,0.25908,0.038405284,0.011859998,0.25135,5.321928,0.46976027
mit,all,0.1896,0.095040545,0.012450002,0.18253,5.321928,0.30750522
mit,call4,0.17749,0.08860327,0.012459993,0.16959,5.321928,0.29813877
mit,rl,0.16567,0.14704481,0.022099994,0.16013,5.321928,0.1364741
all,call4,0.16141,0.067340694,0.00838,0.15472,5.321928,0.3067072
all,rl,0.15995,0.11456816,0.006549999,0.15372,5.321928,0.21303016
