X var,Y var,MIC (strength),MIC-p^2 (nonlinearity),MAS (non-monotonicity),MEV (functionality),MCN (complexity),Linear regression (p)
call4,rl,0.23472,0.0085015595,0.009089991,0.22897,5.321928,0.47562426
mit,all,0.18946,0.0439322,0.03053999,0.18136,5.321928,0.38148105
mit,rl,0.17097,0.1458926,0.024100006,0.16447,5.321928,0.15835842
all,rl,0.1623,0.055860795,0.013810009,0.15535,5.321928,0.32625023
mit,call4,0.15364,0.024682835,0.01743,0.14714,5.321928,0.35910606
all,call4,0.15012,-0.27085036,0.0111500025,0.14395,5.321928,0.6488223
