X var,Y var,MIC (strength),MIC-p^2 (nonlinearity),MAS (non-monotonicity),MEV (functionality),MCN (complexity),Linear regression (p)
call4,rl,0.27552,0.059783652,0.011709988,0.27552,5.087463,0.46447426
mit,all,0.20947,0.12639838,0.047759995,0.20947,5.087463,0.28822148
mit,rl,0.20904,0.18885915,0.027009994,0.20904,5.087463,0.14205931
all,call4,0.1915,0.10638102,0.012220003,0.1915,5.087463,0.29175156
mit,call4,0.19146,0.13589713,0.014630005,0.19146,5.087463,0.23571779
all,rl,0.1786,0.124754965,0.009229995,0.1786,5.087463,0.23204532
