X var,Y var,MIC (strength),MIC-p^2 (nonlinearity),MAS (non-monotonicity),MEV (functionality),MCN (complexity),Linear regression (p)
call4,rl,0.33713,0.06694904,0.015349999,0.33713,4.807355,0.51978934
mit,all,0.2322,0.21477132,0.045450002,0.2322,4.807355,0.13201775
mit,call4,0.21548,0.21089812,0.043149993,0.21548,4.807355,0.06768963
mit,rl,0.21408,0.2100413,0.04077001,0.21408,4.807355,-0.06355083
all,rl,0.20443,0.1798319,0.028300002,0.20443,4.807355,0.15683778
all,call4,0.19221,0.16748232,0.038660005,0.19221,4.807355,0.1572504
