X var,Y var,MIC (strength),MIC-p^2 (nonlinearity),MAS (non-monotonicity),MEV (functionality),MCN (complexity),Linear regression (p)
call4,rl,0.37352,0.03894618,0.049019992,0.37352,4.9068904,0.57842356
all,call4,0.249,0.18581378,0.08041,0.249,4.9068904,0.25136867
mit,call4,0.24064,0.16370863,0.045739993,0.24064,4.9068904,0.27736506
all,rl,0.20985,0.18583436,0.02189,0.20985,4.9068904,0.1549698
mit,all,0.20426,0.13726062,0.01839,0.20426,4.9068904,0.2588424
mit,rl,0.19102,0.1595455,0.008289997,0.19102,4.9068904,0.17741053
