X var,Y var,MIC (strength),MIC-p^2 (nonlinearity),MAS (non-monotonicity),MEV (functionality),MCN (complexity),Linear regression (p)
call4,rl,0.32277,0.13799594,0.118599996,0.32277,4.70044,0.42985353
mit,all,0.24669,0.12596607,0.04066001,0.24669,4.70044,0.3474535
all,rl,0.22736,0.18468246,0.052330002,0.22736,4.70044,0.20658544
all,call4,0.21623,0.11534473,0.03343001,0.21623,4.70044,0.31762442
mit,call4,0.21043,0.13848636,0.013719998,0.21043,4.70044,0.26822314
mit,rl,0.1786,0.16750775,0.022639997,0.1786,4.70044,0.105319746
