X var,Y var,MIC (strength),MIC-p^2 (nonlinearity),MAS (non-monotonicity),MEV (functionality),MCN (complexity),Linear regression (p)
all,rl,0.40821,-0.5204506,0.029170007,0.40821,4.807355,0.9636704
mit,rl,0.30055,0.2174354,0.027880013,0.30055,4.807355,0.28829604
mit,all,0.24272,0.19616199,0.025579989,0.24272,4.807355,0.21577305
call4,rl,0.22656,-0.7222713,0.15483999,0.22656,4.807355,0.9740797
all,call4,0.19162,-0.66959405,0.11975001,0.19162,4.807355,0.9280162
mit,call4,0.18156,0.052794456,0.10778999,0.18156,4.807355,0.35883915
