X var,Y var,MIC (strength),MIC-p^2 (nonlinearity),MAS (non-monotonicity),MEV (functionality),MCN (complexity),Linear regression (p)
call4,rl,0.30686,0.0013671815,0.030359998,0.30686,5.0,0.55271405
all,call4,0.21378,0.06454474,0.01659,0.21378,5.0,0.3863098
all,rl,0.21077,0.14196947,0.039629996,0.21077,5.0,0.26229852
mit,all,0.18803,0.093836874,0.012039997,0.18803,5.0,0.306909
mit,call4,0.17475,0.11510596,0.009290002,0.17475,5.0,0.2442213
mit,rl,0.15922,0.12184389,0.016029999,0.15922,5.0,0.19332902
