X var,Y var,MIC (strength),MIC-p^2 (nonlinearity),MAS (non-monotonicity),MEV (functionality),MCN (complexity),Linear regression (p)
all,call4,0.2099,-0.022999048,0.055630013,0.2099,5.087463,0.48259616
call4,rl,0.18729,-0.0034989864,0.018480003,0.18729,5.087463,0.43679398
mit,all,0.17303,0.0075277537,0.014990002,0.17303,5.087463,0.40681967
all,rl,0.17222,0.050257236,0.024300002,0.17222,5.087463,0.3492317
mit,rl,0.16527,0.11309184,0.012630001,0.16527,5.087463,0.22842538
mit,call4,0.15959,0.037424505,0.021200001,0.15959,5.087463,0.34952182
