X var,Y var,MIC (strength),MIC-p^2 (nonlinearity),MAS (non-monotonicity),MEV (functionality),MCN (complexity),Linear regression (p)
call4,rl,0.26217,0.021973148,0.011560008,0.26217,5.087463,0.4900988
mit,all,0.23176,0.12576702,0.06712,0.23176,5.087463,0.3255656
all,call4,0.19622,0.108570576,0.01991,0.19622,5.087463,0.29605645
mit,call4,0.19162,0.14774704,0.009440001,0.19162,5.087463,0.20945875
all,rl,0.18315,0.13053116,0.019390002,0.18315,5.087463,0.22938797
mit,rl,0.17261,0.1540828,0.0149899945,0.17261,5.087463,0.13611461
