X var,Y var,MIC (strength),MIC-p^2 (nonlinearity),MAS (non-monotonicity),MEV (functionality),MCN (complexity),Linear regression (p)
call4,rl,0.2251,0.020752758,0.021159992,0.21737,5.321928,0.45204782
mit,rl,0.18583,0.16206658,0.021019999,0.17826,5.321928,0.15415385
mit,call4,0.18466,0.09970212,0.024010003,0.17767,5.321928,0.29147536
all,call4,0.18446,-0.10341181,0.011300005,0.17629,5.321928,0.5365369
all,rl,0.15891,0.04547114,0.021509998,0.15229,5.321928,0.33680686
mit,all,0.15471,0.06533466,0.01306,0.14925,5.321928,0.29895708
