X var,Y var,MIC (strength),MIC-p^2 (nonlinearity),MAS (non-monotonicity),MEV (functionality),MCN (complexity),Linear regression (p)
call4,rl,0.37818,0.18474388,0.15620999,0.37818,4.9068904,0.43981373
all,rl,0.28147,0.23901759,0.03339,0.28147,4.9068904,0.20603983
mit,all,0.20714,0.20626065,0.033999994,0.20714,4.9068904,-0.029653743
mit,rl,0.19052,0.19017784,0.046680003,0.19052,4.9068904,-0.018497696
all,call4,0.18342,0.18110532,0.022180006,0.18342,4.9068904,-0.04811124
mit,call4,0.16294,0.14444546,0.01715,0.16294,4.9068904,-0.13599458
