X var,Y var,MIC (strength),MIC-p^2 (nonlinearity),MAS (non-monotonicity),MEV (functionality),MCN (complexity),Linear regression (p)
call4,rl,0.36453,0.046334475,0.059540004,0.36453,4.9068904,0.5640882
all,call4,0.20501,0.15605503,0.016139999,0.20501,4.9068904,0.2212577
mit,rl,0.20451,0.180964,0.026879996,0.20451,4.9068904,0.1534471
all,rl,0.19014,0.1640048,0.013570003,0.19014,4.9068904,0.1616638
mit,call4,0.18516,0.12320551,0.015389994,0.18516,4.9068904,0.24890658
mit,all,0.17899,0.124446616,0.01125,0.17899,4.9068904,0.23354527
