X var,Y var,MIC (strength),MIC-p^2 (nonlinearity),MAS (non-monotonicity),MEV (functionality),MCN (complexity),Linear regression (p)
all,rl,0.41118,-0.037186027,0.022320002,0.41118,5.2479277,0.6696014
mit,rl,0.27196,0.13528326,0.029960006,0.27196,5.2479277,-0.36969817
mit,all,0.19538,0.14221334,0.03824,0.19538,5.2479277,-0.23057897
mit,call4,0.16466,0.13736269,0.09041001,0.16466,5.2479277,-0.16521898
call4,rl,0.14971,0.12563244,0.06432,0.14971,5.2479277,0.15516949
all,call4,0.14775,0.1286897,0.077520005,0.14775,5.2479277,0.13805906
