X var,Y var,MIC (strength),MIC-p^2 (nonlinearity),MAS (non-monotonicity),MEV (functionality),MCN (complexity),Linear regression (p)
call4,rl,0.23317,0.011196718,0.014279991,0.22681,5.321928,0.4711404
all,call4,0.18766,-0.19561388,0.012029991,0.18025,5.321928,0.61909115
mit,all,0.18226,0.07152325,0.012400001,0.17611,5.321928,0.33277133
mit,rl,0.17682,0.15145935,0.025440007,0.16996,5.321928,0.15925026
all,rl,0.1712,0.040511683,0.024340004,0.16507,5.321928,0.3615084
mit,call4,0.16413,0.06427936,0.009570003,0.15731,5.321928,0.31599152
