X var,Y var,MIC (strength),MIC-p^2 (nonlinearity),MAS (non-monotonicity),MEV (functionality),MCN (complexity),Linear regression (p)
call4,rl,0.37094,0.027214736,0.061230004,0.37094,4.70044,0.5862809
all,rl,0.32261,0.3152304,0.059350014,0.32261,4.5849624,-0.085904546
all,call4,0.29657,0.29456475,0.013590008,0.29657,4.70044,-0.04478016
mit,all,0.27953,0.25359437,0.03295,0.27953,4.5849624,-0.16104542
mit,rl,0.27356,0.054981753,0.079529986,0.27356,4.70044,0.46752352
mit,call4,0.22562,-0.028365612,0.03728001,0.22562,4.70044,0.50396985
