X var,Y var,MIC (strength),MIC-p^2 (nonlinearity),MAS (non-monotonicity),MEV (functionality),MCN (complexity),Linear regression (p)
call4,rl,0.25686,0.124335304,0.010120004,0.25686,5.087463,0.3640394
mit,rl,0.21593,0.21575083,0.04153,0.21593,5.087463,0.0133853005
mit,all,0.20117,0.14086738,0.02234,0.20117,5.087463,0.24556589
mit,call4,0.19211,0.14862508,0.013219997,0.19211,5.087463,0.20853041
all,call4,0.18313,0.13555902,0.011219997,0.18313,5.087463,0.2181077
all,rl,0.17006,0.145976,0.0129700005,0.17006,5.087463,0.15519015
