X var,Y var,MIC (strength),MIC-p^2 (nonlinearity),MAS (non-monotonicity),MEV (functionality),MCN (complexity),Linear regression (p)
all,rl,0.40293,0.08610839,0.038289994,0.40293,4.9068904,0.5628691
mit,all,0.22226,0.21829572,0.020940006,0.22226,4.9068904,-0.06296253
mit,rl,0.20082,0.18535282,0.032709993,0.20082,4.9068904,-0.12436712
mit,call4,0.18772,0.18763703,0.12421,0.18772,4.9068904,0.0091088945
all,call4,0.18446,0.11681482,0.13396,0.18446,4.9068904,0.26008686
call4,rl,0.1514,-0.24001738,0.08174,0.1514,4.9068904,0.6256336
