X var,Y var,MIC (strength),MIC-p^2 (nonlinearity),MAS (non-monotonicity),MEV (functionality),MCN (complexity),Linear regression (p)
all,rl,0.57333,-0.21768671,0.053849995,0.57333,5.2479277,0.8893912
mit,rl,0.53081,0.15261051,0.04433,0.53081,5.2479277,-0.61497927
mit,all,0.44706,0.03136143,0.056050003,0.44706,5.2479277,-0.6447469
mit,call4,0.22931,0.1849007,0.115660004,0.22931,5.2479277,-0.21073517
all,call4,0.16326,0.16173552,0.0881,0.16326,5.2479277,0.03904459
call4,rl,0.15445,0.13586813,0.06305,0.15445,5.2479277,0.13631533
