X var,Y var,MIC (strength),MIC-p^2 (nonlinearity),MAS (non-monotonicity),MEV (functionality),MCN (complexity),Linear regression (p)
call4,rl,0.27246,0.22734022,0.05247,0.27246,5.087463,0.21241422
all,call4,0.19127,0.12327042,0.024609998,0.19127,5.087463,0.26076728
mit,call4,0.1909,0.10939753,0.030440003,0.1909,5.087463,0.28548637
mit,rl,0.16728,0.16257872,0.010100007,0.16728,5.087463,-0.06856596
all,rl,0.16371,0.16354309,0.011189997,0.16371,5.087463,0.0129190525
mit,all,0.15804,0.12401222,0.0069999993,0.15804,5.087463,0.18446623
