X var,Y var,MIC (strength),MIC-p^2 (nonlinearity),MAS (non-monotonicity),MEV (functionality),MCN (complexity),Linear regression (p)
call4,rl,0.24447,0.01925753,0.037149996,0.23813,5.321928,0.47456557
all,call4,0.20322,-0.2122298,0.028819993,0.1947,5.321928,0.64455396
all,rl,0.17728,0.043158025,0.021300003,0.17039,5.321928,0.36622667
mit,rl,0.17268,0.14489388,0.009149998,0.16588,5.321928,0.16669169
mit,call4,0.17168,0.044513673,0.020510003,0.16653,5.321928,0.3566039
mit,all,0.16579,0.0347192,0.012779996,0.15916,5.321928,0.36203703
