X var,Y var,MIC (strength),MIC-p^2 (nonlinearity),MAS (non-monotonicity),MEV (functionality),MCN (complexity),Linear regression (p)
mit,call4,0.47535,0.47529948,0.26345998,0.47535,4.807355,0.007108222
mit,rl,0.29838,0.07841778,0.048779994,0.29838,4.807355,-0.4690013
call4,rl,0.29233,0.19068429,0.14385,0.29233,4.807355,0.31881922
all,rl,0.25499,-0.055258304,0.025969997,0.25499,4.807355,0.5569994
all,call4,0.19737,0.18970776,0.08725999,0.19737,4.807355,0.087534234
mit,all,0.19728,0.15595925,0.04455,0.19728,4.807355,-0.20327508
