X var,Y var,MIC (strength),MIC-p^2 (nonlinearity),MAS (non-monotonicity),MEV (functionality),MCN (complexity),Linear regression (p)
all,rl,0.23561,0.11100515,0.03108,0.23561,5.2479277,0.3529941
mit,rl,0.22327,0.18775563,0.009020001,0.22327,5.2479277,0.18845257
call4,rl,0.17294,0.16818471,0.07676,0.17294,5.2479277,0.06895856
mit,all,0.17214,0.1711794,0.026329994,0.17214,5.2479277,0.030993488
mit,call4,0.16816,0.16303854,0.05222001,0.16816,5.2479277,-0.07156446
all,call4,0.14231,0.14222209,0.061319992,0.14231,5.2479277,-0.009375903
