X var,Y var,MIC (strength),MIC-p^2 (nonlinearity),MAS (non-monotonicity),MEV (functionality),MCN (complexity),Linear regression (p)
call4,rl,0.31408,-0.24786466,0.051349998,0.31408,5.0,0.7496297
all,call4,0.23009,-0.19175221,0.048819996,0.23009,5.0,0.6494938
mit,call4,0.21962,-0.25035745,0.045670003,0.21962,5.0,0.685549
mit,rl,0.2092,-0.21401471,0.024499997,0.2092,5.0,0.65054953
all,rl,0.19771,-0.15324077,0.016889997,0.19771,5.0,0.592411
mit,all,0.18818,-0.28835046,0.016919997,0.18818,5.0,0.69031185
