X var,Y var,MIC (strength),MIC-p^2 (nonlinearity),MAS (non-monotonicity),MEV (functionality),MCN (complexity),Linear regression (p)
call4,rl,0.23378,0.1347755,0.023489997,0.23378,5.087463,0.3146498
all,call4,0.23129,0.13957171,0.04354,0.23129,5.087463,0.30285028
mit,call4,0.17419,0.088091284,0.034199998,0.17419,5.087463,0.29342583
mit,all,0.17158,0.12049888,0.016850002,0.17158,5.087463,0.22601132
all,rl,0.16919,0.16480497,0.028109998,0.16919,5.087463,0.06621964
mit,rl,0.15698,0.15597531,0.022919998,0.15698,5.087463,-0.031696808
