X var,Y var,MIC (strength),MIC-p^2 (nonlinearity),MAS (non-monotonicity),MEV (functionality),MCN (complexity),Linear regression (p)
call4,rl,0.27173,0.04000096,0.044180006,0.27173,5.087463,0.48138243
all,call4,0.22815,0.14328983,0.03865999,0.22815,5.087463,0.29130766
mit,all,0.20611,0.114136666,0.04106,0.20611,5.087463,0.30327106
mit,call4,0.19997,0.15179935,0.0202,0.19997,5.087463,0.21947815
mit,rl,0.19644,0.17908409,0.034879997,0.19644,5.087463,0.13174184
all,rl,0.18018,0.13292451,0.018419996,0.18018,5.087463,0.21738327
