X var,Y var,MIC (strength),MIC-p^2 (nonlinearity),MAS (non-monotonicity),MEV (functionality),MCN (complexity),Linear regression (p)
mit,all,0.21612,0.025719658,0.032169998,0.2044,5.0,0.4363489
mit,call4,0.21573,0.06349057,0.039109997,0.20835,5.0,0.3901787
call4,rl,0.21101,0.071345076,0.042280003,0.20198,5.0,0.3737177
mit,rl,0.17499,0.04871443,0.0101,0.16509,5.0,0.35535273
all,rl,0.17344,0.013463378,0.022479996,0.16609,5.0,0.39997077
all,call4,0.16714,0.044777974,0.018490002,0.1563,5.0,0.34980285
