X var,Y var,MIC (strength),MIC-p^2 (nonlinearity),MAS (non-monotonicity),MEV (functionality),MCN (complexity),Linear regression (p)
call4,rl,0.26868,0.01999557,0.041310012,0.26868,4.9068904,0.4986827
mit,all,0.23037,0.052189708,0.062240005,0.23037,4.9068904,0.42211407
all,call4,0.19055,0.06142582,0.01823999,0.19055,4.9068904,0.35933852
mit,call4,0.19042,-0.015361264,0.021760002,0.19042,4.9068904,0.4536312
all,rl,0.18624,0.08819696,0.01557,0.18624,4.9068904,0.31311825
mit,rl,0.18276,0.028143182,0.017989993,0.18276,4.9068904,0.39321345
