X var,Y var,MIC (strength),MIC-p^2 (nonlinearity),MAS (non-monotonicity),MEV (functionality),MCN (complexity),Linear regression (p)
call4,rl,0.26028,0.021031722,0.027370006,0.25255,5.321928,0.48913014
mit,all,0.1862,0.034729317,0.020329997,0.17954,5.321928,0.38919234
all,call4,0.17389,-0.3440652,0.01083,0.16749,5.321928,0.71969104
mit,rl,0.16809,0.13805914,0.011040002,0.16034,5.321928,0.17329413
mit,call4,0.16297,0.022578284,0.01777,0.15532,5.321928,0.37468883
all,rl,0.14591,-0.0022482723,0.013750002,0.13991,5.321928,0.38491333
