X var,Y var,MIC (strength),MIC-p^2 (nonlinearity),MAS (non-monotonicity),MEV (functionality),MCN (complexity),Linear regression (p)
all,rl,0.51236,-0.019421339,0.034089983,0.50401,5.087463,0.7292334
mit,rl,0.26609,0.20043436,0.022740006,0.25884,5.087463,-0.25623357
mit,all,0.22835,0.21309076,0.023219988,0.22184,5.087463,-0.123528294
all,call4,0.19111,0.17279711,0.15322,0.18069,5.087463,0.13532513
mit,call4,0.18508,0.1832428,0.15783,0.17353,5.087463,0.04286272
call4,rl,0.15719,0.02558881,0.124869995,0.15034,5.087463,0.36276877
