X var,Y var,MIC (strength),MIC-p^2 (nonlinearity),MAS (non-monotonicity),MEV (functionality),MCN (complexity),Linear regression (p)
call4,rl,0.25448,0.09446247,0.017189994,0.25448,5.087463,0.4000219
mit,rl,0.21455,0.21077158,0.05758001,0.21455,5.087463,0.06146891
mit,call4,0.20157,0.15229353,0.013920002,0.20157,5.087463,0.22198303
all,rl,0.19342,0.16357099,0.02848,0.19342,5.087463,0.17276865
mit,all,0.17882,0.12304576,0.00959,0.17882,5.087463,0.23616572
all,call4,0.17379,0.11210011,0.00942,0.17379,5.087463,0.24837449
