X var,Y var,MIC (strength),MIC-p^2 (nonlinearity),MAS (non-monotonicity),MEV (functionality),MCN (complexity),Linear regression (p)
call4,rl,0.26008,-0.11663565,0.044520006,0.25306,5.321928,0.6137717
mit,call4,0.191,-0.19438408,0.030289993,0.18337,5.321928,0.6207931
all,rl,0.18889,0.035055578,0.030120008,0.1818,5.321928,0.3922173
all,call4,0.17858,-0.12291382,0.023080006,0.17157,5.321928,0.54908454
mit,rl,0.16728,-0.12889032,0.02702,0.16122,5.321928,0.5442153
mit,all,0.16196,-0.14431733,0.01743,0.1547,5.321928,0.5534233
