X var,Y var,MIC (strength),MIC-p^2 (nonlinearity),MAS (non-monotonicity),MEV (functionality),MCN (complexity),Linear regression (p)
call4,rl,0.24938,0.2009072,0.020559996,0.24938,5.087463,0.22016542
mit,call4,0.18508,0.103929564,0.024450004,0.18508,5.087463,0.28486916
all,rl,0.18104,0.1808565,0.020970002,0.18104,5.087463,0.013546773
all,call4,0.17742,0.11027608,0.013229996,0.17742,5.087463,0.25912145
mit,rl,0.17289,0.1675839,0.01142,0.17289,5.087463,-0.07284295
mit,all,0.16913,0.13662964,0.013080001,0.16913,5.087463,0.18027855
