X var,Y var,MIC (strength),MIC-p^2 (nonlinearity),MAS (non-monotonicity),MEV (functionality),MCN (complexity),Linear regression (p)
all,rl,0.48355,-0.014189839,0.03997001,0.48355,5.087463,0.7055068
mit,rl,0.31738,0.08905643,0.026710004,0.31738,4.9068904,-0.47783217
mit,all,0.25577,0.15371862,0.05658999,0.25577,5.087463,-0.31945482
mit,call4,0.15115,0.13739264,0.12617001,0.15115,5.087463,-0.117291756
all,call4,0.13535,0.13060345,0.12486,0.13535,5.087463,-0.06889522
call4,rl,0.12401,0.12219597,0.110249996,0.12401,5.087463,-0.04259146
