X var,Y var,MIC (strength),MIC-p^2 (nonlinearity),MAS (non-monotonicity),MEV (functionality),MCN (complexity),Linear regression (p)
mit,rl,0.36773,-0.022578955,0.06733999,0.36773,5.169925,-0.6247471
all,rl,0.29817,0.084522635,0.028860018,0.29817,5.2479277,0.46222004
mit,call4,0.19966,0.12143774,0.049480006,0.19966,5.2479277,-0.27968243
all,call4,0.19325,0.1856453,0.09178,0.19325,5.2479277,-0.08720494
call4,rl,0.18068,0.13618869,0.054100007,0.18068,5.2479277,0.21092965
mit,all,0.15751,0.14972904,0.024879992,0.15751,5.2479277,-0.08820971
