X var,Y var,MIC (strength),MIC-p^2 (nonlinearity),MAS (non-monotonicity),MEV (functionality),MCN (complexity),Linear regression (p)
all,call4,0.23689,-0.17165606,0.027590007,0.23689,5.2479277,0.6391761
all,rl,0.21788,-0.022518069,0.056720003,0.21788,5.2479277,0.49030405
mit,all,0.20085,-0.20856859,0.01861,0.20085,5.2479277,0.63985825
call4,rl,0.19263,-0.069930166,0.011199996,0.19263,5.2479277,0.51240623
mit,call4,0.18244,-0.22077017,0.022889998,0.18244,5.2479277,0.6349883
mit,rl,0.1554,-0.05412458,0.015040003,0.1554,5.2479277,0.45773855
