X var,Y var,MIC (strength),MIC-p^2 (nonlinearity),MAS (non-monotonicity),MEV (functionality),MCN (complexity),Linear regression (p)
all,rl,0.53299,0.40751907,0.121549964,0.53299,4.70044,-0.35421872
call4,rl,0.48698,0.17718449,0.086050004,0.48698,4.70044,0.55659276
all,call4,0.43109,0.20026317,0.044740006,0.43109,4.70044,-0.4804444
mit,all,0.24491,0.100640446,0.03713999,0.24491,4.70044,-0.37982833
mit,rl,0.21527,0.21300988,0.062230006,0.21527,4.70044,0.047540765
mit,call4,0.19511,0.18274018,0.052810006,0.19511,4.70044,-0.111219645
