X var,Y var,MIC (strength),MIC-p^2 (nonlinearity),MAS (non-monotonicity),MEV (functionality),MCN (complexity),Linear regression (p)
call4,rl,0.33307,-0.0037583709,0.026859999,0.33307,4.9068904,0.5803692
mit,call4,0.21987,0.14648587,0.018770002,0.21987,4.9068904,0.27089506
mit,all,0.19614,0.13229452,0.027580008,0.19614,4.9068904,0.25267664
all,call4,0.19174,0.12957671,0.016450003,0.19174,4.9068904,0.24932568
mit,rl,0.18202,0.14892375,0.015950002,0.18202,4.9068904,0.18192372
all,rl,0.17814,0.15028717,0.013810001,0.17814,4.9068904,0.16689168
