X var,Y var,MIC (strength),MIC-p^2 (nonlinearity),MAS (non-monotonicity),MEV (functionality),MCN (complexity),Linear regression (p)
call4,rl,0.57516,0.32376763,0.05833,0.57516,4.70044,0.50139046
all,rl,0.56577,0.55841154,0.051429987,0.56577,4.70044,0.08578138
all,call4,0.46118,0.46104404,0.061580002,0.46118,4.70044,-0.011660522
mit,call4,0.2487,0.248558,0.08838999,0.2487,4.70044,0.011915867
mit,all,0.24068,0.21822561,0.037989996,0.24068,4.70044,-0.14984787
mit,rl,0.23918,0.22292769,0.036310002,0.23918,4.70044,0.12748453
