X var,Y var,MIC (strength),MIC-p^2 (nonlinearity),MAS (non-monotonicity),MEV (functionality),MCN (complexity),Linear regression (p)
call4,rl,0.35184,0.016818166,0.04237999,0.35184,4.9068904,0.5788107
mit,call4,0.25188,0.17543076,0.054609984,0.25188,4.9068904,0.27649453
mit,rl,0.22258,0.17618433,0.050150007,0.22258,4.9068904,0.21539654
all,call4,0.21654,0.17275342,0.01827,0.21654,4.9068904,0.20925239
all,rl,0.21559,0.18568668,0.02959001,0.21559,4.9068904,0.17292576
mit,all,0.19333,0.13639645,0.029490009,0.19333,4.9068904,0.23860753
