X var,Y var,MIC (strength),MIC-p^2 (nonlinearity),MAS (non-monotonicity),MEV (functionality),MCN (complexity),Linear regression (p)
call4,rl,0.26929,0.22268122,0.014859989,0.26929,5.087463,0.21589068
all,call4,0.18247,0.11373661,0.026210003,0.18247,5.087463,0.26217052
all,rl,0.18031,0.18022583,0.02985999,0.18031,5.087463,0.00917367
mit,rl,0.17871,0.17376837,0.01145,0.17871,5.087463,-0.070296675
mit,call4,0.16854,0.085788585,0.016350001,0.16854,5.087463,0.28766546
mit,all,0.16401,0.12878627,0.011240002,0.16401,5.087463,0.18767989
