X var,Y var,MIC (strength),MIC-p^2 (nonlinearity),MAS (non-monotonicity),MEV (functionality),MCN (complexity),Linear regression (p)
call4,rl,0.27503,0.052532062,0.064600006,0.27503,4.70044,0.47169685
mit,call4,0.27063,0.17214596,0.044390008,0.27063,4.70044,0.31382167
mit,all,0.24918,0.031302884,0.027630001,0.24918,4.70044,0.4667731
mit,rl,0.24215,0.22545159,0.06644,0.24215,4.70044,0.12922229
all,call4,0.22945,0.10149631,0.030970007,0.22945,4.70044,0.35770616
all,rl,0.21288,0.14474377,0.056720003,0.21288,4.70044,0.26102918
