X var,Y var,MIC (strength),MIC-p^2 (nonlinearity),MAS (non-monotonicity),MEV (functionality),MCN (complexity),Linear regression (p)
call4,rl,0.23325,0.12818879,0.018410012,0.23325,5.087463,0.3241315
mit,all,0.21623,0.18429825,0.03361,0.21623,5.087463,0.17869458
all,rl,0.20317,0.17659737,0.046279997,0.20317,5.087463,0.16301112
all,call4,0.19734,0.16227987,0.03177999,0.19734,5.087463,0.18724346
mit,rl,0.18264,0.18161221,0.013979994,0.18264,5.087463,0.032059122
mit,call4,0.16828,0.12282979,0.017020002,0.16828,5.087463,0.21319057
