X var,Y var,MIC (strength),MIC-p^2 (nonlinearity),MAS (non-monotonicity),MEV (functionality),MCN (complexity),Linear regression (p)
call4,rl,0.32086,-0.13731009,0.045760006,0.32086,4.9068904,0.6768826
all,call4,0.222,-0.044935375,0.051990002,0.222,4.9068904,0.5166579
all,rl,0.22159,0.002772659,0.03311999,0.22159,4.9068904,0.46777916
mit,all,0.20638,-0.10671894,0.050339997,0.20638,4.9068904,0.55955243
mit,call4,0.19311,-0.16155468,0.014930002,0.19311,4.9068904,0.5955373
mit,rl,0.1741,-0.10310991,0.017919995,0.1741,4.9068904,0.52650726
