X var,Y var,MIC (strength),MIC-p^2 (nonlinearity),MAS (non-monotonicity),MEV (functionality),MCN (complexity),Linear regression (p)
call4,rl,0.3213,0.024984807,0.06365001,0.3213,4.70044,0.5443484
mit,all,0.24912,-0.02439329,0.009839997,0.24912,4.70044,0.522985
all,call4,0.24017,0.095201045,0.07352,0.24017,4.70044,0.38074788
all,rl,0.21005,0.14901033,0.047409996,0.21005,4.70044,0.24706209
mit,call4,0.20837,0.06718625,0.029430002,0.20837,4.70044,0.37574425
mit,rl,0.18381,0.14473827,0.00835,0.18381,4.70044,0.19766569
