X var,Y var,MIC (strength),MIC-p^2 (nonlinearity),MAS (non-monotonicity),MEV (functionality),MCN (complexity),Linear regression (p)
call4,rl,0.45583,-0.043583542,0.06647998,0.45203,5.087463,0.706692
mit,call4,0.44097,0.0015324354,0.075210005,0.44097,4.5849624,-0.66290087
all,rl,0.40215,-0.06380126,0.056840003,0.39459,5.087463,0.6826062
mit,rl,0.35854,0.117235094,0.016269997,0.34924,5.087463,-0.49122795
all,call4,0.24648,0.05485308,0.051,0.23557,5.087463,0.43775213
mit,all,0.21399,0.16247965,0.03553,0.20781,5.087463,-0.22695892
