X var,Y var,MIC (strength),MIC-p^2 (nonlinearity),MAS (non-monotonicity),MEV (functionality),MCN (complexity),Linear regression (p)
all,rl,0.27514,-0.14139631,0.03338,0.26696,5.087463,0.64539623
mit,rl,0.23417,0.23271967,0.04491,0.22538,5.087463,-0.038083162
mit,all,0.19641,0.19374625,0.006160002,0.18627,5.087463,0.05161156
all,call4,0.1826,-0.08981906,0.15365,0.17183,5.087463,0.5219378
mit,call4,0.17649,0.17647675,0.14234999,0.16825,5.087463,-0.0036402955
call4,rl,0.15046,-0.7548465,0.12268001,0.14173,5.087463,0.951476
