X var,Y var,MIC (strength),MIC-p^2 (nonlinearity),MAS (non-monotonicity),MEV (functionality),MCN (complexity),Linear regression (p)
call4,rl,0.28254,0.08345346,0.04678999,0.28254,5.087463,0.44619113
all,rl,0.19614,0.15064666,0.02937001,0.19614,5.087463,0.21329172
mit,call4,0.19314,0.14022687,0.02257,0.19314,5.087463,0.23002854
mit,rl,0.18285,0.17037584,0.020339996,0.18285,5.087463,0.11168778
all,call4,0.17264,0.09409996,0.025579996,0.17264,5.087463,0.28024995
mit,all,0.17082,0.09819602,0.011669993,0.17082,5.087463,0.26948836
