X var,Y var,MIC (strength),MIC-p^2 (nonlinearity),MAS (non-monotonicity),MEV (functionality),MCN (complexity),Linear regression (p)
all,call4,0.22523,0.18037942,0.043610007,0.22523,5.2479277,0.21177952
mit,call4,0.20235,0.18980019,0.018969998,0.20235,5.2479277,0.11202598
call4,rl,0.19296,0.15076622,0.010480002,0.19296,5.2479277,0.20541121
mit,rl,0.19104,0.18984002,0.04351999,0.19104,5.2479277,0.03464068
all,rl,0.18756,0.146854,0.010560002,0.18756,5.2479277,0.20175731
mit,all,0.17709,0.058600247,0.023090005,0.17709,5.2479277,0.3442234
