X var,Y var,MIC (strength),MIC-p^2 (nonlinearity),MAS (non-monotonicity),MEV (functionality),MCN (complexity),Linear regression (p)
call4,rl,0.23706,0.16158152,0.04412,0.23706,5.2479277,0.27473345
mit,call4,0.21414,0.095011644,0.03352,0.21414,5.2479277,0.34514976
all,call4,0.20877,0.09779191,0.013070002,0.20877,5.2479277,0.33313376
mit,all,0.1964,0.018698007,0.015059996,0.1964,5.2479277,0.42154714
all,rl,0.17497,0.1347124,0.015699998,0.17497,5.2479277,0.20064299
mit,rl,0.17097,0.1650918,0.043369994,0.17097,5.2479277,0.076669425
