X var,Y var,MIC (strength),MIC-p^2 (nonlinearity),MAS (non-monotonicity),MEV (functionality),MCN (complexity),Linear regression (p)
mit,rl,0.39678,0.272474,0.043849975,0.39678,4.807355,-0.3525706
all,rl,0.29049,-0.19685283,0.048810005,0.29049,4.807355,0.69809943
mit,all,0.22379,0.19249395,0.040879995,0.22379,4.807355,-0.17690691
all,call4,0.1933,0.1472621,0.1489,0.1933,4.807355,0.21456443
mit,call4,0.1569,0.15638456,0.12026,0.1569,4.807355,-0.022703536
call4,rl,0.13929,0.027999602,0.10593,0.13929,4.807355,0.33360216
