X var,Y var,MIC (strength),MIC-p^2 (nonlinearity),MAS (non-monotonicity),MEV (functionality),MCN (complexity),Linear regression (p)
all,rl,0.49631,0.025273442,0.047930002,0.48705,5.087463,0.686321
mit,all,0.34569,0.26446223,0.068890005,0.33561,5.087463,-0.28500488
mit,rl,0.28893,0.13013421,0.033539996,0.28348,5.087463,-0.3984919
mit,call4,0.20483,0.19943164,0.16097,0.19624,5.087463,-0.073473506
all,call4,0.19637,0.18890129,0.15106,0.18647,5.087463,-0.08642176
call4,rl,0.18145,0.17173792,0.15766999,0.17304,5.087463,0.098549835
