X var,Y var,MIC (strength),MIC-p^2 (nonlinearity),MAS (non-monotonicity),MEV (functionality),MCN (complexity),Linear regression (p)
all,call4,0.22505,0.17334692,0.021129996,0.22505,5.2479277,0.22738312
call4,rl,0.2235,0.17909272,0.015190005,0.2235,5.2479277,0.21073034
mit,all,0.20096,-0.023863688,0.020429999,0.20096,5.2479277,0.47415575
mit,call4,0.18047,0.15199302,0.02347999,0.18047,5.2479277,0.16875125
all,rl,0.17983,0.15642437,0.01563,0.17983,5.2479277,0.15298896
mit,rl,0.16897,0.16857293,0.013899997,0.16897,5.2479277,0.019926814
