X var,Y var,MIC (strength),MIC-p^2 (nonlinearity),MAS (non-monotonicity),MEV (functionality),MCN (complexity),Linear regression (p)
call4,rl,0.26022,0.09466697,0.020960003,0.25199,5.0,0.40688208
mit,call4,0.23747,0.09944992,0.049990006,0.22697,5.0,0.37151054
all,call4,0.20838,0.13798209,0.013899997,0.19873,5.0,0.26532605
all,rl,0.19574,0.1619565,0.02431,0.18622,5.0,0.18380286
mit,all,0.18987,0.13040525,0.016500004,0.18237,5.0,0.24385397
mit,rl,0.16379,0.13125324,0.015150003,0.15554,5.0,0.18037951
