X var,Y var,MIC (strength),MIC-p^2 (nonlinearity),MAS (non-monotonicity),MEV (functionality),MCN (complexity),Linear regression (p)
call4,rl,0.29565,0.003970802,0.0138799995,0.29565,5.0,0.54007334
all,call4,0.22894,0.06831683,0.030559994,0.22894,5.0,0.4007782
all,rl,0.21849,0.16032234,0.03209,0.21849,5.0,0.24117973
mit,all,0.21097,0.11998879,0.026869997,0.21097,5.0,0.3016309
mit,call4,0.19426,0.13814321,0.018739998,0.19426,5.0,0.23688981
mit,rl,0.18198,0.15105225,0.024269998,0.18198,5.0,0.17586288
