X var,Y var,MIC (strength),MIC-p^2 (nonlinearity),MAS (non-monotonicity),MEV (functionality),MCN (complexity),Linear regression (p)
call4,rl,0.26489,0.08613393,0.04291001,0.25775,5.321928,0.42279553
all,rl,0.19796,0.16169733,0.02884999,0.19129,5.321928,0.19042762
all,call4,0.19676,0.12148028,0.016750008,0.1897,5.321928,0.2743715
mit,rl,0.19086,0.17472556,0.040289998,0.18295,5.321928,0.12702145
mit,all,0.17743,0.08884008,0.017460003,0.17032,5.321928,0.2976406
mit,call4,0.17025,0.079718545,0.012010001,0.16466,5.321928,0.30088446
