X var,Y var,MIC (strength),MIC-p^2 (nonlinearity),MAS (non-monotonicity),MEV (functionality),MCN (complexity),Linear regression (p)
call4,rl,0.27599,0.115303695,0.06432,0.27599,4.70044,0.40085697
mit,all,0.24202,0.07358909,0.026800007,0.24202,4.70044,0.41040334
mit,call4,0.23958,0.1359987,0.039600007,0.23958,4.70044,0.3218405
all,rl,0.2264,0.18217473,0.029059999,0.2264,4.70044,0.21029808
all,call4,0.22391,0.11521944,0.03481999,0.22391,4.70044,0.32968253
mit,rl,0.19451,0.17932859,0.047889993,0.19451,4.70044,0.12321282
