X var,Y var,MIC (strength),MIC-p^2 (nonlinearity),MAS (non-monotonicity),MEV (functionality),MCN (complexity),Linear regression (p)
all,rl,0.3804,-0.0038641095,0.03869,0.3804,5.087463,0.6198904
mit,all,0.33007,0.076557934,0.041070014,0.33007,5.0,-0.5034998
mit,rl,0.3228,0.057816565,0.050359994,0.3228,5.087463,-0.51476544
mit,call4,0.15607,0.14340684,0.13857,0.15607,5.087463,-0.11253068
all,call4,0.13683,0.13650396,0.11945,0.13683,5.087463,0.018056335
call4,rl,0.09157,0.0836617,0.07581,0.09157,5.087463,0.0889286
