X var,Y var,MIC (strength),MIC-p^2 (nonlinearity),MAS (non-monotonicity),MEV (functionality),MCN (complexity),Linear regression (p)
call4,rl,0.22203,0.19665086,0.021330014,0.22203,5.2479277,0.15930831
mit,call4,0.21509,0.19105631,0.015349999,0.21509,5.2479277,0.15502805
all,call4,0.21508,0.17410734,0.013799995,0.21508,5.2479277,0.20241702
mit,all,0.21011,-0.10290103,0.025779992,0.21011,5.2479277,0.5594739
mit,rl,0.18321,0.18302199,0.022940002,0.18321,5.2479277,0.013711601
all,rl,0.16008,0.14796442,0.019090004,0.16008,5.2479277,0.11007079
