X var,Y var,MIC (strength),MIC-p^2 (nonlinearity),MAS (non-monotonicity),MEV (functionality),MCN (complexity),Linear regression (p)
call4,rl,0.30145,-0.0034909844,0.02757001,0.30145,5.0,0.5522146
mit,all,0.22638,0.12652567,0.03284,0.22638,5.0,0.31599736
all,call4,0.2143,0.05971481,0.027849995,0.2143,5.0,0.39317325
all,rl,0.20314,0.14534359,0.011139996,0.20314,5.0,0.24040887
mit,call4,0.20225,0.12971492,0.02978,0.20225,5.0,0.26932338
mit,rl,0.17194,0.12446961,0.018530004,0.17194,5.0,0.217877
