X var,Y var,MIC (strength),MIC-p^2 (nonlinearity),MAS (non-monotonicity),MEV (functionality),MCN (complexity),Linear regression (p)
call4,rl,0.31046,-0.18991145,0.016169995,0.29708,5.0,0.7073694
all,call4,0.26252,-0.080990344,0.06077999,0.25386,5.0,0.58609754
mit,call4,0.23052,-0.16033109,0.05636999,0.21589,5.0,0.62518084
mit,all,0.21153,-0.16969043,0.022379994,0.2015,5.0,0.6174305
mit,rl,0.19518,-0.14511165,0.023259997,0.18544,5.0,0.58334523
all,rl,0.18889,-0.10561414,0.01766,0.18042,5.0,0.54268235
