X var,Y var,MIC (strength),MIC-p^2 (nonlinearity),MAS (non-monotonicity),MEV (functionality),MCN (complexity),Linear regression (p)
all,call4,0.22307,0.018575773,0.020460002,0.22307,5.087463,0.45221037
call4,rl,0.21817,-0.08201848,0.016499996,0.21817,5.087463,0.5478946
mit,call4,0.19094,0.031592473,0.022459999,0.19094,5.087463,0.39918357
mit,all,0.18483,0.020025894,0.025030002,0.18483,5.087463,0.4059607
mit,rl,0.18114,0.0725169,0.03670001,0.18114,5.087463,0.3295802
all,rl,0.17131,0.030051857,0.009029999,0.17131,5.087463,0.37584323
