X var,Y var,MIC (strength),MIC-p^2 (nonlinearity),MAS (non-monotonicity),MEV (functionality),MCN (complexity),Linear regression (p)
all,rl,0.58995,0.013118446,0.05037999,0.58995,4.4594316,0.7594943
mit,rl,0.48502,-0.1331214,0.10031003,0.48502,5.087463,-0.7862197
mit,all,0.34572,0.10866864,0.073900014,0.34572,5.0,-0.4868792
call4,rl,0.20415,0.19096683,0.16055,0.20415,5.2479277,0.114818
mit,call4,0.1544,0.15350054,0.12467001,0.1544,5.2479277,-0.029991064
all,call4,0.12934,0.1190161,0.08987999,0.12934,5.2479277,0.10160654
