X var,Y var,MIC (strength),MIC-p^2 (nonlinearity),MAS (non-monotonicity),MEV (functionality),MCN (complexity),Linear regression (p)
call4,rl,0.26604,0.13318738,0.028600007,0.26604,5.087463,0.36448953
all,call4,0.21726,0.16855583,0.03129001,0.21726,5.087463,0.22069024
mit,all,0.21632,0.15564665,0.029080003,0.21632,5.087463,0.24631958
mit,rl,0.20195,0.20164376,0.046350002,0.20195,5.087463,0.017499741
mit,call4,0.19417,0.15098567,0.020219997,0.19417,5.087463,0.20780839
all,rl,0.17929,0.1516137,0.022589996,0.17929,5.087463,0.16636194
