X var,Y var,MIC (strength),MIC-p^2 (nonlinearity),MAS (non-monotonicity),MEV (functionality),MCN (complexity),Linear regression (p)
all,rl,0.37637,-0.039641827,0.03550999,0.37637,5.087463,0.6449898
mit,rl,0.21587,0.12544543,0.02978,0.21587,5.087463,-0.30070677
mit,all,0.17018,0.17014073,0.02567,0.17018,5.087463,-0.006266524
all,call4,0.16272,0.15597573,0.11609,0.16272,5.087463,0.08212352
call4,rl,0.14627,0.13736095,0.07474001,0.14627,5.087463,0.09438785
mit,call4,0.13143,0.122769505,0.058629997,0.13143,5.087463,-0.09306176
