X var,Y var,MIC (strength),MIC-p^2 (nonlinearity),MAS (non-monotonicity),MEV (functionality),MCN (complexity),Linear regression (p)
call4,rl,0.34776,0.07687119,0.052210003,0.34776,4.807355,0.5204698
mit,all,0.24151,0.22059284,0.04445,0.24151,4.807355,0.14462769
mit,call4,0.19537,0.18885839,0.019449998,0.19537,4.807355,0.0806946
all,call4,0.19534,0.16819896,0.039049998,0.19534,4.807355,0.16474535
mit,rl,0.19439,0.19218819,0.02674,0.19439,4.807355,-0.04692347
all,rl,0.17662,0.14855583,0.0121500045,0.17662,4.807355,0.16752365
