X var,Y var,MIC (strength),MIC-p^2 (nonlinearity),MAS (non-monotonicity),MEV (functionality),MCN (complexity),Linear regression (p)
call4,rl,0.2533,0.053755894,0.03942001,0.24613,5.321928,0.4467036
mit,all,0.19869,0.12276572,0.018439993,0.19056,5.321928,0.2755436
mit,rl,0.18794,0.17201279,0.018639997,0.1778,5.321928,0.12620303
mit,call4,0.17665,0.10987504,0.034950003,0.1682,5.321928,0.25840852
all,call4,0.16352,0.08723239,0.014839999,0.15598,5.321928,0.2762021
all,rl,0.16146,0.11677198,0.012740001,0.15552,5.321928,0.2113954
