X var,Y var,MIC (strength),MIC-p^2 (nonlinearity),MAS (non-monotonicity),MEV (functionality),MCN (complexity),Linear regression (p)
call4,rl,0.24264,0.058568448,0.029239997,0.23601,5.321928,0.4290356
mit,call4,0.18458,0.09922997,0.027970001,0.17787,5.321928,0.29214728
all,call4,0.18302,0.10232507,0.019270003,0.17493,5.321928,0.28406852
all,rl,0.17392,0.1259834,0.0132,0.16607,5.321928,0.2189443
mit,all,0.17044,0.094575025,0.010370001,0.16329,5.321928,0.27543598
mit,rl,0.15502,0.13948023,0.008959994,0.14809,5.321928,0.12465857
