X var,Y var,MIC (strength),MIC-p^2 (nonlinearity),MAS (non-monotonicity),MEV (functionality),MCN (complexity),Linear regression (p)
call4,rl,0.30401,0.006429702,0.022970006,0.30401,5.0,0.5455092
all,rl,0.21285,0.14321785,0.06136,0.21285,5.0,0.26387906
all,call4,0.21212,0.06731084,0.0159,0.21212,5.0,0.380538
mit,rl,0.20183,0.166537,0.045420006,0.20183,5.0,0.18786432
mit,all,0.19746,0.10462503,0.019749999,0.19746,5.0,0.3046883
mit,call4,0.196,0.14048684,0.026149988,0.196,5.0,0.23561229
