X var,Y var,MIC (strength),MIC-p^2 (nonlinearity),MAS (non-monotonicity),MEV (functionality),MCN (complexity),Linear regression (p)
all,rl,0.3861,0.13191286,0.03307998,0.3861,5.087463,0.50416976
mit,rl,0.25414,0.07181856,0.057519987,0.25414,5.087463,-0.42699113
mit,call4,0.18253,0.17125767,0.07579,0.18253,5.087463,-0.1061712
call4,rl,0.17045,0.07189545,0.05766,0.17045,5.087463,0.313934
mit,all,0.16745,0.16710392,0.01844,0.16745,5.087463,0.01860328
all,call4,0.1579,0.13259825,0.08786,0.1579,5.087463,0.15906523
