X var,Y var,MIC (strength),MIC-p^2 (nonlinearity),MAS (non-monotonicity),MEV (functionality),MCN (complexity),Linear regression (p)
call4,rl,0.26064,0.12530008,0.020430006,0.26064,5.087463,0.36788574
mit,call4,0.18969,0.13846856,0.04101999,0.18969,5.087463,0.22632152
all,call4,0.18121,0.10562503,0.03582999,0.18121,5.087463,0.2749272
mit,all,0.17391,0.14303048,0.022210002,0.17391,5.087463,0.17572571
mit,rl,0.16832,0.16556102,0.008730002,0.16832,5.087463,-0.05252604
all,rl,0.16729,0.15685675,0.023310002,0.16729,5.087463,0.10214329
