X var,Y var,MIC (strength),MIC-p^2 (nonlinearity),MAS (non-monotonicity),MEV (functionality),MCN (complexity),Linear regression (p)
call4,rl,0.31028,-0.14112961,0.007650003,0.31028,4.807355,0.67187023
mit,all,0.20941,-0.15926753,0.022140004,0.20941,4.807355,0.6071882
mit,call4,0.19675,-0.10501023,0.025560006,0.19675,4.807355,0.5493271
mit,rl,0.18754,-0.09911609,0.019890003,0.18754,4.807355,0.5354027
all,rl,0.18569,-0.018579945,0.022179998,0.18569,4.807355,0.45196232
all,call4,0.18399,-0.06756014,0.019250005,0.18399,4.807355,0.50154775
