X var,Y var,MIC (strength),MIC-p^2 (nonlinearity),MAS (non-monotonicity),MEV (functionality),MCN (complexity),Linear regression (p)
call4,rl,0.2585,0.22200671,0.038080007,0.2585,5.087463,0.1910322
mit,call4,0.21503,0.11999519,0.06097001,0.21503,5.087463,0.30827716
all,call4,0.18476,0.11136617,0.012029998,0.18476,5.087463,0.27091298
mit,rl,0.17242,0.16880871,0.033999994,0.17242,5.087463,-0.06009395
all,rl,0.16812,0.16810437,0.009119999,0.16812,5.087463,0.0039529884
mit,all,0.1632,0.12105949,0.008609995,0.1632,5.087463,0.20528156
