X var,Y var,MIC (strength),MIC-p^2 (nonlinearity),MAS (non-monotonicity),MEV (functionality),MCN (complexity),Linear regression (p)
all,rl,0.3746,0.11499703,0.051669985,0.36676,5.0,0.5095125
mit,rl,0.25055,0.19474992,0.039220005,0.24224,5.0,-0.2362204
mit,all,0.22512,0.2217742,0.07454999,0.21533,5.0,0.057842758
all,call4,0.15418,0.15089937,0.118540004,0.14259,5.0,0.057276826
mit,call4,0.15097,0.14404841,0.120749995,0.14268,5.0,0.08319608
call4,rl,0.14476,0.14240246,0.11554,0.13862,5.0,0.04855446
