X var,Y var,MIC (strength),MIC-p^2 (nonlinearity),MAS (non-monotonicity),MEV (functionality),MCN (complexity),Linear regression (p)
call4,rl,0.30808,-0.02388978,0.03297001,0.30808,4.807355,0.5761682
all,rl,0.19887,0.11662563,0.019759998,0.19887,4.807355,0.2867828
mit,all,0.19639,0.028154954,0.009099998,0.19639,4.807355,0.41016465
all,call4,0.19179,0.06313187,0.018040001,0.19179,4.807355,0.35868946
mit,call4,0.18383,0.086049765,0.02053,0.18383,4.807355,0.3126983
mit,rl,0.16094,0.06750248,0.00908,0.16094,4.807355,0.30567554
