X var,Y var,MIC (strength),MIC-p^2 (nonlinearity),MAS (non-monotonicity),MEV (functionality),MCN (complexity),Linear regression (p)
all,call4,0.22903,0.20794341,0.015459999,0.22903,5.2479277,0.14521223
call4,rl,0.22657,0.2093971,0.044149995,0.22657,5.2479277,0.13104537
mit,call4,0.22518,0.21758771,0.03553,0.22518,5.2479277,0.08713378
mit,all,0.21035,-0.14405298,0.017010003,0.21035,5.2479277,0.59531754
all,rl,0.19393,0.18707432,0.009009995,0.19393,5.2479277,0.082799025
mit,rl,0.15347,0.1534337,0.011570003,0.15347,5.2479277,0.006025147
