X var,Y var,MIC (strength),MIC-p^2 (nonlinearity),MAS (non-monotonicity),MEV (functionality),MCN (complexity),Linear regression (p)
mit,rl,0.47506,0.27782464,0.038080007,0.46792,5.0,-0.44411188
mit,all,0.32394,0.26709574,0.13051,0.31406,5.0,0.23842037
all,rl,0.29327,0.24855635,0.09527999,0.28522,5.0,0.211456
call4,rl,0.27292,0.26332188,0.16875002,0.26281,5.0,-0.09797005
mit,call4,0.21044,0.19390202,0.1209,0.20119,5.0,0.12860008
all,call4,0.17107,0.1710619,0.10291,0.16174,5.0,-0.0028449574
