X var,Y var,MIC (strength),MIC-p^2 (nonlinearity),MAS (non-monotonicity),MEV (functionality),MCN (complexity),Linear regression (p)
call4,rl,0.23529,0.16665319,0.032110006,0.23529,5.2479277,0.26198632
all,call4,0.21742,0.1467451,0.021869987,0.21742,5.2479277,0.2658475
mit,call4,0.20809,0.17258169,0.055570006,0.20809,5.2479277,0.18843651
all,rl,0.20145,0.1609087,0.03938,0.20145,5.2479277,0.20134872
mit,all,0.19272,0.020366669,0.024039999,0.19272,5.2479277,0.41515458
mit,rl,0.14812,0.14620745,0.015280001,0.14812,5.2479277,0.04373274
