X var,Y var,MIC (strength),MIC-p^2 (nonlinearity),MAS (non-monotonicity),MEV (functionality),MCN (complexity),Linear regression (p)
call4,rl,0.27438,0.056580275,0.042789996,0.26661,5.321928,0.46669018
all,call4,0.19509,-0.014802501,0.03575,0.18873,5.321928,0.45814025
mit,all,0.19308,0.0681545,0.036360003,0.18527,5.321928,0.353448
mit,call4,0.17388,0.05828192,0.020259991,0.16696,5.321928,0.33999717
all,rl,0.16258,0.089978926,0.017420001,0.15509,5.321928,0.26944587
mit,rl,0.15523,0.13458194,0.029309995,0.14875,5.321928,0.14369436
