X var,Y var,MIC (strength),MIC-p^2 (nonlinearity),MAS (non-monotonicity),MEV (functionality),MCN (complexity),Linear regression (p)
call4,rl,0.22611,0.2060495,0.01371,0.22611,5.087463,0.14163506
all,call4,0.19141,0.12199859,0.016139999,0.19141,5.087463,0.26346046
all,rl,0.18972,0.18946709,0.041370004,0.18972,5.087463,-0.015903275
mit,all,0.18234,0.14141092,0.0183,0.18234,5.087463,0.20230937
mit,call4,0.17395,0.073089585,0.012419999,0.17395,5.087463,0.3175853
mit,rl,0.17199,0.16794612,0.011470005,0.17199,5.087463,-0.06359165
