X var,Y var,MIC (strength),MIC-p^2 (nonlinearity),MAS (non-monotonicity),MEV (functionality),MCN (complexity),Linear regression (p)
all,call4,0.2015,0.09797758,0.019720003,0.2015,5.2479277,0.321749
mit,call4,0.19608,0.122256815,0.017470002,0.19608,5.2479277,0.27170423
mit,rl,0.18432,0.17752482,0.012430005,0.18432,5.2479277,0.08243292
all,rl,0.1837,0.11670262,0.016880002,0.1837,5.2479277,0.2588385
call4,rl,0.18275,0.1024439,0.027270004,0.18275,5.2479277,0.2833833
mit,all,0.17902,0.041102603,0.009439997,0.17902,5.2479277,0.3713723
