X var,Y var,MIC (strength),MIC-p^2 (nonlinearity),MAS (non-monotonicity),MEV (functionality),MCN (complexity),Linear regression (p)
all,rl,0.56034,0.0693987,0.059849977,0.55586,5.087463,0.70067203
mit,all,0.36928,0.21751514,0.05773002,0.36039,5.087463,-0.38957012
mit,rl,0.32684,0.12456021,0.038000017,0.32019,5.087463,-0.44975528
all,call4,0.1814,0.1489812,0.15731001,0.17371,5.087463,0.1800522
mit,call4,0.15294,0.15293999,0.13003,0.14238,5.087463,1.4873753E-4
call4,rl,0.13061,0.05639953,0.10266,0.12431,5.087463,0.272416
