X var,Y var,MIC (strength),MIC-p^2 (nonlinearity),MAS (non-monotonicity),MEV (functionality),MCN (complexity),Linear regression (p)
mit,rl,0.41911,0.1969315,0.085179985,0.40906,5.0,-0.47135815
all,rl,0.31646,0.14316261,0.06467,0.30687,5.0,0.41629004
mit,call4,0.21815,0.21146423,0.16958001,0.21024,5.0,0.08176661
mit,all,0.21284,0.20958441,0.04897,0.20017,5.0,-0.05705777
call4,rl,0.20807,0.20622659,0.14697,0.19813,5.0,-0.04293486
all,call4,0.19491,0.192062,0.15188,0.18394,5.0,-0.05336666
