X var,Y var,MIC (strength),MIC-p^2 (nonlinearity),MAS (non-monotonicity),MEV (functionality),MCN (complexity),Linear regression (p)
call4,rl,0.35145,0.037308156,0.03023,0.35145,4.9068904,0.5604836
mit,rl,0.21641,0.19395474,0.02832,0.21641,4.9068904,0.14985077
mit,call4,0.21272,0.14758378,0.027779996,0.21272,4.9068904,0.255218
all,rl,0.20248,0.18412957,0.026419997,0.20248,4.9068904,0.13546379
all,call4,0.20199,0.15773584,0.05364999,0.20199,4.9068904,0.21036673
mit,all,0.1718,0.11858371,0.037210003,0.1718,4.9068904,0.23068656
