X var,Y var,MIC (strength),MIC-p^2 (nonlinearity),MAS (non-monotonicity),MEV (functionality),MCN (complexity),Linear regression (p)
call4,rl,0.29362,0.13399915,0.051270008,0.29362,4.807355,0.39952576
mit,all,0.27243,0.26045638,0.063260004,0.27243,4.807355,0.1094241
all,call4,0.21369,0.1927357,0.047740005,0.21369,4.807355,0.14475599
mit,rl,0.19397,0.19205913,0.01447,0.19397,4.807355,-0.043713506
all,rl,0.18531,0.106682986,0.046270013,0.18531,4.807355,0.2804051
mit,call4,0.18427,0.17654589,0.023529992,0.18427,4.807355,0.08788687
