X var,Y var,MIC (strength),MIC-p^2 (nonlinearity),MAS (non-monotonicity),MEV (functionality),MCN (complexity),Linear regression (p)
all,rl,0.31686,0.079856604,0.044129997,0.31686,5.087463,0.48682994
mit,rl,0.18886,0.18487163,0.013410002,0.18886,5.087463,-0.063153595
mit,call4,0.1863,0.16378327,0.120129995,0.1863,5.087463,-0.15005577
mit,all,0.17877,0.1521258,0.021850005,0.17877,5.087463,-0.16323052
call4,rl,0.17527,0.17326142,0.11684999,0.17527,5.087463,0.04481721
all,call4,0.1661,0.16171858,0.12019999,0.1661,5.087463,0.066192314
