X var,Y var,MIC (strength),MIC-p^2 (nonlinearity),MAS (non-monotonicity),MEV (functionality),MCN (complexity),Linear regression (p)
all,rl,0.59718,0.59584504,0.08402997,0.59718,4.70044,-0.036537014
call4,rl,0.46536,0.13839889,0.05881998,0.46536,4.70044,0.5718051
all,call4,0.46112,0.45222005,0.08042002,0.46112,4.70044,-0.09433965
mit,rl,0.28521,0.048772857,0.063620016,0.28521,4.70044,0.48624805
mit,all,0.28382,0.19204576,0.057730004,0.28382,4.70044,-0.30294263
mit,call4,0.24831,0.18879534,0.07542001,0.24831,4.70044,0.24395627
