X var,Y var,MIC (strength),MIC-p^2 (nonlinearity),MAS (non-monotonicity),MEV (functionality),MCN (complexity),Linear regression (p)
call4,rl,0.28501,0.14401945,0.03414002,0.28501,5.087463,0.3754871
mit,all,0.20791,0.1271336,0.023600005,0.20791,5.087463,0.2842119
mit,call4,0.19677,0.15564927,0.02414,0.19677,5.087463,0.20278247
all,rl,0.195,0.17044064,0.013239995,0.195,5.087463,0.1567142
all,call4,0.18806,0.13778225,0.016730003,0.18806,5.087463,0.22422703
mit,rl,0.1751,0.17499612,0.017090008,0.1751,5.087463,0.010191982
