X var,Y var,MIC (strength),MIC-p^2 (nonlinearity),MAS (non-monotonicity),MEV (functionality),MCN (complexity),Linear regression (p)
call4,rl,0.34615,0.14302735,0.03595999,0.34615,4.807355,0.4506913
all,call4,0.20364,0.1878471,0.042279996,0.20364,4.807355,0.12566984
all,rl,0.20224,0.16634315,0.012130007,0.20224,4.807355,0.18946466
mit,call4,0.19079,0.18993591,0.01597,0.19079,4.807355,0.029224798
mit,all,0.18866,0.18305004,0.027700007,0.18866,4.807355,0.07489964
mit,rl,0.18818,0.18291222,0.02053,0.18818,4.807355,-0.072579466
