X var,Y var,MIC (strength),MIC-p^2 (nonlinearity),MAS (non-monotonicity),MEV (functionality),MCN (complexity),Linear regression (p)
all,rl,0.48767,0.02829513,0.029050022,0.47962,5.087463,0.677772
mit,rl,0.32472,0.10315357,0.03086999,0.3151,5.087463,-0.47070843
mit,call4,0.30784,0.15103234,0.045939982,0.30306,5.087463,-0.39598945
call4,rl,0.23244,0.22628173,0.04851999,0.2238,5.087463,0.07847459
mit,all,0.22676,0.22361846,0.029430002,0.21558,5.087463,-0.05604948
all,call4,0.19055,0.16770501,0.05337,0.18084,5.087463,-0.15114556
