X var,Y var,MIC (strength),MIC-p^2 (nonlinearity),MAS (non-monotonicity),MEV (functionality),MCN (complexity),Linear regression (p)
all,rl,0.737,0.1509015,0.14779001,0.737,4.807355,0.7655707
call4,rl,0.70283,0.06669694,0.06410003,0.70283,4.807355,0.7975795
all,call4,0.61042,0.23146054,0.18919998,0.61042,4.807355,0.61559683
mit,all,0.24346,0.23782791,0.076419994,0.24346,4.807355,0.0750472
mit,rl,0.22187,0.20397788,0.01642,0.22187,4.807355,0.13376147
mit,call4,0.19726,0.19179541,0.028159998,0.19726,4.807355,0.07392296
