X var,Y var,MIC (strength),MIC-p^2 (nonlinearity),MAS (non-monotonicity),MEV (functionality),MCN (complexity),Linear regression (p)
all,rl,0.68373,-0.03239554,0.055890024,0.68373,5.2479277,0.846242
mit,all,0.51546,0.014428854,0.10058999,0.51546,5.0,-0.70783556
mit,rl,0.5002,-0.13104743,0.087440014,0.5002,5.0,-0.7945108
call4,rl,0.20808,0.1980736,0.09561999,0.20808,5.2479277,0.10003202
mit,call4,0.20283,0.17669839,0.1131,0.20283,5.2479277,-0.16165274
all,call4,0.17117,0.17031403,0.07442,0.17117,5.2479277,-0.029256897
