X var,Y var,MIC (strength),MIC-p^2 (nonlinearity),MAS (non-monotonicity),MEV (functionality),MCN (complexity),Linear regression (p)
all,rl,0.45113,0.0805234,0.06630999,0.45113,5.087463,0.60877466
mit,rl,0.26237,0.1314789,0.050850004,0.26237,5.087463,-0.36178872
mit,all,0.23992,0.1705341,0.02369,0.23992,5.087463,-0.26341203
mit,call4,0.18048,0.16075857,0.12266,0.18048,5.087463,-0.14043301
call4,rl,0.14948,0.010420784,0.11385,0.14948,5.087463,0.37290645
all,call4,0.14054,0.12219146,0.11743,0.14054,5.087463,0.1354568
