X var,Y var,MIC (strength),MIC-p^2 (nonlinearity),MAS (non-monotonicity),MEV (functionality),MCN (complexity),Linear regression (p)
call4,rl,0.292,-0.01570806,0.013280004,0.292,5.0,0.5547144
mit,rl,0.2247,0.18494126,0.03711,0.2247,5.0,0.19939595
all,call4,0.20796,0.057751,0.01551,0.20796,5.0,0.38756806
all,rl,0.20029,0.13460796,0.017279997,0.20029,5.0,0.25628507
mit,all,0.19351,0.09563786,0.039920002,0.19351,5.0,0.31284523
mit,call4,0.18749,0.12572187,0.01314,0.18749,5.0,0.24853194
