X var,Y var,MIC (strength),MIC-p^2 (nonlinearity),MAS (non-monotonicity),MEV (functionality),MCN (complexity),Linear regression (p)
all,call4,0.23521,0.15358233,0.024619997,0.23521,5.2479277,0.28570557
mit,call4,0.21083,0.14529124,0.024790004,0.21083,5.2479277,0.25600538
call4,rl,0.20154,0.15428054,0.018520001,0.20154,5.2479277,0.21739237
all,rl,0.1974,0.16159958,0.037469998,0.1974,5.2479277,0.18921003
mit,all,0.18966,-0.03280598,0.017979994,0.18966,5.2479277,0.471663
mit,rl,0.14238,0.1400932,0.0045000017,0.14238,5.2479277,0.04782039
