X var,Y var,MIC (strength),MIC-p^2 (nonlinearity),MAS (non-monotonicity),MEV (functionality),MCN (complexity),Linear regression (p)
all,rl,0.42912,-0.47672164,0.05046001,0.42215,5.321928,0.95175713
mit,rl,0.23305,0.14373298,0.01552999,0.22621,5.321928,0.29885954
mit,all,0.16977,0.036415502,0.01001,0.1632,5.321928,0.36517736
call4,rl,0.16746,-0.3266028,0.055979997,0.16009,5.321928,0.702896
all,call4,0.16155,-0.558121,0.062409997,0.15363,5.321928,0.84833425
mit,call4,0.13326,-0.116283074,0.05597,0.12667,5.321928,0.49954286
