X var,Y var,MIC (strength),MIC-p^2 (nonlinearity),MAS (non-monotonicity),MEV (functionality),MCN (complexity),Linear regression (p)
call4,rl,0.25367,0.15593863,0.025650002,0.24454,5.0,0.3126202
mit,call4,0.23473,0.105093986,0.06407,0.2248,5.0,0.36005002
all,call4,0.22975,0.19155547,0.022690006,0.21976,5.0,0.19543421
all,rl,0.19691,0.1847314,0.019419998,0.18754,5.0,0.11035668
mit,rl,0.19187,0.17742196,0.023379996,0.18029,5.0,0.12020005
mit,all,0.1904,0.16583574,0.021729998,0.18131,5.0,0.1567299
