X var,Y var,MIC (strength),MIC-p^2 (nonlinearity),MAS (non-monotonicity),MEV (functionality),MCN (complexity),Linear regression (p)
all,call4,0.20302,-0.083602756,0.033480003,0.20302,5.087463,0.5353716
mit,call4,0.20132,-0.025834993,0.022639997,0.20132,5.087463,0.4766078
call4,rl,0.2003,-0.1305478,0.021879993,0.2003,5.087463,0.5751937
mit,all,0.19711,-0.023332298,0.053000003,0.19711,5.087463,0.46951282
all,rl,0.18759,-0.037029848,0.050260007,0.18759,5.087463,0.47394076
mit,rl,0.17642,-0.0043558627,0.02284,0.17642,5.087463,0.42517745
