X var,Y var,MIC (strength),MIC-p^2 (nonlinearity),MAS (non-monotonicity),MEV (functionality),MCN (complexity),Linear regression (p)
call4,rl,0.2855,0.0044079125,0.05741,0.2855,4.807355,0.53018117
all,rl,0.2005,0.1714952,0.047659993,0.2005,4.807355,0.17030795
mit,all,0.19653,0.15763602,0.054240003,0.19653,4.807355,0.19721557
all,call4,0.18382,0.14769137,0.015859999,0.18382,4.807355,0.1900753
mit,rl,0.16768,0.16767159,0.01952,0.16768,4.807355,-0.0029000752
mit,call4,0.15011,0.13509522,0.029640004,0.15011,4.807355,0.12253483
