X var,Y var,MIC (strength),MIC-p^2 (nonlinearity),MAS (non-monotonicity),MEV (functionality),MCN (complexity),Linear regression (p)
call4,rl,0.31645,0.14276522,0.106130004,0.31645,4.70044,0.41675505
mit,all,0.25893,0.12630482,0.036029994,0.25893,4.70044,0.3641774
mit,call4,0.25292,0.16957054,0.030469999,0.25292,4.70044,0.28870308
all,rl,0.23323,0.19091126,0.03910999,0.23323,4.70044,0.20571515
all,call4,0.23088,0.13371244,0.053450003,0.23088,4.70044,0.31171712
mit,rl,0.16305,0.15031835,0.020850003,0.16305,4.70044,0.11283458
