X var,Y var,MIC (strength),MIC-p^2 (nonlinearity),MAS (non-monotonicity),MEV (functionality),MCN (complexity),Linear regression (p)
call4,rl,0.22266,-0.0386014,0.03508,0.21627,5.321928,0.51113737
mit,all,0.18671,0.021913916,0.022740003,0.18019,5.321928,0.40595084
all,rl,0.16227,-0.028988615,0.026779994,0.15569,5.321928,0.43733123
mit,call4,0.15381,-0.0010869503,0.015769988,0.14728,5.321928,0.3935695
mit,rl,0.14893,0.11002475,0.022969998,0.14321,5.321928,0.19724412
all,call4,0.14317,-0.55408174,0.02369,0.13811,5.321928,0.835016
