X var,Y var,MIC (strength),MIC-p^2 (nonlinearity),MAS (non-monotonicity),MEV (functionality),MCN (complexity),Linear regression (p)
call4,rl,0.33311,0.021062732,0.01974,0.33311,4.9068904,0.5586119
mit,call4,0.20957,0.14080241,0.020710006,0.20957,4.9068904,0.26223576
all,rl,0.20016,0.18528752,0.02302,0.20016,4.9068904,0.12195277
all,call4,0.19986,0.14244449,0.010109998,0.19986,4.9068904,0.23961537
mit,rl,0.19602,0.17815205,0.015349999,0.19602,4.9068904,0.13367103
mit,all,0.19584,0.12398352,0.022760004,0.19584,4.9068904,0.2680606
