X var,Y var,MIC (strength),MIC-p^2 (nonlinearity),MAS (non-monotonicity),MEV (functionality),MCN (complexity),Linear regression (p)
call4,rl,0.32603,0.060235202,0.019620001,0.32603,4.9068904,0.5155529
mit,rl,0.23013,0.21798967,0.03624001,0.23013,4.9068904,0.11018316
mit,call4,0.21004,0.15110664,0.020500004,0.21004,4.9068904,0.24276194
all,call4,0.18743,0.13211538,0.015269998,0.18743,4.9068904,0.2351906
all,rl,0.17882,0.16580796,0.015610002,0.17882,4.9068904,0.114070304
mit,all,0.15685,0.10536491,0.012809999,0.15685,4.9068904,0.22690324
