X var,Y var,MIC (strength),MIC-p^2 (nonlinearity),MAS (non-monotonicity),MEV (functionality),MCN (complexity),Linear regression (p)
all,call4,0.25467,0.2243407,0.03660001,0.24568,5.0,0.17415307
call4,rl,0.25134,0.14339885,0.019469999,0.24208,5.0,0.328544
mit,all,0.21352,0.18004982,0.023389995,0.20328,5.0,0.18294859
mit,call4,0.20258,0.04524915,0.038319997,0.19223,5.0,0.39664954
mit,rl,0.19007,0.16890419,0.02655001,0.17983,5.0,0.14548476
all,rl,0.18622,0.17017141,0.018600002,0.17604,5.0,0.12668304
