X var,Y var,MIC (strength),MIC-p^2 (nonlinearity),MAS (non-monotonicity),MEV (functionality),MCN (complexity),Linear regression (p)
call4,rl,0.47214,0.18089426,0.16531003,0.47214,4.807355,0.5396719
mit,call4,0.30821,0.29963356,0.16294998,0.30821,4.807355,-0.09260892
mit,rl,0.30252,0.19028465,0.06311999,0.30252,4.807355,-0.33501545
all,rl,0.2947,-0.056165755,0.03523001,0.2947,4.807355,0.5923392
all,call4,0.20109,0.19958234,0.12250999,0.20109,4.807355,0.038828436
mit,all,0.16735,0.12138282,0.01097,0.16735,4.807355,-0.21439956
