X var,Y var,MIC (strength),MIC-p^2 (nonlinearity),MAS (non-monotonicity),MEV (functionality),MCN (complexity),Linear regression (p)
call4,rl,0.20472,-0.14363103,0.012039997,0.19834,5.321928,0.5902127
mit,rl,0.1805,-0.05413136,0.026219994,0.17093,5.321928,0.4843876
all,call4,0.17893,-0.14038412,0.016030006,0.17201,5.321928,0.56507885
all,rl,0.1744,-0.020482808,0.033580005,0.16729,5.321928,0.44145533
mit,all,0.17126,-0.15008354,0.009509996,0.16438,5.321928,0.5668717
mit,call4,0.1498,-0.21356556,0.023560002,0.14288,5.321928,0.6027981
