X var,Y var,MIC (strength),MIC-p^2 (nonlinearity),MAS (non-monotonicity),MEV (functionality),MCN (complexity),Linear regression (p)
all,rl,0.51854,-0.36523747,0.043850005,0.51279,5.321928,0.9400944
mit,rl,0.37613,0.3516405,0.07408002,0.36952,5.321928,0.15649131
mit,all,0.24781,0.21781175,0.055110008,0.24032,5.321928,0.17320004
mit,call4,0.18926,0.11595949,0.0728,0.17993,5.321928,0.2707407
call4,rl,0.18026,-0.37127376,0.04593,0.17492,5.321928,0.7426532
all,call4,0.15667,-0.55794597,0.042210005,0.14982,5.321928,0.8453496
