X var,Y var,MIC (strength),MIC-p^2 (nonlinearity),MAS (non-monotonicity),MEV (functionality),MCN (complexity),Linear regression (p)
call4,rl,0.31103,0.02614984,0.022070006,0.31103,5.0,0.53374165
all,call4,0.22733,0.09963624,0.015160002,0.22733,5.0,0.35734263
all,rl,0.21333,0.14804536,0.025729999,0.21333,5.0,0.25550857
mit,call4,0.19576,0.15435775,0.015689999,0.19576,5.0,0.20347543
mit,rl,0.18755,0.14245729,0.03362,0.18755,5.0,0.21235043
mit,all,0.18506,0.10876597,0.02821,0.18506,5.0,0.27621374
