X var,Y var,MIC (strength),MIC-p^2 (nonlinearity),MAS (non-monotonicity),MEV (functionality),MCN (complexity),Linear regression (p)
all,rl,0.44581,-0.43347123,0.03929001,0.44581,4.807355,0.9377
mit,rl,0.30826,0.29624695,0.09434,0.30826,4.807355,0.109604016
mit,all,0.2994,0.29392993,0.092700005,0.2994,4.807355,0.07395985
call4,rl,0.19091,-0.56920314,0.14265,0.19091,4.807355,0.87184465
all,call4,0.16698,-0.5105251,0.13362,0.16698,4.807355,0.823107
mit,call4,0.1577,0.11309978,0.12272,0.1577,4.807355,0.21118765
