X var,Y var,MIC (strength),MIC-p^2 (nonlinearity),MAS (non-monotonicity),MEV (functionality),MCN (complexity),Linear regression (p)
call4,rl,0.29155,0.034139246,0.072160006,0.29155,4.70044,0.50735664
all,call4,0.28429,0.13081515,0.046440005,0.28429,4.70044,0.39175865
mit,all,0.27395,-0.010349721,0.04449001,0.27395,4.70044,0.53319764
mit,call4,0.25057,0.115591794,0.022410005,0.25057,4.70044,0.3673938
all,rl,0.21763,0.13951781,0.04817,0.21763,4.70044,0.27948558
mit,rl,0.21086,0.18607105,0.034449995,0.21086,4.70044,0.15744506
