X var,Y var,MIC (strength),MIC-p^2 (nonlinearity),MAS (non-monotonicity),MEV (functionality),MCN (complexity),Linear regression (p)
call4,rl,0.32657,0.041740745,0.06116,0.32657,4.70044,0.53369397
all,call4,0.27499,0.069949836,0.06962,0.27499,4.70044,0.4528136
mit,all,0.26647,-0.13551876,0.06472999,0.26647,4.70044,0.6340258
mit,call4,0.22143,0.07656653,0.033279993,0.22143,4.70044,0.38060933
mit,rl,0.21174,0.1818672,0.028300002,0.21174,4.70044,0.17283753
all,rl,0.19708,0.08303005,0.03865,0.19708,4.70044,0.33771282
