X var,Y var,MIC (strength),MIC-p^2 (nonlinearity),MAS (non-monotonicity),MEV (functionality),MCN (complexity),Linear regression (p)
all,rl,0.55259,-0.039916813,0.052839965,0.55259,5.2479277,0.76974463
mit,rl,0.43178,-0.11465123,0.03604999,0.43178,5.169925,-0.7392099
mit,all,0.34092,0.03942859,0.082020015,0.34092,4.9068904,-0.54908234
call4,rl,0.25372,0.20791332,0.06676999,0.25372,5.2479277,0.2140249
mit,call4,0.20026,0.14561844,0.0642,0.20026,5.2479277,-0.23375534
all,call4,0.16392,0.16213454,0.040590003,0.16392,5.2479277,0.042254627
