X var,Y var,MIC (strength),MIC-p^2 (nonlinearity),MAS (non-monotonicity),MEV (functionality),MCN (complexity),Linear regression (p)
call4,rl,0.25965,-0.019432813,0.021269992,0.25196,5.321928,0.5282829
mit,call4,0.17533,0.015635803,0.012219995,0.16856,5.321928,0.39961755
mit,all,0.17339,0.013475984,0.03035,0.16709,5.321928,0.3998925
all,call4,0.16716,0.023786053,0.01625,0.16105,5.321928,0.37864754
mit,rl,0.16611,0.10496405,0.007750001,0.15764,5.321928,0.24727707
all,rl,0.1547,0.06403713,0.019649997,0.14871,5.321928,0.30110276
