X var,Y var,MIC (strength),MIC-p^2 (nonlinearity),MAS (non-monotonicity),MEV (functionality),MCN (complexity),Linear regression (p)
call4,rl,0.36516,0.043360353,0.034200013,0.36516,4.807355,0.56727386
mit,all,0.23872,0.18440767,0.061120003,0.23872,4.807355,0.23305008
all,call4,0.20134,0.15524915,0.03248,0.20134,4.807355,0.21468781
mit,rl,0.19117,0.19101594,0.03277,0.19117,4.807355,0.012412491
all,rl,0.1862,0.15768735,0.012960002,0.1862,4.807355,0.16885687
mit,call4,0.17945,0.16063526,0.029530004,0.17945,4.807355,0.13716686
