X var,Y var,MIC (strength),MIC-p^2 (nonlinearity),MAS (non-monotonicity),MEV (functionality),MCN (complexity),Linear regression (p)
call4,rl,0.27018,0.13885494,0.02285999,0.25777,5.0,0.36238798
mit,all,0.23716,0.17962536,0.07018,0.22809,5.0,0.23986377
all,call4,0.20725,0.14578241,0.043250002,0.19832,5.0,0.24792658
mit,call4,0.20244,0.03543976,0.02381,0.19382,5.0,0.40865663
mit,rl,0.1975,0.1709725,0.011139996,0.18641,5.0,0.16287267
all,rl,0.19525,0.17111672,0.02211,0.18542,5.0,0.15534888
