X var,Y var,MIC (strength),MIC-p^2 (nonlinearity),MAS (non-monotonicity),MEV (functionality),MCN (complexity),Linear regression (p)
all,rl,0.40036,-0.28565228,0.028239995,0.39197,5.087463,0.8282586
mit,rl,0.22802,0.19825688,0.09449999,0.21758,5.087463,-0.17251989
call4,rl,0.22137,0.052641183,0.11727,0.21495,5.087463,0.41076612
mit,call4,0.19811,0.19362748,0.11421,0.19003,5.087463,0.0669517
all,call4,0.19408,0.066384986,0.09453999,0.18655,5.087463,0.3573444
mit,all,0.193,0.19299091,0.025859997,0.18377,5.087463,-0.003013707
