X var,Y var,MIC (strength),MIC-p^2 (nonlinearity),MAS (non-monotonicity),MEV (functionality),MCN (complexity),Linear regression (p)
all,rl,0.60235,0.60051805,0.32876,0.60235,4.70044,-0.042801093
call4,rl,0.442,0.1787403,0.050879985,0.442,4.70044,0.5130884
all,call4,0.32232,0.32200947,0.08096999,0.32232,4.70044,-0.017621899
mit,rl,0.22336,0.20086594,0.049569994,0.22336,4.70044,0.14998019
mit,all,0.21361,0.21295626,0.021720007,0.21361,4.70044,-0.02556804
mit,call4,0.20172,0.20120113,0.027759999,0.20172,4.70044,0.022778766
