X var,Y var,MIC (strength),MIC-p^2 (nonlinearity),MAS (non-monotonicity),MEV (functionality),MCN (complexity),Linear regression (p)
call4,rl,0.29167,0.07367754,0.050109997,0.29167,5.087463,0.46689662
all,call4,0.2179,0.13615596,0.032139987,0.2179,5.087463,0.28590915
all,rl,0.2067,0.16199239,0.025549993,0.2067,5.087463,0.21144174
mit,all,0.20437,0.11051255,0.05043,0.20437,5.087463,0.30636165
mit,call4,0.20351,0.16130993,0.026370004,0.20351,5.087463,0.20542656
mit,rl,0.19765,0.18799147,0.03758,0.19765,5.087463,0.09827785
