X var,Y var,MIC (strength),MIC-p^2 (nonlinearity),MAS (non-monotonicity),MEV (functionality),MCN (complexity),Linear regression (p)
call4,rl,0.28666,0.15413076,0.032399982,0.27575,5.0,0.36404565
mit,all,0.23362,0.1947615,0.030700006,0.22514,5.0,0.19712561
all,call4,0.2258,0.18217021,0.025059998,0.21546,5.0,0.20887743
mit,call4,0.20563,0.07436296,0.046010002,0.19692,5.0,0.36230794
all,rl,0.1959,0.17679359,0.012670003,0.18693,5.0,0.1382259
mit,rl,0.19482,0.17189291,0.015239999,0.18781,5.0,0.15141696
