X var,Y var,MIC (strength),MIC-p^2 (nonlinearity),MAS (non-monotonicity),MEV (functionality),MCN (complexity),Linear regression (p)
mit,call4,0.48442,0.3406688,0.16705,0.48442,4.9068904,0.37914535
all,rl,0.3871,0.12564012,0.023780018,0.3871,4.9068904,0.5113315
call4,rl,0.35187,0.3371144,0.17807,0.35187,4.9068904,0.12147261
all,call4,0.34889,0.31735426,0.1964,0.34889,4.9068904,-0.17758304
mit,rl,0.29641,0.24595304,0.047859997,0.29641,4.9068904,0.22462626
mit,all,0.22083,0.19516513,0.03893,0.22083,4.9068904,-0.16020256
