X var,Y var,MIC (strength),MIC-p^2 (nonlinearity),MAS (non-monotonicity),MEV (functionality),MCN (complexity),Linear regression (p)
call4,rl,0.22824,0.100751504,0.02127999,0.22824,5.087463,0.3570553
mit,call4,0.20437,0.154715,0.030220002,0.20437,5.087463,0.22283402
mit,rl,0.18955,0.18643439,0.023729995,0.18955,5.087463,0.05581766
all,call4,0.17988,0.12492724,0.01089,0.17988,5.087463,0.23442003
mit,all,0.17173,0.13861476,0.013349995,0.17173,5.087463,0.18197593
all,rl,0.16285,0.13708799,0.01444,0.16285,5.087463,0.16050553
