X var,Y var,MIC (strength),MIC-p^2 (nonlinearity),MAS (non-monotonicity),MEV (functionality),MCN (complexity),Linear regression (p)
all,rl,0.38491,0.0026811957,0.021410003,0.38491,4.9068904,0.61824656
mit,rl,0.26436,0.20127648,0.049700007,0.26436,4.9068904,-0.25116435
mit,all,0.23704,0.23654462,0.02663,0.23704,4.9068904,-0.022256894
call4,rl,0.20299,0.09057298,0.06512,0.20299,4.9068904,0.33528647
all,call4,0.18519,0.1644867,0.08296001,0.18519,4.9068904,0.14388642
mit,call4,0.17358,0.17106202,0.029899992,0.17358,4.9068904,-0.05017957
