X var,Y var,MIC (strength),MIC-p^2 (nonlinearity),MAS (non-monotonicity),MEV (functionality),MCN (complexity),Linear regression (p)
all,call4,0.51454,0.51255107,0.09132001,0.51454,4.70044,0.04459746
all,rl,0.42878,0.42754957,0.15535998,0.42878,4.70044,-0.035077505
call4,rl,0.25822,-0.19660208,0.09966999,0.25822,4.70044,0.674405
mit,all,0.24279,0.24181443,0.081420004,0.24279,4.70044,0.031233994
mit,rl,0.21303,0.21269885,0.024940006,0.21303,4.70044,-0.01819765
mit,call4,0.21143,0.20838691,0.040120006,0.21143,4.70044,-0.055164166
