X var,Y var,MIC (strength),MIC-p^2 (nonlinearity),MAS (non-monotonicity),MEV (functionality),MCN (complexity),Linear regression (p)
call4,rl,0.26454,-0.18273935,0.03087999,0.26454,5.0,0.66878945
all,rl,0.18971,-0.13764255,0.025189996,0.18971,5.0,0.5721473
all,call4,0.18247,-0.14734837,0.028280005,0.18247,5.0,0.57429814
mit,rl,0.1724,-0.16334969,0.02488,0.1724,5.0,0.5794391
mit,all,0.1724,-0.1882439,0.01867,0.1724,5.0,0.60053635
mit,call4,0.14001,-0.20910075,0.011160001,0.14001,5.0,0.59085596
