X var,Y var,MIC (strength),MIC-p^2 (nonlinearity),MAS (non-monotonicity),MEV (functionality),MCN (complexity),Linear regression (p)
all,rl,0.48351,-0.11907092,0.06853998,0.47464,5.0,0.77626085
mit,rl,0.35013,0.21734591,0.02737999,0.34308,5.0,-0.3643955
mit,all,0.20776,0.18056822,0.019319996,0.19763,5.0,-0.16489935
all,call4,0.1492,0.14126074,0.11237001,0.14271,5.0,-0.08910253
mit,call4,0.14837,0.14813957,0.10722999,0.14124,5.0,-0.015179901
call4,rl,0.13771,0.12756008,0.073020004,0.13292,5.0,-0.10074682
