X var,Y var,MIC (strength),MIC-p^2 (nonlinearity),MAS (non-monotonicity),MEV (functionality),MCN (complexity),Linear regression (p)
call4,rl,0.3041,0.024258196,0.017319992,0.3041,4.9068904,0.52900076
mit,call4,0.20528,0.1627038,0.03400001,0.20528,4.9068904,0.20634004
all,call4,0.19682,0.1733061,0.017799988,0.19682,4.9068904,0.15334246
mit,all,0.19477,0.12757659,0.03706999,0.19477,4.9068904,0.2592169
all,rl,0.19408,0.17630807,0.04028,0.19408,4.9068904,0.13331138
mit,rl,0.18341,0.14654621,0.01599,0.18341,4.9068904,0.19199945
