X var,Y var,MIC (strength),MIC-p^2 (nonlinearity),MAS (non-monotonicity),MEV (functionality),MCN (complexity),Linear regression (p)
call4,rl,0.24559,-0.0016387701,0.02708,0.23754,5.0,0.49722105
mit,all,0.19852,0.026050553,0.046390012,0.18851,5.0,0.4152944
mit,rl,0.19459,0.05847341,0.024000004,0.18412,5.0,0.36893982
mit,call4,0.19357,0.006007701,0.016770005,0.18219,5.0,0.43308464
all,call4,0.18098,0.030238345,0.019159995,0.17379,5.0,0.3882546
all,rl,0.16984,0.027433813,0.023220003,0.16147,5.0,0.37736744
