X var,Y var,MIC (strength),MIC-p^2 (nonlinearity),MAS (non-monotonicity),MEV (functionality),MCN (complexity),Linear regression (p)
call4,rl,0.33701,0.006386578,0.022320002,0.33701,4.807355,0.5749986
mit,all,0.22792,0.1734759,0.031869993,0.22792,4.807355,0.23333257
mit,call4,0.20595,0.18695684,0.026560001,0.20595,4.807355,0.13781571
all,rl,0.20398,0.17653838,0.024780005,0.20398,4.807355,0.1656551
mit,rl,0.18336,0.18282235,0.032539994,0.18336,4.807355,0.023187114
all,call4,0.18204,0.14161903,0.034479998,0.18204,4.807355,0.20104967
