X var,Y var,MIC (strength),MIC-p^2 (nonlinearity),MAS (non-monotonicity),MEV (functionality),MCN (complexity),Linear regression (p)
call4,rl,0.29771,-0.22112042,0.018699996,0.28669,5.0,0.7202988
mit,all,0.24556,-0.14689155,0.050840005,0.23643,5.0,0.62645954
all,call4,0.24334,-0.10409422,0.05347,0.23315,5.0,0.5894355
all,rl,0.20102,-0.10215047,0.013930008,0.1911,5.0,0.5506092
mit,call4,0.20058,-0.20938191,0.02172,0.19184,5.0,0.6402827
mit,rl,0.18893,-0.17070225,0.019340001,0.17647,5.0,0.5996935
