X var,Y var,MIC (strength),MIC-p^2 (nonlinearity),MAS (non-monotonicity),MEV (functionality),MCN (complexity),Linear regression (p)
all,rl,0.34116,-0.29195756,0.027520001,0.34116,5.087463,0.79568684
call4,rl,0.19669,0.1964512,0.12707,0.19669,5.087463,0.015453069
mit,rl,0.1906,0.14512077,0.019819997,0.1906,5.087463,-0.21325856
mit,all,0.18796,0.18509082,0.050110012,0.18796,5.087463,-0.05356474
all,call4,0.16892,0.16449773,0.089959994,0.16892,5.087463,0.06650004
mit,call4,0.15623,0.15622997,0.06589,0.15623,5.087463,1.5293756E-4
