X var,Y var,MIC (strength),MIC-p^2 (nonlinearity),MAS (non-monotonicity),MEV (functionality),MCN (complexity),Linear regression (p)
mit,call4,0.28899,0.16847664,0.07076,0.28899,4.70044,0.34715033
mit,all,0.26959,-0.0044540465,0.024269983,0.26959,4.70044,0.52349216
call4,rl,0.26165,-0.009075165,0.030829996,0.26165,4.70044,0.52031255
all,call4,0.23928,0.09125757,0.036360003,0.23928,4.70044,0.38473684
all,rl,0.19051,0.11655497,0.051620007,0.19051,4.70044,0.27194676
mit,rl,0.18976,0.16413221,0.017739996,0.18976,4.70044,0.16008683
