X var,Y var,MIC (strength),MIC-p^2 (nonlinearity),MAS (non-monotonicity),MEV (functionality),MCN (complexity),Linear regression (p)
call4,rl,0.2984,-0.098145574,0.02872999,0.2984,4.807355,0.62971866
mit,all,0.23289,-0.06684612,0.043339998,0.23289,4.807355,0.5474816
mit,call4,0.21225,-0.011764944,0.03814,0.21225,4.807355,0.47330216
mit,rl,0.19216,-0.03665486,0.0068099946,0.19216,4.807355,0.47834596
all,call4,0.18278,-0.031176299,0.01506,0.18278,4.807355,0.4625541
all,rl,0.18151,0.0210488,0.017179996,0.18151,4.807355,0.40057608
