X var,Y var,MIC (strength),MIC-p^2 (nonlinearity),MAS (non-monotonicity),MEV (functionality),MCN (complexity),Linear regression (p)
call4,rl,0.22111,-0.15558635,0.02414,0.22111,5.087463,0.61375594
mit,call4,0.21596,-0.08716944,0.04705,0.21596,5.087463,0.5505719
all,call4,0.21287,-0.10444906,0.017520003,0.21287,5.087463,0.5633108
mit,all,0.20139,-0.11293173,0.03372,0.20139,5.087463,0.56064403
all,rl,0.19207,-0.0631623,0.019249998,0.19207,5.087463,0.5052052
mit,rl,0.18,-0.08405894,0.018280014,0.18,5.087463,0.51386666
