X var,Y var,MIC (strength),MIC-p^2 (nonlinearity),MAS (non-monotonicity),MEV (functionality),MCN (complexity),Linear regression (p)
call4,rl,0.22755,-0.0945915,0.040799998,0.22755,4.70044,0.5675751
mit,all,0.18899,-0.08992469,0.045369998,0.18899,4.70044,0.52812374
mit,call4,0.15706,-2.9757619E-5,0.0432,0.15706,4.70044,0.3963455
all,call4,0.15484,-0.013078392,0.04482001,0.15484,4.70044,0.40977848
all,rl,0.1495,0.06625123,0.040409997,0.1495,4.70044,0.28852862
mit,rl,0.12786,0.075078614,0.026080001,0.12786,4.70044,0.22974199
