X var,Y var,MIC (strength),MIC-p^2 (nonlinearity),MAS (non-monotonicity),MEV (functionality),MCN (complexity),Linear regression (p)
call4,rl,0.2769,0.06524569,0.05415,0.2769,4.70044,0.46005902
mit,all,0.2469,0.08332971,0.020560011,0.2469,4.70044,0.40443826
all,rl,0.23006,0.18282959,0.032460004,0.23006,4.70044,0.21732558
all,call4,0.21613,0.10344949,0.025909998,0.21613,4.70044,0.33567917
mit,rl,0.19935,0.18493006,0.03576,0.19935,4.70044,0.120083064
mit,call4,0.19702,0.10435508,0.011539996,0.19702,4.70044,0.30440912
