X var,Y var,MIC (strength),MIC-p^2 (nonlinearity),MAS (non-monotonicity),MEV (functionality),MCN (complexity),Linear regression (p)
all,rl,0.4234,0.06797913,0.05414,0.41509,5.0,0.59617186
mit,rl,0.40464,0.29503238,0.044009984,0.39263,5.0,-0.3310704
mit,all,0.3098,0.26550487,0.14887,0.29965,5.0,-0.2104641
mit,call4,0.17652,0.17488898,0.13438001,0.17062,5.0,0.040385954
all,call4,0.14826,0.14735933,0.12852,0.13845,5.0,-0.030011086
call4,rl,0.10639,0.09865602,0.06826,0.10359,5.0,-0.087943025
