X var,Y var,MIC (strength),MIC-p^2 (nonlinearity),MAS (non-monotonicity),MEV (functionality),MCN (complexity),Linear regression (p)
call4,rl,0.35268,-0.08196226,0.06193,0.35268,4.9068904,0.65927404
mit,call4,0.22499,-0.009447604,0.021530002,0.22499,4.9068904,0.48418757
all,rl,0.19532,0.06517604,0.021819994,0.19532,4.9068904,0.3607547
mit,rl,0.1943,0.026899442,0.025529996,0.1943,4.9068904,0.40914613
all,call4,0.18066,-0.001267463,0.010949999,0.18066,4.9068904,0.42652956
mit,all,0.16346,-0.039358646,0.020339996,0.16346,4.9068904,0.45035392
