X var,Y var,MIC (strength),MIC-p^2 (nonlinearity),MAS (non-monotonicity),MEV (functionality),MCN (complexity),Linear regression (p)
call4,rl,0.25101,0.037477672,0.0176,0.24374,5.321928,0.4620956
mit,all,0.19044,0.10675413,0.022609994,0.18297,5.321928,0.2892851
mit,call4,0.18202,0.109564155,0.015110001,0.17443,5.321928,0.26917621
all,rl,0.17117,0.12716842,0.02848,0.16414,5.321928,0.20976555
mit,rl,0.16744,0.1499068,0.015149996,0.16032,5.321928,0.13241297
all,call4,0.15139,0.07258537,0.011480004,0.14515,5.321928,0.28072163
