X var,Y var,MIC (strength),MIC-p^2 (nonlinearity),MAS (non-monotonicity),MEV (functionality),MCN (complexity),Linear regression (p)
call4,rl,0.31285,-0.15673918,0.05561,0.31285,4.807355,0.6852658
mit,all,0.22803,-0.1598402,0.038780004,0.22803,4.807355,0.62279224
all,call4,0.20797,-0.073170364,0.0071199983,0.20797,4.807355,0.5302267
mit,call4,0.2038,-0.11495477,0.04446,0.2038,4.807355,0.5645837
all,rl,0.20051,-0.04590991,0.026309997,0.20051,4.807355,0.496407
mit,rl,0.19198,-0.10838923,0.012930006,0.19198,4.807355,0.5480595
