X var,Y var,MIC (strength),MIC-p^2 (nonlinearity),MAS (non-monotonicity),MEV (functionality),MCN (complexity),Linear regression (p)
call4,rl,0.36722,0.06718367,0.063549995,0.36722,4.9068904,0.5477557
all,call4,0.22671,0.16844659,0.024889998,0.22671,4.9068904,0.24137817
mit,call4,0.20427,0.13748696,0.02025,0.20427,4.9068904,0.25842416
mit,rl,0.19463,0.17687073,0.028000005,0.19463,4.9068904,0.13326386
mit,all,0.18906,0.113288715,0.012799997,0.18906,4.9068904,0.27526584
all,rl,0.18259,0.17005086,0.018410001,0.18259,4.9068904,0.1119783
