X var,Y var,MIC (strength),MIC-p^2 (nonlinearity),MAS (non-monotonicity),MEV (functionality),MCN (complexity),Linear regression (p)
call4,rl,0.40127,0.23632461,0.06448999,0.40127,4.70044,0.4061347
all,rl,0.36898,0.3620987,0.105369985,0.36898,4.70044,0.08295367
all,call4,0.32774,0.31865573,0.07613,0.32774,4.5849624,0.09531152
mit,all,0.2991,0.29573518,0.054910004,0.2991,4.70044,-0.058007196
mit,call4,0.24875,0.23989725,0.03643,0.24875,4.70044,-0.09408904
mit,rl,0.23739,0.23691005,0.03673,0.23739,4.70044,0.021907773
