X var,Y var,MIC (strength),MIC-p^2 (nonlinearity),MAS (non-monotonicity),MEV (functionality),MCN (complexity),Linear regression (p)
call4,rl,0.2517,0.1271424,0.027449995,0.24267,5.0,0.3529272
all,call4,0.22527,0.19656658,0.044,0.21578,5.0,0.16942085
mit,all,0.21289,0.1903915,0.016829997,0.20441,5.0,0.14999503
mit,rl,0.20919,0.19170028,0.020180002,0.19857,5.0,0.13224868
all,rl,0.19755,0.18532261,0.027720004,0.18829,5.0,0.11057748
mit,call4,0.18861,0.092015505,0.033689998,0.17992,5.0,0.31079656
