X var,Y var,MIC (strength),MIC-p^2 (nonlinearity),MAS (non-monotonicity),MEV (functionality),MCN (complexity),Linear regression (p)
call4,rl,0.31683,0.006708443,0.029359996,0.31683,5.0,0.5568856
mit,all,0.23611,0.13704538,0.045299992,0.23611,5.0,0.31474534
all,call4,0.21776,0.063921764,0.03638,0.21776,5.0,0.39222217
mit,rl,0.20335,0.16144918,0.025080003,0.20335,5.0,0.20469688
mit,call4,0.19441,0.12602073,0.009920001,0.19441,5.0,0.2615134
all,rl,0.19389,0.129888,0.015080005,0.19389,5.0,0.2529862
