X var,Y var,MIC (strength),MIC-p^2 (nonlinearity),MAS (non-monotonicity),MEV (functionality),MCN (complexity),Linear regression (p)
all,call4,0.24934,0.052420735,0.01828,0.24934,5.2479277,0.44375587
mit,call4,0.2173,0.045148045,0.027239993,0.2173,5.2479277,0.414912
call4,rl,0.20608,0.067531094,0.020840004,0.20608,5.2479277,0.3722216
mit,all,0.19428,-0.033261597,0.017119989,0.19428,5.2479277,0.4770132
all,rl,0.17961,0.072501555,0.01659,0.17961,5.2479277,0.32727426
mit,rl,0.15282,0.10921415,0.013419993,0.15282,5.2479277,0.20882015
