X var,Y var,MIC (strength),MIC-p^2 (nonlinearity),MAS (non-monotonicity),MEV (functionality),MCN (complexity),Linear regression (p)
call4,rl,0.41143,0.27867743,0.14717999,0.41143,4.807355,0.36435226
mit,call4,0.24995,0.21369803,0.11442001,0.24995,4.807355,0.19039951
all,rl,0.22939,-0.014244825,0.04355,0.22939,4.807355,0.49359378
mit,rl,0.19098,0.18974374,0.018630005,0.19098,4.807355,-0.035160393
all,call4,0.19001,0.18228962,0.12533,0.19001,4.807355,0.08786573
mit,all,0.1833,0.1578168,0.015100002,0.1833,4.807355,-0.1596346
