X var,Y var,MIC (strength),MIC-p^2 (nonlinearity),MAS (non-monotonicity),MEV (functionality),MCN (complexity),Linear regression (p)
mit,call4,0.22969,0.20894742,0.051760003,0.22969,5.2479277,0.14402285
all,call4,0.22104,0.17014128,0.008769989,0.22104,5.2479277,0.22560745
call4,rl,0.21923,0.1655998,0.031260014,0.21923,5.2479277,0.23158197
all,rl,0.17898,0.14784205,0.012319997,0.17898,5.2479277,0.17645945
mit,all,0.17836,0.0067688227,0.024520002,0.17836,5.2479277,0.41423565
mit,rl,0.16391,0.16337134,0.01732,0.16391,5.2479277,0.023209212
