X var,Y var,MIC (strength),MIC-p^2 (nonlinearity),MAS (non-monotonicity),MEV (functionality),MCN (complexity),Linear regression (p)
mit,call4,0.22335,0.19668709,0.019790001,0.22335,5.2479277,0.16328782
all,call4,0.21095,0.17599772,0.02082,0.21095,5.2479277,0.1869553
call4,rl,0.20704,0.19010043,0.014460005,0.20704,5.2479277,0.1301521
all,rl,0.19719,0.18404765,0.038440004,0.19719,5.2479277,0.114640065
mit,all,0.19443,-0.18731004,0.011820003,0.19443,5.2479277,0.61785114
mit,rl,0.17086,0.17080054,0.019420013,0.17086,5.2479277,0.0077114687
