X var,Y var,MIC (strength),MIC-p^2 (nonlinearity),MAS (non-monotonicity),MEV (functionality),MCN (complexity),Linear regression (p)
all,call4,0.25104,0.2019746,0.031700015,0.25104,5.2479277,0.22150713
mit,call4,0.23671,0.21043478,0.032020003,0.23671,5.2479277,0.16209634
call4,rl,0.22185,0.18281682,0.0141699985,0.22185,5.2479277,0.19756815
all,rl,0.18643,0.16288513,0.009959996,0.18643,5.2479277,0.15344341
mit,rl,0.18604,0.18575294,0.01941,0.18604,5.2479277,0.016942628
mit,all,0.17687,-0.06134571,0.010700002,0.17687,5.2479277,0.48807347
