X var,Y var,MIC (strength),MIC-p^2 (nonlinearity),MAS (non-monotonicity),MEV (functionality),MCN (complexity),Linear regression (p)
mit,call4,0.49495,-0.016249716,0.11471999,0.49495,4.807355,-0.71498233
mit,rl,0.40091,0.11335769,0.027949989,0.39243,5.087463,-0.536239
all,rl,0.39348,0.07138467,0.050909996,0.38437,5.087463,0.56753445
call4,rl,0.31836,-0.032798707,0.05906999,0.31836,4.0,0.59258646
mit,all,0.24756,0.20674422,0.035610005,0.23981,5.087463,-0.20202914
all,call4,0.17915,0.089220986,0.040580004,0.16923,5.087463,0.29988167
