X var,Y var,MIC (strength),MIC-p^2 (nonlinearity),MAS (non-monotonicity),MEV (functionality),MCN (complexity),Linear regression (p)
call4,rl,0.30397,0.061172426,0.025240004,0.30397,5.0,0.49274495
mit,all,0.22912,0.15466027,0.054250002,0.22912,5.0,0.2728731
all,call4,0.22803,0.048841685,0.046849996,0.22803,5.0,0.4233064
mit,rl,0.20866,0.19302797,0.025400013,0.20866,5.0,0.12502813
all,rl,0.20127,0.16256768,0.025749996,0.20127,5.0,0.19672908
mit,call4,0.20047,0.16468368,0.055189997,0.20047,5.0,0.18917271
