X var,Y var,MIC (strength),MIC-p^2 (nonlinearity),MAS (non-monotonicity),MEV (functionality),MCN (complexity),Linear regression (p)
call4,rl,0.28155,0.08211672,0.034679994,0.28155,4.807355,0.44657952
all,call4,0.21111,0.16614906,0.03057,0.21111,4.807355,0.21203993
mit,all,0.20585,0.14229655,0.015520006,0.20585,4.807355,0.25209808
mit,rl,0.18185,0.17812307,0.025700003,0.18185,4.807355,0.06104857
mit,call4,0.17908,0.15566473,0.030059993,0.17908,4.807355,0.15302047
all,rl,0.16474,0.15470308,0.02003,0.16474,4.807355,0.1001844
