X var,Y var,MIC (strength),MIC-p^2 (nonlinearity),MAS (non-monotonicity),MEV (functionality),MCN (complexity),Linear regression (p)
mit,all,0.27819,-0.028698027,0.036909983,0.27819,4.70044,0.55397475
mit,call4,0.27205,0.08677542,0.03576,0.27205,4.70044,0.43043533
call4,rl,0.27187,0.041847467,0.035740003,0.27187,4.70044,0.47960663
all,call4,0.24492,0.09097026,0.047779992,0.24492,4.70044,0.3923643
all,rl,0.20915,0.1434672,0.03882,0.20915,4.70044,0.25628656
mit,rl,0.20171,0.16427782,0.016110003,0.20171,4.70044,0.193474
