X var,Y var,MIC (strength),MIC-p^2 (nonlinearity),MAS (non-monotonicity),MEV (functionality),MCN (complexity),Linear regression (p)
all,rl,0.38936,0.060822338,0.043380007,0.38192,5.0,0.57318205
mit,rl,0.36647,0.15294567,0.039409995,0.35646,5.0,-0.46208695
mit,call4,0.23323,0.20845222,0.15090999,0.22569,5.0,0.15740956
mit,all,0.20382,0.19999881,0.017810002,0.19576,5.0,0.061815824
call4,rl,0.16335,0.15814443,0.08529,0.15511,5.0,-0.072149664
all,call4,0.15417,0.15408708,0.107930005,0.14609,5.0,-0.00910636
