X var,Y var,MIC (strength),MIC-p^2 (nonlinearity),MAS (non-monotonicity),MEV (functionality),MCN (complexity),Linear regression (p)
all,rl,0.30237,-0.5548753,0.029900014,0.30237,4.807355,0.9258754
mit,rl,0.22099,0.16352797,0.016819999,0.22099,4.807355,0.2397124
mit,all,0.20774,0.17274037,0.013290003,0.20774,4.807355,0.18708184
all,call4,0.12635,-0.5016344,0.08586,0.12635,4.321928,0.79245466
mit,call4,0.12635,0.052251816,0.092989996,0.12635,4.321928,0.27220982
call4,rl,0.10425,-0.61738604,0.058259998,0.10425,4.321928,0.84949166
