X var,Y var,MIC (strength),MIC-p^2 (nonlinearity),MAS (non-monotonicity),MEV (functionality),MCN (complexity),Linear regression (p)
call4,rl,0.23385,-0.123747796,0.05437,0.23385,5.087463,0.5979948
all,call4,0.18662,-0.14174959,0.027110003,0.18662,5.087463,0.5730354
all,rl,0.18516,-0.046741232,0.052179992,0.18516,5.087463,0.48156124
mit,all,0.17798,-0.11510202,0.026350006,0.17798,5.087463,0.5413705
mit,rl,0.17762,-0.013310075,0.02410999,0.17762,5.087463,0.43695545
mit,call4,0.1646,-0.09124391,0.018169995,0.1646,5.087463,0.50581014
