X var,Y var,MIC (strength),MIC-p^2 (nonlinearity),MAS (non-monotonicity),MEV (functionality),MCN (complexity),Linear regression (p)
call4,rl,0.34013,0.024636984,0.045829996,0.34013,4.807355,0.56168765
mit,all,0.23861,0.19718401,0.05675,0.23861,4.807355,0.20353375
mit,call4,0.20153,0.1873854,0.035690002,0.20153,4.807355,0.11893109
all,call4,0.19044,0.15305339,0.02132,0.19044,4.807355,0.19335617
mit,rl,0.17918,0.17912503,0.020429999,0.17918,4.807355,-0.0074138422
all,rl,0.17679,0.15102439,0.019019999,0.17679,4.807355,0.16051671
