X var,Y var,MIC (strength),MIC-p^2 (nonlinearity),MAS (non-monotonicity),MEV (functionality),MCN (complexity),Linear regression (p)
call4,rl,0.22076,0.14168073,0.038449988,0.21281,5.0,0.28121036
all,call4,0.21563,0.18606715,0.03046,0.20641,5.0,0.17193848
mit,call4,0.18898,0.100647874,0.023419999,0.17919,5.0,0.2972072
mit,rl,0.15861,0.15038583,0.008180004,0.14799,5.0,0.09068727
mit,all,0.15827,0.13787422,0.027260005,0.14964,5.0,0.14281383
all,rl,0.15374,0.14901708,0.026080001,0.14726,5.0,0.0687235
