X var,Y var,MIC (strength),MIC-p^2 (nonlinearity),MAS (non-monotonicity),MEV (functionality),MCN (complexity),Linear regression (p)
all,rl,0.31415,0.11010626,0.032760024,0.31415,4.9068904,0.451712
call4,rl,0.22402,-0.10796344,0.024280004,0.22402,4.9068904,0.57618004
mit,all,0.22324,0.21982992,0.029309988,0.22324,4.9068904,0.05839596
mit,call4,0.20494,0.20381555,0.034620002,0.20494,4.9068904,-0.033532944
all,call4,0.19512,0.16352853,0.08765001,0.19512,4.9068904,0.17773992
mit,rl,0.18088,0.17608249,0.013509989,0.18088,4.9068904,-0.06926405
