X var,Y var,MIC (strength),MIC-p^2 (nonlinearity),MAS (non-monotonicity),MEV (functionality),MCN (complexity),Linear regression (p)
mit,all,0.27092,0.098383695,0.02606,0.27092,4.70044,0.4153749
call4,rl,0.2591,0.14842331,0.034269996,0.2591,4.70044,0.33268103
mit,call4,0.24931,0.14298671,0.042109996,0.24931,4.70044,0.3260725
all,call4,0.24763,0.1279693,0.06681,0.24763,4.70044,0.3459201
all,rl,0.21307,0.16943066,0.028710008,0.21307,4.70044,0.20890033
mit,rl,0.20868,0.19965973,0.05764,0.20868,4.70044,0.094975114
