X var,Y var,MIC (strength),MIC-p^2 (nonlinearity),MAS (non-monotonicity),MEV (functionality),MCN (complexity),Linear regression (p)
all,rl,0.53706,0.5369252,0.13855001,0.53706,4.70044,-0.011611711
call4,rl,0.45115,0.34292185,0.081449986,0.45115,4.70044,0.32898048
all,call4,0.40914,0.381882,0.12776,0.40914,4.70044,-0.16509993
mit,all,0.2668,0.23290074,0.060240008,0.2668,4.70044,-0.18411748
mit,rl,0.24417,0.20084466,0.03245999,0.24417,4.70044,0.20814739
mit,call4,0.24137,0.23196016,0.067650005,0.24137,4.70044,-0.097004324
