X var,Y var,MIC (strength),MIC-p^2 (nonlinearity),MAS (non-monotonicity),MEV (functionality),MCN (complexity),Linear regression (p)
all,rl,0.34217,-0.5372611,0.05866,0.34217,4.807355,0.9377799
mit,rl,0.22069,0.15016179,0.028060004,0.22069,4.807355,0.26557148
mit,call4,0.19305,0.089944944,0.116,0.19305,4.807355,0.32109976
mit,all,0.17176,0.14221096,0.031159997,0.17176,4.807355,0.17189834
call4,rl,0.15821,-0.8049524,0.085999995,0.15821,4.807355,0.98140836
all,call4,0.13892,-0.646246,0.03847999,0.13892,4.807355,0.88609594
