X var,Y var,MIC (strength),MIC-p^2 (nonlinearity),MAS (non-monotonicity),MEV (functionality),MCN (complexity),Linear regression (p)
all,rl,0.42718,-0.097987056,0.01383999,0.42718,4.9068904,0.7246841
mit,rl,0.33771,0.22679229,0.07813999,0.33771,4.9068904,-0.3330431
mit,all,0.26207,0.2580617,0.020270001,0.26207,4.9068904,-0.06331114
mit,call4,0.21832,0.16982388,0.036790006,0.21832,4.9068904,-0.22021833
call4,rl,0.18847,0.18424925,0.027629994,0.18847,4.9068904,0.06496731
all,call4,0.1528,0.14466885,0.04615999,0.1528,4.9068904,-0.090172835
