X var,Y var,MIC (strength),MIC-p^2 (nonlinearity),MAS (non-monotonicity),MEV (functionality),MCN (complexity),Linear regression (p)
mit,call4,0.4643,0.046495587,0.10361001,0.4643,5.0,-0.6463779
all,rl,0.314,0.04318461,0.01817,0.30431,5.087463,0.5203993
mit,rl,0.30106,0.15631793,0.019500002,0.29184,5.087463,-0.3804498
call4,rl,0.2837,0.004632175,0.06761001,0.28286,5.087463,0.5282687
all,call4,0.22042,0.13046962,0.041460007,0.21101,5.087463,0.29991728
mit,all,0.17729,0.1540052,0.024049997,0.16939,5.087463,-0.15259357
