X var,Y var,MIC (strength),MIC-p^2 (nonlinearity),MAS (non-monotonicity),MEV (functionality),MCN (complexity),Linear regression (p)
call4,rl,0.23422,-0.22547317,0.017849997,0.23422,5.087463,0.67800677
all,call4,0.20728,-0.18149371,0.030709997,0.20728,5.087463,0.6235172
mit,call4,0.2011,-0.17378746,0.025820002,0.2011,5.087463,0.61228055
all,rl,0.17759,-0.07811777,0.018120006,0.17759,5.087463,0.50567555
mit,all,0.17127,-0.26528412,0.011360005,0.17127,5.087463,0.66072243
mit,rl,0.16123,-0.12663439,0.01856,0.16123,5.087463,0.53652996
