X var,Y var,MIC (strength),MIC-p^2 (nonlinearity),MAS (non-monotonicity),MEV (functionality),MCN (complexity),Linear regression (p)
call4,rl,0.2976,0.054026514,0.024310008,0.2976,5.0,0.49353164
all,call4,0.22263,0.029984996,0.026600003,0.22263,5.0,0.43891343
mit,all,0.21963,0.138886,0.049810007,0.21963,5.0,0.2841549
mit,rl,0.21945,0.20605125,0.05240999,0.21945,5.0,0.11575297
all,rl,0.21288,0.17701063,0.015410006,0.21288,5.0,0.18939213
mit,call4,0.18082,0.13066718,0.011080001,0.18082,5.0,0.22394824
