X var,Y var,MIC (strength),MIC-p^2 (nonlinearity),MAS (non-monotonicity),MEV (functionality),MCN (complexity),Linear regression (p)
mit,call4,0.23575,0.1827189,0.048120007,0.23575,5.2479277,0.23028484
call4,rl,0.21641,0.16544437,0.037990004,0.21641,5.2479277,0.22575566
mit,all,0.20646,-0.023970291,0.012019992,0.20646,5.2479277,0.48003155
all,call4,0.20529,0.13276322,0.014170006,0.20529,5.2479277,0.26930797
all,rl,0.18326,0.15666103,0.021839991,0.18326,5.2479277,0.16309187
mit,rl,0.16284,0.16130279,0.0151700005,0.16284,5.2479277,0.0392072
