X var,Y var,MIC (strength),MIC-p^2 (nonlinearity),MAS (non-monotonicity),MEV (functionality),MCN (complexity),Linear regression (p)
call4,rl,0.34396,0.17055903,0.11618999,0.34396,4.70044,0.4164144
mit,all,0.26378,0.16051933,0.04122001,0.26378,4.70044,0.321342
mit,call4,0.23531,0.17527622,0.012180001,0.23531,4.70044,0.24501793
all,call4,0.21479,0.120091066,0.03271,0.21479,4.70044,0.30773193
mit,rl,0.19358,0.1856894,0.01642,0.19358,4.70044,0.088829026
all,rl,0.18141,0.14058171,0.017989993,0.18141,4.70044,0.20206012
