X var,Y var,MIC (strength),MIC-p^2 (nonlinearity),MAS (non-monotonicity),MEV (functionality),MCN (complexity),Linear regression (p)
call4,rl,0.2861,0.094325334,0.024210006,0.27271,5.0,0.43792084
all,call4,0.22754,0.13985372,0.01856,0.21865,5.0,0.2961187
all,rl,0.18877,0.14892417,0.02206,0.17651,5.0,0.19961418
mit,call4,0.18565,0.049451336,0.02719,0.17742,5.0,0.36905104
mit,all,0.18052,0.112040326,0.01805,0.16958,5.0,0.2616862
mit,rl,0.17759,0.14139329,0.012070004,0.16769,5.0,0.19025432
