X var,Y var,MIC (strength),MIC-p^2 (nonlinearity),MAS (non-monotonicity),MEV (functionality),MCN (complexity),Linear regression (p)
call4,rl,0.27888,-0.22080663,0.025369987,0.27888,4.70044,0.70688516
mit,rl,0.23066,-0.044442877,0.04568,0.23066,4.70044,0.5245025
all,call4,0.21371,-0.10979907,0.026519999,0.21371,4.70044,0.5687786
mit,all,0.18782,-0.027524352,0.04168,0.18782,4.70044,0.4640521
mit,call4,0.18234,-0.11071879,0.035069995,0.18234,4.70044,0.54134905
all,rl,0.17182,-0.097549096,0.012380004,0.17182,4.70044,0.5190078
