X var,Y var,MIC (strength),MIC-p^2 (nonlinearity),MAS (non-monotonicity),MEV (functionality),MCN (complexity),Linear regression (p)
all,rl,0.30269,0.069296554,0.044319987,0.30269,5.2479277,0.4831081
mit,rl,0.25387,0.028465688,0.022530004,0.25387,5.2479277,-0.47476766
mit,call4,0.18517,0.11544074,0.07648999,0.18517,5.2479277,-0.26406297
mit,all,0.18092,0.13394757,0.022079997,0.18092,5.2479277,-0.21673125
all,call4,0.17185,0.1692595,0.06669,0.17185,5.2479277,-0.050896857
call4,rl,0.14953,0.11835836,0.033189997,0.14953,5.2479277,0.1765549
