X var,Y var,MIC (strength),MIC-p^2 (nonlinearity),MAS (non-monotonicity),MEV (functionality),MCN (complexity),Linear regression (p)
call4,rl,0.24481,0.20432517,0.047879994,0.24481,5.2479277,0.20120844
all,call4,0.23459,0.18556136,0.012910001,0.23459,5.2479277,0.22142412
mit,call4,0.22367,0.19677627,0.03177,0.22367,5.2479277,0.1639931
mit,all,0.20771,-0.0233002,0.020109996,0.20771,5.2479277,0.4806352
all,rl,0.18762,0.16339397,0.02155,0.18762,5.2479277,0.15564713
mit,rl,0.15676,0.15628769,0.01602,0.15676,5.2479277,0.021733139
