X var,Y var,MIC (strength),MIC-p^2 (nonlinearity),MAS (non-monotonicity),MEV (functionality),MCN (complexity),Linear regression (p)
call4,rl,0.28492,-0.056712955,0.03842999,0.27804,5.321928,0.58449376
mit,all,0.20652,-0.025583372,0.041380003,0.19978,5.321928,0.48177108
mit,call4,0.18136,-0.0572827,0.018440008,0.17462,5.321928,0.4885107
all,call4,0.17699,-0.025951102,0.012790002,0.17008,5.321928,0.45048985
mit,rl,0.16975,0.0473271,0.014350001,0.16279,5.321928,0.34988984
all,rl,0.1679,0.05095709,0.017329998,0.16133,5.321928,0.34196916
