X var,Y var,MIC (strength),MIC-p^2 (nonlinearity),MAS (non-monotonicity),MEV (functionality),MCN (complexity),Linear regression (p)
all,rl,0.43967,0.07958892,0.06017998,0.43967,5.087463,0.60006756
mit,rl,0.23194,0.124399744,0.051379994,0.23194,5.087463,-0.3279333
mit,all,0.18327,0.17903496,0.016259998,0.18327,5.087463,-0.065077245
all,call4,0.17373,0.17124468,0.13044,0.17373,5.087463,0.049852923
mit,call4,0.15153,0.14625962,0.09791,0.15153,5.087463,-0.07259732
call4,rl,0.13627,0.13528365,0.09706,0.13627,5.087463,0.031406317
