X var,Y var,MIC (strength),MIC-p^2 (nonlinearity),MAS (non-monotonicity),MEV (functionality),MCN (complexity),Linear regression (p)
call4,rl,0.35966,0.081031084,0.03231001,0.35966,4.9068904,0.52785313
mit,rl,0.20568,0.19349585,0.010919999,0.20568,4.9068904,0.110381834
mit,call4,0.20451,0.14544442,0.025289997,0.20451,4.9068904,0.24303412
all,rl,0.20176,0.18939641,0.029119998,0.20176,4.9068904,0.11119163
all,call4,0.18211,0.12426224,0.039210007,0.18211,4.9068904,0.2405156
mit,all,0.16809,0.10028204,0.016050003,0.16809,4.9068904,0.2603996
