X var,Y var,MIC (strength),MIC-p^2 (nonlinearity),MAS (non-monotonicity),MEV (functionality),MCN (complexity),Linear regression (p)
call4,rl,0.26424,-0.015974551,0.025319993,0.26424,4.70044,0.52935296
mit,all,0.25678,-0.05667782,0.048099995,0.25678,4.70044,0.55987304
mit,call4,0.24814,0.1204284,0.015270002,0.24814,4.70044,0.3573676
all,call4,0.22488,0.05891244,0.029359996,0.22488,4.70044,0.40739116
all,rl,0.19559,0.11108664,0.022100002,0.19559,4.70044,0.29069462
mit,rl,0.18304,0.15632069,0.02064,0.18304,4.70044,0.16346039
