X var,Y var,MIC (strength),MIC-p^2 (nonlinearity),MAS (non-monotonicity),MEV (functionality),MCN (complexity),Linear regression (p)
all,rl,0.38796,0.12018138,0.03231001,0.38796,4.807355,0.5174733
mit,rl,0.3529,0.24833108,0.11541,0.3529,4.807355,-0.32337117
call4,rl,0.24414,0.19410092,0.13622001,0.24414,4.807355,0.22369416
mit,all,0.19927,0.182747,0.020600006,0.19927,4.807355,-0.1285418
mit,call4,0.18627,0.1782877,0.06494,0.18627,4.807355,-0.08934375
all,call4,0.18316,0.18169065,0.09153001,0.18316,4.807355,0.038332276
