X var,Y var,MIC (strength),MIC-p^2 (nonlinearity),MAS (non-monotonicity),MEV (functionality),MCN (complexity),Linear regression (p)
call4,rl,0.35086,0.1092013,0.07511999,0.35086,4.807355,0.49158794
all,call4,0.2248,0.19021909,0.07493,0.2248,4.807355,0.18595946
mit,all,0.22016,0.19037034,0.023500003,0.22016,4.807355,0.1725968
mit,call4,0.19813,0.18774945,0.033129998,0.19813,4.807355,0.101885
all,rl,0.19807,0.1641624,0.01227,0.19807,4.807355,0.18414018
mit,rl,0.18314,0.18275362,0.017800003,0.18314,4.807355,-0.019656446
