X var,Y var,MIC (strength),MIC-p^2 (nonlinearity),MAS (non-monotonicity),MEV (functionality),MCN (complexity),Linear regression (p)
all,rl,0.36645,0.08700213,0.05947998,0.36585,5.0,0.5286283
mit,all,0.27743,0.2753004,0.065280005,0.26558,5.0,-0.04614748
mit,rl,0.23944,0.13292721,0.08357,0.23158,5.0,-0.32636297
mit,call4,0.16891,0.12610364,0.13675,0.15832,5.0,0.20689698
all,call4,0.14922,0.14675988,0.14019,0.14296,5.0,-0.049599633
call4,rl,0.06292,0.05484404,0.039869994,0.06292,4.169925,-0.08986632
