X var,Y var,MIC (strength),MIC-p^2 (nonlinearity),MAS (non-monotonicity),MEV (functionality),MCN (complexity),Linear regression (p)
all,rl,0.36211,-0.5140315,0.025509998,0.35557,5.321928,0.9360243
mit,rl,0.2121,0.2025799,0.039289996,0.20685,5.321928,0.09757096
mit,all,0.17551,0.15378518,0.023239996,0.16737,5.321928,0.1473934
all,call4,0.17541,-0.22059852,0.03214,0.16603,5.321928,0.6292921
mit,call4,0.16998,0.04442537,0.052400008,0.16323,5.321928,0.3543369
call4,rl,0.16886,-0.10060687,0.02993001,0.1614,5.321928,0.519102
