X var,Y var,MIC (strength),MIC-p^2 (nonlinearity),MAS (non-monotonicity),MEV (functionality),MCN (complexity),Linear regression (p)
all,rl,0.29324,-0.25977182,0.014480025,0.29324,5.087463,0.74364763
mit,call4,0.19531,0.19351336,0.14488,0.19531,5.087463,-0.042386666
mit,rl,0.19227,0.15081796,0.031910002,0.19227,5.087463,-0.20359772
mit,all,0.17617,0.16795918,0.022660002,0.17617,5.087463,-0.09061363
all,call4,0.17577,0.17445248,0.11924,0.17577,5.087463,0.036297526
call4,rl,0.16602,0.1657595,0.121350005,0.16602,5.087463,-0.016139919
