X var,Y var,MIC (strength),MIC-p^2 (nonlinearity),MAS (non-monotonicity),MEV (functionality),MCN (complexity),Linear regression (p)
call4,rl,0.31893,-0.19812647,0.070199996,0.30353,5.0,0.7190664
all,call4,0.22315,-0.1533307,0.045900002,0.21296,5.0,0.6135802
all,rl,0.19785,-0.1319889,0.026529998,0.18867,5.0,0.574316
mit,rl,0.19275,-0.17162132,0.02127,0.18188,5.0,0.6036318
mit,call4,0.18906,-0.22292954,0.034080006,0.17735,5.0,0.6418641
mit,all,0.18729,-0.21318702,0.022260003,0.17729,5.0,0.6328325
