X var,Y var,MIC (strength),MIC-p^2 (nonlinearity),MAS (non-monotonicity),MEV (functionality),MCN (complexity),Linear regression (p)
all,rl,0.44589,-0.5033913,0.029960006,0.44589,4.807355,0.9743107
mit,rl,0.26873,0.116864026,0.057590008,0.26873,4.807355,0.38969988
mit,all,0.25702,0.15455543,0.049879998,0.25702,4.807355,0.32010087
mit,call4,0.17657,0.0074181855,0.12698999,0.17657,4.807355,0.4112807
all,call4,0.16644,-0.75883627,0.105629995,0.16644,4.807355,0.9619128
call4,rl,0.14326,-0.8512584,0.08177,0.14326,4.807355,0.99725544
