X var,Y var,MIC (strength),MIC-p^2 (nonlinearity),MAS (non-monotonicity),MEV (functionality),MCN (complexity),Linear regression (p)
call4,rl,0.27781,0.0013239384,0.02132,0.27781,5.0,0.5258194
all,rl,0.22002,0.14735277,0.023570001,0.22002,5.0,0.2695686
mit,all,0.21175,0.13040644,0.04089,0.21175,5.0,0.28520793
mit,rl,0.21069,0.18020822,0.010889992,0.21069,5.0,0.17459032
mit,call4,0.19228,0.14433971,0.02606,0.19228,5.0,0.2189527
all,call4,0.18519,0.048412293,0.008699998,0.18519,5.0,0.36983472
