X var,Y var,MIC (strength),MIC-p^2 (nonlinearity),MAS (non-monotonicity),MEV (functionality),MCN (complexity),Linear regression (p)
all,rl,0.3097,-0.3306778,0.018629998,0.30322,5.321928,0.8002361
mit,all,0.17923,0.17018554,0.007990003,0.1725,5.321928,-0.09510242
mit,rl,0.17821,0.15174288,0.009179994,0.17149,5.321928,-0.16268723
all,call4,0.17559,0.15611675,0.017160002,0.16783,5.321928,0.13954657
mit,call4,0.17527,0.16610986,0.008639999,0.16829,5.321928,0.09570863
call4,rl,0.14928,0.11081609,0.015709996,0.14189,5.321928,0.19612217
