X var,Y var,MIC (strength),MIC-p^2 (nonlinearity),MAS (non-monotonicity),MEV (functionality),MCN (complexity),Linear regression (p)
call4,rl,0.32487,0.070019245,0.07959001,0.32487,4.70044,0.50482744
mit,all,0.28653,-0.0418064,0.047479987,0.28653,4.70044,0.57300645
all,call4,0.2802,0.10879134,0.03621,0.2802,4.70044,0.4140153
all,rl,0.23916,0.17146091,0.047330007,0.23916,4.70044,0.2601905
mit,call4,0.21779,0.013194144,0.036650002,0.21779,4.70044,0.45232272
mit,rl,0.19273,0.15588957,0.013389997,0.19273,4.70044,0.19193858
