X var,Y var,MIC (strength),MIC-p^2 (nonlinearity),MAS (non-monotonicity),MEV (functionality),MCN (complexity),Linear regression (p)
all,rl,0.44318,0.030303925,0.036599994,0.43427,5.087463,0.64255434
mit,rl,0.28191,0.12063436,0.048030004,0.27446,5.087463,-0.4015914
mit,all,0.24151,0.21072122,0.007140003,0.23357,5.087463,-0.1754673
mit,call4,0.19493,0.17026882,0.078420006,0.18595,5.087463,-0.15703881
all,call4,0.1868,0.18449135,0.08985,0.17829,5.087463,0.048048437
call4,rl,0.17072,0.09942254,0.07244,0.16271,5.087463,0.26701584
