X var,Y var,MIC (strength),MIC-p^2 (nonlinearity),MAS (non-monotonicity),MEV (functionality),MCN (complexity),Linear regression (p)
call4,rl,0.31466,0.04679486,0.0466,0.31466,4.70044,0.5175569
all,call4,0.26304,0.04206209,0.069479994,0.26304,4.70044,0.47008288
mit,all,0.25094,-0.20277908,0.02849999,0.25094,4.70044,0.6735867
mit,call4,0.23895,0.07854453,0.0316,0.23895,4.70044,0.40050653
all,rl,0.21946,0.11032855,0.0325,0.21946,4.70044,0.3303505
mit,rl,0.19523,0.16331601,0.021059997,0.19523,4.70044,0.1786449
