X var,Y var,MIC (strength),MIC-p^2 (nonlinearity),MAS (non-monotonicity),MEV (functionality),MCN (complexity),Linear regression (p)
all,rl,0.49951,-0.28400695,0.04789999,0.49951,4.9068904,0.8851649
mit,rl,0.34813,0.25305486,0.043149978,0.34813,4.9068904,-0.30834255
mit,all,0.25647,0.2004479,0.026200004,0.25647,4.9068904,-0.23668987
call4,rl,0.19727,0.17538829,0.12972,0.19727,4.9068904,0.14792469
all,call4,0.19491,0.18792279,0.17181,0.19491,4.9068904,0.08358956
mit,call4,0.17907,0.15036859,0.13598,0.17907,4.9068904,-0.16941491
