X var,Y var,MIC (strength),MIC-p^2 (nonlinearity),MAS (non-monotonicity),MEV (functionality),MCN (complexity),Linear regression (p)
all,rl,0.45205,0.03195834,0.052080005,0.45205,4.9068904,0.6481448
mit,rl,0.27048,0.26819956,0.053169996,0.27048,4.9068904,-0.047754124
mit,all,0.26734,0.2663225,0.030980006,0.26734,4.9068904,-0.03189859
mit,call4,0.19219,0.17839739,0.14841,0.19219,4.9068904,-0.11744196
all,call4,0.17593,0.17366277,0.14372998,0.17593,4.9068904,-0.047615357
call4,rl,0.14492,0.14442003,0.11967,0.14492,4.9068904,-0.02236037
