X var,Y var,MIC (strength),MIC-p^2 (nonlinearity),MAS (non-monotonicity),MEV (functionality),MCN (complexity),Linear regression (p)
all,rl,0.54337,0.425392,0.107329994,0.52824,4.7548876,0.34347928
call4,rl,0.48307,0.25191894,0.08084002,0.48307,4.70044,0.4807817
all,call4,0.46403,0.3075729,0.15887001,0.46403,4.70044,0.3955466
mit,call4,0.29396,0.1712697,0.09342,0.29396,4.70044,0.35027176
mit,rl,0.2651,0.17642274,0.05104001,0.2651,4.70044,0.29778728
mit,all,0.25755,0.23997633,0.037039995,0.25755,4.70044,-0.1325657
