X var,Y var,MIC (strength),MIC-p^2 (nonlinearity),MAS (non-monotonicity),MEV (functionality),MCN (complexity),Linear regression (p)
call4,rl,0.24303,0.054479584,0.028779998,0.24303,5.087463,0.43422392
mit,call4,0.22692,0.19255832,0.030420005,0.22692,5.087463,0.18536904
mit,all,0.22674,0.12008016,0.070329994,0.22674,5.087463,0.32658818
all,call4,0.21416,0.15967171,0.021379996,0.21416,5.087463,0.23342726
all,rl,0.19623,0.1665494,0.011309996,0.19623,5.087463,0.17228058
mit,rl,0.18855,0.18690002,0.020240009,0.18855,5.087463,0.04061988
