X var,Y var,MIC (strength),MIC-p^2 (nonlinearity),MAS (non-monotonicity),MEV (functionality),MCN (complexity),Linear regression (p)
all,rl,0.47916,0.0043846965,0.05432999,0.47232,5.0,0.6890394
mit,rl,0.31943,0.17488797,0.027810007,0.31268,5.0,-0.38018683
mit,all,0.23596,0.2173266,0.0264,0.22656,5.0,-0.13650425
mit,call4,0.1727,0.16234091,0.1263,0.16536,5.0,0.101779595
all,call4,0.15415,0.15110934,0.11738999,0.14781,5.0,-0.055142097
call4,rl,0.11706,0.1082884,0.08709,0.10841,5.0,-0.0936568
