X var,Y var,MIC (strength),MIC-p^2 (nonlinearity),MAS (non-monotonicity),MEV (functionality),MCN (complexity),Linear regression (p)
call4,rl,0.46506,0.059586614,0.061670005,0.46506,4.5849624,0.6367679
mit,call4,0.43027,0.003972769,0.068179995,0.43019,5.087463,-0.6529144
mit,rl,0.38469,0.039229393,0.030200005,0.37685,5.087463,-0.58775896
all,rl,0.2769,0.113384575,0.021200001,0.2679,5.087463,0.4043704
all,call4,0.18457,0.16614251,0.12667,0.17571,5.087463,0.1357479
mit,all,0.17843,0.17506784,0.012939997,0.17143,5.087463,-0.057984143
