X var,Y var,MIC (strength),MIC-p^2 (nonlinearity),MAS (non-monotonicity),MEV (functionality),MCN (complexity),Linear regression (p)
call4,rl,0.26431,-0.10900867,0.019309998,0.25689,5.321928,0.6109981
mit,rl,0.18652,0.08238948,0.0255,0.17927,5.321928,0.3226926
mit,all,0.18647,-0.097458184,0.023719996,0.18005,5.321928,0.53284913
all,rl,0.17481,-0.16356789,0.037170008,0.16827,5.321928,0.5817026
all,call4,0.16777,-0.76452935,0.027909994,0.16135,5.321928,0.9655565
mit,call4,0.15984,-0.1303664,0.015259996,0.15311,5.321928,0.5387081
