X var,Y var,MIC (strength),MIC-p^2 (nonlinearity),MAS (non-monotonicity),MEV (functionality),MCN (complexity),Linear regression (p)
all,rl,0.41016,-0.15246588,0.06978002,0.41016,4.807355,0.7500839
mit,rl,0.37805,0.24203804,0.029149994,0.37805,4.807355,-0.368798
mit,all,0.27353,0.17889711,0.009800017,0.27353,4.807355,-0.3076246
mit,call4,0.24985,0.24021363,0.18695,0.24985,4.807355,-0.09816499
call4,rl,0.18025,0.10478935,0.11416,0.18025,4.807355,0.27470103
all,call4,0.15918,0.12184038,0.09704,0.15918,4.807355,0.19323462
