X var,Y var,MIC (strength),MIC-p^2 (nonlinearity),MAS (non-monotonicity),MEV (functionality),MCN (complexity),Linear regression (p)
call4,rl,0.25687,0.028671429,0.022150002,0.2497,5.321928,0.47770134
mit,call4,0.20016,0.050372526,0.049439996,0.19328,5.321928,0.38702387
all,call4,0.19194,-0.24986546,0.03351,0.18557,5.321928,0.6646845
mit,rl,0.18329,0.1561986,0.023369998,0.17622,5.321928,0.16459467
all,rl,0.17306,0.0666575,0.020669997,0.16557,5.321928,0.32619396
mit,all,0.17264,0.0069891214,0.016280003,0.16535,5.321928,0.4070023
