X var,Y var,MIC (strength),MIC-p^2 (nonlinearity),MAS (non-monotonicity),MEV (functionality),MCN (complexity),Linear regression (p)
mit,rl,0.29821,0.18164483,0.03016001,0.29821,5.087463,-0.34141642
mit,call4,0.25012,0.20087418,0.13036,0.25012,5.087463,-0.22191402
mit,all,0.24537,0.18473293,0.021630004,0.24537,5.087463,0.24624595
all,rl,0.21686,0.110906325,0.03741999,0.21686,5.087463,0.32550526
call4,rl,0.18961,0.09390358,0.08042,0.18961,5.087463,0.30936456
all,call4,0.16335,0.16124094,0.07958,0.16335,5.087463,0.045924515
