X var,Y var,MIC (strength),MIC-p^2 (nonlinearity),MAS (non-monotonicity),MEV (functionality),MCN (complexity),Linear regression (p)
all,rl,0.47824,0.14433548,0.03887999,0.47824,4.9068904,0.57784474
mit,rl,0.43971,0.30183136,0.111389995,0.43971,4.5849624,-0.3713201
mit,call4,0.3638,0.36314046,0.13047999,0.3638,4.9068904,-0.02568096
call4,rl,0.32508,0.24320772,0.14176,0.32508,4.9068904,0.28613332
mit,all,0.31259,0.30939898,0.08599,0.31259,4.9068904,-0.056489244
all,call4,0.25616,0.25602275,0.07271,0.25616,4.9068904,-0.011714457
