X var,Y var,MIC (strength),MIC-p^2 (nonlinearity),MAS (non-monotonicity),MEV (functionality),MCN (complexity),Linear regression (p)
call4,rl,0.28432,-0.14394784,0.08659001,0.28432,4.70044,0.65442175
mit,call4,0.24361,0.09218037,0.022810005,0.24361,4.70044,0.3891396
all,call4,0.23481,-0.036809623,0.042509988,0.23481,4.70044,0.5211714
mit,rl,0.2103,0.09798784,0.032340005,0.2103,4.70044,0.33513007
mit,all,0.20861,0.090744704,0.011990003,0.20861,4.70044,0.34331515
all,rl,0.20814,-0.041709647,0.04004,0.20814,4.70044,0.49984962
