X var,Y var,MIC (strength),MIC-p^2 (nonlinearity),MAS (non-monotonicity),MEV (functionality),MCN (complexity),Linear regression (p)
call4,rl,0.24215,-0.12839971,0.04030001,0.24215,4.70044,0.60872793
mit,all,0.1331,0.041564226,0.04083,0.1331,4.807355,0.3025488
all,rl,0.12854,0.07769264,0.023369998,0.12854,4.807355,0.22549357
mit,call4,0.11799,0.06944656,0.03894,0.11799,4.807355,0.22032575
all,call4,0.1131,0.042733207,0.028320003,0.1131,4.807355,0.2652674
mit,rl,0.08649,0.07510468,0.013500001,0.08649,4.807355,0.106701985
