X var,Y var,MIC (strength),MIC-p^2 (nonlinearity),MAS (non-monotonicity),MEV (functionality),MCN (complexity),Linear regression (p)
all,rl,0.50038,0.43492234,0.06299999,0.50038,4.70044,-0.25584692
all,call4,0.34651,0.32682538,0.043869987,0.34651,4.70044,-0.14030182
call4,rl,0.326,-0.28942463,0.09291001,0.326,4.70044,0.78449005
mit,all,0.24808,0.24220257,0.02223,0.24808,4.70044,0.07666442
mit,rl,0.22875,0.20629185,0.054130003,0.22875,4.70044,-0.14986041
mit,call4,0.21969,0.19031303,0.038069993,0.21969,4.70044,-0.1713971
