X var,Y var,MIC (strength),MIC-p^2 (nonlinearity),MAS (non-monotonicity),MEV (functionality),MCN (complexity),Linear regression (p)
call4,rl,0.31191,0.019568443,0.058440007,0.31191,4.70044,0.5406862
mit,all,0.25046,-0.14419043,0.019849986,0.25046,4.70044,0.6282121
all,call4,0.25034,0.059003413,0.061430022,0.25034,4.70044,0.4374204
mit,call4,0.21749,0.06220889,0.025759999,0.21749,4.70044,0.39405724
all,rl,0.20499,0.112207875,0.048380002,0.20499,4.70044,0.30460158
mit,rl,0.18872,0.15473874,0.027610004,0.18872,4.70044,0.18434007
