X var,Y var,MIC (strength),MIC-p^2 (nonlinearity),MAS (non-monotonicity),MEV (functionality),MCN (complexity),Linear regression (p)
call4,rl,0.25462,0.24910922,0.031910002,0.25462,5.087463,0.074234545
all,call4,0.19909,0.15485764,0.020610005,0.19909,5.087463,0.21031491
mit,all,0.1852,0.16608383,0.028560005,0.1852,5.087463,0.13826127
mit,call4,0.17127,0.09652638,0.018789992,0.17127,5.087463,0.2733928
mit,rl,0.16804,0.16463016,0.02409,0.16804,5.087463,-0.058393903
all,rl,0.16038,0.15995614,0.020270005,0.16038,5.087463,-0.020588063
