X var,Y var,MIC (strength),MIC-p^2 (nonlinearity),MAS (non-monotonicity),MEV (functionality),MCN (complexity),Linear regression (p)
all,rl,0.35123,-0.4437107,0.03808999,0.34373,5.321928,0.89159447
mit,call4,0.19953,0.12807137,0.03181,0.19154,5.321928,0.26731747
mit,all,0.17649,0.17642993,0.014139995,0.17037,5.321928,0.007750429
call4,rl,0.17479,-0.124243796,0.04354,0.1675,5.321928,0.54683983
mit,rl,0.16149,0.1614457,0.014869995,0.15655,5.321928,0.006654798
all,call4,0.1374,-0.0687065,0.010529999,0.13149,5.321928,0.45398954
