X var,Y var,MIC (strength),MIC-p^2 (nonlinearity),MAS (non-monotonicity),MEV (functionality),MCN (complexity),Linear regression (p)
all,call4,0.42239,0.33655277,0.051270008,0.42239,4.70044,0.29297996
all,rl,0.37045,0.37020952,0.057270005,0.37045,4.70044,-0.0155072035
call4,rl,0.34221,0.30510974,0.11886999,0.34221,4.70044,0.19261423
mit,all,0.21177,0.15922326,0.02317001,0.21177,4.70044,0.22923075
mit,rl,0.21075,0.1825642,0.022440001,0.21075,4.70044,0.16788629
mit,call4,0.20802,0.1619461,0.054519996,0.20802,4.70044,0.2146483
