X var,Y var,MIC (strength),MIC-p^2 (nonlinearity),MAS (non-monotonicity),MEV (functionality),MCN (complexity),Linear regression (p)
call4,rl,0.27884,-0.24879879,0.041800007,0.27884,5.087463,0.7263875
all,call4,0.21992,-0.15697585,0.031379998,0.21992,5.087463,0.6139184
all,rl,0.2036,-0.11156781,0.0191,0.2036,5.087463,0.5613981
mit,rl,0.1913,-0.16158816,0.031210005,0.1913,5.087463,0.5940439
mit,all,0.18218,-0.2687313,0.027050003,0.18218,5.087463,0.6714993
mit,call4,0.17599,-0.19203044,0.021219999,0.17599,5.087463,0.6066469
