X var,Y var,MIC (strength),MIC-p^2 (nonlinearity),MAS (non-monotonicity),MEV (functionality),MCN (complexity),Linear regression (p)
all,rl,0.32867,-0.54903543,0.018769994,0.3228,5.321928,0.93685937
mit,rl,0.20421,0.17016621,0.017700002,0.19668,5.321928,0.18450959
mit,all,0.16629,0.12733495,0.027400002,0.16081,5.321928,0.19737034
all,call4,0.16246,-0.3528464,0.08856,0.15531,5.321928,0.7178485
mit,call4,0.15773,0.0022446215,0.07774,0.15026,5.321928,0.39431635
call4,rl,0.1514,-0.29107192,0.043530002,0.14619,5.321928,0.66518563
