X var,Y var,MIC (strength),MIC-p^2 (nonlinearity),MAS (non-monotonicity),MEV (functionality),MCN (complexity),Linear regression (p)
all,rl,0.43803,-0.0025621355,0.071720004,0.43803,5.087463,0.66377115
mit,all,0.22109,0.18460795,0.06757,0.22109,5.087463,-0.19100277
mit,rl,0.19473,0.14242876,0.028439999,0.19473,5.087463,-0.22869465
mit,call4,0.18247,0.15867458,0.12739,0.18247,5.087463,-0.15425763
all,call4,0.15138,0.13776003,0.12947,0.15138,5.087463,0.11670466
call4,rl,0.11801,0.088217385,0.08618,0.11801,5.087463,0.17260537
