X var,Y var,MIC (strength),MIC-p^2 (nonlinearity),MAS (non-monotonicity),MEV (functionality),MCN (complexity),Linear regression (p)
mit,call4,0.26674,-0.23274457,0.02960001,0.26674,5.2479277,0.7067422
call4,rl,0.23673,-0.13458233,0.04236999,0.23673,5.2479277,0.609354
all,call4,0.21169,-0.2812928,0.01721999,0.21169,5.2479277,0.70212734
all,rl,0.18279,-0.09443991,0.02572,0.18279,5.2479277,0.5265263
mit,all,0.17744,-0.24936251,0.022859998,0.17744,5.2479277,0.65330124
mit,rl,0.15809,-0.038434073,0.010760002,0.15809,5.2479277,0.44331035
