X var,Y var,MIC (strength),MIC-p^2 (nonlinearity),MAS (non-monotonicity),MEV (functionality),MCN (complexity),Linear regression (p)
mit,all,0.2297,0.124133155,0.066410005,0.2297,5.2479277,0.32491052
mit,call4,0.21694,0.1647795,0.020799994,0.21694,5.2479277,0.22838674
all,call4,0.21435,0.10881948,0.025360003,0.21435,5.2479277,0.3248546
all,rl,0.19781,0.1272558,0.020520002,0.19781,5.2479277,0.2656204
mit,rl,0.19673,0.18761277,0.04366,0.19673,5.2479277,0.09548418
call4,rl,0.17584,0.10071614,0.017959997,0.17584,5.2479277,0.27408734
