X var,Y var,MIC (strength),MIC-p^2 (nonlinearity),MAS (non-monotonicity),MEV (functionality),MCN (complexity),Linear regression (p)
call4,rl,0.31877,0.04017654,0.03351,0.31877,5.0,0.5278195
all,call4,0.21497,0.08382146,0.029529989,0.21497,5.0,0.36214435
mit,rl,0.19155,0.1407457,0.009920001,0.19155,5.0,0.22539808
mit,call4,0.18273,0.13652742,0.015610002,0.18273,5.0,0.21494786
all,rl,0.18245,0.1194543,0.011040002,0.18245,5.0,0.25098944
mit,all,0.17329,0.09818524,0.03249,0.17329,5.0,0.27405247
