X var,Y var,MIC (strength),MIC-p^2 (nonlinearity),MAS (non-monotonicity),MEV (functionality),MCN (complexity),Linear regression (p)
call4,rl,0.25048,0.013413459,0.045259997,0.24246,5.321928,0.4868948
all,call4,0.20827,-0.22340252,0.042500004,0.20082,5.321928,0.6570179
all,rl,0.17891,0.038214445,0.050799996,0.17162,5.321928,0.37509406
mit,all,0.17444,0.039426997,0.010330003,0.16806,5.321928,0.36744115
mit,rl,0.17125,0.14177798,0.0048600063,0.16279,5.321928,0.17167416
mit,call4,0.16885,0.039440677,0.030299999,0.1623,5.321928,0.35973507
