X var,Y var,MIC (strength),MIC-p^2 (nonlinearity),MAS (non-monotonicity),MEV (functionality),MCN (complexity),Linear regression (p)
all,call4,0.24428,0.22283931,0.039629996,0.24428,5.2479277,0.14642638
mit,call4,0.22916,0.22281174,0.04399,0.22916,5.2479277,0.079675935
call4,rl,0.20168,0.17376392,0.008380003,0.20168,5.2479277,0.1670811
all,rl,0.19061,0.17808284,0.026580006,0.19061,5.2479277,0.11192483
mit,rl,0.19017,0.19002745,0.037640005,0.19017,5.2479277,0.01193996
mit,all,0.18219,-0.06365168,0.022909999,0.18219,5.2479277,0.49582425
