X var,Y var,MIC (strength),MIC-p^2 (nonlinearity),MAS (non-monotonicity),MEV (functionality),MCN (complexity),Linear regression (p)
all,rl,0.59899,-0.20999885,0.066330016,0.59286,5.321928,0.8994381
mit,rl,0.48971,0.45981368,0.101150006,0.48459,5.321928,-0.17290552
mit,all,0.31542,0.29299492,0.046950012,0.30893,5.321928,-0.14975005
all,call4,0.2535,-0.09454185,0.08988002,0.24774,5.321928,0.58995074
call4,rl,0.24381,-0.07885954,0.08594,0.23863,5.321928,0.5680401
mit,call4,0.21284,0.21071593,0.118990004,0.20494,5.321928,-0.04608757
