X var,Y var,MIC (strength),MIC-p^2 (nonlinearity),MAS (non-monotonicity),MEV (functionality),MCN (complexity),Linear regression (p)
all,rl,0.42649,0.4126246,0.085749984,0.42649,4.70044,0.11775152
call4,rl,0.37075,0.059739947,0.040419996,0.37075,4.70044,0.55768275
all,call4,0.34704,0.28883842,0.03613001,0.34704,4.70044,0.24125005
mit,rl,0.2803,0.2386218,0.04237999,0.2803,4.70044,-0.20415236
mit,call4,0.26243,0.21994907,0.023480013,0.26243,4.70044,-0.20610906
mit,all,0.26136,0.17366621,0.05662,0.26136,4.70044,-0.29613137
