X var,Y var,MIC (strength),MIC-p^2 (nonlinearity),MAS (non-monotonicity),MEV (functionality),MCN (complexity),Linear regression (p)
call4,rl,0.36361,-0.12581155,0.028119996,0.36361,4.9068904,0.6995867
all,call4,0.21177,-0.09919679,0.041150004,0.21177,4.9068904,0.55764395
mit,call4,0.20507,-0.18305852,0.027379997,0.20507,4.9068904,0.6229996
mit,rl,0.18817,-0.12274997,0.02155,0.18817,4.9068904,0.557602
mit,all,0.18349,-0.18817167,0.016879998,0.18349,4.9068904,0.6096406
all,rl,0.18091,-0.0632067,0.01929,0.18091,4.9068904,0.49408168
