X var,Y var,MIC (strength),MIC-p^2 (nonlinearity),MAS (non-monotonicity),MEV (functionality),MCN (complexity),Linear regression (p)
mit,call4,0.22961,0.07235101,0.044190004,0.22961,4.70044,0.39655894
mit,all,0.21473,-0.016414598,0.026160002,0.21473,4.70044,0.480775
all,rl,0.20858,-0.034916386,0.042850003,0.20858,4.70044,0.49345353
mit,rl,0.20468,0.042528853,0.026199996,0.20468,4.70044,0.40267995
all,call4,0.20139,-0.02102223,0.014900006,0.20139,4.70044,0.47160602
call4,rl,0.17953,-0.070580155,0.022639997,0.17953,4.70044,0.50011015
