X var,Y var,MIC (strength),MIC-p^2 (nonlinearity),MAS (non-monotonicity),MEV (functionality),MCN (complexity),Linear regression (p)
all,call4,0.23417,0.18304136,0.016210005,0.23417,5.2479277,0.22611643
call4,rl,0.22919,0.19794513,0.029460013,0.22919,5.2479277,0.1767622
mit,all,0.22492,-0.0513013,0.012359992,0.22492,5.2479277,0.5255676
mit,call4,0.21619,0.17828062,0.015940003,0.21619,5.2479277,0.1947033
all,rl,0.17219,0.1564666,0.014880002,0.17219,5.2479277,0.12539293
mit,rl,0.16243,0.1621488,0.02082,0.16243,5.2479277,0.016769128
