X var,Y var,MIC (strength),MIC-p^2 (nonlinearity),MAS (non-monotonicity),MEV (functionality),MCN (complexity),Linear regression (p)
call4,rl,0.32349,-0.04798186,0.05453998,0.31583,5.0,0.6094849
all,call4,0.21265,-3.310293E-4,0.015540004,0.20467,5.0,0.46149868
all,rl,0.19711,0.031652227,0.02273,0.18809,5.0,0.406765
mit,all,0.19383,-0.025300711,0.0295,0.18576,5.0,0.468114
mit,call4,0.19362,-0.059682578,0.02933,0.18067,5.0,0.5032917
mit,rl,0.18231,-0.004517168,0.023999996,0.17291,5.0,0.4322351
