X var,Y var,MIC (strength),MIC-p^2 (nonlinearity),MAS (non-monotonicity),MEV (functionality),MCN (complexity),Linear regression (p)
all,rl,0.30708,-0.33420137,0.043359995,0.30708,4.807355,0.80080044
mit,rl,0.23167,0.21607134,0.030880004,0.23167,4.807355,-0.12489461
all,call4,0.19194,0.051550463,0.11444999,0.19194,4.807355,0.3746859
call4,rl,0.19179,-0.064895555,0.072399996,0.19179,4.807355,0.50664145
mit,call4,0.18266,0.16575646,0.049620003,0.18266,4.807355,0.1300136
mit,all,0.17285,0.1586545,0.032879993,0.17285,4.807355,-0.119144864
