X var,Y var,MIC (strength),MIC-p^2 (nonlinearity),MAS (non-monotonicity),MEV (functionality),MCN (complexity),Linear regression (p)
all,rl,0.42602,0.06310198,0.019840002,0.42602,5.2479277,0.60242677
mit,rl,0.38087,-0.03847906,0.07701999,0.38087,5.2479277,-0.6475717
mit,all,0.20738,0.11137166,0.030139998,0.20738,5.2479277,-0.30985212
all,call4,0.1775,0.17715524,0.12526,0.1775,5.2479277,0.018567413
mit,call4,0.16315,0.15749027,0.09883,0.16315,5.2479277,-0.07523117
call4,rl,0.15541,0.15317579,0.09923001,0.15541,5.2479277,0.04726754
