X var,Y var,MIC (strength),MIC-p^2 (nonlinearity),MAS (non-monotonicity),MEV (functionality),MCN (complexity),Linear regression (p)
all,rl,0.44903,-0.07491866,0.040859997,0.439,5.0,0.723843
mit,rl,0.23053,0.19541441,0.040039994,0.22311,5.0,-0.18739153
mit,all,0.20235,0.19625486,0.026159994,0.19356,5.0,-0.078071386
all,call4,0.16063,0.15889272,0.1099,0.15093,5.0,-0.04168077
call4,rl,0.14691,0.14238836,0.11985999,0.13897,5.0,-0.06724314
mit,call4,0.14416,0.14412667,0.11047,0.13558,5.0,-0.005773393
