X var,Y var,MIC (strength),MIC-p^2 (nonlinearity),MAS (non-monotonicity),MEV (functionality),MCN (complexity),Linear regression (p)
all,rl,0.38754,-0.097809315,0.026759997,0.38754,5.087463,0.6966702
call4,rl,0.21446,-0.18175207,0.1109,0.21446,5.087463,0.6294538
all,call4,0.20238,-0.25857094,0.07572,0.20238,5.087463,0.6789337
mit,rl,0.19695,0.15686874,0.04248,0.19695,5.087463,-0.20020305
mit,all,0.17129,0.17088708,0.014039993,0.17129,5.087463,0.020072522
mit,call4,0.16849,0.15677921,0.08595999,0.16849,5.087463,-0.10821633
