X var,Y var,MIC (strength),MIC-p^2 (nonlinearity),MAS (non-monotonicity),MEV (functionality),MCN (complexity),Linear regression (p)
call4,rl,0.18006,3.66956E-4,0.014660001,0.18006,5.087463,0.42390215
all,call4,0.12359,-0.019275092,0.01125,0.12359,5.087463,0.377975
mit,call4,0.1191,-0.0029293746,0.031179994,0.1191,5.087463,0.34932703
mit,rl,0.11629,0.111747004,0.034360006,0.11629,5.087463,0.06740176
mit,all,0.11032,0.007043466,0.011130001,0.11032,5.087463,0.32136667
all,rl,0.09475,0.070407,0.024740003,0.09475,5.087463,0.15602244
