X var,Y var,MIC (strength),MIC-p^2 (nonlinearity),MAS (non-monotonicity),MEV (functionality),MCN (complexity),Linear regression (p)
call4,rl,0.31981,0.023204923,0.03776999,0.31981,4.807355,0.5446146
mit,all,0.2298,0.17910449,0.051090002,0.2298,4.807355,0.22515664
all,call4,0.20221,0.15725431,0.03543,0.20221,4.807355,0.21202758
mit,rl,0.18852,0.18771657,0.03453,0.18852,4.807355,0.028344855
mit,call4,0.18135,0.16531256,0.009820003,0.18135,4.807355,0.126639
all,rl,0.17894,0.15286364,0.013229996,0.17894,4.807355,0.16148178
