X var,Y var,MIC (strength),MIC-p^2 (nonlinearity),MAS (non-monotonicity),MEV (functionality),MCN (complexity),Linear regression (p)
call4,rl,0.31345,0.045867354,0.054910004,0.31345,5.0,0.5172839
all,rl,0.20078,0.14002837,0.013020001,0.20078,5.0,0.24647845
all,call4,0.19165,0.079659216,0.02847001,0.19165,5.0,0.33465025
mit,rl,0.19122,0.14814007,0.013750002,0.19122,5.0,0.20755704
mit,all,0.17156,0.10473379,0.015559997,0.17156,5.0,0.25850767
mit,call4,0.1626,0.12760773,0.015450001,0.1626,5.0,0.1870622
