X var,Y var,MIC (strength),MIC-p^2 (nonlinearity),MAS (non-monotonicity),MEV (functionality),MCN (complexity),Linear regression (p)
all,rl,0.33047,0.12564316,0.06380999,0.33047,5.087463,0.45257798
mit,rl,0.27596,0.034522504,0.04001999,0.27596,5.087463,-0.4913629
mit,all,0.24116,0.16286832,0.056800008,0.24116,5.087463,-0.27980652
all,call4,0.15915,0.1465199,0.14269,0.15915,5.087463,0.11238372
mit,call4,0.14793,0.13509724,0.13378,0.14793,5.087463,-0.1132818
call4,rl,0.11546,0.11000864,0.09205,0.11546,5.087463,0.073833324
