X var,Y var,MIC (strength),MIC-p^2 (nonlinearity),MAS (non-monotonicity),MEV (functionality),MCN (complexity),Linear regression (p)
call4,rl,0.28448,0.027760804,0.025589973,0.28448,5.0,0.50667465
all,rl,0.22717,0.170057,0.04640001,0.22717,5.0,0.23898327
mit,rl,0.21794,0.18052602,0.026750006,0.21794,5.0,0.19342695
all,call4,0.19521,0.094290435,0.020389996,0.19521,5.0,0.3176784
mit,call4,0.19435,0.16679595,0.028899997,0.19435,5.0,0.16599412
mit,all,0.1678,0.10850409,0.017569996,0.1678,5.0,0.2435075
