X var,Y var,MIC (strength),MIC-p^2 (nonlinearity),MAS (non-monotonicity),MEV (functionality),MCN (complexity),Linear regression (p)
all,rl,0.43028,0.02937159,0.018720001,0.43028,5.087463,0.6331733
mit,rl,0.31944,0.091914564,0.04337001,0.31944,5.087463,-0.47699627
mit,all,0.20953,0.17934833,0.04790999,0.20953,5.087463,-0.1737287
mit,call4,0.15866,0.1421501,0.12617,0.15866,5.087463,-0.12849084
call4,rl,0.14793,0.13569455,0.09571999,0.14793,5.087463,0.110613964
all,call4,0.14308,0.13660452,0.078109995,0.14308,5.087463,0.08047036
