X var,Y var,MIC (strength),MIC-p^2 (nonlinearity),MAS (non-monotonicity),MEV (functionality),MCN (complexity),Linear regression (p)
call4,rl,0.32836,-0.0015890002,0.03392999,0.32836,4.9068904,0.57441187
mit,call4,0.21325,0.13632962,0.022019997,0.21325,4.9068904,0.27734524
mit,all,0.20103,0.14310098,0.019869998,0.20103,4.9068904,0.24068451
all,call4,0.18912,0.14446607,0.026039995,0.18912,4.9068904,0.21131477
mit,rl,0.18834,0.14486137,0.010009997,0.18834,4.9068904,0.20851527
all,rl,0.17923,0.14879605,0.020580005,0.17923,4.9068904,0.17445327
