X var,Y var,MIC (strength),MIC-p^2 (nonlinearity),MAS (non-monotonicity),MEV (functionality),MCN (complexity),Linear regression (p)
mit,rl,0.36029,0.18968722,0.08677998,0.36029,5.2479277,0.41304088
call4,rl,0.27453,0.1780149,0.071370006,0.27453,5.2479277,0.31066877
all,rl,0.25573,0.21650866,0.033790007,0.25573,5.2479277,0.1980438
all,call4,0.22074,0.1534538,0.07365,0.22074,5.2479277,-0.25939584
mit,call4,0.19209,0.1703911,0.030900002,0.19209,5.2479277,0.1473055
mit,all,0.16192,0.14193352,0.012170002,0.16192,5.2479277,-0.14137354
