X var,Y var,MIC (strength),MIC-p^2 (nonlinearity),MAS (non-monotonicity),MEV (functionality),MCN (complexity),Linear regression (p)
all,call4,0.21108,0.1002499,0.0264,0.21108,5.2479277,0.33291155
mit,all,0.18908,0.09435109,0.020960003,0.18908,5.2479277,0.30778062
mit,rl,0.18609,0.17707564,0.026069999,0.18609,5.2479277,0.094944
call4,rl,0.18581,0.0929985,0.0108,0.18581,5.2479277,0.3046498
all,rl,0.18538,0.118777014,0.0106799975,0.18538,5.2479277,0.25807554
mit,call4,0.17725,0.12380996,0.013009995,0.17725,5.2479277,0.231171
