X var,Y var,MIC (strength),MIC-p^2 (nonlinearity),MAS (non-monotonicity),MEV (functionality),MCN (complexity),Linear regression (p)
call4,rl,0.19888,-0.07705824,0.019200005,0.19181,5.321928,0.52529824
all,rl,0.18551,-0.014008224,0.011019997,0.17943,5.321928,0.44667462
all,call4,0.18398,-0.07695271,0.011159997,0.17584,5.321928,0.51081574
mit,all,0.17674,-0.075488195,0.031009994,0.17049,5.321928,0.50222325
mit,rl,0.15931,-0.09901799,0.024240002,0.15248,5.321928,0.5082598
mit,call4,0.15424,-0.17092179,0.026569992,0.14763,5.321928,0.5702296
