X var,Y var,MIC (strength),MIC-p^2 (nonlinearity),MAS (non-monotonicity),MEV (functionality),MCN (complexity),Linear regression (p)
all,rl,0.36042,-0.14838481,0.029440016,0.36042,4.9068904,0.71330553
mit,rl,0.20181,0.09977612,0.045420006,0.19845,5.0,-0.31942743
mit,all,0.11564,0.11562454,0.028839998,0.10958,5.0,-0.0039316807
mit,call4,0.11408,0.10776123,0.0892,0.10882,5.0,-0.079490684
call4,rl,0.0978,0.06386007,0.054640003,0.09763,5.0,0.18422793
all,call4,0.07633,0.05894293,0.03902,0.07565,5.0,0.13186003
