X var,Y var,MIC (strength),MIC-p^2 (nonlinearity),MAS (non-monotonicity),MEV (functionality),MCN (complexity),Linear regression (p)
call4,rl,0.27714,9.9658966E-5,0.022540003,0.27714,4.9068904,0.5263462
mit,all,0.20985,0.17094971,0.057950005,0.20985,4.9068904,0.19723155
mit,call4,0.19783,0.13329092,0.019710004,0.19783,4.9068904,0.25404543
mit,rl,0.18467,0.16545212,0.036359996,0.18467,4.9068904,0.13862857
all,call4,0.17637,0.13297348,0.053549998,0.17637,4.9068904,0.20831831
all,rl,0.17515,0.15351681,0.02742,0.17515,4.9068904,0.14708228
