X var,Y var,MIC (strength),MIC-p^2 (nonlinearity),MAS (non-monotonicity),MEV (functionality),MCN (complexity),Linear regression (p)
call4,rl,0.31717,0.03239411,0.05104001,0.31717,4.807355,0.53364396
mit,all,0.2273,0.17308761,0.03812,0.2273,4.807355,0.23283555
all,call4,0.21729,0.17504741,0.040559992,0.21729,4.807355,0.20553
all,rl,0.2116,0.18659255,0.037190005,0.2116,4.807355,0.15813749
mit,call4,0.17728,0.15641515,0.016849995,0.17728,4.807355,0.14444667
mit,rl,0.17083,0.16970585,0.03508,0.17083,4.807355,0.033528354
