X var,Y var,MIC (strength),MIC-p^2 (nonlinearity),MAS (non-monotonicity),MEV (functionality),MCN (complexity),Linear regression (p)
call4,rl,0.21851,0.08726853,0.048529997,0.20933,5.321928,0.36227265
mit,call4,0.18136,0.057649672,0.032840014,0.17345,5.321928,0.3517248
mit,rl,0.17414,0.0032690763,0.011980012,0.16714,5.321928,0.41336536
mit,all,0.16898,0.08662629,0.022930004,0.16391,5.321928,0.28697336
all,call4,0.16853,0.103861995,0.015730001,0.16241,5.321928,0.25429904
all,rl,0.16804,0.0860416,0.025099996,0.1607,5.321928,0.28635365
