X var,Y var,MIC (strength),MIC-p^2 (nonlinearity),MAS (non-monotonicity),MEV (functionality),MCN (complexity),Linear regression (p)
mit,rl,0.37747,-0.014030337,0.09357999,0.37747,5.087463,-0.6256999
all,rl,0.33087,0.22729093,0.028560013,0.33087,5.2479277,0.32183704
mit,call4,0.18266,0.131847,0.09682,0.18266,5.2479277,-0.22541739
all,call4,0.17281,0.17277342,0.10766,0.17281,5.2479277,0.0060481895
call4,rl,0.16752,0.11201079,0.08601,0.16752,5.2479277,0.23560391
mit,all,0.16298,0.16264628,0.026549995,0.16298,5.2479277,-0.018268012
