X var,Y var,MIC (strength),MIC-p^2 (nonlinearity),MAS (non-monotonicity),MEV (functionality),MCN (complexity),Linear regression (p)
call4,rl,0.2704,0.119262144,0.02002,0.2704,5.087463,0.3887645
all,rl,0.18714,0.17580184,0.05409001,0.18714,5.087463,0.10648082
all,call4,0.18613,0.09848367,0.010400001,0.18613,5.087463,0.29605123
mit,all,0.17951,0.1379301,0.014839999,0.17951,5.087463,0.2039115
mit,call4,0.17848,0.10131966,0.022439986,0.17848,5.087463,0.2777775
mit,rl,0.16866,0.16860275,0.013610005,0.16866,5.087463,-0.007566657
