X var,Y var,MIC (strength),MIC-p^2 (nonlinearity),MAS (non-monotonicity),MEV (functionality),MCN (complexity),Linear regression (p)
call4,rl,0.20775,-0.038298488,0.013229996,0.20106,5.321928,0.49603274
mit,call4,0.17669,-0.012005851,0.025729999,0.1695,5.321928,0.43439135
mit,rl,0.16345,0.063006304,0.009230001,0.15723,5.321928,0.31692854
all,rl,0.16152,0.05162122,0.017519996,0.15596,5.321928,0.33150986
all,call4,0.15677,0.01163505,0.011239998,0.14993,5.321928,0.38096583
mit,all,0.15173,-0.006059706,0.014970005,0.14614,5.321928,0.39722753
