X var,Y var,MIC (strength),MIC-p^2 (nonlinearity),MAS (non-monotonicity),MEV (functionality),MCN (complexity),Linear regression (p)
mit,call4,0.28244,0.14017302,0.037130013,0.28244,4.70044,0.37718296
call4,rl,0.27594,0.08184031,0.06809001,0.27594,4.70044,0.44056746
all,call4,0.27437,0.14695838,0.05518,0.27437,4.70044,0.35694766
mit,all,0.26031,0.05633542,0.035060003,0.26031,4.70044,0.45163545
all,rl,0.21155,0.16529226,0.03487,0.21155,4.70044,0.2150761
mit,rl,0.20983,0.1905469,0.02617,0.20983,4.70044,0.13886361
