X var,Y var,MIC (strength),MIC-p^2 (nonlinearity),MAS (non-monotonicity),MEV (functionality),MCN (complexity),Linear regression (p)
call4,rl,0.25719,0.03470455,0.034099996,0.25719,5.087463,0.47168362
mit,rl,0.21369,0.20678264,0.05529,0.21369,5.087463,0.0831105
all,rl,0.19517,0.15476003,0.017459996,0.19517,5.087463,0.20102231
mit,call4,0.19261,0.15520449,0.031320006,0.19261,5.087463,0.19340503
mit,all,0.19249,0.08756445,0.015750006,0.19249,5.087463,0.32392213
all,call4,0.18457,0.11480521,0.018030003,0.18457,5.087463,0.26413026
