X var,Y var,MIC (strength),MIC-p^2 (nonlinearity),MAS (non-monotonicity),MEV (functionality),MCN (complexity),Linear regression (p)
call4,rl,0.34587,0.08016929,0.05851999,0.34587,4.807355,0.5154616
mit,all,0.24961,0.20174268,0.08330999,0.24961,4.807355,0.21878603
mit,call4,0.18523,0.1650628,0.03876,0.18523,4.807355,0.14201126
all,rl,0.18466,0.16478035,0.028169997,0.18466,4.807355,0.1409952
all,call4,0.15629,0.11287193,0.021229997,0.15629,4.807355,0.20837003
mit,rl,0.15488,0.1543685,0.025530003,0.15488,4.807355,0.022616334
