X var,Y var,MIC (strength),MIC-p^2 (nonlinearity),MAS (non-monotonicity),MEV (functionality),MCN (complexity),Linear regression (p)
call4,rl,0.23035,-0.17809333,0.041769996,0.23035,5.087463,0.6390957
all,call4,0.19619,-0.1805087,0.041649997,0.19619,5.087463,0.61375785
mit,all,0.19086,-0.24749938,0.025770001,0.19086,5.087463,0.66208714
mit,rl,0.17256,-0.11277589,0.022349998,0.17256,5.087463,0.5341684
mit,call4,0.17137,-0.19696149,0.013630003,0.17137,5.087463,0.6069032
all,rl,0.1675,-0.067202985,0.020079996,0.1675,5.087463,0.48446155
