X var,Y var,MIC (strength),MIC-p^2 (nonlinearity),MAS (non-monotonicity),MEV (functionality),MCN (complexity),Linear regression (p)
all,rl,0.41419,0.117328286,0.043970004,0.41419,5.2479277,0.5448502
mit,rl,0.34694,-0.031662226,0.05377999,0.34694,5.2479277,-0.6153066
mit,all,0.22151,0.18682525,0.031460002,0.22151,5.2479277,-0.18623844
call4,rl,0.1825,0.16279611,0.12477,0.1825,5.2479277,0.14037058
mit,call4,0.17342,0.16639686,0.12558,0.17342,5.2479277,-0.083804175
all,call4,0.14992,0.14345938,0.11858,0.14992,5.2479277,0.08037796
