X var,Y var,MIC (strength),MIC-p^2 (nonlinearity),MAS (non-monotonicity),MEV (functionality),MCN (complexity),Linear regression (p)
call4,rl,0.31952,0.04591766,0.07647,0.31952,4.70044,0.5230701
all,call4,0.27651,0.10615787,0.06696999,0.27651,4.70044,0.41273737
mit,call4,0.26421,0.10652605,0.047169983,0.26421,4.70044,0.39709437
mit,all,0.2498,-0.122508824,0.031049997,0.2498,4.70044,0.61017114
mit,rl,0.19041,0.15733254,0.026829995,0.19041,4.70044,0.18187213
all,rl,0.18828,0.10097583,0.032969996,0.18828,4.70044,0.2954728
