X var,Y var,MIC (strength),MIC-p^2 (nonlinearity),MAS (non-monotonicity),MEV (functionality),MCN (complexity),Linear regression (p)
call4,rl,0.25502,0.25058603,0.02832,0.25502,5.087463,0.06658809
all,rl,0.18631,0.18564205,0.032399997,0.18631,5.087463,-0.025844494
all,call4,0.18268,0.13307287,0.008059993,0.18268,5.087463,0.22272657
mit,all,0.17754,0.15382706,0.029679999,0.17754,5.087463,0.15399009
mit,rl,0.1732,0.17018679,0.026679993,0.1732,5.087463,-0.054892663
mit,call4,0.16023,0.076536454,0.010740001,0.16023,5.087463,0.28929836
