X var,Y var,MIC (strength),MIC-p^2 (nonlinearity),MAS (non-monotonicity),MEV (functionality),MCN (complexity),Linear regression (p)
all,rl,0.35672,-0.10553849,0.036950007,0.35672,5.087463,0.67989594
mit,rl,0.17783,0.13289672,0.007159997,0.17783,5.087463,-0.2119747
mit,call4,0.17493,0.16260391,0.13815,0.17493,5.087463,-0.11102294
call4,rl,0.15413,0.14573078,0.12175,0.15413,5.087463,0.091647245
mit,all,0.15217,0.15191634,0.009690002,0.15217,5.087463,-0.015926888
all,call4,0.13234,0.13114098,0.10402,0.13234,5.087463,0.034626994
