X var,Y var,MIC (strength),MIC-p^2 (nonlinearity),MAS (non-monotonicity),MEV (functionality),MCN (complexity),Linear regression (p)
all,rl,0.32654,0.052678883,0.039499998,0.32654,4.9068904,0.5233174
mit,all,0.2203,0.21555822,0.048639998,0.2203,4.9068904,-0.06886067
mit,call4,0.1866,0.1866,0.11124,0.1866,4.9068904,1.4857206E-5
call4,rl,0.18057,-0.4415936,0.094390005,0.18057,4.9068904,0.7887735
mit,rl,0.16817,0.15797032,0.017949998,0.16817,4.9068904,-0.10099349
all,call4,0.15146,0.07816013,0.076960005,0.15146,4.9068904,0.2707395
