X var,Y var,MIC (strength),MIC-p^2 (nonlinearity),MAS (non-monotonicity),MEV (functionality),MCN (complexity),Linear regression (p)
call4,rl,0.25544,-0.022562861,0.035100013,0.25544,4.70044,0.52725977
all,call4,0.24489,0.06600051,0.02459,0.24489,4.70044,0.4229533
mit,rl,0.23974,0.21013275,0.025409997,0.23974,4.70044,0.1720676
mit,call4,0.23608,0.11100116,0.029479995,0.23608,4.70044,0.35366488
mit,all,0.22581,-0.10429795,0.039710008,0.22581,4.70044,0.5745502
all,rl,0.19879,0.08491392,0.027730003,0.19879,4.70044,0.3374553
