X var,Y var,MIC (strength),MIC-p^2 (nonlinearity),MAS (non-monotonicity),MEV (functionality),MCN (complexity),Linear regression (p)
call4,rl,0.27391,0.037492827,0.06578,0.27391,4.70044,0.48622748
mit,call4,0.24446,0.14499548,0.029519998,0.24446,4.70044,0.31537998
mit,all,0.2289,-0.018742293,0.022129998,0.2289,4.70044,0.4976367
all,call4,0.2286,0.091572806,0.036879987,0.2286,4.70044,0.37017184
mit,rl,0.22549,0.20281556,0.04204999,0.22549,4.70044,0.15058033
all,rl,0.2201,0.12763998,0.05494,0.2201,4.70044,0.30407238
