X var,Y var,MIC (strength),MIC-p^2 (nonlinearity),MAS (non-monotonicity),MEV (functionality),MCN (complexity),Linear regression (p)
call4,rl,0.28521,0.10659772,0.03182,0.27414,5.0,0.42262548
all,call4,0.24402,0.17414194,0.023599997,0.23549,5.0,0.26434457
mit,call4,0.2273,0.10835665,0.07085,0.2168,5.0,0.34488165
mit,all,0.21457,0.15642396,0.025059998,0.20361,5.0,0.24113491
all,rl,0.20364,0.17212199,0.008870002,0.19429,5.0,0.17753312
mit,rl,0.20075,0.16791986,0.041020006,0.19139,5.0,0.18119088
