X var,Y var,MIC (strength),MIC-p^2 (nonlinearity),MAS (non-monotonicity),MEV (functionality),MCN (complexity),Linear regression (p)
call4,rl,0.33315,0.001780808,0.01173,0.33315,4.9068904,0.57564676
mit,rl,0.20548,0.17743322,0.01252,0.20548,4.9068904,0.16747169
mit,call4,0.20005,0.13485453,0.01617001,0.20005,4.9068904,0.25533402
all,call4,0.19913,0.14432266,0.02364999,0.19913,4.9068904,0.23410966
all,rl,0.19323,0.16524607,0.026310004,0.19323,4.9068904,0.16728397
mit,all,0.18204,0.12148722,0.013490006,0.18204,4.9068904,0.24607475
