X var,Y var,MIC (strength),MIC-p^2 (nonlinearity),MAS (non-monotonicity),MEV (functionality),MCN (complexity),Linear regression (p)
mit,rl,0.25006,0.23446384,0.014859997,0.2404,5.087463,-0.12488454
all,rl,0.23443,-0.009997994,0.016059995,0.22601,5.087463,0.4943966
mit,all,0.22318,0.16812968,0.036519997,0.2142,5.087463,0.23462805
mit,call4,0.17813,0.16867013,0.06991,0.16888,5.087463,-0.09726188
all,call4,0.17455,0.15751635,0.0814,0.16456,5.087463,-0.13051304
call4,rl,0.17444,0.17396997,0.045450002,0.16615,5.087463,0.021680249
