X var,Y var,MIC (strength),MIC-p^2 (nonlinearity),MAS (non-monotonicity),MEV (functionality),MCN (complexity),Linear regression (p)
call4,rl,0.26664,0.04395424,0.025660008,0.25764,5.321928,0.47189593
mit,rl,0.19105,0.17206478,0.020769998,0.1828,5.321928,0.1377868
mit,all,0.18395,0.08311386,0.023260001,0.17684,5.321928,0.31754708
mit,call4,0.18197,0.093129225,0.01568,0.1747,5.321928,0.2980617
all,rl,0.17114,0.1303423,0.025059998,0.16355,5.321928,0.20198438
all,call4,0.16771,0.082487114,0.0137899965,0.16149,5.321928,0.2919296
