X var,Y var,MIC (strength),MIC-p^2 (nonlinearity),MAS (non-monotonicity),MEV (functionality),MCN (complexity),Linear regression (p)
call4,rl,0.25643,0.12125605,0.027700007,0.25643,5.087463,0.3676601
all,call4,0.19871,0.098721646,0.03276001,0.19871,5.087463,0.31620935
mit,call4,0.19103,0.11556783,0.042229995,0.19103,5.087463,0.27470377
mit,all,0.16941,0.113819994,0.017159998,0.16941,5.087463,0.23577534
all,rl,0.16584,0.15687415,0.02042,0.16584,5.087463,0.09468821
mit,rl,0.16054,0.16043052,0.015779987,0.16054,5.087463,-0.010463505
