X var,Y var,MIC (strength),MIC-p^2 (nonlinearity),MAS (non-monotonicity),MEV (functionality),MCN (complexity),Linear regression (p)
call4,rl,0.32739,0.10305001,0.057989985,0.32739,5.0,0.47364542
all,call4,0.21442,0.062979475,0.030400008,0.21442,5.0,0.3891536
mit,rl,0.20813,0.1865911,0.04761,0.20813,5.0,0.14676136
all,rl,0.19878,0.16087693,0.032289997,0.19878,5.0,0.19468713
mit,all,0.18216,0.12277007,0.007819995,0.18216,5.0,0.24370049
mit,call4,0.17706,0.15404975,0.01718001,0.17706,5.0,0.15169127
