X var,Y var,MIC (strength),MIC-p^2 (nonlinearity),MAS (non-monotonicity),MEV (functionality),MCN (complexity),Linear regression (p)
all,rl,0.31893,0.13469401,0.025560006,0.31893,5.087463,0.4292272
mit,call4,0.22241,0.19926251,0.17426999,0.22241,5.087463,-0.15214296
mit,rl,0.21543,0.077641726,0.023409992,0.21543,5.087463,-0.37119845
call4,rl,0.20807,0.2068429,0.15607,0.20807,5.087463,0.03502998
mit,all,0.18804,0.18633747,0.023480006,0.18804,5.087463,-0.041261807
all,call4,0.17197,0.15327924,0.12847,0.17197,5.087463,0.13671415
