X var,Y var,MIC (strength),MIC-p^2 (nonlinearity),MAS (non-monotonicity),MEV (functionality),MCN (complexity),Linear regression (p)
call4,rl,0.30196,0.05807647,0.054869995,0.30196,4.807355,0.49384564
mit,call4,0.20486,0.1822571,0.040010005,0.20486,4.807355,0.15034261
all,call4,0.19508,0.14762789,0.011299998,0.19508,4.807355,0.21783505
all,rl,0.19215,0.17591166,0.022339998,0.19215,4.807355,0.12742971
mit,all,0.18295,0.12298268,0.01529,0.18295,4.807355,0.24488227
mit,rl,0.17708,0.17188713,0.04094,0.17708,4.807355,0.072061636
