X var,Y var,MIC (strength),MIC-p^2 (nonlinearity),MAS (non-monotonicity),MEV (functionality),MCN (complexity),Linear regression (p)
call4,rl,0.22232,0.060661197,0.019530006,0.21513,5.0,0.40206817
all,rl,0.20125,0.18146248,0.059589997,0.19038,5.0,0.14066812
all,call4,0.19988,0.1544387,0.025790006,0.19031,5.0,0.21316965
mit,call4,0.18797,0.091795795,0.03743,0.18055,5.0,0.31011966
mit,all,0.18034,0.14744835,0.032919995,0.17383,5.0,0.18136057
mit,rl,0.17617,0.1506325,0.035009995,0.16653,5.0,0.15980458
