X var,Y var,MIC (strength),MIC-p^2 (nonlinearity),MAS (non-monotonicity),MEV (functionality),MCN (complexity),Linear regression (p)
all,rl,0.51271,-0.04935497,0.024879992,0.51271,4.9068904,0.7497099
mit,rl,0.33733,0.30166024,0.054059997,0.33733,4.9068904,-0.18886447
mit,call4,0.30523,0.28321773,0.096009985,0.30523,4.9068904,-0.14836526
mit,all,0.28696,0.2589911,0.11520001,0.28696,4.9068904,0.16723913
call4,rl,0.22872,0.22200766,0.105979994,0.22872,4.9068904,0.08192878
all,call4,0.14721,0.14456186,0.0604,0.14721,4.9068904,-0.051460113
