X var,Y var,MIC (strength),MIC-p^2 (nonlinearity),MAS (non-monotonicity),MEV (functionality),MCN (complexity),Linear regression (p)
all,call4,0.24531,0.20283346,0.04271999,0.24531,5.2479277,0.20609836
all,rl,0.22174,0.19042304,0.030480012,0.22174,5.2479277,0.17696603
call4,rl,0.20762,0.17024909,0.029059999,0.20762,5.2479277,0.19331555
mit,all,0.20094,-0.009451672,0.016439997,0.20094,5.2479277,0.4586847
mit,call4,0.20077,0.18629545,0.01173,0.20077,5.2479277,0.12031027
mit,rl,0.19478,0.19396035,0.041309997,0.19478,5.2479277,0.028629621
