X var,Y var,MIC (strength),MIC-p^2 (nonlinearity),MAS (non-monotonicity),MEV (functionality),MCN (complexity),Linear regression (p)
all,rl,0.50637,-0.09185374,0.03496,0.50637,5.2479277,0.77344924
mit,rl,0.44975,-0.08545542,0.03594002,0.44975,5.2479277,-0.73157734
mit,all,0.411,0.012143314,0.07340002,0.411,4.807355,-0.631551
call4,rl,0.18652,0.1835704,0.08929999,0.18652,5.2479277,0.054310154
mit,call4,0.17917,0.16393773,0.100609995,0.17917,5.2479277,-0.123419054
all,call4,0.17532,0.17423569,0.10253,0.17532,5.2479277,-0.03292885
