X var,Y var,MIC (strength),MIC-p^2 (nonlinearity),MAS (non-monotonicity),MEV (functionality),MCN (complexity),Linear regression (p)
all,rl,0.34759,-0.1666793,0.034690008,0.34759,5.2479277,0.7171257
mit,rl,0.23681,0.0010880828,0.042119995,0.23681,5.087463,-0.48551202
mit,call4,0.13506,0.10903481,0.059719995,0.13506,5.2479277,-0.16132326
mit,all,0.11822,0.06892164,0.03565,0.11822,5.169925,-0.22203235
all,call4,0.08102,0.08050794,0.018699996,0.08102,5.2479277,-0.022628585
call4,rl,0.07973,0.057616193,0.031519998,0.07973,5.2479277,0.1487071
