X var,Y var,MIC (strength),MIC-p^2 (nonlinearity),MAS (non-monotonicity),MEV (functionality),MCN (complexity),Linear regression (p)
all,call4,0.24995,0.14594963,0.046780005,0.24995,5.2479277,0.3224909
mit,call4,0.21403,0.11438884,0.020319998,0.21403,5.2479277,0.31565988
call4,rl,0.21241,0.15697654,0.043070003,0.21241,5.2479277,0.23544313
mit,all,0.20073,0.0064550936,0.024640001,0.20073,5.2479277,0.44076627
all,rl,0.16558,0.118926436,0.010910004,0.16558,5.2479277,0.21599437
mit,rl,0.14548,0.14110322,0.01686,0.14548,5.2479277,0.06615729
