X var,Y var,MIC (strength),MIC-p^2 (nonlinearity),MAS (non-monotonicity),MEV (functionality),MCN (complexity),Linear regression (p)
call4,rl,0.29706,0.11769143,0.023000002,0.29706,5.0,0.42351928
all,rl,0.19686,0.16840306,0.03158,0.19686,5.0,0.16869184
all,call4,0.19247,0.07567786,0.014190003,0.19247,5.0,0.34174865
mit,rl,0.18601,0.16118453,0.01213,0.18601,5.0,0.15756102
mit,all,0.17146,0.13098459,0.014729999,0.17146,5.0,0.20118502
mit,call4,0.1694,0.1575405,0.0198,0.1694,5.0,0.10890133
