X var,Y var,MIC (strength),MIC-p^2 (nonlinearity),MAS (non-monotonicity),MEV (functionality),MCN (complexity),Linear regression (p)
call4,rl,0.31672,0.02701974,0.040639997,0.31672,4.70044,0.5382381
all,call4,0.27274,0.09787938,0.051479995,0.27274,4.70044,0.4181634
mit,all,0.23114,-0.13642024,0.018330008,0.23114,4.70044,0.60626745
mit,call4,0.21244,0.059812263,0.028549999,0.21244,4.70044,0.390676
mit,rl,0.20553,0.1702268,0.02723001,0.20553,4.70044,0.18789148
all,rl,0.19254,0.106959686,0.047229998,0.19254,4.70044,0.29254115
