X var,Y var,MIC (strength),MIC-p^2 (nonlinearity),MAS (non-monotonicity),MEV (functionality),MCN (complexity),Linear regression (p)
call4,rl,0.25819,0.25557303,0.017320007,0.25819,5.087463,0.051156234
all,call4,0.19671,0.14065212,0.01822,0.19671,5.087463,0.23676546
mit,rl,0.18301,0.18056357,0.006760001,0.18301,5.087463,-0.049461372
mit,call4,0.17969,0.078155726,0.01290001,0.17969,5.087463,0.31864443
mit,all,0.17334,0.14006177,0.030100003,0.17334,5.087463,0.1824232
all,rl,0.17162,0.17050388,0.015859999,0.17162,5.087463,-0.033408303
