X var,Y var,MIC (strength),MIC-p^2 (nonlinearity),MAS (non-monotonicity),MEV (functionality),MCN (complexity),Linear regression (p)
mit,rl,0.56784,0.20516473,0.09443,0.55938,5.0,-0.60222524
all,rl,0.50601,-0.006372452,0.046360016,0.49772,5.0,0.7158089
mit,all,0.39441,0.25268367,0.11974001,0.38364,5.0,-0.3764656
mit,call4,0.22372,0.19982697,0.16663,0.21327,5.0,-0.15457371
all,call4,0.19545,0.19383362,0.16648999,0.18492,5.0,0.040204223
call4,rl,0.17925,0.17138378,0.093150005,0.17098,5.0,0.08869167
