X var,Y var,MIC (strength),MIC-p^2 (nonlinearity),MAS (non-monotonicity),MEV (functionality),MCN (complexity),Linear regression (p)
mit,call4,0.24964,-0.068580195,0.05247,0.24964,4.70044,0.5641101
call4,rl,0.21468,-0.18438233,0.03823001,0.21468,4.70044,0.6317138
all,rl,0.21227,-0.0596558,0.032120004,0.21227,4.70044,0.52146506
all,call4,0.20877,-0.10184947,0.0124699995,0.20877,4.70044,0.55733246
mit,rl,0.20449,-0.13665065,0.02183,0.20449,4.70044,0.5840725
mit,all,0.18506,-0.080922514,0.0139700025,0.18506,4.70044,0.5157349
