X var,Y var,MIC (strength),MIC-p^2 (nonlinearity),MAS (non-monotonicity),MEV (functionality),MCN (complexity),Linear regression (p)
call4,rl,0.33467,0.016550004,0.025549993,0.33467,4.807355,0.5640213
all,call4,0.21938,0.17628084,0.051,0.21938,4.807355,0.2076034
mit,all,0.21671,0.1615232,0.049659997,0.21671,4.807355,0.23491871
mit,call4,0.19316,0.17278866,0.024580002,0.19316,4.807355,0.14272816
all,rl,0.18009,0.15459806,0.015560001,0.18009,4.807355,0.15966193
mit,rl,0.17663,0.17586195,0.022610001,0.17663,4.807355,0.02771361
