X var,Y var,MIC (strength),MIC-p^2 (nonlinearity),MAS (non-monotonicity),MEV (functionality),MCN (complexity),Linear regression (p)
mit,call4,0.23879,-0.19100833,0.03516999,0.23879,5.2479277,0.65559006
all,call4,0.22095,-0.24550971,0.01641,0.22095,5.2479277,0.6829786
call4,rl,0.2119,-0.15323076,0.02099,0.2119,5.2479277,0.6042605
all,rl,0.20802,-0.05299732,0.028340004,0.20802,5.2479277,0.51089853
mit,all,0.20135,-0.17130572,0.010539994,0.20135,5.2479277,0.61045533
mit,rl,0.17152,-0.016455889,0.03030999,0.17152,5.2479277,0.43356186
