X var,Y var,MIC (strength),MIC-p^2 (nonlinearity),MAS (non-monotonicity),MEV (functionality),MCN (complexity),Linear regression (p)
call4,rl,0.33751,0.15951903,0.05926001,0.33751,4.807355,0.42188975
mit,all,0.22461,0.2188562,0.040130004,0.22461,4.807355,0.07585385
all,rl,0.21463,0.14648542,0.043500002,0.21463,4.807355,0.26104516
all,call4,0.20034,0.18081771,0.06035,0.20034,4.807355,0.13972218
mit,call4,0.19264,0.18908325,0.021960001,0.19264,4.807355,0.059638526
mit,rl,0.19226,0.18822372,0.0378,0.19226,4.807355,-0.06353166
