X var,Y var,MIC (strength),MIC-p^2 (nonlinearity),MAS (non-monotonicity),MEV (functionality),MCN (complexity),Linear regression (p)
call4,rl,0.32196,-0.08287731,0.044129997,0.32196,4.9068904,0.63626826
mit,call4,0.22262,-0.08156429,0.039539993,0.22262,4.9068904,0.55152905
all,call4,0.21566,-0.008125454,0.026690006,0.21566,4.9068904,0.47305968
all,rl,0.21365,0.036202878,0.036620006,0.21365,4.9068904,0.42124474
mit,rl,0.19266,-0.039864853,0.025150001,0.19266,4.9068904,0.4822083
mit,all,0.17207,-0.10054061,0.009599999,0.17207,4.9068904,0.52212125
