X var,Y var,MIC (strength),MIC-p^2 (nonlinearity),MAS (non-monotonicity),MEV (functionality),MCN (complexity),Linear regression (p)
call4,rl,0.26787,-0.108364314,0.037870005,0.26787,4.9068904,0.6133794
mit,call4,0.16338,0.03506306,0.020889997,0.16338,4.9068904,0.35821354
all,call4,0.13235,0.032007076,0.018059999,0.13235,4.9068904,0.3167695
mit,all,0.11928,0.016303755,0.027069993,0.11928,4.9068904,0.32089913
mit,rl,0.11524,0.043543667,0.03131,0.11524,4.9068904,0.2677617
all,rl,0.11019,0.057846088,0.015820004,0.11019,4.9068904,0.22878791
