X var,Y var,MIC (strength),MIC-p^2 (nonlinearity),MAS (non-monotonicity),MEV (functionality),MCN (complexity),Linear regression (p)
call4,rl,0.27478,-0.0370242,0.029510006,0.27478,5.0,0.5583943
all,call4,0.23592,0.08258842,0.055710003,0.23592,5.0,0.39157575
mit,all,0.23252,0.13162948,0.035559997,0.23252,5.0,0.31763268
all,rl,0.21054,0.14629611,0.03249,0.21054,5.0,0.25346377
mit,rl,0.20924,0.16679607,0.03501001,0.20924,5.0,0.20601925
mit,call4,0.17347,0.10650449,0.011830002,0.17347,5.0,0.25877696
