X var,Y var,MIC (strength),MIC-p^2 (nonlinearity),MAS (non-monotonicity),MEV (functionality),MCN (complexity),Linear regression (p)
all,rl,0.42137,0.010414839,0.06285,0.42137,5.087463,0.64105785
mit,rl,0.26388,0.1004004,0.03295,0.26388,5.087463,-0.4043261
mit,call4,0.19301,0.1748576,0.13059,0.19301,5.087463,-0.13473086
call4,rl,0.18471,0.16501403,0.11822999,0.18471,5.087463,0.14034231
all,call4,0.17532,0.15327647,0.08508,0.17532,5.087463,0.14847064
mit,all,0.17348,0.17038326,0.016119998,0.17348,5.087463,-0.055648334
