X var,Y var,MIC (strength),MIC-p^2 (nonlinearity),MAS (non-monotonicity),MEV (functionality),MCN (complexity),Linear regression (p)
call4,rl,0.3611,0.14109343,0.11063999,0.3611,5.0,0.46904856
all,call4,0.21898,0.06634444,0.02635999,0.21898,5.0,0.390686
all,rl,0.21857,0.17848134,0.043799996,0.21857,5.0,0.20022152
mit,all,0.20689,0.14967564,0.028610006,0.20689,5.0,0.23919526
mit,rl,0.1783,0.15711914,0.018629998,0.1783,5.0,0.14553645
mit,call4,0.1757,0.15174714,0.01492,0.1757,5.0,0.15476713
