X var,Y var,MIC (strength),MIC-p^2 (nonlinearity),MAS (non-monotonicity),MEV (functionality),MCN (complexity),Linear regression (p)
all,rl,0.27623,-0.5658095,0.011669993,0.27623,5.087463,0.9176271
mit,rl,0.20969,0.20965046,0.042510003,0.20969,5.087463,0.006288597
mit,all,0.20011,0.18848684,0.039450005,0.20011,5.087463,0.107810766
all,call4,0.17566,-0.6848467,0.087969996,0.17566,5.087463,0.927635
call4,rl,0.16331,-0.6959723,0.06493001,0.16331,5.087463,0.92697483
mit,call4,0.15723,0.15561935,0.043340005,0.15723,5.087463,0.040132966
