X var,Y var,MIC (strength),MIC-p^2 (nonlinearity),MAS (non-monotonicity),MEV (functionality),MCN (complexity),Linear regression (p)
all,rl,0.59866,-0.022138894,0.034370005,0.59866,5.169925,0.7879079
mit,rl,0.44472,0.09038949,0.06661001,0.44472,5.169925,-0.5952567
mit,all,0.3683,0.033461332,0.094799995,0.3683,5.2479277,-0.57865244
call4,rl,0.18403,0.074056625,0.088419996,0.18403,5.2479277,0.33162233
all,call4,0.18399,0.13981567,0.10566,0.18399,5.2479277,0.2101769
mit,call4,0.18168,0.1378479,0.113299996,0.18168,5.2479277,-0.20936117
