X var,Y var,MIC (strength),MIC-p^2 (nonlinearity),MAS (non-monotonicity),MEV (functionality),MCN (complexity),Linear regression (p)
all,rl,0.3792,-0.11860797,0.020420015,0.37075,5.087463,0.7055551
mit,rl,0.20842,0.20395134,0.017889999,0.20152,5.087463,-0.066847906
call4,rl,0.20548,-0.5221971,0.12674999,0.19495,5.087463,0.8530399
all,call4,0.19315,-0.04402311,0.14382,0.1842,5.087463,0.48700422
mit,all,0.17591,0.17560495,0.02703999,0.16746,5.087463,-0.017465316
mit,call4,0.14861,0.14855264,0.09166999,0.14054,5.087463,0.007573656
