X var,Y var,MIC (strength),MIC-p^2 (nonlinearity),MAS (non-monotonicity),MEV (functionality),MCN (complexity),Linear regression (p)
all,call4,0.22777,-0.06063217,0.01718001,0.22777,5.2479277,0.5370309
mit,call4,0.22304,-0.048757777,0.020769998,0.22304,5.2479277,0.5213423
mit,all,0.20097,-0.08727008,0.010070004,0.20097,5.2479277,0.53687996
call4,rl,0.19541,0.016065344,0.058369994,0.19541,5.2479277,0.42349103
mit,rl,0.18036,0.068685725,0.020960003,0.18036,5.2479277,0.33417702
all,rl,0.1731,0.004927829,0.014420003,0.1731,5.2479277,0.410088
