X var,Y var,MIC (strength),MIC-p^2 (nonlinearity),MAS (non-monotonicity),MEV (functionality),MCN (complexity),Linear regression (p)
call4,rl,0.18984,-0.073970184,0.024269998,0.18692,5.321928,0.51362455
all,call4,0.12648,-0.074812636,0.024130002,0.12124,5.321928,0.44865647
mit,all,0.1111,-0.04665166,0.02426,0.10909,5.321928,0.39717963
mit,rl,0.10803,0.06558578,0.023699999,0.10542,5.321928,0.20601995
all,rl,0.10694,0.020397827,0.025350004,0.10456,5.321928,0.2941805
mit,call4,0.09661,-0.044248916,0.0064699985,0.09415,5.321928,0.37531176
