X var,Y var,MIC (strength),MIC-p^2 (nonlinearity),MAS (non-monotonicity),MEV (functionality),MCN (complexity),Linear regression (p)
call4,rl,0.24573,0.14400169,0.01722999,0.23702,5.0,0.31894875
all,call4,0.24279,0.22447385,0.058369994,0.23233,5.0,0.13533719
mit,all,0.20506,0.18642345,0.0211,0.19525,5.0,0.13651578
mit,call4,0.20441,0.09677203,0.02843,0.19645,5.0,0.32808226
all,rl,0.18712,0.17669329,0.024510004,0.17733,5.0,0.10211132
mit,rl,0.17653,0.16278714,0.013050001,0.16664,5.0,0.11722998
