X var,Y var,MIC (strength),MIC-p^2 (nonlinearity),MAS (non-monotonicity),MEV (functionality),MCN (complexity),Linear regression (p)
call4,rl,0.33322,0.1093474,0.06394002,0.33322,5.0,0.47315177
all,rl,0.21815,0.18003696,0.053780004,0.21815,5.0,0.19522564
all,call4,0.20978,0.061917186,0.009850003,0.20978,5.0,0.38452932
mit,all,0.20119,0.14097346,0.025729999,0.20119,5.0,0.24539058
mit,rl,0.19551,0.17739083,0.026329994,0.19551,5.0,0.13460746
mit,call4,0.17641,0.15472887,0.00948,0.17641,5.0,0.14724512
