X var,Y var,MIC (strength),MIC-p^2 (nonlinearity),MAS (non-monotonicity),MEV (functionality),MCN (complexity),Linear regression (p)
all,rl,0.44562,0.0030326843,0.04174,0.44562,5.087463,0.66527236
mit,rl,0.30167,0.086517096,0.055260003,0.30167,5.087463,-0.4638458
all,call4,0.1777,0.1459039,0.029029995,0.1777,5.087463,0.17831461
mit,all,0.173,0.16435519,0.0087,0.173,5.087463,-0.09297746
mit,call4,0.16412,0.16347845,0.08267,0.16412,5.087463,0.025329059
call4,rl,0.16339,0.15262309,0.07743999,0.16339,5.087463,0.10376374
