X var,Y var,MIC (strength),MIC-p^2 (nonlinearity),MAS (non-monotonicity),MEV (functionality),MCN (complexity),Linear regression (p)
all,rl,0.53243,-0.1551609,0.038230002,0.53243,4.807355,0.829211
mit,rl,0.2747,0.27417275,0.023449995,0.2747,4.807355,0.022961687
mit,call4,0.23697,0.18656188,0.17771001,0.23697,4.807355,0.22451752
mit,all,0.22662,0.22104648,0.02959001,0.22662,4.807355,-0.0746561
all,call4,0.19934,-0.06695695,0.15566,0.19934,4.807355,0.51603967
call4,rl,0.17772,-0.3844269,0.12829,0.17772,4.807355,0.74976456
