X var,Y var,MIC (strength),MIC-p^2 (nonlinearity),MAS (non-monotonicity),MEV (functionality),MCN (complexity),Linear regression (p)
call4,rl,0.24106,0.002804637,0.043840006,0.23348,5.321928,0.4881141
mit,rl,0.1793,0.14915402,0.01783,0.17174,5.321928,0.17362595
all,call4,0.1731,-0.2748977,0.02668,0.16742,5.321928,0.6693263
mit,call4,0.17062,0.037834898,0.016119994,0.16479,5.321928,0.3643969
mit,all,0.16524,0.025036931,0.010809995,0.1582,5.321928,0.374437
all,rl,0.16411,0.020088285,0.014339998,0.15785,5.321928,0.37950194
