X var,Y var,MIC (strength),MIC-p^2 (nonlinearity),MAS (non-monotonicity),MEV (functionality),MCN (complexity),Linear regression (p)
call4,rl,0.3273,-0.00975436,0.02432999,0.3273,4.9068904,0.58056384
all,call4,0.2192,0.1670681,0.062470004,0.2192,4.9068904,0.22832413
mit,call4,0.21716,0.14113417,0.03638999,0.21716,4.9068904,0.2757278
all,rl,0.20638,0.182312,0.058379993,0.20638,4.9068904,0.15513863
mit,rl,0.19837,0.16541745,0.037469998,0.19837,4.9068904,0.18152837
mit,all,0.1814,0.12216536,0.03102,0.1814,4.9068904,0.24338168
