X var,Y var,MIC (strength),MIC-p^2 (nonlinearity),MAS (non-monotonicity),MEV (functionality),MCN (complexity),Linear regression (p)
call4,rl,0.28783,0.26298723,0.052330017,0.28783,5.087463,0.15761587
all,call4,0.18624,0.12123999,0.0076899976,0.18624,5.087463,0.254951
all,rl,0.1782,0.178111,0.03457001,0.1782,5.087463,-0.009434389
mit,all,0.1782,0.14469972,0.0216,0.1782,5.087463,0.18303084
mit,call4,0.17134,0.08312388,0.023029998,0.17134,5.087463,0.297012
mit,rl,0.16254,0.15787697,0.009319998,0.16254,5.087463,-0.068286434
