X var,Y var,MIC (strength),MIC-p^2 (nonlinearity),MAS (non-monotonicity),MEV (functionality),MCN (complexity),Linear regression (p)
all,rl,0.64875,0.5669047,0.15741998,0.64875,4.70044,-0.28608614
call4,rl,0.63715,1.9949675E-4,0.080030024,0.63715,4.70044,0.79809177
all,call4,0.60053,0.4554342,0.19516,0.60053,4.70044,-0.38091448
mit,all,0.26435,0.23956485,0.038790002,0.26435,4.70044,0.15743297
mit,call4,0.22097,0.1586374,0.036290005,0.22097,4.70044,-0.24966498
mit,rl,0.21281,0.14994267,0.015409991,0.21281,4.70044,-0.25073358
