X var,Y var,MIC (strength),MIC-p^2 (nonlinearity),MAS (non-monotonicity),MEV (functionality),MCN (complexity),Linear regression (p)
all,call4,0.22552,-0.29738516,0.03226,0.22552,5.2479277,0.7231218
mit,call4,0.21231,-0.28507948,0.013400003,0.21231,5.2479277,0.7052584
call4,rl,0.19992,-0.17647123,0.021710008,0.19992,5.2479277,0.61350733
mit,all,0.19425,-0.2421707,0.012999997,0.19425,5.2479277,0.66062146
all,rl,0.17508,-0.12259254,0.013489999,0.17508,5.2479277,0.54559374
mit,rl,0.16619,-0.0381705,0.02674,0.16619,5.2479277,0.4520625
