X var,Y var,MIC (strength),MIC-p^2 (nonlinearity),MAS (non-monotonicity),MEV (functionality),MCN (complexity),Linear regression (p)
call4,rl,0.27212,-0.23665828,0.029599994,0.27212,5.0,0.71328694
mit,rl,0.21213,-0.13302664,0.051369995,0.21213,5.0,0.58750033
all,rl,0.2062,-0.11923286,0.022100002,0.2062,5.0,0.57046723
all,call4,0.20274,-0.13303034,0.04941,0.20274,5.0,0.5794569
mit,call4,0.16773,-0.18962261,0.021810003,0.16773,5.0,0.59778976
mit,all,0.16335,-0.22429459,0.017849997,0.16335,5.0,0.6226111
