X var,Y var,MIC (strength),MIC-p^2 (nonlinearity),MAS (non-monotonicity),MEV (functionality),MCN (complexity),Linear regression (p)
all,rl,0.25738,-0.45786744,0.020970002,0.25738,5.087463,0.84572303
mit,all,0.19235,0.18887727,0.02064,0.19235,5.087463,-0.058929928
mit,call4,0.18459,0.18209368,0.16469,0.18459,5.087463,-0.04996318
all,call4,0.16517,0.16510901,0.13175,0.16517,5.087463,-0.007809494
mit,rl,0.15624,0.15028033,0.027229995,0.15624,5.087463,-0.07719895
call4,rl,0.12786,0.12782194,0.115839995,0.12786,5.087463,-0.006168645
