X var,Y var,MIC (strength),MIC-p^2 (nonlinearity),MAS (non-monotonicity),MEV (functionality),MCN (complexity),Linear regression (p)
call4,rl,0.26826,-0.1781719,0.024920002,0.26826,5.087463,0.6681556
all,call4,0.20006,-0.17980476,0.045420006,0.20006,5.087463,0.6163317
mit,rl,0.19743,-0.064006254,0.015200004,0.19743,5.087463,0.5113084
mit,call4,0.19163,-0.13987157,0.028299987,0.19163,5.087463,0.57576174
all,rl,0.17808,-0.08345346,0.023050003,0.17808,5.087463,0.51140344
mit,all,0.17425,-0.20141682,0.01968,0.17425,5.087463,0.61291665
