X var,Y var,MIC (strength),MIC-p^2 (nonlinearity),MAS (non-monotonicity),MEV (functionality),MCN (complexity),Linear regression (p)
call4,rl,0.27846,-0.24829426,0.020769984,0.27846,5.087463,0.7257784
all,call4,0.20555,-0.1616321,0.04547,0.20555,5.087463,0.60595554
all,rl,0.20136,-0.11373033,0.007929996,0.20136,5.087463,0.56132907
mit,all,0.18844,-0.20889774,0.026119992,0.18844,5.087463,0.6303473
mit,rl,0.17093,-0.12295011,0.012620002,0.17093,5.087463,0.5421071
mit,call4,0.16063,-0.13729872,0.021150008,0.16063,5.087463,0.54582846
