X var,Y var,MIC (strength),MIC-p^2 (nonlinearity),MAS (non-monotonicity),MEV (functionality),MCN (complexity),Linear regression (p)
call4,rl,0.26317,0.01723817,0.014139995,0.25636,5.321928,0.49591514
mit,all,0.1811,0.0048143417,0.025479995,0.17477,5.321928,0.41986385
mit,call4,0.17678,0.008481637,0.012700006,0.16988,5.321928,0.41024184
mit,rl,0.17007,0.13554104,0.021259993,0.1628,5.321928,0.18581972
all,call4,0.16793,-0.3972069,0.0097,0.16133,5.321928,0.7517559
all,rl,0.16379,0.010029569,0.015380003,0.15834,5.321928,0.39212298
