X var,Y var,MIC (strength),MIC-p^2 (nonlinearity),MAS (non-monotonicity),MEV (functionality),MCN (complexity),Linear regression (p)
call4,rl,0.30663,0.03374079,0.039749995,0.30663,4.807355,0.522388
all,call4,0.22466,0.17666036,0.08009,0.22466,4.807355,0.21908821
mit,rl,0.20589,0.19909072,0.026090004,0.20589,4.807355,0.082457736
all,rl,0.2033,0.18192145,0.038289994,0.2033,4.807355,0.14621402
mit,all,0.19865,0.1318939,0.046960004,0.19865,4.807355,0.25837204
mit,call4,0.18003,0.15731467,0.014650002,0.18003,4.807355,0.15071605
