X var,Y var,MIC (strength),MIC-p^2 (nonlinearity),MAS (non-monotonicity),MEV (functionality),MCN (complexity),Linear regression (p)
mit,rl,0.25101,0.24748091,0.049799994,0.25101,5.2479277,0.059406128
all,rl,0.20906,0.20643812,0.04636,0.20906,5.2479277,-0.05120428
call4,rl,0.17515,0.13773152,0.078700006,0.17515,5.2479277,0.1934386
mit,all,0.17274,0.14860933,0.020610005,0.17274,5.2479277,-0.15534051
mit,call4,0.16503,0.11857155,0.09307001,0.16503,5.2479277,-0.21554223
all,call4,0.1616,0.14263633,0.08715999,0.1616,5.2479277,-0.13770865
