X var,Y var,MIC (strength),MIC-p^2 (nonlinearity),MAS (non-monotonicity),MEV (functionality),MCN (complexity),Linear regression (p)
all,rl,0.57547,0.554359,0.08542997,0.57547,4.70044,-0.1452961
call4,rl,0.51023,0.22369182,0.060330003,0.51023,4.70044,0.5352926
all,call4,0.50159,0.4704062,0.08632001,0.50159,4.70044,-0.17658935
mit,all,0.27425,0.24275519,0.06493001,0.27425,4.70044,-0.17746778
mit,call4,0.22989,0.22930865,0.036129996,0.22989,4.70044,-0.02411116
mit,rl,0.18316,0.18172812,0.021380007,0.18316,4.70044,0.0378403
