X var,Y var,MIC (strength),MIC-p^2 (nonlinearity),MAS (non-monotonicity),MEV (functionality),MCN (complexity),Linear regression (p)
call4,rl,0.24985,0.24272262,0.022680007,0.24985,5.087463,0.08442385
all,call4,0.19655,0.16230115,0.03171,0.19655,5.087463,0.18506444
mit,all,0.17788,0.16297519,0.013459995,0.17788,5.087463,0.122085266
mit,call4,0.1775,0.11164835,0.03415999,0.1775,5.087463,0.25661576
all,rl,0.16723,0.16700925,0.02618,0.16723,5.087463,-0.014857407
mit,rl,0.15326,0.1492598,0.012769997,0.15326,5.087463,-0.06324707
