X var,Y var,MIC (strength),MIC-p^2 (nonlinearity),MAS (non-monotonicity),MEV (functionality),MCN (complexity),Linear regression (p)
all,rl,0.18742,0.11948039,0.028410003,0.18087,5.321928,0.26065227
mit,all,0.18655,0.11752696,0.02034001,0.17709,5.321928,0.26272237
call4,rl,0.18207,0.071506135,0.009439997,0.17541,5.321928,0.33251145
mit,rl,0.18041,0.045319825,0.017470002,0.17195,5.321928,0.36754614
all,call4,0.16876,0.11299481,0.01094,0.16227,5.321928,0.23614654
mit,call4,0.1662,0.0695172,0.017839998,0.16078,5.321928,0.31093857
