X var,Y var,MIC (strength),MIC-p^2 (nonlinearity),MAS (non-monotonicity),MEV (functionality),MCN (complexity),Linear regression (p)
all,rl,0.42467,0.10705966,0.07710001,0.41636,5.0,0.5635693
mit,rl,0.33144,0.1492384,0.05895999,0.32348,5.0,-0.4268508
mit,all,0.21091,0.21026853,0.032100007,0.202,5.0,0.02532737
mit,call4,0.19089,0.17997538,0.16258,0.1798,5.0,0.104473084
all,call4,0.15768,0.15182532,0.11917001,0.15077,5.0,-0.07651588
call4,rl,0.14052,0.12918791,0.092860006,0.1359,5.0,-0.106452286
