X var,Y var,MIC (strength),MIC-p^2 (nonlinearity),MAS (non-monotonicity),MEV (functionality),MCN (complexity),Linear regression (p)
all,rl,0.42415,-0.104840696,0.026710004,0.41599,5.087463,0.72731745
mit,rl,0.28335,0.2121807,0.073219985,0.27666,5.087463,-0.26677573
mit,all,0.2532,0.24338551,0.03620001,0.24427,5.087463,-0.09906806
all,call4,0.18441,0.17815955,0.15663001,0.17597,5.087463,0.07905985
mit,call4,0.15838,0.15814717,0.13393,0.15165,5.087463,-0.015258858
call4,rl,0.13079,0.09064021,0.10301,0.12479,5.087463,0.20037411
