X var,Y var,MIC (strength),MIC-p^2 (nonlinearity),MAS (non-monotonicity),MEV (functionality),MCN (complexity),Linear regression (p)
call4,rl,0.24285,0.0422121,0.03535001,0.23535,5.321928,0.44792622
mit,call4,0.1801,0.09469346,0.028399989,0.17253,5.321928,0.29224396
mit,all,0.17338,0.08331067,0.019400008,0.16661,5.321928,0.30011553
all,rl,0.1732,0.10296488,0.033740003,0.16558,5.321928,0.2650191
all,call4,0.162,0.0065537095,0.01035,0.15578,5.321928,0.39426678
mit,rl,0.15812,0.13966495,0.015459999,0.15127,5.321928,0.13584937
