X var,Y var,MIC (strength),MIC-p^2 (nonlinearity),MAS (non-monotonicity),MEV (functionality),MCN (complexity),Linear regression (p)
mit,call4,0.24315,0.17187707,0.030190002,0.24315,4.70044,0.2669699
mit,all,0.24115,0.09289539,0.023829997,0.24115,4.70044,0.38503847
call4,rl,0.22784,0.045868963,0.02866,0.22784,4.70044,0.42658064
all,rl,0.20709,0.13973072,0.045660004,0.20709,4.70044,0.25953668
all,call4,0.20171,0.11023479,0.017099991,0.20171,4.70044,0.3024487
mit,rl,0.19727,0.18025064,0.02031,0.19727,4.70044,0.13045828
