X var,Y var,MIC (strength),MIC-p^2 (nonlinearity),MAS (non-monotonicity),MEV (functionality),MCN (complexity),Linear regression (p)
call4,rl,0.28286,-0.085812956,0.060109988,0.27503,5.0,0.60718447
mit,all,0.20446,-0.117486596,0.03395,0.19698,5.0,0.5674034
all,call4,0.20381,-0.06625441,0.03069,0.19576,5.0,0.5196772
mit,rl,0.19158,-0.08838144,0.025410004,0.18069,5.0,0.5291138
mit,call4,0.19062,-0.12540078,0.03204,0.18137,5.0,0.5621573
all,rl,0.18316,-0.08517334,0.02708,0.17181,5.0,0.518009
