X var,Y var,MIC (strength),MIC-p^2 (nonlinearity),MAS (non-monotonicity),MEV (functionality),MCN (complexity),Linear regression (p)
all,rl,0.41672,0.0373922,0.03915003,0.41672,5.087463,0.6158959
mit,rl,0.19443,0.19442834,0.029289998,0.19443,5.087463,-0.0012846836
call4,rl,0.18305,0.15805738,0.10988,0.18305,5.087463,0.15809058
all,call4,0.1804,0.17313138,0.11832,0.1804,5.087463,0.08525621
mit,all,0.17373,0.17001323,0.024110004,0.17373,5.087463,0.060965247
mit,call4,0.16482,0.16452421,0.10068,0.16482,5.087463,0.0171984
