X var,Y var,MIC (strength),MIC-p^2 (nonlinearity),MAS (non-monotonicity),MEV (functionality),MCN (complexity),Linear regression (p)
call4,rl,0.29553,-0.16278657,0.01609999,0.29553,4.9068904,0.6769908
mit,rl,0.21924,-0.06519239,0.04794,0.21924,4.9068904,0.53332204
mit,call4,0.21021,-0.14049336,0.015080001,0.21021,4.9068904,0.5922021
mit,all,0.199,-0.11909875,0.04828,0.199,4.9068904,0.56400245
all,call4,0.18893,-0.08724406,0.012569994,0.18893,4.9068904,0.52552265
all,rl,0.1711,-0.058636904,0.023720004,0.1711,4.9068904,0.47930878
