X var,Y var,MIC (strength),MIC-p^2 (nonlinearity),MAS (non-monotonicity),MEV (functionality),MCN (complexity),Linear regression (p)
all,rl,0.31313,-0.46724394,0.03335999,0.30564,5.321928,0.88338774
mit,rl,0.20659,0.19625823,0.04992999,0.19905,5.321928,-0.101645276
mit,all,0.17718,0.17322226,0.021059997,0.17086,5.321928,-0.06291062
all,call4,0.17235,-0.036460683,0.022240013,0.16558,5.321928,0.4569581
call4,rl,0.16747,-0.16337506,0.013010003,0.15995,5.321928,0.5751913
mit,call4,0.16312,0.13478771,0.021509998,0.15652,5.321928,0.16832198
