X var,Y var,MIC (strength),MIC-p^2 (nonlinearity),MAS (non-monotonicity),MEV (functionality),MCN (complexity),Linear regression (p)
call4,rl,0.30115,0.083469555,0.013340011,0.30115,5.0,0.46656236
mit,all,0.23492,0.17690638,0.05562,0.23492,5.0,0.24086016
all,call4,0.21576,0.03993082,0.026169986,0.21576,5.0,0.4193199
mit,call4,0.18992,0.16036773,0.015999988,0.18992,5.0,0.17190771
mit,rl,0.18468,0.1636737,0.021549992,0.18468,5.0,0.14493549
all,rl,0.17566,0.141225,0.015930004,0.17566,5.0,0.18556671
