X var,Y var,MIC (strength),MIC-p^2 (nonlinearity),MAS (non-monotonicity),MEV (functionality),MCN (complexity),Linear regression (p)
all,rl,0.48198,0.1073297,0.04088998,0.48198,4.9068904,0.61208683
mit,rl,0.43372,0.2390243,0.045450002,0.43372,4.9068904,-0.44124335
mit,all,0.33002,0.32995817,0.13389002,0.33002,4.9068904,-0.007864007
mit,call4,0.20296,0.17853098,0.0344,0.20296,4.9068904,-0.15629786
call4,rl,0.19871,0.15446366,0.07498,0.19871,4.9068904,0.21034813
all,call4,0.18238,0.17137754,0.07964001,0.18238,4.9068904,-0.104892634
