X var,Y var,MIC (strength),MIC-p^2 (nonlinearity),MAS (non-monotonicity),MEV (functionality),MCN (complexity),Linear regression (p)
all,rl,0.25319,-0.07858658,0.05969,0.25319,5.087463,0.5760005
mit,all,0.21867,0.16910273,0.029539995,0.21867,5.087463,0.22263706
mit,rl,0.17125,0.17123671,0.015019998,0.17125,5.087463,-0.0036450794
all,call4,0.16469,0.10053936,0.04755,0.16469,5.087463,0.25327978
call4,rl,0.16389,0.1296355,0.03739001,0.16389,5.087463,0.18507974
mit,call4,0.14652,0.14278683,0.05189,0.14652,5.087463,0.061099645
