X var,Y var,MIC (strength),MIC-p^2 (nonlinearity),MAS (non-monotonicity),MEV (functionality),MCN (complexity),Linear regression (p)
call4,rl,0.32212,0.07734537,0.039059997,0.32212,5.0,0.49474704
mit,rl,0.23039,0.21213089,0.05353999,0.23039,5.0,0.13512626
all,call4,0.21772,0.036605924,0.016550004,0.21772,5.0,0.425575
all,rl,0.19431,0.15534887,0.021369994,0.19431,5.0,0.19738571
mit,all,0.19086,0.11862285,0.014159992,0.19086,5.0,0.2687697
mit,call4,0.18884,0.14994267,0.02742,0.18884,5.0,0.19722408
