X var,Y var,MIC (strength),MIC-p^2 (nonlinearity),MAS (non-monotonicity),MEV (functionality),MCN (complexity),Linear regression (p)
all,rl,0.3472,-0.10818219,0.02793999,0.3472,5.2479277,0.6748201
mit,rl,0.30903,0.18840206,0.037119985,0.30903,5.2479277,-0.34731534
mit,all,0.19648,0.10707387,0.043840006,0.19648,5.2479277,-0.29900858
mit,call4,0.18519,0.16209105,0.13367,0.18519,5.2479277,-0.15198341
all,call4,0.14968,0.14687108,0.10504,0.14968,5.2479277,-0.05299926
call4,rl,0.13854,0.1370531,0.083670005,0.13854,5.2479277,0.03856028
