X var,Y var,MIC (strength),MIC-p^2 (nonlinearity),MAS (non-monotonicity),MEV (functionality),MCN (complexity),Linear regression (p)
all,rl,0.4231,-0.14611685,0.013899982,0.4231,5.2479277,0.7544646
mit,rl,0.34594,0.046875417,0.059870005,0.34594,5.169925,-0.54686797
mit,all,0.22733,0.108360805,0.039440006,0.22733,5.2479277,-0.34491912
call4,rl,0.19995,0.16720194,0.08844999,0.19995,5.2479277,0.18096423
all,call4,0.1559,0.1558763,0.07756,0.1559,5.2479277,0.0048687346
mit,call4,0.15199,0.104073316,0.048149996,0.15199,5.2479277,-0.2188988
