X var,Y var,MIC (strength),MIC-p^2 (nonlinearity),MAS (non-monotonicity),MEV (functionality),MCN (complexity),Linear regression (p)
mit,rl,0.28537,0.15995732,0.048059985,0.28537,5.087463,-0.35413653
all,rl,0.242,0.085900486,0.028679997,0.242,5.087463,0.3950943
mit,call4,0.20404,0.20265049,0.14293,0.20404,5.087463,0.037276343
call4,rl,0.1881,0.1818503,0.115339994,0.1881,5.087463,0.07905498
all,call4,0.18611,0.1843122,0.1276,0.18611,5.087463,0.04240062
mit,all,0.16378,0.14945114,0.014850002,0.16378,5.087463,-0.11970322
