X var,Y var,MIC (strength),MIC-p^2 (nonlinearity),MAS (non-monotonicity),MEV (functionality),MCN (complexity),Linear regression (p)
call4,rl,0.239,-0.02723661,0.027360007,0.239,5.087463,0.5159812
all,call4,0.2074,-0.0056219697,0.03599,0.2074,5.087463,0.46154302
mit,all,0.1878,0.03186801,0.017049998,0.1878,5.087463,0.39488226
mit,rl,0.17234,0.1260111,0.018700004,0.17234,5.087463,0.21524149
mit,call4,0.16807,0.035158113,0.009369999,0.16807,5.087463,0.36457083
all,rl,0.16522,0.062428385,0.0063300133,0.16522,5.087463,0.32061133
