X var,Y var,MIC (strength),MIC-p^2 (nonlinearity),MAS (non-monotonicity),MEV (functionality),MCN (complexity),Linear regression (p)
mit,all,0.14757,0.10099974,0.022990003,0.14757,4.70044,0.21580142
mit,call4,0.14353,0.086028084,0.02567,0.14353,4.70044,0.23979557
mit,rl,0.13671,0.12479988,0.042050004,0.13671,4.70044,0.109133504
call4,rl,0.13222,0.04092651,0.03356,0.13222,4.70044,0.30214813
all,call4,0.1259,0.081821255,0.039959997,0.1259,4.70044,0.20994939
all,rl,0.1038,0.024076015,0.0347,0.1038,4.5849624,0.28235435
