X var,Y var,MIC (strength),MIC-p^2 (nonlinearity),MAS (non-monotonicity),MEV (functionality),MCN (complexity),Linear regression (p)
call4,rl,0.25361,0.047436208,0.01741001,0.24697,5.321928,0.45406362
mit,all,0.19497,0.109320454,0.04051,0.1871,5.321928,0.29265943
all,call4,0.17662,0.08806775,0.008380003,0.16983,5.321928,0.29757732
mit,rl,0.16501,0.14780317,0.0101,0.1589,5.321928,0.13117483
all,rl,0.16417,0.116696924,0.018649995,0.15745,5.321928,0.21788315
mit,call4,0.16371,0.0751271,0.019390002,0.15709,5.321928,0.2976288
