X var,Y var,MIC (strength),MIC-p^2 (nonlinearity),MAS (non-monotonicity),MEV (functionality),MCN (complexity),Linear regression (p)
all,rl,0.43479,-0.17108181,0.038299978,0.42761,5.0,0.77837765
mit,rl,0.2856,0.19258387,0.038890004,0.27688,5.0,-0.30498546
mit,all,0.2288,0.20475599,0.067540005,0.21818,5.0,-0.15506127
all,call4,0.1935,0.18672222,0.14344999,0.18614,5.0,0.082327284
mit,call4,0.19165,0.18033175,0.15638,0.17965,5.0,-0.10638728
call4,rl,0.14062,0.13790122,0.107999995,0.13419,5.0,0.052141815
