X var,Y var,MIC (strength),MIC-p^2 (nonlinearity),MAS (non-monotonicity),MEV (functionality),MCN (complexity),Linear regression (p)
mit,call4,0.25235,0.14405969,0.03192,0.25235,5.2479277,0.32907495
all,call4,0.22289,0.11104265,0.021300003,0.22289,5.2479277,0.33443588
call4,rl,0.21148,0.13816585,0.017760001,0.21148,5.2479277,0.27076587
mit,all,0.20087,0.025423825,0.008109994,0.20087,5.2479277,0.41886297
all,rl,0.17426,0.12979054,0.016210005,0.17426,5.2479277,0.21087782
mit,rl,0.14787,0.14242804,0.013549998,0.14787,5.2479277,0.0737697
