X var,Y var,MIC (strength),MIC-p^2 (nonlinearity),MAS (non-monotonicity),MEV (functionality),MCN (complexity),Linear regression (p)
call4,rl,0.25694,-0.2100116,0.030590005,0.24645,5.0,0.6833386
all,call4,0.225,-0.11302781,0.030560002,0.21438,5.0,0.5814016
mit,call4,0.20029,-0.18416026,0.018990003,0.1901,5.0,0.62004054
all,rl,0.19492,-0.10736191,0.008660004,0.18283,5.0,0.5498017
mit,all,0.18541,-0.18620014,0.029479995,0.17677,5.0,0.60959834
mit,rl,0.1819,-0.15099788,0.012839995,0.17169,5.0,0.576973
