X var,Y var,MIC (strength),MIC-p^2 (nonlinearity),MAS (non-monotonicity),MEV (functionality),MCN (complexity),Linear regression (p)
call4,rl,0.24418,0.09566268,0.021900006,0.24418,5.087463,0.38537943
all,call4,0.20508,0.12193869,0.01763,0.20508,5.087463,0.28834236
mit,call4,0.18444,0.12358463,0.03203,0.18444,5.087463,0.24668881
mit,all,0.17396,0.13507745,0.011689998,0.17396,5.087463,0.19718657
all,rl,0.16483,0.15420584,0.045199998,0.16483,5.087463,0.10307354
mit,rl,0.15719,0.1563312,0.017279997,0.15719,5.087463,-0.029305203
