X var,Y var,MIC (strength),MIC-p^2 (nonlinearity),MAS (non-monotonicity),MEV (functionality),MCN (complexity),Linear regression (p)
mit,all,0.29959,0.057252407,0.026709989,0.29959,4.70044,0.49227795
all,call4,0.25991,0.107824534,0.06415999,0.25991,4.70044,0.38998136
call4,rl,0.23773,0.07842648,0.017209992,0.23773,4.70044,0.39912844
mit,call4,0.23457,0.09157394,0.044809997,0.23457,4.70044,0.3781482
all,rl,0.20499,0.14086564,0.026260003,0.20499,4.70044,0.2532279
mit,rl,0.19465,0.16957128,0.028270006,0.19465,4.70044,0.15836258
