X var,Y var,MIC (strength),MIC-p^2 (nonlinearity),MAS (non-monotonicity),MEV (functionality),MCN (complexity),Linear regression (p)
mit,call4,0.27359,0.18235075,0.053839996,0.27359,4.70044,0.30205834
call4,rl,0.2698,0.06991798,0.06409001,0.2698,4.70044,0.44708169
all,rl,0.25351,0.15927282,0.09199999,0.25351,4.70044,0.30698073
mit,all,0.23196,0.054487407,0.024080008,0.23196,4.70044,0.42127496
all,call4,0.2222,0.10364668,0.027989991,0.2222,4.70044,0.34431574
mit,rl,0.17184,0.15171745,0.012149997,0.17184,4.70044,0.14185397
