X var,Y var,MIC (strength),MIC-p^2 (nonlinearity),MAS (non-monotonicity),MEV (functionality),MCN (complexity),Linear regression (p)
call4,rl,0.37034,0.03472954,0.04871002,0.37034,4.9068904,0.57931894
all,call4,0.22196,0.1526038,0.031959996,0.22196,4.9068904,0.2633556
mit,all,0.20916,0.14135379,0.036239997,0.20916,4.9068904,0.26039624
mit,call4,0.20904,0.12189781,0.02217,0.20904,4.9068904,0.29519856
all,rl,0.19199,0.16394742,0.031829998,0.19199,4.9068904,0.1674592
mit,rl,0.18986,0.14904249,0.01969,0.18986,4.9068904,0.20203343
