X var,Y var,MIC (strength),MIC-p^2 (nonlinearity),MAS (non-monotonicity),MEV (functionality),MCN (complexity),Linear regression (p)
call4,rl,0.24369,0.07294446,0.017099991,0.23447,5.0,0.41321367
mit,call4,0.2262,0.14559406,0.06625,0.21647,5.0,0.28391185
mit,all,0.19934,0.16350015,0.017629996,0.18835,5.0,0.18931417
mit,rl,0.1889,0.15878734,0.020400003,0.18066,5.0,0.17353
all,call4,0.18789,0.13507792,0.02011,0.17891,5.0,0.22980875
all,rl,0.1835,0.15816984,0.022630006,0.17212,5.0,0.15915453
