X var,Y var,MIC (strength),MIC-p^2 (nonlinearity),MAS (non-monotonicity),MEV (functionality),MCN (complexity),Linear regression (p)
all,rl,0.32547,-0.14313078,0.09668,0.31657,5.087463,0.6845442
mit,all,0.21576,0.21439594,0.04633999,0.20671,5.087463,0.03693298
mit,call4,0.18342,0.18341373,0.14358,0.17569,5.087463,0.002504444
all,call4,0.18193,-0.1790427,0.14199,0.17089,5.087463,0.60081005
mit,rl,0.17102,0.1709028,0.009000003,0.16107,5.087463,-0.010825571
call4,rl,0.15669,-0.8071149,0.09747,0.14909,5.087463,0.98173565
