X var,Y var,MIC (strength),MIC-p^2 (nonlinearity),MAS (non-monotonicity),MEV (functionality),MCN (complexity),Linear regression (p)
all,rl,0.23793,0.03513594,0.036799997,0.22618,5.0,0.45032662
call4,rl,0.23689,0.026177958,0.042060003,0.22645,5.0,0.45903382
all,call4,0.20311,0.034476414,0.04366,0.19092,5.0,0.4106502
mit,all,0.20114,-0.032050997,0.0101799965,0.19161,5.0,0.48289853
mit,call4,0.19383,-0.003692627,0.02257,0.18454,5.0,0.44443518
mit,rl,0.18321,0.007809043,0.02143,0.1731,5.0,0.41880897
