X var,Y var,MIC (strength),MIC-p^2 (nonlinearity),MAS (non-monotonicity),MEV (functionality),MCN (complexity),Linear regression (p)
call4,rl,0.32245,0.01824513,0.031010002,0.32245,4.807355,0.5515477
mit,all,0.21865,0.1879129,0.05697,0.21865,4.807355,0.17531998
mit,call4,0.19583,0.1859874,0.029289998,0.19583,4.807355,0.09920987
all,rl,0.19097,0.1645451,0.02112,0.19097,4.807355,0.1625574
all,call4,0.18738,0.15532209,0.03632,0.18738,4.807355,0.17904723
mit,rl,0.15104,0.14991917,0.011120006,0.15104,4.807355,-0.03347896
