X var,Y var,MIC (strength),MIC-p^2 (nonlinearity),MAS (non-monotonicity),MEV (functionality),MCN (complexity),Linear regression (p)
all,rl,0.42864,-0.11112636,0.081800014,0.42864,4.9068904,0.7346879
mit,rl,0.31612,0.2399868,0.047369987,0.31612,4.9068904,-0.27592242
mit,call4,0.22243,0.17628233,0.13088,0.22243,4.9068904,-0.2148201
call4,rl,0.21146,0.18974079,0.10367999,0.21146,4.9068904,0.14737436
mit,all,0.19591,0.17846881,0.035520002,0.19591,4.9068904,-0.13206515
all,call4,0.1869,0.18650427,0.13515,0.1869,4.9068904,0.0198931
