X var,Y var,MIC (strength),MIC-p^2 (nonlinearity),MAS (non-monotonicity),MEV (functionality),MCN (complexity),Linear regression (p)
all,rl,0.85636,0.093197286,0.033580005,0.85144,5.321928,0.87359184
call4,rl,0.64909,0.08779985,0.07146001,0.64375,5.321928,0.749193
all,call4,0.54903,0.072339475,0.03761998,0.54148,5.321928,0.6904278
mit,rl,0.31522,0.26188585,0.026930004,0.30702,5.321928,-0.23094189
mit,call4,0.27717,0.20331946,0.027260005,0.27269,5.321928,-0.27175456
mit,all,0.25219,0.19866663,0.018439993,0.24489,5.321928,-0.23135118
