X var,Y var,MIC (strength),MIC-p^2 (nonlinearity),MAS (non-monotonicity),MEV (functionality),MCN (complexity),Linear regression (p)
call4,rl,0.21252,0.09624279,0.022990003,0.2042,5.321928,0.34099445
all,rl,0.20479,0.17079462,0.04783,0.19553,5.321928,0.18437834
all,call4,0.17821,0.1457577,0.017849997,0.17187,5.321928,0.18014523
mit,call4,0.17472,0.14267555,0.019550003,0.16805,5.321928,0.17900963
mit,rl,0.16801,0.1556747,0.023159996,0.1618,5.321928,0.11106443
mit,all,0.15604,0.13231042,0.009190008,0.14925,5.321928,0.15404408
