X var,Y var,MIC (strength),MIC-p^2 (nonlinearity),MAS (non-monotonicity),MEV (functionality),MCN (complexity),Linear regression (p)
call4,rl,0.24303,-0.19883297,0.031719998,0.24303,4.70044,0.66472775
all,call4,0.20525,-0.11455181,0.023249999,0.20525,4.70044,0.5655102
all,rl,0.20191,-0.090351894,0.038149998,0.20191,4.70044,0.5406125
mit,rl,0.19881,-0.014491424,0.016889997,0.19881,4.70044,0.46184567
mit,all,0.18926,0.046639636,0.03288001,0.18926,4.70044,0.37765113
mit,call4,0.17984,-0.037716344,0.03995,0.17984,4.70044,0.46642935
