X var,Y var,MIC (strength),MIC-p^2 (nonlinearity),MAS (non-monotonicity),MEV (functionality),MCN (complexity),Linear regression (p)
call4,rl,0.27214,0.10230075,0.016299993,0.26403,5.0,0.41211557
all,call4,0.23493,0.1662195,0.024679989,0.22183,5.0,0.26212686
mit,call4,0.22308,0.09430735,0.06912999,0.21341,5.0,0.35884905
mit,all,0.20459,0.14670616,0.015889999,0.19532,5.0,0.2405906
all,rl,0.19077,0.16375957,0.036160007,0.18187,5.0,0.16434848
mit,rl,0.18129,0.14999895,0.035160005,0.17128,5.0,0.17689277
