X var,Y var,MIC (strength),MIC-p^2 (nonlinearity),MAS (non-monotonicity),MEV (functionality),MCN (complexity),Linear regression (p)
call4,rl,0.30102,0.032749593,0.023609996,0.30102,4.9068904,0.51794827
mit,rl,0.20215,0.16738302,0.029,0.20215,4.9068904,0.1864591
mit,call4,0.19242,0.15460554,0.030710012,0.19242,4.9068904,0.19445944
mit,all,0.19074,0.12817892,0.030319996,0.19074,4.9068904,0.25012213
all,rl,0.18525,0.16779073,0.022489995,0.18525,4.9068904,0.13213356
all,call4,0.16635,0.14501134,0.010140002,0.16635,4.9068904,0.14607762
