X var,Y var,MIC (strength),MIC-p^2 (nonlinearity),MAS (non-monotonicity),MEV (functionality),MCN (complexity),Linear regression (p)
all,call4,0.24185,0.07633835,0.055940002,0.24185,4.807355,0.40683123
call4,rl,0.22226,-0.03688532,0.022709996,0.22226,4.807355,0.5090632
all,rl,0.20858,0.08090013,0.050559998,0.20858,4.807355,0.3573232
mit,all,0.2025,0.028654322,0.026260003,0.2025,4.807355,0.41694805
mit,call4,0.18937,0.08074024,0.032320008,0.18937,4.807355,0.3295903
mit,rl,0.1888,0.044908658,0.0126500055,0.1888,4.807355,0.37933013
