X var,Y var,MIC (strength),MIC-p^2 (nonlinearity),MAS (non-monotonicity),MEV (functionality),MCN (complexity),Linear regression (p)
all,rl,0.40268,-0.182578,0.06793001,0.40268,5.087463,0.76502156
mit,rl,0.21059,0.13910156,0.018989995,0.21059,5.087463,-0.2673732
mit,all,0.16817,0.16127798,0.026989996,0.16817,5.087463,-0.083018206
mit,call4,0.16515,0.16262513,0.12688,0.16515,5.087463,-0.05024811
call4,rl,0.16052,0.14350058,0.13258,0.16052,5.087463,0.13045849
all,call4,0.15831,0.1549933,0.1153,0.15831,5.087463,0.057590786
