X var,Y var,MIC (strength),MIC-p^2 (nonlinearity),MAS (non-monotonicity),MEV (functionality),MCN (complexity),Linear regression (p)
all,rl,0.66303,0.54818887,0.35322,0.66303,4.70044,-0.33888224
all,call4,0.46252,0.31344685,0.12955001,0.46252,4.4594316,-0.38609993
call4,rl,0.45754,0.080708206,0.033719987,0.45754,4.70044,0.61386627
mit,rl,0.24526,0.23630075,0.08583,0.24526,4.70044,0.09465327
mit,all,0.20628,0.18170346,0.0238,0.20628,4.70044,-0.15676904
mit,call4,0.19265,0.18601346,0.027320012,0.19265,4.70044,-0.081464946
