X var,Y var,MIC (strength),MIC-p^2 (nonlinearity),MAS (non-monotonicity),MEV (functionality),MCN (complexity),Linear regression (p)
call4,rl,0.29372,0.026851892,0.014870018,0.29372,4.9068904,0.5165928
mit,all,0.22846,0.19402002,0.014590003,0.22846,4.9068904,0.18558012
mit,call4,0.21355,0.15180156,0.027210005,0.21355,4.9068904,0.24849235
mit,rl,0.18967,0.16813794,0.03722,0.18967,4.9068904,0.14673804
all,rl,0.17792,0.15607421,0.031600002,0.17792,4.9068904,0.14780319
all,call4,0.17527,0.13882338,0.021510005,0.17527,4.9068904,0.19091001
