X var,Y var,MIC (strength),MIC-p^2 (nonlinearity),MAS (non-monotonicity),MEV (functionality),MCN (complexity),Linear regression (p)
call4,rl,0.32595,-0.18477681,0.049380004,0.31407,5.0,0.7146515
all,call4,0.22513,-0.123931155,0.022579998,0.21602,5.0,0.590814
mit,call4,0.22114,-0.18336356,0.041549996,0.21348,5.0,0.63600594
all,rl,0.21946,-0.08359809,0.024580002,0.20755,5.0,0.5505071
mit,all,0.2175,-0.16310814,0.039540008,0.20554,5.0,0.6169345
mit,rl,0.17177,-0.17564765,0.017080002,0.16335,5.0,0.58942145
