X var,Y var,MIC (strength),MIC-p^2 (nonlinearity),MAS (non-monotonicity),MEV (functionality),MCN (complexity),Linear regression (p)
call4,rl,0.26568,0.093871936,0.032739982,0.25572,5.0,0.41449735
mit,rl,0.21746,0.18933755,0.03644,0.20536,5.0,0.16769753
all,call4,0.20855,0.15518743,0.0397,0.19998,5.0,0.2310034
mit,call4,0.20432,0.12101134,0.03329,0.19599,5.0,0.2886324
mit,all,0.1837,0.15039894,0.016609997,0.17364,5.0,0.18248577
all,rl,0.17468,0.14964542,0.010120004,0.16592,5.0,0.15822321
