X var,Y var,MIC (strength),MIC-p^2 (nonlinearity),MAS (non-monotonicity),MEV (functionality),MCN (complexity),Linear regression (p)
all,rl,0.56245,-0.30736542,0.02144,0.5545,5.321928,0.93263894
mit,rl,0.3904,0.34995916,0.054499984,0.38344,5.321928,0.20109905
mit,all,0.29993,0.25193638,0.034730002,0.29366,5.321928,0.21907446
all,call4,0.21948,-0.54967666,0.05258,0.21366,5.321928,0.87701577
call4,rl,0.2103,-0.3332052,0.034280002,0.20415,5.321928,0.73722804
mit,call4,0.2026,0.13414933,0.07653001,0.19514,5.321928,0.2616308
