X var,Y var,MIC (strength),MIC-p^2 (nonlinearity),MAS (non-monotonicity),MEV (functionality),MCN (complexity),Linear regression (p)
call4,rl,0.25672,-0.12361342,0.035860002,0.24902,5.321928,0.6167118
mit,rl,0.1932,0.09997234,0.038340002,0.18442,5.321928,0.30533206
mit,call4,0.18736,-0.06539269,0.019189999,0.18127,5.321928,0.50274515
mit,all,0.17682,-0.07479592,0.011909999,0.1701,5.321928,0.5016133
all,call4,0.16377,-0.7454204,0.020520002,0.15642,5.321928,0.95351475
all,rl,0.16362,-0.17887917,0.02719,0.15735,5.321928,0.5852343
