X var,Y var,MIC (strength),MIC-p^2 (nonlinearity),MAS (non-monotonicity),MEV (functionality),MCN (complexity),Linear regression (p)
call4,rl,0.30854,0.07309927,0.066219985,0.30854,4.807355,0.48522234
mit,all,0.2089,0.19136734,0.029119998,0.2089,4.807355,0.13241097
all,rl,0.20143,0.17701924,0.023620002,0.20143,4.807355,0.15623939
mit,rl,0.19269,0.190667,0.016559996,0.19269,4.807355,-0.044977713
all,call4,0.18487,0.14912196,0.01549001,0.18487,4.807355,0.18907155
mit,call4,0.18201,0.1735159,0.015449993,0.18201,4.807355,0.09216341
