X var,Y var,MIC (strength),MIC-p^2 (nonlinearity),MAS (non-monotonicity),MEV (functionality),MCN (complexity),Linear regression (p)
all,rl,0.3073,0.07380234,0.03211999,0.3073,5.087463,0.48321596
mit,rl,0.19582,0.1715121,0.0145799965,0.19582,5.087463,-0.15590996
mit,call4,0.18843,0.17116678,0.14511,0.18843,5.087463,-0.13138954
mit,all,0.17814,0.13689761,0.021140002,0.17814,5.087463,-0.20308222
all,call4,0.16494,0.16140293,0.121360004,0.16494,5.087463,0.059473313
call4,rl,0.13738,0.13208759,0.10862,0.13738,5.087463,0.072749004
