X var,Y var,MIC (strength),MIC-p^2 (nonlinearity),MAS (non-monotonicity),MEV (functionality),MCN (complexity),Linear regression (p)
all,rl,0.23405,0.0659066,0.03746,0.23405,5.087463,0.41005293
mit,all,0.22635,0.1589864,0.040419996,0.22635,5.087463,-0.25954497
mit,rl,0.20678,0.12162197,0.014409997,0.20678,5.087463,-0.2918185
mit,call4,0.15208,0.14878331,0.1366,0.15208,5.087463,-0.057416737
all,call4,0.13159,0.12330876,0.10339999,0.13159,5.087463,0.091001265
call4,rl,0.10921,0.10824453,0.086449996,0.10921,5.087463,0.031072037
