X var,Y var,MIC (strength),MIC-p^2 (nonlinearity),MAS (non-monotonicity),MEV (functionality),MCN (complexity),Linear regression (p)
all,rl,0.39184,-0.052574337,0.044580013,0.39184,4.9068904,0.6666441
mit,rl,0.38441,0.2562133,0.103870004,0.38441,4.9068904,-0.35804564
mit,call4,0.28019,0.2784978,0.065,0.28019,4.9068904,-0.04113635
mit,all,0.26121,0.25989687,0.045319997,0.26121,4.9068904,-0.03623697
call4,rl,0.2507,0.24734132,0.086050004,0.2507,4.9068904,0.057954136
all,call4,0.1731,0.17298697,0.03956999,0.1731,4.9068904,0.010631686
