X var,Y var,MIC (strength),MIC-p^2 (nonlinearity),MAS (non-monotonicity),MEV (functionality),MCN (complexity),Linear regression (p)
call4,rl,0.27478,0.12283245,0.014720008,0.27478,5.087463,0.3898045
mit,call4,0.21926,0.18140236,0.036900014,0.21926,5.087463,0.19457042
all,call4,0.19348,0.14617924,0.035570003,0.19348,5.087463,0.21748737
all,rl,0.1881,0.16343492,0.02037999,0.1881,5.087463,0.15705118
mit,rl,0.18792,0.18777892,0.024949998,0.18792,5.087463,0.01187779
mit,all,0.18441,0.087790035,0.016169995,0.18441,5.087463,0.31083754
