X var,Y var,MIC (strength),MIC-p^2 (nonlinearity),MAS (non-monotonicity),MEV (functionality),MCN (complexity),Linear regression (p)
all,rl,0.55898,-0.05817324,0.041180015,0.55898,5.087463,0.785591
mit,all,0.4405,0.019042581,0.076459974,0.4405,5.087463,-0.6491975
mit,rl,0.41084,-0.017825544,0.10625,0.41084,4.4594316,-0.65472555
mit,call4,0.31604,0.17659584,0.14139001,0.31604,5.087463,-0.37342224
call4,rl,0.24631,0.018949509,0.04209,0.24631,5.087463,0.47682333
all,call4,0.23465,0.13706833,0.099989995,0.23465,5.087463,0.31238064
