X var,Y var,MIC (strength),MIC-p^2 (nonlinearity),MAS (non-monotonicity),MEV (functionality),MCN (complexity),Linear regression (p)
all,rl,0.31501,0.1647485,0.019250005,0.31501,5.2479277,0.3876358
mit,rl,0.24355,0.11502649,0.037809998,0.24355,5.2479277,-0.35850176
all,call4,0.17955,0.16903707,0.12963,0.17955,5.2479277,0.1025326
mit,all,0.16978,0.1691311,0.03758,0.16978,5.2479277,-0.025473513
mit,call4,0.15724,0.14359088,0.080170006,0.15724,5.2479277,-0.11682946
call4,rl,0.14988,0.1197341,0.078590006,0.14988,5.2479277,0.17362577
