X var,Y var,MIC (strength),MIC-p^2 (nonlinearity),MAS (non-monotonicity),MEV (functionality),MCN (complexity),Linear regression (p)
all,rl,0.22484,-0.21897574,0.02505,0.22484,5.087463,0.666195
mit,all,0.11237,0.1118402,0.023039997,0.11237,5.087463,0.023017364
mit,rl,0.11195,0.072677106,0.04547,0.11195,5.087463,-0.1981739
mit,call4,0.09556,0.0955593,0.07173,0.09556,5.087463,-8.360029E-4
call4,rl,0.08834,0.080531284,0.05514,0.08834,5.087463,0.08836694
all,call4,0.05944,0.05870536,0.030300003,0.05944,5.087463,0.027104288
