X var,Y var,MIC (strength),MIC-p^2 (nonlinearity),MAS (non-monotonicity),MEV (functionality),MCN (complexity),Linear regression (p)
call4,rl,0.28236,-0.24707958,0.04224001,0.28236,5.087463,0.72762597
all,call4,0.19644,-0.17827858,0.015430003,0.19644,5.087463,0.6121426
all,rl,0.1963,-0.11651048,0.022359997,0.1963,5.087463,0.55929464
mit,all,0.19607,-0.23221661,0.03361,0.19607,5.087463,0.6544361
mit,rl,0.18309,-0.14380476,0.008379996,0.18309,5.087463,0.5717471
mit,call4,0.17768,-0.16697879,0.021630004,0.17768,5.087463,0.5870765
