X var,Y var,MIC (strength),MIC-p^2 (nonlinearity),MAS (non-monotonicity),MEV (functionality),MCN (complexity),Linear regression (p)
all,call4,0.23278,0.124905825,0.022989988,0.23278,5.2479277,0.32844204
call4,rl,0.22809,0.15725693,0.031320006,0.22809,5.2479277,0.2661448
mit,call4,0.21717,0.1330953,0.02409,0.21717,5.2479277,0.2899564
mit,all,0.2022,0.034352005,0.031009998,0.2022,5.2479277,0.40969256
all,rl,0.18319,0.13965146,0.010459997,0.18319,5.2479277,0.2086589
mit,rl,0.16224,0.15638041,0.017220005,0.16224,5.2479277,0.07654792
