X var,Y var,MIC (strength),MIC-p^2 (nonlinearity),MAS (non-monotonicity),MEV (functionality),MCN (complexity),Linear regression (p)
call4,rl,0.25809,0.10179399,0.015539996,0.25809,5.087463,0.3953429
all,call4,0.20281,0.11393426,0.05573,0.20281,5.087463,0.29812035
all,rl,0.17677,0.16571523,0.019690007,0.17677,5.087463,0.105141655
mit,all,0.16548,0.123397015,0.014539998,0.16548,5.087463,0.20514138
mit,call4,0.16172,0.09500992,0.007430002,0.16172,5.087463,0.25828293
mit,rl,0.15707,0.15677778,0.01779,0.15707,5.087463,-0.017094191
