X var,Y var,MIC (strength),MIC-p^2 (nonlinearity),MAS (non-monotonicity),MEV (functionality),MCN (complexity),Linear regression (p)
all,call4,0.30862,0.17705242,0.09116,0.30862,4.70044,0.36272246
call4,rl,0.29612,0.03316003,0.045240007,0.29612,4.70044,0.5127962
mit,all,0.29102,0.06133908,0.040690005,0.29102,4.70044,0.47925037
mit,call4,0.26033,0.14526768,0.034730002,0.26033,4.70044,0.33920836
all,rl,0.22115,0.16029713,0.039899997,0.22115,4.70044,0.24668376
mit,rl,0.19752,0.1641286,0.01777,0.19752,4.70044,0.18273316
