X var,Y var,MIC (strength),MIC-p^2 (nonlinearity),MAS (non-monotonicity),MEV (functionality),MCN (complexity),Linear regression (p)
all,call4,0.21652,-0.03126362,0.012199998,0.21652,5.2479277,0.49777868
mit,call4,0.19627,0.01861009,0.02362001,0.19627,5.2479277,0.42149723
all,rl,0.18659,0.043921113,0.020949997,0.18659,5.2479277,0.37771535
call4,rl,0.17904,0.042763367,0.027840003,0.17904,5.2479277,0.36915666
mit,all,0.17779,-0.03405863,0.024100006,0.17779,5.2479277,0.46027017
mit,rl,0.16997,0.08465048,0.019139998,0.16997,5.2479277,0.29209507
