X var,Y var,MIC (strength),MIC-p^2 (nonlinearity),MAS (non-monotonicity),MEV (functionality),MCN (complexity),Linear regression (p)
all,rl,0.2896,-0.35542768,0.037960008,0.2896,5.087463,0.80313617
all,call4,0.1747,0.17467725,0.059580006,0.1747,5.087463,0.004770668
mit,rl,0.16928,0.16062757,0.016560003,0.16928,5.087463,-0.093018346
call4,rl,0.16538,0.16480839,0.05157,0.16538,5.087463,-0.023908185
mit,all,0.16324,0.16194126,0.013910003,0.16324,5.087463,-0.036038022
mit,call4,0.1577,0.1567783,0.07133,0.1577,5.087463,-0.030359456
