X var,Y var,MIC (strength),MIC-p^2 (nonlinearity),MAS (non-monotonicity),MEV (functionality),MCN (complexity),Linear regression (p)
call4,rl,0.35783,0.055353194,0.02102001,0.35783,4.9068904,0.5499789
all,rl,0.21213,0.1991943,0.05098,0.21213,4.9068904,0.113735214
all,call4,0.20751,0.15139109,0.03661999,0.20751,4.9068904,0.23689428
mit,call4,0.20517,0.14200011,0.013740003,0.20517,4.9068904,0.25133622
mit,rl,0.18837,0.17284986,0.018300004,0.18837,4.9068904,0.124579884
mit,all,0.17275,0.09595234,0.013400003,0.17275,4.9068904,0.2771239
