X var,Y var,MIC (strength),MIC-p^2 (nonlinearity),MAS (non-monotonicity),MEV (functionality),MCN (complexity),Linear regression (p)
call4,rl,0.2684,0.05135636,0.04024999,0.26149,5.321928,0.46587944
all,rl,0.19737,0.14970608,0.02815999,0.18872,5.321928,0.21832067
mit,all,0.18528,0.09388649,0.015849993,0.17751,5.321928,0.3023136
mit,call4,0.183,0.09523999,0.016849995,0.17447,5.321928,0.29624316
mit,rl,0.16372,0.1453698,0.030659996,0.15714,5.321928,0.13546292
all,call4,0.16363,0.075048566,0.01669,0.15664,5.321928,0.29762632
