X var,Y var,MIC (strength),MIC-p^2 (nonlinearity),MAS (non-monotonicity),MEV (functionality),MCN (complexity),Linear regression (p)
all,call4,0.2616,0.15991998,0.060709983,0.2616,5.2479277,0.31887305
mit,all,0.20251,0.114390045,0.022620004,0.20251,5.2479277,0.29685006
all,rl,0.18719,0.12189862,0.009,0.18719,5.2479277,0.25552177
call4,rl,0.17557,0.10840995,0.017620005,0.17557,5.2479277,0.25915256
mit,rl,0.17473,0.16509707,0.007570006,0.17473,5.2479277,0.09814752
mit,call4,0.16818,0.1282776,0.009399999,0.16818,5.2479277,0.19975588
