X var,Y var,MIC (strength),MIC-p^2 (nonlinearity),MAS (non-monotonicity),MEV (functionality),MCN (complexity),Linear regression (p)
all,call4,0.23764,0.18972647,0.038100004,0.23764,5.2479277,0.21889156
mit,all,0.23315,-0.05887735,0.035840005,0.23315,5.2479277,0.54039556
call4,rl,0.23192,0.20451288,0.04317999,0.23192,5.2479277,0.16555096
mit,call4,0.21643,0.18137069,0.013769999,0.21643,5.2479277,0.1872413
all,rl,0.167,0.1510381,0.008309998,0.167,5.2479277,0.12634042
mit,rl,0.1655,0.1652963,0.018200003,0.1655,5.2479277,0.014272057
