X var,Y var,MIC (strength),MIC-p^2 (nonlinearity),MAS (non-monotonicity),MEV (functionality),MCN (complexity),Linear regression (p)
mit,call4,0.316,0.16344365,0.127,0.316,4.70044,0.39058465
mit,all,0.29901,0.015097439,0.017780006,0.29901,4.70044,0.5328345
call4,rl,0.26588,0.09859069,0.018769994,0.26588,4.70044,0.40901014
all,call4,0.24934,0.09666243,0.022800006,0.24934,4.70044,0.39073977
all,rl,0.24832,0.18108279,0.061179996,0.24832,4.70044,0.2593014
mit,rl,0.18851,0.16185945,0.039059997,0.18851,4.70044,0.16324995
