X var,Y var,MIC (strength),MIC-p^2 (nonlinearity),MAS (non-monotonicity),MEV (functionality),MCN (complexity),Linear regression (p)
call4,rl,0.23837,0.038428962,0.027130008,0.23837,4.9068904,0.44714767
all,rl,0.20756,0.13817574,0.044200003,0.20756,4.9068904,0.26340893
all,call4,0.20664,0.108869895,0.020109996,0.20664,4.9068904,0.31268212
mit,rl,0.20658,0.08509822,0.04196,0.20658,4.9068904,0.34854236
mit,call4,0.182,0.022649616,0.034879997,0.182,4.9068904,0.39918715
mit,all,0.18107,0.030050829,0.021349996,0.18107,4.9068904,0.38861185
