X var,Y var,MIC (strength),MIC-p^2 (nonlinearity),MAS (non-monotonicity),MEV (functionality),MCN (complexity),Linear regression (p)
call4,rl,0.26974,0.0235302,0.047020003,0.26974,4.70044,0.49619532
mit,all,0.25663,-0.054746747,0.0132,0.25663,4.70044,0.5580114
all,call4,0.23843,0.08006975,0.03575001,0.23843,4.70044,0.39794502
mit,call4,0.2369,0.06238644,0.018419996,0.2369,4.70044,0.4177482
all,rl,0.22063,0.14980653,0.025099993,0.22063,4.70044,0.2661268
mit,rl,0.22005,0.18722767,0.046540007,0.22005,4.70044,0.18116939
