X var,Y var,MIC (strength),MIC-p^2 (nonlinearity),MAS (non-monotonicity),MEV (functionality),MCN (complexity),Linear regression (p)
call4,rl,0.29258,0.09798153,0.052269995,0.28311,5.0,0.44113317
mit,call4,0.21075,0.09924833,0.034479998,0.20243,5.0,0.33391866
all,call4,0.20924,0.13061732,0.03181,0.19915,5.0,0.2803974
mit,all,0.20847,0.1455223,0.035809994,0.19961,5.0,0.2508938
all,rl,0.2027,0.16398364,0.018090002,0.1924,5.0,0.19676472
mit,rl,0.17328,0.13806793,0.02241999,0.16475,5.0,0.18764877
