X var,Y var,MIC (strength),MIC-p^2 (nonlinearity),MAS (non-monotonicity),MEV (functionality),MCN (complexity),Linear regression (p)
call4,rl,0.24231,0.11692411,0.021350004,0.23403,5.0,0.3540987
all,call4,0.23248,0.20331427,0.03916,0.22174,5.0,0.17077978
all,rl,0.22843,0.21655294,0.047749996,0.21788,5.0,0.10898194
mit,all,0.1969,0.17623043,0.023749992,0.18466,5.0,0.14376913
mit,call4,0.19648,0.116160356,0.033710003,0.18744,5.0,0.2834072
mit,rl,0.1962,0.1796498,0.017089993,0.18335,5.0,0.12864757
