X var,Y var,MIC (strength),MIC-p^2 (nonlinearity),MAS (non-monotonicity),MEV (functionality),MCN (complexity),Linear regression (p)
all,rl,0.34067,0.09515296,0.028049976,0.34067,4.9068904,0.49549675
all,call4,0.29042,0.27206063,0.10436,0.29042,4.9068904,-0.13549669
call4,rl,0.2792,0.243083,0.101919994,0.2792,4.9068904,0.19004472
mit,call4,0.27478,0.24347359,0.08156,0.27478,4.9068904,0.17693618
mit,rl,0.26852,0.1965082,0.017189994,0.26852,4.9068904,0.26835015
mit,all,0.21231,0.20047429,0.038269997,0.21231,4.9068904,-0.10879208
