X var,Y var,MIC (strength),MIC-p^2 (nonlinearity),MAS (non-monotonicity),MEV (functionality),MCN (complexity),Linear regression (p)
call4,rl,0.32426,0.017637253,0.02031,0.32426,4.9068904,0.55373526
mit,call4,0.21785,0.1669593,0.017000005,0.21785,4.9068904,0.22558968
all,call4,0.21488,0.18233252,0.033020005,0.21488,4.9068904,0.18040924
all,rl,0.20281,0.186722,0.034130007,0.20281,4.9068904,0.12683854
mit,rl,0.20029,0.18031628,0.03293,0.20029,4.9068904,0.14132838
mit,all,0.17713,0.1129856,0.017640002,0.17713,4.9068904,0.25326744
