X var,Y var,MIC (strength),MIC-p^2 (nonlinearity),MAS (non-monotonicity),MEV (functionality),MCN (complexity),Linear regression (p)
call4,rl,0.32647,0.007368356,0.022079974,0.32647,4.9068904,0.5648908
mit,call4,0.21756,0.1460844,0.034829997,0.21756,4.9068904,0.26734918
all,rl,0.20885,0.18015131,0.047900006,0.20885,4.9068904,0.16940688
all,call4,0.19991,0.15866819,0.012740001,0.19991,4.9068904,0.20308082
mit,rl,0.19367,0.15394159,0.0115600005,0.19367,4.9068904,0.1993199
mit,all,0.19286,0.13539195,0.014180005,0.19286,4.9068904,0.23972498
