X var,Y var,MIC (strength),MIC-p^2 (nonlinearity),MAS (non-monotonicity),MEV (functionality),MCN (complexity),Linear regression (p)
call4,rl,0.32335,0.056120276,0.050519988,0.32335,4.807355,0.5169427
mit,all,0.2142,0.19433306,0.02945,0.2142,4.807355,0.14095016
all,call4,0.2072,0.17988884,0.03136,0.2072,4.807355,0.16526088
mit,call4,0.20149,0.1951628,0.018600002,0.20149,4.807355,0.0795437
mit,rl,0.18224,0.1800779,0.018749997,0.18224,4.807355,-0.046498366
all,rl,0.17803,0.14861694,0.024669997,0.17803,4.807355,0.17150237
