X var,Y var,MIC (strength),MIC-p^2 (nonlinearity),MAS (non-monotonicity),MEV (functionality),MCN (complexity),Linear regression (p)
call4,rl,0.28786,0.06668028,0.032580018,0.28786,4.9068904,0.4702975
mit,call4,0.22467,0.16219793,0.032309994,0.22467,4.9068904,0.24994412
mit,rl,0.21262,0.20026591,0.03284,0.21262,4.9068904,0.11114896
all,rl,0.18561,0.162913,0.01856,0.18561,4.9068904,0.15065524
mit,all,0.16184,0.13115828,0.014920004,0.16184,4.9068904,0.17516202
all,call4,0.15616,0.102828205,0.01721999,0.15616,4.9068904,0.23093677
