X var,Y var,MIC (strength),MIC-p^2 (nonlinearity),MAS (non-monotonicity),MEV (functionality),MCN (complexity),Linear regression (p)
all,rl,0.40897,-0.16355395,0.030819982,0.3998,5.087463,0.75665313
all,call4,0.19651,0.123732015,0.10106,0.18803,5.087463,0.26977396
mit,rl,0.17659,0.11635847,0.01642,0.16893,5.087463,-0.24542113
mit,all,0.1738,0.17146757,0.01624,0.16352,5.087463,-0.048295286
mit,call4,0.14768,0.14684246,0.09269,0.13957,5.087463,-0.028940184
call4,rl,0.14,0.06466244,0.06394,0.13438,5.087463,0.2744769
