X var,Y var,MIC (strength),MIC-p^2 (nonlinearity),MAS (non-monotonicity),MEV (functionality),MCN (complexity),Linear regression (p)
call4,rl,0.29173,-0.22168523,0.026590005,0.29173,4.807355,0.71652997
mit,rl,0.21737,-0.05598089,0.04061,0.21737,4.807355,0.5228297
mit,call4,0.19003,-0.06773852,0.026209995,0.19003,4.807355,0.5077091
mit,all,0.18454,-0.13591874,0.03384,0.18454,4.807355,0.56609076
all,call4,0.18376,-0.08735438,0.0047100037,0.18376,4.807355,0.52068645
all,rl,0.17689,-0.07268636,0.023550004,0.17689,4.807355,0.49957618
