X var,Y var,MIC (strength),MIC-p^2 (nonlinearity),MAS (non-monotonicity),MEV (functionality),MCN (complexity),Linear regression (p)
call4,rl,0.29671,-0.0020734668,0.06519,0.29671,4.70044,0.5466109
mit,all,0.25491,-0.023923367,0.024159998,0.25491,4.70044,0.5280467
all,call4,0.2491,0.070703864,0.048000008,0.2491,4.70044,0.42236966
all,rl,0.23398,0.1325829,0.059720002,0.23398,4.70044,0.3184291
mit,call4,0.23205,0.05003512,0.049620003,0.23205,4.70044,0.42663202
mit,rl,0.20827,0.1257639,0.041419998,0.20827,4.70044,0.28723875
