X var,Y var,MIC (strength),MIC-p^2 (nonlinearity),MAS (non-monotonicity),MEV (functionality),MCN (complexity),Linear regression (p)
all,rl,0.42783,0.06890613,0.03722,0.41834,5.0,0.59910256
mit,rl,0.36115,0.24060738,0.050420016,0.35253,5.0,-0.34719247
mit,all,0.23618,0.20669095,0.023229986,0.22447,5.0,-0.17172374
all,call4,0.21251,0.21055366,0.14252001,0.20053,5.0,0.044230618
mit,call4,0.20203,0.19906498,0.123220004,0.19309,5.0,-0.054452
call4,rl,0.17329,0.1723471,0.12589,0.16531,5.0,0.030706672
