X var,Y var,MIC (strength),MIC-p^2 (nonlinearity),MAS (non-monotonicity),MEV (functionality),MCN (complexity),Linear regression (p)
call4,rl,0.3314,1.6084313E-4,0.026569992,0.3314,4.9068904,0.5755338
mit,call4,0.2124,0.15141779,0.016369998,0.2124,4.9068904,0.24694575
mit,rl,0.20446,0.17055906,0.04705,0.20446,4.9068904,0.18412206
mit,all,0.19845,0.13581517,0.010299996,0.19845,4.9068904,0.2502695
all,rl,0.18372,0.15931152,0.013810001,0.18372,4.9068904,0.1562321
all,call4,0.17642,0.13820224,0.016840003,0.17642,4.9068904,0.19549364
