X var,Y var,MIC (strength),MIC-p^2 (nonlinearity),MAS (non-monotonicity),MEV (functionality),MCN (complexity),Linear regression (p)
call4,rl,0.1467,0.019657418,0.029339999,0.1467,4.9068904,0.35643032
all,rl,0.13247,0.09990943,0.06234,0.13247,4.9068904,0.18044546
mit,call4,0.12811,0.08818495,0.058290005,0.12811,4.9068904,0.19981255
mit,all,0.11956,0.1068814,0.03339,0.11956,4.9068904,0.112599306
mit,rl,0.11084,0.09849877,0.019210003,0.11084,4.9068904,0.111091085
all,call4,0.10791,0.077195436,0.034270003,0.10791,4.9068904,0.17525572
