X var,Y var,MIC (strength),MIC-p^2 (nonlinearity),MAS (non-monotonicity),MEV (functionality),MCN (complexity),Linear regression (p)
all,rl,0.40852,-0.14867207,0.02037999,0.40852,5.2479277,0.746453
mit,rl,0.33429,0.18024527,0.05794999,0.33429,4.5849624,-0.39248532
mit,all,0.25674,0.111805245,0.032470003,0.25674,5.2479277,-0.38070297
all,call4,0.1711,0.1562419,0.13730001,0.1711,5.2479277,0.12189387
mit,call4,0.1571,0.1390841,0.10199001,0.1571,5.2479277,-0.13422337
call4,rl,0.13007,0.10062133,0.077130005,0.13007,5.2479277,0.17160615
