X var,Y var,MIC (strength),MIC-p^2 (nonlinearity),MAS (non-monotonicity),MEV (functionality),MCN (complexity),Linear regression (p)
call4,rl,0.23827,-0.14448498,0.025000006,0.23186,5.321928,0.61867195
mit,call4,0.22455,-0.06097041,0.052139997,0.2159,5.321928,0.5343411
all,rl,0.18898,-0.157964,0.03812,0.18069,5.321928,0.58901954
mit,all,0.17326,-0.10734069,0.013370004,0.16645,5.321928,0.52971756
all,call4,0.1667,-0.75229675,0.015890002,0.16016,5.321928,0.9586432
mit,rl,0.15938,0.054845355,0.018299997,0.15312,5.321928,0.32331818
