X var,Y var,MIC (strength),MIC-p^2 (nonlinearity),MAS (non-monotonicity),MEV (functionality),MCN (complexity),Linear regression (p)
call4,rl,0.24301,0.099562526,0.027490005,0.23396,5.0,0.3787446
all,call4,0.21743,0.16660446,0.026670001,0.20919,5.0,0.22544521
mit,call4,0.21553,0.11460047,0.06656,0.20196,5.0,0.31769407
mit,rl,0.20035,0.17762718,0.015269995,0.19069,5.0,0.15074094
all,rl,0.18845,0.16588542,0.016450003,0.17792,5.0,0.15021509
mit,all,0.18503,0.15148188,0.029610008,0.17562,5.0,0.18316144
