X var,Y var,MIC (strength),MIC-p^2 (nonlinearity),MAS (non-monotonicity),MEV (functionality),MCN (complexity),Linear regression (p)
call4,rl,0.28799,-0.005248755,0.032619998,0.28799,5.0,0.54151523
all,call4,0.22955,0.06727393,0.038829997,0.22955,5.0,0.40283504
all,rl,0.22253,0.16900656,0.04207,0.22253,5.0,0.23135135
mit,all,0.21114,0.11839708,0.041289993,0.21114,5.0,0.30453724
mit,call4,0.19323,0.13318473,0.021970004,0.19323,5.0,0.24504137
mit,rl,0.18635,0.15148707,0.014199998,0.18635,5.0,0.1867162
