X var,Y var,MIC (strength),MIC-p^2 (nonlinearity),MAS (non-monotonicity),MEV (functionality),MCN (complexity),Linear regression (p)
mit,call4,0.34858,0.31356803,0.12475,0.34858,4.9068904,0.18711491
mit,rl,0.3201,0.11783236,0.04174,0.3201,4.9068904,0.44974175
all,rl,0.28749,0.15719087,0.037269995,0.28749,4.9068904,0.36096972
call4,rl,0.28729,0.21274936,0.10201001,0.28729,4.9068904,0.2730213
mit,all,0.27109,0.26348996,0.089949995,0.27109,4.9068904,0.08717821
all,call4,0.23955,0.23334844,0.059389994,0.23955,4.9068904,0.07874995
