X var,Y var,MIC (strength),MIC-p^2 (nonlinearity),MAS (non-monotonicity),MEV (functionality),MCN (complexity),Linear regression (p)
mit,rl,0.32329,0.22633374,0.048179984,0.31408,5.0,-0.311378
all,rl,0.29144,0.081578076,0.036909997,0.27993,5.0,0.4581069
mit,all,0.21594,0.1334247,0.022930004,0.20486,5.0,-0.28725475
mit,call4,0.18427,0.18242167,0.15444,0.17242,5.0,-0.042992227
all,call4,0.17691,0.17524414,0.15109,0.16793,5.0,0.040814903
call4,rl,0.11595,0.11330216,0.09431,0.10888,5.0,0.05145725
