X var,Y var,MIC (strength),MIC-p^2 (nonlinearity),MAS (non-monotonicity),MEV (functionality),MCN (complexity),Linear regression (p)
call4,rl,0.29797,0.051623315,0.030979991,0.29797,5.0,0.49633324
mit,all,0.21655,0.13779318,0.041229993,0.21655,5.0,0.28063643
mit,call4,0.2062,0.1544033,0.024650007,0.2062,5.0,0.22758889
all,call4,0.2054,0.010767162,0.02471,0.2054,5.0,0.44117212
mit,rl,0.19233,0.17494255,0.038090006,0.19233,5.0,0.13186146
all,rl,0.18833,0.15442555,0.016110003,0.18833,5.0,0.18413159
