X var,Y var,MIC (strength),MIC-p^2 (nonlinearity),MAS (non-monotonicity),MEV (functionality),MCN (complexity),Linear regression (p)
call4,rl,0.32564,-0.06609967,0.029719979,0.32564,4.9068904,0.6258911
mit,call4,0.2043,0.0031468123,0.019299999,0.2043,4.9068904,0.44850105
all,rl,0.18135,0.06951244,0.02376999,0.18135,4.9068904,0.33442122
mit,rl,0.17965,0.034262344,0.01207,0.17965,4.9068904,0.38129732
all,call4,0.16459,0.018149123,0.011009999,0.16459,4.9068904,0.38267595
mit,all,0.16239,-0.0049604475,0.013359994,0.16239,4.9068904,0.4090849
