X var,Y var,MIC (strength),MIC-p^2 (nonlinearity),MAS (non-monotonicity),MEV (functionality),MCN (complexity),Linear regression (p)
call4,rl,0.31839,-0.11196461,0.03441,0.31839,4.807355,0.6560142
mit,all,0.22686,-0.13979702,0.020339996,0.22686,4.807355,0.6055221
all,rl,0.20946,0.01514408,0.020999998,0.20946,4.807355,0.4408128
all,call4,0.20559,-0.046380654,0.027309999,0.20559,4.807355,0.5019668
mit,call4,0.20124,-0.10472074,0.038780004,0.20124,4.807355,0.5531372
mit,rl,0.16085,-0.11302446,0.006110005,0.16085,4.807355,0.52333015
