X var,Y var,MIC (strength),MIC-p^2 (nonlinearity),MAS (non-monotonicity),MEV (functionality),MCN (complexity),Linear regression (p)
all,rl,0.65454,0.42621237,0.09017998,0.65454,4.70044,-0.47783643
all,call4,0.64149,0.37697974,0.17487001,0.64149,4.70044,-0.5143056
call4,rl,0.63096,0.0781728,0.066600025,0.63096,4.70044,0.7434966
mit,all,0.28159,0.2619875,0.03974001,0.28159,4.70044,0.140009
mit,rl,0.26401,0.23038998,0.03564,0.26401,4.70044,-0.18335767
mit,call4,0.25166,0.23947757,0.07210998,0.25166,4.70044,-0.110373996
