X var,Y var,MIC (strength),MIC-p^2 (nonlinearity),MAS (non-monotonicity),MEV (functionality),MCN (complexity),Linear regression (p)
all,rl,0.41062,0.007564783,0.08250001,0.41062,4.9068904,0.6348663
mit,all,0.25606,0.25512588,0.039220005,0.25606,4.9068904,-0.03056339
mit,rl,0.20095,0.18550068,0.06699,0.20095,4.9068904,-0.12429526
all,call4,0.14897,0.13113402,0.12038999,0.14897,4.9068904,0.13355137
mit,call4,0.14475,0.14154287,0.13363999,0.14475,4.9068904,-0.056631505
call4,rl,0.10199,0.07475796,0.073589996,0.10199,4.9068904,0.16502133
