X var,Y var,MIC (strength),MIC-p^2 (nonlinearity),MAS (non-monotonicity),MEV (functionality),MCN (complexity),Linear regression (p)
call4,rl,0.26276,0.12358223,0.024690002,0.25039,5.0,0.37306538
mit,call4,0.24446,0.12521479,0.076560006,0.23154,5.0,0.345319
mit,all,0.22503,0.18618369,0.030929998,0.21147,5.0,0.19709468
all,call4,0.2217,0.17731276,0.023769997,0.21185,5.0,0.21068278
mit,rl,0.21037,0.18745126,0.026700001,0.20211,5.0,0.1513894
all,rl,0.19075,0.17219152,0.029320002,0.18041,5.0,0.13622953
