X var,Y var,MIC (strength),MIC-p^2 (nonlinearity),MAS (non-monotonicity),MEV (functionality),MCN (complexity),Linear regression (p)
all,rl,0.27718,-0.032320738,0.02304998,0.27718,5.2479277,0.5563279
mit,rl,0.22686,0.09560251,0.034160003,0.22686,5.2479277,-0.36229476
call4,rl,0.17721,0.125972,0.039340004,0.17721,5.2479277,0.22635813
mit,all,0.16466,0.16431022,0.019100003,0.16466,5.2479277,-0.018702703
mit,call4,0.15016,0.093244255,0.025350004,0.15016,5.2479277,-0.23857021
all,call4,0.1332,0.1327385,0.020070001,0.1332,5.2479277,0.021482477
