X var,Y var,MIC (strength),MIC-p^2 (nonlinearity),MAS (non-monotonicity),MEV (functionality),MCN (complexity),Linear regression (p)
call4,rl,0.3547,0.03438458,0.048790008,0.3547,4.9068904,0.56596416
all,call4,0.20664,0.15240419,0.015190005,0.20664,4.9068904,0.23288584
mit,rl,0.2064,0.18664846,0.03547001,0.2064,4.9068904,0.14054021
mit,call4,0.19755,0.12945703,0.008960001,0.19755,4.9068904,0.2609463
all,rl,0.19573,0.17947939,0.029320002,0.19573,4.9068904,0.12747788
mit,all,0.1927,0.12616283,0.029090002,0.1927,4.9068904,0.257948
