X var,Y var,MIC (strength),MIC-p^2 (nonlinearity),MAS (non-monotonicity),MEV (functionality),MCN (complexity),Linear regression (p)
all,rl,0.34648,-0.47961986,0.041229993,0.34111,5.321928,0.9089004
mit,rl,0.20116,0.20030245,0.022029996,0.19379,5.321928,-0.029283809
mit,all,0.19471,0.1924792,0.025289997,0.18744,5.321928,0.047231354
all,call4,0.16984,0.10757889,0.13506,0.16303,5.321928,0.24952175
mit,call4,0.16911,0.055627808,0.13247,0.16092,5.321928,0.33687118
call4,rl,0.143,0.12487592,0.10594001,0.13663,5.321928,0.13462575
