X var,Y var,MIC (strength),MIC-p^2 (nonlinearity),MAS (non-monotonicity),MEV (functionality),MCN (complexity),Linear regression (p)
call4,rl,0.24864,0.03976856,0.017920002,0.24864,5.087463,0.45702454
all,call4,0.22916,0.13589555,0.02482,0.22916,5.087463,0.3053923
mit,call4,0.20893,0.159538,0.017159998,0.20893,5.087463,0.2222431
all,rl,0.19545,0.14851512,0.009920001,0.19545,5.087463,0.21664457
mit,all,0.19359,0.11302922,0.022629999,0.19359,5.087463,0.2838323
mit,rl,0.16344,0.14973204,0.009969998,0.16344,5.087463,0.117081024
