X var,Y var,MIC (strength),MIC-p^2 (nonlinearity),MAS (non-monotonicity),MEV (functionality),MCN (complexity),Linear regression (p)
call4,rl,0.30563,0.035111487,0.025979996,0.30563,5.0,0.52011395
all,rl,0.2317,0.16667546,0.056499988,0.2317,5.0,0.2549991
mit,rl,0.20793,0.16423064,0.020999998,0.20793,5.0,0.20904389
all,call4,0.20512,0.087475665,0.018449992,0.20512,5.0,0.3429932
mit,all,0.19971,0.13320321,0.015459999,0.19971,5.0,0.25788912
mit,call4,0.16656,0.13116965,0.019129999,0.16656,5.0,0.18812321
