X var,Y var,MIC (strength),MIC-p^2 (nonlinearity),MAS (non-monotonicity),MEV (functionality),MCN (complexity),Linear regression (p)
all,rl,0.2799,-0.20258874,0.015949994,0.2799,5.087463,0.6946141
mit,call4,0.11948,0.08560036,0.03915,0.11948,5.087463,-0.18406422
call4,rl,0.11148,-0.12095344,0.026140004,0.11148,5.087463,0.4821135
mit,rl,0.1043,0.06415398,0.019359998,0.1043,5.087463,-0.20036472
mit,all,0.09457,0.09371749,0.017340004,0.09457,5.087463,0.029197741
all,call4,0.09339,-0.03889875,0.046910003,0.09339,5.087463,0.3637152
