X var,Y var,MIC (strength),MIC-p^2 (nonlinearity),MAS (non-monotonicity),MEV (functionality),MCN (complexity),Linear regression (p)
all,rl,0.31088,-0.0016621947,0.029699996,0.31088,5.087463,0.55905473
mit,rl,0.21536,0.15837157,0.020610005,0.21536,5.087463,-0.23872252
mit,all,0.19367,0.18684782,0.041649997,0.19367,5.087463,-0.08259651
mit,call4,0.19271,0.19236346,0.15935,0.19271,5.087463,-0.018615445
call4,rl,0.16388,0.1629761,0.10504001,0.16388,5.087463,0.030064935
all,call4,0.16258,0.16068815,0.10826,0.16258,5.087463,0.043495446
