X var,Y var,MIC (strength),MIC-p^2 (nonlinearity),MAS (non-monotonicity),MEV (functionality),MCN (complexity),Linear regression (p)
call4,rl,0.2324,0.19594267,0.030379996,0.2324,5.2479277,0.19093801
all,call4,0.21526,0.19313684,0.032350004,0.21526,5.2479277,0.14873853
all,rl,0.19133,0.17211322,0.02944,0.19133,5.2479277,0.13862461
mit,rl,0.19046,0.19008926,0.044509992,0.19046,5.2479277,0.019254513
mit,all,0.16416,0.036965758,0.01492,0.16416,5.2479277,0.35664302
mit,call4,0.16065,0.15578398,0.025640003,0.16065,5.2479277,0.06975682
