X var,Y var,MIC (strength),MIC-p^2 (nonlinearity),MAS (non-monotonicity),MEV (functionality),MCN (complexity),Linear regression (p)
all,rl,0.45122,-0.013380051,0.12507,0.45122,4.9068904,0.68161577
mit,rl,0.25254,0.1973145,0.052289993,0.25254,4.9068904,-0.23500103
mit,all,0.2098,0.19526662,0.014839992,0.2098,4.9068904,-0.120554514
all,call4,0.19531,0.19530968,0.1572,0.19531,4.9068904,5.654193E-4
mit,call4,0.17119,0.16614392,0.11683999,0.17119,4.9068904,-0.071035676
call4,rl,0.12616,0.117721945,0.06454,0.12616,4.9068904,0.09185885
