X var,Y var,MIC (strength),MIC-p^2 (nonlinearity),MAS (non-monotonicity),MEV (functionality),MCN (complexity),Linear regression (p)
all,rl,0.35569,0.10181984,0.030379996,0.35569,4.807355,0.5038553
mit,rl,0.2266,0.20688835,0.04787001,0.2266,4.807355,-0.14039823
mit,call4,0.20846,0.20777905,0.0624,0.20846,4.807355,-0.026095036
call4,rl,0.20062,0.14015087,0.08479,0.20062,4.807355,0.24590468
mit,all,0.19984,0.19674253,0.040819988,0.19984,4.807355,-0.055654813
all,call4,0.18073,0.17513877,0.09724,0.18073,4.807355,0.07477451
