X var,Y var,MIC (strength),MIC-p^2 (nonlinearity),MAS (non-monotonicity),MEV (functionality),MCN (complexity),Linear regression (p)
call4,rl,0.28425,0.06355025,0.03866999,0.27579,5.321928,0.4697869
mit,all,0.21582,0.118288435,0.032319993,0.20656,5.321928,0.31230044
mit,call4,0.18706,0.097753346,0.037949994,0.1798,5.321928,0.2988422
mit,rl,0.17267,0.15413243,0.021290004,0.16592,5.321928,0.13615277
all,call4,0.16051,0.07547843,0.011629999,0.15342,5.321928,0.29160175
all,rl,0.15553,0.11505516,0.010779999,0.14871,5.321928,0.20118362
