X var,Y var,MIC (strength),MIC-p^2 (nonlinearity),MAS (non-monotonicity),MEV (functionality),MCN (complexity),Linear regression (p)
all,rl,0.40427,-0.1015268,0.02046001,0.40427,4.807355,0.7111939
mit,rl,0.39046,0.17549981,0.05440998,0.39046,4.807355,-0.463638
mit,all,0.24649,0.19119728,0.03272,0.24649,4.807355,-0.23514406
mit,call4,0.21621,0.19954333,0.12761998,0.21621,4.807355,-0.12909947
call4,rl,0.18984,0.18258587,0.11997,0.18984,4.807355,0.085171275
all,call4,0.18101,0.18088093,0.10278999,0.18101,4.807355,0.011360206
