X var,Y var,MIC (strength),MIC-p^2 (nonlinearity),MAS (non-monotonicity),MEV (functionality),MCN (complexity),Linear regression (p)
mit,all,0.14062,0.12972967,0.016219996,0.14062,5.087463,0.10435668
call4,rl,0.13501,0.1267811,0.013010003,0.13501,5.087463,0.09071325
mit,call4,0.12474,0.07536623,0.018879995,0.12474,5.087463,0.22220209
all,call4,0.11959,0.10121617,0.011349998,0.11959,5.087463,0.13555011
all,rl,0.11468,0.114612125,0.010930002,0.11468,5.087463,-0.008238796
mit,rl,0.11132,0.10754999,0.014120001,0.11132,5.087463,-0.061400373
