X var,Y var,MIC (strength),MIC-p^2 (nonlinearity),MAS (non-monotonicity),MEV (functionality),MCN (complexity),Linear regression (p)
all,rl,0.4064,-0.17059407,0.028839976,0.4064,5.2479277,0.75960124
mit,rl,0.3792,0.04621011,0.039979994,0.3792,5.2479277,-0.5770528
mit,all,0.2236,0.078475475,0.03921999,0.2236,5.2479277,-0.38095212
mit,call4,0.18153,0.14174658,0.064729996,0.18153,5.2479277,-0.19945782
call4,rl,0.17286,0.16119526,0.051179998,0.17286,5.2479277,0.1080034
all,call4,0.13861,0.13218223,0.022510007,0.13861,5.2479277,-0.08017348
