X var,Y var,MIC (strength),MIC-p^2 (nonlinearity),MAS (non-monotonicity),MEV (functionality),MCN (complexity),Linear regression (p)
call4,rl,0.26715,0.015811592,0.014660001,0.26715,4.9068904,0.50133663
all,rl,0.18951,0.1719013,0.026239999,0.18951,4.9068904,0.1326978
mit,rl,0.18421,0.16147238,0.03599999,0.18421,4.9068904,0.15078999
mit,all,0.17654,0.12989032,0.02313,0.17654,4.9068904,0.21598537
mit,call4,0.17105,0.12261968,0.021990001,0.17105,4.9068904,0.22006889
all,call4,0.15807,0.13506281,0.015220001,0.15807,4.9068904,0.15168118
