X var,Y var,MIC (strength),MIC-p^2 (nonlinearity),MAS (non-monotonicity),MEV (functionality),MCN (complexity),Linear regression (p)
call4,rl,0.36608,0.023341477,0.057409972,0.36608,4.9068904,0.5854387
mit,call4,0.22419,0.15008856,0.016259998,0.22419,4.9068904,0.27221578
all,call4,0.2208,0.15823366,0.025079995,0.2208,4.9068904,0.25013265
all,rl,0.21058,0.18182051,0.024650007,0.21058,4.9068904,0.16958626
mit,rl,0.2095,0.17349894,0.03431,0.2095,4.9068904,0.18973945
mit,all,0.16997,0.10804808,0.021019999,0.16997,4.9068904,0.24884117
