X var,Y var,MIC (strength),MIC-p^2 (nonlinearity),MAS (non-monotonicity),MEV (functionality),MCN (complexity),Linear regression (p)
call4,rl,0.25388,0.03957838,0.028700009,0.25388,5.087463,0.46292722
mit,call4,0.20636,0.15778393,0.02381,0.20636,5.087463,0.22039978
all,rl,0.19419,0.14787808,0.027960002,0.19419,5.087463,0.21520203
all,call4,0.19387,0.10506622,0.012729999,0.19387,5.087463,0.29799962
mit,all,0.18746,0.10340522,0.016570002,0.18746,5.087463,0.28992203
mit,rl,0.17663,0.16220814,0.011220001,0.17663,5.087463,0.12009105
