X var,Y var,MIC (strength),MIC-p^2 (nonlinearity),MAS (non-monotonicity),MEV (functionality),MCN (complexity),Linear regression (p)
all,rl,0.3576,-0.067528486,0.02257,0.3576,4.9068904,0.6520188
mit,all,0.23624,0.23293371,0.02784,0.23624,4.9068904,-0.057500266
mit,rl,0.22098,0.18702899,0.025959998,0.22098,4.9068904,-0.18425801
mit,call4,0.21842,0.21805018,0.10775,0.21842,4.9068904,-0.019230729
call4,rl,0.18384,0.021930993,0.10331,0.18384,4.9068904,0.40237918
all,call4,0.18323,0.16647017,0.12398,0.18323,4.9068904,0.12945975
