X var,Y var,MIC (strength),MIC-p^2 (nonlinearity),MAS (non-monotonicity),MEV (functionality),MCN (complexity),Linear regression (p)
call4,rl,0.33747,-0.10216379,0.030099988,0.33747,4.807355,0.66304886
mit,all,0.20679,-0.036582455,0.034489997,0.20679,4.807355,0.49332795
all,call4,0.19593,0.03736964,0.024279997,0.19593,4.807355,0.3981964
all,rl,0.18967,0.07537728,0.02933,0.18967,4.807355,0.33807206
mit,rl,0.1809,0.06042368,0.026859999,0.1809,4.807355,0.34709698
mit,call4,0.18074,0.004568517,0.027360003,0.18074,4.807355,0.41972786
