X var,Y var,MIC (strength),MIC-p^2 (nonlinearity),MAS (non-monotonicity),MEV (functionality),MCN (complexity),Linear regression (p)
call4,rl,0.31225,0.13234587,0.047230005,0.31225,5.0,0.42415106
all,call4,0.2406,0.014290646,0.052410007,0.2406,5.0,0.47571984
all,rl,0.2144,0.19109033,0.045210004,0.2144,5.0,0.152675
mit,rl,0.19999,0.18559934,0.035740003,0.19999,5.0,0.11996107
mit,all,0.18281,0.13249934,0.01399,0.18281,5.0,0.22430038
mit,call4,0.17467,0.1416413,0.018570002,0.17467,5.0,0.18173799
