X var,Y var,MIC (strength),MIC-p^2 (nonlinearity),MAS (non-monotonicity),MEV (functionality),MCN (complexity),Linear regression (p)
all,call4,0.22916,0.12984976,0.021279998,0.22916,5.2479277,0.31513527
mit,call4,0.21919,0.14252192,0.022979997,0.21919,5.2479277,0.27689
mit,all,0.20675,0.022584766,0.020459995,0.20675,5.2479277,0.42914477
call4,rl,0.19462,0.14225876,0.021539994,0.19462,5.2479277,0.22882578
all,rl,0.19139,0.14652616,0.020760003,0.19139,5.2479277,0.21181084
mit,rl,0.15094,0.1461252,0.011390001,0.15094,5.2479277,0.069388755
