X var,Y var,MIC (strength),MIC-p^2 (nonlinearity),MAS (non-monotonicity),MEV (functionality),MCN (complexity),Linear regression (p)
call4,rl,0.32785,0.062343776,0.05512002,0.32785,4.807355,0.515273
mit,all,0.20548,0.16352113,0.027699992,0.20548,4.807355,0.20483863
all,call4,0.19376,0.15021671,0.034610003,0.19376,4.807355,0.20867026
mit,call4,0.18881,0.18089436,0.021790013,0.18881,4.807355,0.088969894
all,rl,0.17251,0.14675242,0.013110004,0.17251,4.807355,0.1604917
mit,rl,0.1675,0.16596292,0.016150001,0.1675,4.807355,0.039205637
