X var,Y var,MIC (strength),MIC-p^2 (nonlinearity),MAS (non-monotonicity),MEV (functionality),MCN (complexity),Linear regression (p)
call4,rl,0.28784,-0.098967165,0.06996001,0.28019,5.321928,0.6219382
all,rl,0.19444,0.043005586,0.051530004,0.18576,5.321928,0.38914576
mit,all,0.18063,-0.1129176,0.0120899975,0.17345,5.321928,0.5418003
all,call4,0.16905,-0.1108007,0.024309993,0.16184,5.321928,0.52900916
mit,call4,0.15792,-0.16543448,0.01640001,0.1509,5.321928,0.5686427
mit,rl,0.15188,-0.12291765,0.008400008,0.14585,5.321928,0.52421147
