X var,Y var,MIC (strength),MIC-p^2 (nonlinearity),MAS (non-monotonicity),MEV (functionality),MCN (complexity),Linear regression (p)
all,rl,0.42411,0.006798029,0.017479986,0.42411,5.087463,0.64599687
call4,rl,0.23224,-0.06355603,0.120610006,0.23224,5.087463,0.54387134
mit,all,0.20597,0.20023637,0.014109999,0.20597,5.087463,-0.07572077
mit,call4,0.2054,0.17842792,0.12759,0.2054,5.087463,-0.1642318
mit,rl,0.19959,0.13651915,0.02645,0.19959,5.087463,-0.2511391
all,call4,0.19244,-0.062858075,0.121400006,0.19244,5.087463,0.5052703
