X var,Y var,MIC (strength),MIC-p^2 (nonlinearity),MAS (non-monotonicity),MEV (functionality),MCN (complexity),Linear regression (p)
all,rl,0.75376,-0.013447762,0.015670002,0.74852,5.321928,0.87590396
call4,rl,0.54135,0.05344996,0.054889977,0.53749,5.321928,0.6984984
all,call4,0.53766,0.18001801,0.07165998,0.53766,5.2479277,0.59803176
mit,rl,0.49148,0.21620163,0.06746,0.48575,5.321928,-0.52466977
mit,all,0.43826,0.18243587,0.026639998,0.4323,5.321928,-0.5057906
mit,call4,0.41248,0.1961314,0.021899998,0.40582,5.321928,-0.4651329
