X var,Y var,MIC (strength),MIC-p^2 (nonlinearity),MAS (non-monotonicity),MEV (functionality),MCN (complexity),Linear regression (p)
all,rl,0.28601,-0.3292146,0.032330006,0.28601,5.087463,0.78436255
mit,all,0.1903,0.1901293,0.013070002,0.1903,5.087463,-0.013065567
mit,rl,0.18316,0.16461559,0.07001001,0.18316,5.087463,-0.13617788
mit,call4,0.16497,0.16458407,0.09118,0.16497,5.087463,-0.019644907
all,call4,0.15076,0.14829724,0.09255999,0.15076,5.087463,0.049626213
call4,rl,0.13922,0.13803966,0.09397,0.13922,5.087463,0.034356058
