X var,Y var,MIC (strength),MIC-p^2 (nonlinearity),MAS (non-monotonicity),MEV (functionality),MCN (complexity),Linear regression (p)
call4,rl,0.27926,0.11778268,0.047810003,0.26852,5.0,0.40184242
mit,all,0.25266,0.19463955,0.049940005,0.24165,5.0,0.24087436
all,call4,0.23456,0.16804922,0.04315999,0.22139,5.0,0.25789684
all,rl,0.2256,0.18685506,0.054350004,0.21533,5.0,0.19683735
mit,call4,0.20978,0.09066491,0.036029994,0.20045,5.0,0.34513053
mit,rl,0.18865,0.15523428,0.014229998,0.1795,5.0,0.18279967
