X var,Y var,MIC (strength),MIC-p^2 (nonlinearity),MAS (non-monotonicity),MEV (functionality),MCN (complexity),Linear regression (p)
call4,rl,0.26419,0.08271983,0.019749999,0.26419,5.087463,0.42599314
mit,all,0.21873,0.14056443,0.016629994,0.21873,5.087463,0.27958107
all,call4,0.20857,0.14301202,0.021410003,0.20857,5.087463,0.25604296
mit,rl,0.19785,0.19496757,0.025949996,0.19785,5.087463,0.053688265
mit,call4,0.18822,0.14621118,0.012260005,0.18822,5.087463,0.20496053
all,rl,0.18643,0.1534205,0.017059997,0.18643,5.087463,0.18168521
