X var,Y var,MIC (strength),MIC-p^2 (nonlinearity),MAS (non-monotonicity),MEV (functionality),MCN (complexity),Linear regression (p)
call4,rl,0.32183,0.08506566,0.06480999,0.32183,4.807355,0.48658437
mit,all,0.22502,0.1957665,0.061199993,0.22502,4.807355,0.17103657
all,call4,0.21639,0.18305053,0.032340005,0.21639,4.807355,0.182591
all,rl,0.19075,0.16207996,0.016090006,0.19075,4.807355,0.16932228
mit,rl,0.18232,0.18169042,0.0141,0.18232,4.807355,-0.02509127
mit,call4,0.17843,0.16610867,0.03074,0.17843,4.807355,0.11100155
