X var,Y var,MIC (strength),MIC-p^2 (nonlinearity),MAS (non-monotonicity),MEV (functionality),MCN (complexity),Linear regression (p)
all,rl,0.27789,0.06661874,0.032130003,0.27125,5.321928,0.45964253
all,call4,0.2213,0.21512319,0.026810002,0.216,5.321928,-0.07859269
call4,rl,0.2073,0.1822645,0.03940001,0.19897,5.321928,0.1582261
mit,call4,0.17851,0.17253864,0.023929998,0.1716,5.321928,0.077274546
mit,all,0.17841,0.162367,0.022009999,0.1714,5.321928,-0.12666093
mit,rl,0.17478,0.16498733,0.02166,0.1688,5.321928,0.09895794
