X var,Y var,MIC (strength),MIC-p^2 (nonlinearity),MAS (non-monotonicity),MEV (functionality),MCN (complexity),Linear regression (p)
call4,rl,0.2446,-0.056703657,0.024499997,0.2446,4.9068904,0.54891133
mit,all,0.2173,0.009074345,0.05054,0.2173,4.9068904,0.45631748
all,rl,0.20417,0.067093894,0.03943999,0.20417,4.9068904,0.37023792
mit,call4,0.20304,-0.0533005,0.025360003,0.20304,4.9068904,0.5063008
all,call4,0.19674,0.034604862,0.039690003,0.19674,4.9068904,0.40266007
mit,rl,0.15872,-0.036736086,0.014759995,0.15872,4.9068904,0.44210416
