X var,Y var,MIC (strength),MIC-p^2 (nonlinearity),MAS (non-monotonicity),MEV (functionality),MCN (complexity),Linear regression (p)
call4,rl,0.28129,0.09883423,0.0343,0.28129,5.087463,0.4271484
mit,rl,0.21008,0.20715106,0.027630001,0.21008,5.087463,0.05411969
all,call4,0.20842,0.14562902,0.035749987,0.20842,5.087463,0.2505813
mit,all,0.19388,0.117093384,0.023369998,0.19388,5.087463,0.277104
all,rl,0.19257,0.16109811,0.00891,0.19257,5.087463,0.17740318
mit,call4,0.16476,0.12248394,0.00846,0.16476,5.087463,0.20561142
