X var,Y var,MIC (strength),MIC-p^2 (nonlinearity),MAS (non-monotonicity),MEV (functionality),MCN (complexity),Linear regression (p)
call4,rl,0.29735,0.082864985,0.035180002,0.29735,4.807355,0.46312526
mit,all,0.23638,0.20356284,0.022939995,0.23638,4.807355,0.18115507
mit,rl,0.19762,0.19754264,0.02211,0.19762,4.807355,0.008795634
all,call4,0.19289,0.14911814,0.028030008,0.19289,4.807355,0.20921725
all,rl,0.19161,0.15062056,0.027780004,0.19161,4.807355,0.20245847
mit,call4,0.17485,0.15057512,0.021710001,0.17485,4.807355,0.155804
