X var,Y var,MIC (strength),MIC-p^2 (nonlinearity),MAS (non-monotonicity),MEV (functionality),MCN (complexity),Linear regression (p)
call4,rl,0.22897,-0.10585208,0.019989997,0.22897,5.087463,0.57863814
all,call4,0.21344,-0.043181896,0.045059994,0.21344,5.087463,0.5065786
mit,call4,0.17941,-0.042214796,0.021730006,0.17941,5.087463,0.47077042
mit,all,0.17335,-0.06911144,0.018020004,0.17335,5.087463,0.49240375
all,rl,0.1729,0.05056368,0.011849999,0.1729,5.087463,0.3497661
mit,rl,0.16288,0.061858244,0.0246,0.16288,5.087463,0.3178392
