X var,Y var,MIC (strength),MIC-p^2 (nonlinearity),MAS (non-monotonicity),MEV (functionality),MCN (complexity),Linear regression (p)
call4,rl,0.25202,0.121489406,0.047920004,0.25202,5.087463,0.3612902
all,call4,0.19919,0.09644797,0.01991,0.19919,5.087463,0.320534
mit,call4,0.18668,0.1024847,0.03512001,0.18668,5.087463,0.29016426
mit,all,0.16709,0.10905951,0.028909996,0.16709,5.087463,0.24089518
all,rl,0.16438,0.15442573,0.019770004,0.16438,5.087463,0.0997711
mit,rl,0.15311,0.15310948,0.021449998,0.15311,5.087463,7.213234E-4
