X var,Y var,MIC (strength),MIC-p^2 (nonlinearity),MAS (non-monotonicity),MEV (functionality),MCN (complexity),Linear regression (p)
call4,rl,0.27671,0.15051824,0.042590007,0.27671,5.087463,0.3552348
mit,call4,0.18037,0.10988025,0.021629997,0.18037,5.087463,0.26549906
all,call4,0.17771,0.08175392,0.009919997,0.17771,5.087463,0.30976778
all,rl,0.17208,0.16305992,0.01572001,0.17208,5.087463,0.094974056
mit,rl,0.17194,0.1716301,0.015870001,0.17194,5.087463,-0.017603803
mit,all,0.16202,0.11113568,0.031270005,0.16202,5.087463,0.22557554
