X var,Y var,MIC (strength),MIC-p^2 (nonlinearity),MAS (non-monotonicity),MEV (functionality),MCN (complexity),Linear regression (p)
call4,rl,0.32777,0.048436552,0.06902,0.32777,5.0,0.52852005
all,rl,0.20918,0.14258647,0.043070003,0.20918,5.0,0.25805724
all,call4,0.20497,0.08107488,0.011050001,0.20497,5.0,0.3519874
mit,all,0.19005,0.11870433,0.020050004,0.19005,5.0,0.26710612
mit,call4,0.18439,0.14480637,0.020099998,0.18439,5.0,0.19895633
mit,rl,0.16562,0.11899741,0.019420005,0.16562,5.0,0.21592264
