X var,Y var,MIC (strength),MIC-p^2 (nonlinearity),MAS (non-monotonicity),MEV (functionality),MCN (complexity),Linear regression (p)
all,rl,0.38647,0.0675064,0.016819984,0.38647,5.2479277,0.5647686
mit,rl,0.23089,0.17186353,0.027619988,0.23089,5.2479277,-0.24295366
mit,all,0.2022,0.1688312,0.028450001,0.2022,5.2479277,-0.1826713
all,call4,0.16285,0.15548879,0.09342001,0.16285,5.2479277,0.08579752
mit,call4,0.15625,0.13647597,0.0731,0.15625,5.2479277,-0.14062017
call4,rl,0.15487,0.15133314,0.09745,0.15487,5.2479277,0.05947149
