X var,Y var,MIC (strength),MIC-p^2 (nonlinearity),MAS (non-monotonicity),MEV (functionality),MCN (complexity),Linear regression (p)
call4,rl,0.30513,-0.07350537,0.06308,0.30513,4.70044,0.61533356
mit,call4,0.24308,-0.05054961,0.022700004,0.24308,4.70044,0.541876
mit,rl,0.24281,0.03245108,0.058469996,0.24281,4.70044,0.458649
all,call4,0.23167,-2.437681E-4,0.042219996,0.23167,4.70044,0.48157427
mit,all,0.22959,-0.08509469,0.033150002,0.22959,4.70044,0.5609676
all,rl,0.19268,0.040542647,0.015620001,0.19268,4.70044,0.39004788
