X var,Y var,MIC (strength),MIC-p^2 (nonlinearity),MAS (non-monotonicity),MEV (functionality),MCN (complexity),Linear regression (p)
all,rl,0.35964,-0.1172117,0.020280004,0.35964,4.9068904,0.6905445
mit,call4,0.23909,0.23800421,0.10637,0.23909,4.9068904,-0.03295139
mit,rl,0.23065,0.1673918,0.025020003,0.23065,4.9068904,-0.2515118
mit,all,0.185,0.1742971,0.025930002,0.185,4.9068904,-0.103454895
call4,rl,0.17771,0.13438481,0.08565,0.17771,4.9068904,0.20814702
all,call4,0.13376,0.1262779,0.07980001,0.13376,4.9068904,0.08649924
