X var,Y var,MIC (strength),MIC-p^2 (nonlinearity),MAS (non-monotonicity),MEV (functionality),MCN (complexity),Linear regression (p)
call4,rl,0.26775,0.14792022,0.02486001,0.26104,5.0,0.34616438
all,call4,0.2141,0.18603532,0.014090002,0.2029,5.0,0.16752517
mit,call4,0.19234,0.10303418,0.040980004,0.18549,5.0,0.2988408
all,rl,0.18851,0.17647126,0.026370004,0.17749,5.0,0.10972117
mit,rl,0.18532,0.16818999,0.019930005,0.17614,5.0,0.1308817
mit,all,0.17278,0.15309152,0.014010001,0.16487,5.0,0.14031567
