X var,Y var,MIC (strength),MIC-p^2 (nonlinearity),MAS (non-monotonicity),MEV (functionality),MCN (complexity),Linear regression (p)
call4,rl,0.25516,-0.009967566,0.0132899955,0.24848,5.321928,0.5149054
all,call4,0.18953,-0.5857877,0.012019992,0.18307,5.321928,0.8805213
mit,rl,0.18404,0.13128974,0.025710002,0.17661,5.321928,0.22967423
mit,call4,0.17861,-0.055050224,0.021080002,0.17129,5.321928,0.48338413
mit,all,0.17539,-0.056394503,0.019480001,0.16902,5.321928,0.48144004
all,rl,0.17095,-0.027788773,0.016230002,0.16392,5.321928,0.44580126
