X var,Y var,MIC (strength),MIC-p^2 (nonlinearity),MAS (non-monotonicity),MEV (functionality),MCN (complexity),Linear regression (p)
call4,rl,0.2831,-0.27057236,0.024849996,0.2831,5.0,0.74409163
all,rl,0.2109,-0.15171228,0.022330001,0.2109,5.0,0.602173
all,call4,0.19862,-0.19305898,0.023529999,0.19862,5.0,0.62584263
mit,call4,0.18658,-0.23894936,0.01335001,0.18658,5.0,0.6523261
mit,rl,0.18635,-0.20850678,0.010779999,0.18635,5.0,0.6283763
mit,all,0.18324,-0.27211374,0.0326,0.18324,5.0,0.674799
