X var,Y var,MIC (strength),MIC-p^2 (nonlinearity),MAS (non-monotonicity),MEV (functionality),MCN (complexity),Linear regression (p)
call4,rl,0.26307,0.21848398,0.013040006,0.26307,5.087463,0.211154
all,rl,0.19742,0.1973491,0.050589994,0.19742,5.087463,0.008420606
mit,all,0.18905,0.15363242,0.020150006,0.18905,5.087463,0.1881956
all,call4,0.18426,0.11485056,0.01642,0.18426,5.087463,0.2634567
mit,rl,0.16486,0.16040969,0.013689995,0.16486,5.087463,-0.06671067
mit,call4,0.15995,0.0768506,0.01393,0.15995,5.087463,0.28826967
