X var,Y var,MIC (strength),MIC-p^2 (nonlinearity),MAS (non-monotonicity),MEV (functionality),MCN (complexity),Linear regression (p)
call4,rl,0.26068,-0.13741478,0.022319987,0.26068,5.087463,0.63094753
mit,all,0.21934,-0.05963549,0.07176,0.21934,5.087463,0.5281813
all,call4,0.20332,-0.03317696,0.025260001,0.20332,5.087463,0.48630953
all,rl,0.19517,0.014532551,0.015989989,0.19517,5.087463,0.42501464
mit,rl,0.1872,0.017642304,0.016010001,0.1872,5.087463,0.41177383
mit,call4,0.17902,-0.020233154,0.014090002,0.17902,5.087463,0.4463778
