X var,Y var,MIC (strength),MIC-p^2 (nonlinearity),MAS (non-monotonicity),MEV (functionality),MCN (complexity),Linear regression (p)
all,rl,0.47736,0.02213353,0.026630014,0.466,5.087463,0.67470473
mit,all,0.325,0.2480405,0.031399995,0.31425,5.087463,-0.27741572
mit,rl,0.2803,0.11821708,0.02138,0.2715,5.087463,-0.40259522
mit,call4,0.27159,0.15725604,0.060449988,0.26374,5.087463,-0.33813304
call4,rl,0.26419,0.14342634,0.07994999,0.25502,5.087463,0.34751064
all,call4,0.2179,0.09344981,0.07471,0.20953,5.087463,0.35277498
