X var,Y var,MIC (strength),MIC-p^2 (nonlinearity),MAS (non-monotonicity),MEV (functionality),MCN (complexity),Linear regression (p)
call4,rl,0.22718,-0.24130383,0.019799992,0.22718,5.087463,0.6844588
all,call4,0.22342,-0.1408686,0.031909987,0.22342,5.087463,0.60356325
mit,call4,0.20569,-0.17758879,0.028149992,0.20569,5.087463,0.61909515
all,rl,0.19038,-0.10267925,0.037549995,0.19038,5.087463,0.5413495
mit,rl,0.18998,-0.14911065,0.034240007,0.18998,5.087463,0.5823149
mit,all,0.17036,-0.24470127,0.020269997,0.17036,5.087463,0.6442525
