X var,Y var,MIC (strength),MIC-p^2 (nonlinearity),MAS (non-monotonicity),MEV (functionality),MCN (complexity),Linear regression (p)
all,rl,0.36695,0.003409177,0.012999997,0.36695,5.087463,0.6029435
mit,rl,0.17876,0.16712135,0.04866001,0.17876,5.087463,-0.10788258
mit,call4,0.17157,0.16995941,0.104949996,0.17157,5.087463,-0.040132266
mit,all,0.1696,0.15998398,0.016740002,0.1696,5.087463,-0.098061286
call4,rl,0.15751,0.1498702,0.08055,0.15751,5.087463,-0.08740594
all,call4,0.15577,0.15203616,0.08225001,0.15577,5.087463,-0.06110516
