X var,Y var,MIC (strength),MIC-p^2 (nonlinearity),MAS (non-monotonicity),MEV (functionality),MCN (complexity),Linear regression (p)
call4,rl,0.24312,0.10386774,0.025020003,0.24312,5.087463,0.3731652
all,call4,0.20415,0.10121577,0.0107700005,0.20415,5.087463,0.32083365
all,rl,0.18745,0.17947006,0.03885001,0.18745,5.087463,0.08933055
mit,all,0.18594,0.12026132,0.01732,0.18594,5.087463,0.2562785
mit,rl,0.17515,0.17514353,0.011170002,0.17515,5.087463,0.0025462222
mit,call4,0.1711,0.08190895,0.016869992,0.1711,5.087463,0.29864872
