X var,Y var,MIC (strength),MIC-p^2 (nonlinearity),MAS (non-monotonicity),MEV (functionality),MCN (complexity),Linear regression (p)
call4,rl,0.35926,0.11620858,0.053420007,0.35926,4.807355,0.49300244
all,call4,0.21016,0.17943512,0.03764999,0.21016,4.807355,0.17528515
mit,all,0.20778,0.18069766,0.03588,0.20778,4.807355,0.16456713
all,rl,0.20602,0.17024736,0.031719998,0.20602,4.807355,0.18913656
mit,rl,0.1888,0.18811414,0.023489997,0.1888,4.807355,-0.026189264
mit,call4,0.17786,0.16653885,0.02784,0.17786,4.807355,0.106400944
