X var,Y var,MIC (strength),MIC-p^2 (nonlinearity),MAS (non-monotonicity),MEV (functionality),MCN (complexity),Linear regression (p)
call4,rl,0.22009,0.1254858,0.0149400085,0.21092,5.0,0.30757797
all,call4,0.1866,0.17938915,0.022469997,0.17743,5.0,0.084916726
mit,call4,0.17972,0.13702896,0.023259997,0.17188,5.0,0.2066181
all,rl,0.17605,0.1741278,0.020280004,0.16783,5.0,0.043842968
mit,rl,0.17474,0.16727152,0.020659998,0.16479,5.0,0.08642033
mit,all,0.16385,0.15742281,0.01162,0.1535,5.0,0.08016968
