X var,Y var,MIC (strength),MIC-p^2 (nonlinearity),MAS (non-monotonicity),MEV (functionality),MCN (complexity),Linear regression (p)
call4,rl,0.26547,0.07273638,0.043520004,0.26547,5.087463,0.43901438
mit,all,0.21276,0.11503363,0.027920008,0.21276,5.087463,0.31261218
all,call4,0.20342,0.14232531,0.02178,0.20342,5.087463,0.24717338
mit,call4,0.19346,0.1584736,0.030980006,0.19346,5.087463,0.18704653
mit,rl,0.18449,0.1816694,0.018849999,0.18449,5.087463,0.053109277
all,rl,0.17538,0.14327806,0.018700004,0.17538,5.087463,0.17917018
