X var,Y var,MIC (strength),MIC-p^2 (nonlinearity),MAS (non-monotonicity),MEV (functionality),MCN (complexity),Linear regression (p)
all,rl,0.33167,-0.07893786,0.033020005,0.32376,5.0,0.6407869
mit,all,0.20525,0.1968125,0.022010002,0.19439,5.0,-0.09185588
mit,rl,0.1928,0.15888545,0.015349999,0.18405,5.0,-0.18415906
mit,call4,0.16346,0.15083037,0.13381,0.15573,5.0,-0.112381645
all,call4,0.14586,0.14512162,0.11453,0.13804,5.0,0.02717316
call4,rl,0.12894,0.12879033,0.09298,0.12234,5.0,0.01223405
