X var,Y var,MIC (strength),MIC-p^2 (nonlinearity),MAS (non-monotonicity),MEV (functionality),MCN (complexity),Linear regression (p)
all,call4,0.24398,0.19440842,0.034049995,0.23311,5.0,0.22264677
call4,rl,0.2382,0.10772084,0.01462999,0.22768,5.0,0.361219
mit,call4,0.21647,0.13061062,0.015849996,0.20689,5.0,0.29301775
mit,all,0.18808,0.15586707,0.015749998,0.17684,5.0,0.17947963
mit,rl,0.18521,0.16349922,0.030000001,0.17567,5.0,0.14734578
all,rl,0.17823,0.1546852,0.024360001,0.16744,5.0,0.15344317
