X var,Y var,MIC (strength),MIC-p^2 (nonlinearity),MAS (non-monotonicity),MEV (functionality),MCN (complexity),Linear regression (p)
call4,rl,0.34909,0.07275167,0.07721001,0.34909,4.807355,0.52567893
mit,all,0.2307,0.16261593,0.03091,0.2307,4.807355,0.26092926
mit,rl,0.1972,0.19156978,0.025849998,0.1972,4.807355,0.07503483
all,call4,0.19462,0.14641875,0.03982,0.19462,4.807355,0.21954782
mit,call4,0.18183,0.15470418,0.0138500035,0.18183,4.807355,0.16469917
all,rl,0.18042,0.15921894,0.019030001,0.18042,4.807355,0.14560582
