X var,Y var,MIC (strength),MIC-p^2 (nonlinearity),MAS (non-monotonicity),MEV (functionality),MCN (complexity),Linear regression (p)
call4,rl,0.3129,-0.16795674,0.015610009,0.3129,4.9068904,0.69343835
all,rl,0.21049,-0.05358933,0.04728,0.21049,4.9068904,0.5138865
all,call4,0.20858,-0.10517962,0.034030005,0.20858,4.9068904,0.5601425
mit,call4,0.20016,-0.1892628,0.042659998,0.20016,4.9068904,0.6240375
mit,rl,0.19668,-0.1086974,0.020249993,0.19668,4.9068904,0.5526096
mit,all,0.18185,-0.16661145,0.02076,0.18185,4.9068904,0.5903062
