X var,Y var,MIC (strength),MIC-p^2 (nonlinearity),MAS (non-monotonicity),MEV (functionality),MCN (complexity),Linear regression (p)
call4,rl,0.32618,0.0020416975,0.02925001,0.32618,4.9068904,0.56933147
all,rl,0.21116,0.18218184,0.054770008,0.21116,4.9068904,0.17022978
mit,call4,0.20858,0.13681462,0.03837,0.20858,4.9068904,0.2678906
mit,rl,0.20698,0.16432954,0.048490003,0.20698,4.9068904,0.20651989
all,call4,0.19436,0.15304902,0.038870007,0.19436,4.9068904,0.20325103
mit,all,0.18551,0.1300866,0.010749996,0.18551,4.9068904,0.23542175
