X var,Y var,MIC (strength),MIC-p^2 (nonlinearity),MAS (non-monotonicity),MEV (functionality),MCN (complexity),Linear regression (p)
all,rl,0.33274,0.059644878,0.031040013,0.33274,5.087463,0.52258503
mit,rl,0.26693,0.06644562,0.023450017,0.26693,5.087463,-0.44775483
mit,call4,0.22751,0.19494542,0.1681,0.22751,5.087463,-0.18045656
mit,all,0.21264,0.19758123,0.0325,0.21264,5.087463,-0.12271417
all,call4,0.19472,0.16593497,0.13668,0.19472,5.087463,0.16966152
call4,rl,0.14901,0.14291024,0.076500006,0.14901,5.087463,0.078100964
