X var,Y var,MIC (strength),MIC-p^2 (nonlinearity),MAS (non-monotonicity),MEV (functionality),MCN (complexity),Linear regression (p)
call4,rl,0.3212,-0.12882674,0.047260016,0.3212,4.9068904,0.6708403
all,call4,0.24014,-0.07501383,0.062330008,0.24014,4.9068904,0.56138563
mit,rl,0.19745,-0.10295634,0.014809996,0.19745,4.9068904,0.5480934
mit,call4,0.19552,-0.18596838,0.03103,0.19552,4.9068904,0.61764747
all,rl,0.19268,-0.05610691,0.016149998,0.19268,4.9068904,0.49878544
mit,all,0.1783,-0.19418457,0.026389986,0.1783,4.9068904,0.61031514
