X var,Y var,MIC (strength),MIC-p^2 (nonlinearity),MAS (non-monotonicity),MEV (functionality),MCN (complexity),Linear regression (p)
all,rl,0.58689,-0.110358655,0.057859987,0.58054,5.321928,0.83501416
mit,rl,0.5411,0.40012813,0.06336999,0.5411,4.321928,-0.37546223
mit,all,0.41182,0.3140296,0.089679986,0.40485,5.321928,-0.31271455
call4,rl,0.24542,0.21650377,0.1309,0.23775,5.321928,0.17004773
mit,call4,0.23205,0.2058467,0.091309994,0.22596,5.321928,-0.16187432
all,call4,0.19663,0.14568028,0.09844,0.18905,5.321928,0.22572044
