X var,Y var,MIC (strength),MIC-p^2 (nonlinearity),MAS (non-monotonicity),MEV (functionality),MCN (complexity),Linear regression (p)
call4,rl,0.37758,0.058865607,0.061920017,0.37758,4.9068904,0.56454796
mit,call4,0.21949,0.15080538,0.010000005,0.21949,4.9068904,0.2620775
all,rl,0.21747,0.20088522,0.028069995,0.21747,4.9068904,0.12878193
mit,rl,0.21486,0.19421908,0.026669994,0.21486,4.9068904,0.14366949
all,call4,0.20718,0.1534951,0.02748999,0.20718,4.9068904,0.23169999
mit,all,0.2064,0.13966095,0.035180002,0.2064,4.9068904,0.25833905
