X var,Y var,MIC (strength),MIC-p^2 (nonlinearity),MAS (non-monotonicity),MEV (functionality),MCN (complexity),Linear regression (p)
all,call4,0.24386,0.1610868,0.015459999,0.24386,5.2479277,0.28770334
mit,call4,0.20645,0.16630936,0.023110002,0.20645,5.2479277,0.2003513
mit,all,0.19224,0.051492825,0.022650003,0.19224,5.2479277,0.37516287
call4,rl,0.18836,0.123326235,0.024829999,0.18836,5.2479277,0.2550172
mit,rl,0.17876,0.17427845,0.0076899976,0.17876,5.2479277,0.06694437
all,rl,0.17675,0.12216806,0.013769999,0.17675,5.2479277,0.2336278
