X var,Y var,MIC (strength),MIC-p^2 (nonlinearity),MAS (non-monotonicity),MEV (functionality),MCN (complexity),Linear regression (p)
all,rl,0.49924,-0.11756256,0.099020004,0.49924,4.9068904,0.7853678
mit,rl,0.36528,0.23369817,0.042930007,0.36528,4.9068904,-0.3627421
call4,rl,0.23945,0.20905688,0.09653999,0.23945,4.9068904,0.17433621
mit,all,0.21081,0.18270236,0.029460005,0.21081,4.9068904,-0.16765332
mit,call4,0.19843,0.1583519,0.09948,0.19843,4.9068904,-0.20019516
all,call4,0.17673,0.17323202,0.11938001,0.17673,4.9068904,0.059143756
