X var,Y var,MIC (strength),MIC-p^2 (nonlinearity),MAS (non-monotonicity),MEV (functionality),MCN (complexity),Linear regression (p)
all,rl,0.28705,-0.0023855865,0.027460009,0.28705,5.087463,0.5379922
mit,rl,0.21944,0.14644384,0.01817,0.21944,5.087463,-0.27017802
mit,all,0.18251,0.156382,0.03114,0.18251,5.087463,-0.16164158
all,call4,0.1595,0.15320344,0.1293,0.1595,5.087463,0.07935084
call4,rl,0.15197,0.15083073,0.12431,0.15197,5.087463,0.03375309
mit,call4,0.13158,0.1314639,0.10891999,0.13158,5.087463,-0.010774736
