X var,Y var,MIC (strength),MIC-p^2 (nonlinearity),MAS (non-monotonicity),MEV (functionality),MCN (complexity),Linear regression (p)
call4,rl,0.33575,0.13724871,0.061700016,0.33575,5.0,0.44553486
all,rl,0.21782,0.1922953,0.014919996,0.21782,5.0,0.15976451
mit,rl,0.21345,0.20113564,0.03914,0.21345,5.0,0.110970125
mit,call4,0.20853,0.1639006,0.05438,0.20853,5.0,0.2112567
all,call4,0.20569,-0.030096725,0.019250002,0.20569,5.0,0.48557875
mit,all,0.19014,0.13441114,0.02665,0.19014,5.0,0.23606959
