X var,Y var,MIC (strength),MIC-p^2 (nonlinearity),MAS (non-monotonicity),MEV (functionality),MCN (complexity),Linear regression (p)
call4,rl,0.25186,0.24534152,0.019789994,0.25186,5.087463,0.08073704
all,call4,0.19563,0.1534096,0.015310004,0.19563,5.087463,0.20547605
all,rl,0.18034,0.18000032,0.022330001,0.18034,5.087463,-0.018430552
mit,all,0.17109,0.15318325,0.010559998,0.17109,5.087463,0.13381615
mit,call4,0.15996,0.08723971,0.010749996,0.15996,5.087463,0.269667
mit,rl,0.15634,0.15252721,0.015929997,0.15634,5.087463,-0.061747734
