X var,Y var,MIC (strength),MIC-p^2 (nonlinearity),MAS (non-monotonicity),MEV (functionality),MCN (complexity),Linear regression (p)
call4,rl,0.26503,0.10110763,0.042820007,0.25623,5.0,0.40487328
all,call4,0.21744,0.15582103,0.02178,0.20797,5.0,0.24823168
mit,call4,0.21249,0.11005465,0.03899,0.204,5.0,0.32005525
mit,rl,0.21154,0.18495002,0.026459992,0.20089,5.0,0.16306432
mit,all,0.193,0.15734802,0.022319999,0.18283,5.0,0.18881732
all,rl,0.17563,0.14817367,0.009089999,0.1638,5.0,0.16569951
