X var,Y var,MIC (strength),MIC-p^2 (nonlinearity),MAS (non-monotonicity),MEV (functionality),MCN (complexity),Linear regression (p)
call4,rl,0.32223,-0.20013604,0.028559998,0.32223,4.807355,0.72274894
all,call4,0.2244,-0.04681109,0.06502999,0.2244,4.807355,0.5207793
mit,call4,0.19353,-0.12599283,0.014469996,0.19353,4.807355,0.5652635
all,rl,0.19057,-0.03946422,0.026989996,0.19057,4.807355,0.47961882
mit,all,0.18778,-0.19540834,0.03722,0.18778,4.807355,0.6190221
mit,rl,0.17428,-0.121351585,0.032630004,0.17428,4.807355,0.5437201
