X var,Y var,MIC (strength),MIC-p^2 (nonlinearity),MAS (non-monotonicity),MEV (functionality),MCN (complexity),Linear regression (p)
all,rl,0.32229,0.017665505,0.04776001,0.32229,4.9068904,0.551928
mit,all,0.22552,0.22421789,0.04841,0.22552,4.9068904,0.036084652
mit,call4,0.19174,0.19173498,0.10143001,0.19174,4.9068904,-0.0022404967
mit,rl,0.17546,0.14552599,0.025079995,0.17546,4.9068904,-0.17301448
all,call4,0.16669,0.12217718,0.097270004,0.16669,4.9068904,0.21098062
call4,rl,0.16142,-0.19192125,0.078600004,0.16142,4.9068904,0.59442514
