X var,Y var,MIC (strength),MIC-p^2 (nonlinearity),MAS (non-monotonicity),MEV (functionality),MCN (complexity),Linear regression (p)
call4,rl,0.27535,-0.2939658,0.05822,0.27535,5.0,0.7545302
all,call4,0.23336,-0.19174306,0.03566,0.23336,5.0,0.6519993
all,rl,0.19916,-0.17873578,0.009460002,0.19916,5.0,0.61473227
mit,call4,0.19655,-0.2807026,0.01033999,0.19655,5.0,0.6908347
mit,all,0.18933,-0.28282523,0.03775999,0.18933,5.0,0.6871355
mit,rl,0.18289,-0.24219894,0.010950007,0.18289,5.0,0.65198845
