X var,Y var,MIC (strength),MIC-p^2 (nonlinearity),MAS (non-monotonicity),MEV (functionality),MCN (complexity),Linear regression (p)
all,rl,0.49683,-0.2817834,0.07179999,0.49683,5.2479277,0.88239074
mit,rl,0.41218,0.23255405,0.06628999,0.41218,5.0,-0.42382303
mit,all,0.32614,0.14577502,0.09132001,0.32614,5.169925,-0.42469397
mit,call4,0.18697,0.15441103,0.059499994,0.18697,5.2479277,-0.18044102
all,call4,0.15169,0.15157025,0.07682001,0.15169,5.2479277,-0.010943391
call4,rl,0.12958,0.122693576,0.020270005,0.12958,5.2479277,0.08298452
