X var,Y var,MIC (strength),MIC-p^2 (nonlinearity),MAS (non-monotonicity),MEV (functionality),MCN (complexity),Linear regression (p)
call4,rl,0.3544,0.06293619,0.04592,0.3544,4.9068904,0.5398739
mit,call4,0.22225,0.15462145,0.03431,0.22225,4.9068904,0.2600549
mit,rl,0.21824,0.20242465,0.03689,0.21824,4.9068904,0.1257591
all,call4,0.21448,0.15422817,0.01639001,0.21448,4.9068904,0.24546249
mit,all,0.19734,0.11467566,0.02205,0.19734,4.9068904,0.28751406
all,rl,0.19561,0.18462229,0.032500014,0.19561,4.9068904,0.10482233
