X var,Y var,MIC (strength),MIC-p^2 (nonlinearity),MAS (non-monotonicity),MEV (functionality),MCN (complexity),Linear regression (p)
call4,rl,0.29147,-0.013086468,0.015439987,0.29147,5.0,0.55186635
mit,rl,0.2238,0.1836544,0.06459001,0.2238,5.0,0.20036368
all,rl,0.22274,0.15827559,0.040999997,0.22274,5.0,0.2538984
all,call4,0.19644,0.04709822,0.026380002,0.19644,5.0,0.38644764
mit,all,0.19198,0.09330328,0.025250003,0.19198,5.0,0.31412852
mit,call4,0.17567,0.11444488,0.013160005,0.17567,5.0,0.2474371
