X var,Y var,MIC (strength),MIC-p^2 (nonlinearity),MAS (non-monotonicity),MEV (functionality),MCN (complexity),Linear regression (p)
call4,rl,0.24352,0.14366958,0.035180002,0.23637,5.0,0.3159912
mit,call4,0.22155,0.14730965,0.06457001,0.20886,5.0,0.27247083
all,rl,0.20278,0.19569013,0.047529995,0.19323,5.0,0.08420131
all,call4,0.19284,0.17916796,0.009,0.18214,5.0,0.1169275
mit,all,0.18838,0.17831457,0.011909999,0.17937,5.0,0.10032667
mit,rl,0.17651,0.16526788,0.009130001,0.16698,5.0,0.10602889
