X var,Y var,MIC (strength),MIC-p^2 (nonlinearity),MAS (non-monotonicity),MEV (functionality),MCN (complexity),Linear regression (p)
call4,rl,0.39858,0.15971337,0.20548001,0.39858,4.807355,0.48873985
all,rl,0.3706,-0.062415868,0.07839,0.3706,4.807355,0.6580394
all,call4,0.2287,0.017765567,0.03982,0.2287,4.807355,0.459276
mit,all,0.22114,0.20107295,0.030709997,0.22114,4.807355,-0.1416582
mit,call4,0.19504,0.19373955,0.04203,0.19504,4.807355,0.036061812
mit,rl,0.18949,0.13698806,0.017910004,0.18949,4.807355,-0.22913304
