X var,Y var,MIC (strength),MIC-p^2 (nonlinearity),MAS (non-monotonicity),MEV (functionality),MCN (complexity),Linear regression (p)
call4,rl,0.32522,0.066458166,0.08658999,0.32522,4.70044,0.50868636
mit,all,0.29502,0.04590492,0.041679993,0.29502,4.70044,0.4991143
all,rl,0.24885,0.1874099,0.04186,0.24885,4.70044,0.24787116
mit,call4,0.24195,0.10262786,0.023819998,0.24195,4.70044,0.37325883
all,call4,0.22806,0.09402782,0.030270003,0.22806,4.70044,0.36610407
mit,rl,0.21496,0.17974709,0.03419,0.21496,4.70044,0.18765101
