X var,Y var,MIC (strength),MIC-p^2 (nonlinearity),MAS (non-monotonicity),MEV (functionality),MCN (complexity),Linear regression (p)
all,rl,0.3954,-0.07913065,0.04859999,0.3954,5.087463,0.68886185
call4,rl,0.24722,-0.103002,0.13033,0.24722,5.087463,0.59179556
all,call4,0.19709,-0.42468467,0.12321,0.19709,5.087463,0.7885269
mit,rl,0.19099,0.14998475,0.03984,0.19099,5.087463,-0.20249753
mit,call4,0.17562,0.17187348,0.11517,0.17562,5.087463,-0.061208807
mit,all,0.16538,0.16536716,0.026150003,0.16538,5.087463,-0.0035847612
