X var,Y var,MIC (strength),MIC-p^2 (nonlinearity),MAS (non-monotonicity),MEV (functionality),MCN (complexity),Linear regression (p)
mit,rl,0.31603,0.2865678,0.10051,0.30505,5.087463,-0.17164554
all,rl,0.2696,0.14592554,0.060540006,0.25657,5.087463,0.3516738
mit,all,0.22377,0.17656381,0.014899999,0.21286,5.087463,0.21726982
all,call4,0.17974,0.16131307,0.08633,0.17058,5.087463,-0.1357458
call4,rl,0.16782,0.1607445,0.08189001,0.15957,5.087463,0.08411601
mit,call4,0.15299,0.13506024,0.06898,0.14441,5.087463,-0.13390206
