X var,Y var,MIC (strength),MIC-p^2 (nonlinearity),MAS (non-monotonicity),MEV (functionality),MCN (complexity),Linear regression (p)
mit,call4,0.25225,0.13015383,0.08863999,0.2435,5.0,0.3494226
call4,rl,0.2369,0.09747307,0.018449992,0.22905,5.0,0.37339917
all,call4,0.22849,0.18521199,0.016460001,0.21634,5.0,0.20803368
mit,rl,0.21347,0.19051945,0.046240002,0.20296,5.0,0.15149438
all,rl,0.21122,0.19223884,0.033920005,0.20263,5.0,0.13777213
mit,all,0.2038,0.1653706,0.016329996,0.19518,5.0,0.19603418
