X var,Y var,MIC (strength),MIC-p^2 (nonlinearity),MAS (non-monotonicity),MEV (functionality),MCN (complexity),Linear regression (p)
mit,rl,0.4535,0.12373188,0.13306999,0.4535,4.807355,-0.5742544
all,rl,0.34899,0.12075871,0.08592999,0.34899,4.807355,0.47773558
mit,all,0.22197,0.17566587,0.033769995,0.22197,4.807355,-0.21518396
call4,rl,0.19491,0.17316249,0.103590004,0.19491,4.807355,0.14747038
mit,call4,0.19092,0.16164094,0.079179995,0.19092,4.807355,-0.17111121
all,call4,0.16066,0.15570025,0.06081,0.16066,4.807355,0.07042546
