X var,Y var,MIC (strength),MIC-p^2 (nonlinearity),MAS (non-monotonicity),MEV (functionality),MCN (complexity),Linear regression (p)
call4,rl,0.22544,-0.17596039,0.023730002,0.22033,5.321928,0.6335617
all,rl,0.18383,-0.038125515,0.023779988,0.17601,5.321928,0.47112155
mit,call4,0.17849,-0.23741566,0.014860004,0.16987,5.321928,0.6449075
mit,all,0.16984,-0.19416215,0.00959,0.16241,5.321928,0.6033259
mit,rl,0.16851,-0.10415967,0.022210002,0.16125,5.321928,0.5221778
all,call4,0.16011,-0.21628147,0.01021,0.15364,5.321928,0.6135075
