X var,Y var,MIC (strength),MIC-p^2 (nonlinearity),MAS (non-monotonicity),MEV (functionality),MCN (complexity),Linear regression (p)
call4,rl,0.26115,0.03399685,0.021349996,0.26115,5.087463,0.47660586
mit,all,0.21107,0.1149357,0.041219994,0.21107,5.087463,0.31005532
all,call4,0.2092,0.117963724,0.013530001,0.2092,5.087463,0.30205342
mit,rl,0.20345,0.18749738,0.03559999,0.20345,5.087463,0.12630369
mit,call4,0.18398,0.13662887,0.021400005,0.18398,5.087463,0.21760318
all,rl,0.17759,0.12680103,0.014470004,0.17759,5.087463,0.22536409
