X var,Y var,MIC (strength),MIC-p^2 (nonlinearity),MAS (non-monotonicity),MEV (functionality),MCN (complexity),Linear regression (p)
mit,call4,0.41896,0.40411177,0.09112999,0.41566,5.087463,-0.121853285
mit,rl,0.35009,0.14463589,0.025409997,0.3411,5.087463,-0.45327047
all,rl,0.24075,0.14922899,0.02843,0.23274,5.087463,0.3025244
call4,rl,0.23508,0.20504908,0.022990003,0.22683,5.087463,0.1732943
mit,all,0.18774,0.18730873,0.017329998,0.17816,5.087463,0.020767141
all,call4,0.18576,0.18022737,0.10074001,0.17713,5.087463,-0.07438173
