X var,Y var,MIC (strength),MIC-p^2 (nonlinearity),MAS (non-monotonicity),MEV (functionality),MCN (complexity),Linear regression (p)
call4,rl,0.27673,0.09102939,0.029249996,0.26628,5.0,0.43092993
all,rl,0.22532,0.20023532,0.0529,0.21264,5.0,0.1583814
mit,all,0.21405,0.17871769,0.034490004,0.20439,5.0,0.1879689
all,call4,0.2077,0.1538245,0.025169998,0.19971,5.0,0.23211098
mit,call4,0.19026,0.10633207,0.02707,0.17873,5.0,0.28970316
mit,rl,0.1892,0.15809302,0.018339999,0.1808,5.0,0.17637171
