X var,Y var,MIC (strength),MIC-p^2 (nonlinearity),MAS (non-monotonicity),MEV (functionality),MCN (complexity),Linear regression (p)
mit,call4,0.24215,0.1671299,0.025469989,0.24215,4.70044,0.27389795
mit,all,0.233,0.12007171,0.036479995,0.233,4.70044,0.33604804
call4,rl,0.22147,0.07360838,0.045220003,0.22147,4.70044,0.38452777
all,rl,0.20432,0.12585607,0.029809996,0.20432,4.70044,0.2801141
all,call4,0.19467,0.10180513,0.01752001,0.19467,4.70044,0.3047374
mit,rl,0.19313,0.18185565,0.05499001,0.19313,4.70044,0.106180765
