X var,Y var,MIC (strength),MIC-p^2 (nonlinearity),MAS (non-monotonicity),MEV (functionality),MCN (complexity),Linear regression (p)
call4,rl,0.24162,-0.20364279,0.014239997,0.23355,5.0,0.66728014
all,call4,0.2105,-0.11738524,0.021940008,0.19721,5.0,0.57261264
mit,call4,0.20578,-0.16749015,0.036840007,0.1934,5.0,0.6109584
mit,all,0.1985,-0.17630878,0.025729999,0.18916,5.0,0.6122163
all,rl,0.17813,-0.13479719,0.027319998,0.16886,5.0,0.55939895
mit,rl,0.17514,-0.16025251,0.02026999,0.16565,5.0,0.5791308
