X var,Y var,MIC (strength),MIC-p^2 (nonlinearity),MAS (non-monotonicity),MEV (functionality),MCN (complexity),Linear regression (p)
call4,rl,0.18239,-0.11103901,0.023180008,0.18239,5.087463,0.5416909
mit,all,0.13493,-0.009133488,0.030380003,0.13493,5.087463,0.37955695
mit,rl,0.12929,0.091215104,0.040639997,0.12929,5.087463,0.19512789
all,rl,0.11533,0.03203392,0.014920004,0.11533,5.087463,0.2886106
mit,call4,0.11276,0.0405899,0.015940003,0.11276,5.087463,0.26864493
all,call4,0.1089,-0.013981327,0.02124,0.1089,5.087463,0.35054433
