X var,Y var,MIC (strength),MIC-p^2 (nonlinearity),MAS (non-monotonicity),MEV (functionality),MCN (complexity),Linear regression (p)
mit,call4,0.23637,0.19087413,0.040659994,0.23637,5.2479277,0.21329762
all,call4,0.226,0.13838217,0.017460003,0.226,5.2479277,0.29600307
call4,rl,0.21392,0.13493462,0.014219999,0.21392,5.2479277,0.28104338
all,rl,0.18471,0.13251346,0.015080005,0.18471,5.2479277,0.2284656
mit,all,0.17217,0.03743297,0.01534,0.17217,5.2479277,0.36706543
mit,rl,0.16493,0.16097245,0.024839997,0.16493,5.2479277,0.06290905
