X var,Y var,MIC (strength),MIC-p^2 (nonlinearity),MAS (non-monotonicity),MEV (functionality),MCN (complexity),Linear regression (p)
all,rl,0.37738,-0.18254673,0.032329977,0.37738,5.087463,0.74828255
mit,rl,0.20262,0.0038135499,0.021399997,0.20262,5.087463,-0.44587716
mit,call4,0.19627,0.10421972,0.08428001,0.19627,5.087463,-0.3033979
mit,all,0.18184,0.12645651,0.016289994,0.18184,5.087463,-0.23533696
call4,rl,0.1788,-0.075135574,0.038709998,0.1788,5.087463,0.5039202
all,call4,0.1761,0.068397015,0.08886,0.1761,5.087463,0.32818133
