X var,Y var,MIC (strength),MIC-p^2 (nonlinearity),MAS (non-monotonicity),MEV (functionality),MCN (complexity),Linear regression (p)
all,rl,0.40592,-0.2235978,0.04632002,0.40592,5.087463,0.79342157
mit,rl,0.31117,0.12649149,0.09177999,0.31117,4.9068904,-0.4297424
mit,all,0.27897,0.120391354,0.046929985,0.27897,4.70044,-0.39821935
mit,call4,0.20608,0.13578874,0.10948,0.20608,5.087463,-0.265125
all,call4,0.17248,0.1379102,0.11858,0.17248,5.087463,0.18592957
call4,rl,0.14289,0.026477575,0.052930005,0.14289,5.087463,0.34119266
