X var,Y var,MIC (strength),MIC-p^2 (nonlinearity),MAS (non-monotonicity),MEV (functionality),MCN (complexity),Linear regression (p)
mit,rl,0.52737,0.24369377,0.029529989,0.51788,5.0,-0.5326126
all,rl,0.32877,0.14876151,0.026379988,0.31794,5.0,0.4242741
mit,call4,0.26615,0.23108609,0.13503,0.25597,5.0,0.18725358
mit,all,0.23714,0.22086366,0.021860003,0.22676,5.0,0.12757877
call4,rl,0.19217,0.18212365,0.10722999,0.18296,5.0,-0.100231454
all,call4,0.17395,0.17337364,0.11653,0.16223,5.0,0.024007387
