X var,Y var,MIC (strength),MIC-p^2 (nonlinearity),MAS (non-monotonicity),MEV (functionality),MCN (complexity),Linear regression (p)
call4,rl,0.21839,-0.15172674,0.02493,0.21155,5.321928,0.6083722
mit,rl,0.17878,0.10093441,0.04231,0.17163,5.321928,0.27900824
all,call4,0.17825,-0.6952915,0.01968,0.17001,5.321928,0.93463445
mit,all,0.17412,-0.03671968,0.007959992,0.16703,5.321928,0.45917282
all,rl,0.17002,-0.16301276,0.014449999,0.16336,5.321928,0.5770899
mit,call4,0.16953,-0.03751798,0.019830003,0.16291,5.321928,0.45502526
