X var,Y var,MIC (strength),MIC-p^2 (nonlinearity),MAS (non-monotonicity),MEV (functionality),MCN (complexity),Linear regression (p)
call4,rl,0.30828,0.044713706,0.059709996,0.30828,4.9068904,0.5133871
mit,all,0.20241,0.16245502,0.022870004,0.20241,4.9068904,0.19988741
mit,call4,0.19473,0.13629642,0.019419998,0.19473,4.9068904,0.24173039
all,call4,0.18686,0.15460718,0.014610004,0.18686,4.9068904,0.1795907
mit,rl,0.17988,0.1590419,0.020089999,0.17988,4.9068904,0.14435408
all,rl,0.17745,0.15532303,0.024740003,0.17745,4.9068904,0.14875138
