X var,Y var,MIC (strength),MIC-p^2 (nonlinearity),MAS (non-monotonicity),MEV (functionality),MCN (complexity),Linear regression (p)
mit,rl,0.20424,0.17563805,0.048339993,0.20424,5.087463,0.16912109
mit,all,0.19549,0.074086264,0.03724,0.19549,5.087463,0.3484304
mit,call4,0.19241,0.10574836,0.04752001,0.19241,5.087463,0.2943835
all,rl,0.17521,0.082492895,0.012759998,0.17521,5.087463,0.30449483
call4,rl,0.16379,0.021980911,0.008620001,0.16379,5.087463,0.37657547
all,call4,0.16177,-0.028177917,0.026189998,0.16177,5.087463,0.43583015
