X var,Y var,MIC (strength),MIC-p^2 (nonlinearity),MAS (non-monotonicity),MEV (functionality),MCN (complexity),Linear regression (p)
call4,rl,0.23316,0.06717591,0.021820001,0.22789,5.321928,0.40741146
all,call4,0.20551,0.15059216,0.020060003,0.19773,5.321928,0.23434556
mit,rl,0.20407,0.18882638,0.022809997,0.19579,5.321928,0.12346508
mit,all,0.17148,0.12787318,0.009490002,0.16463,5.321928,0.20882246
all,rl,0.16417,0.11840914,0.022069998,0.15795,5.321928,0.21391787
mit,call4,0.15929,0.10751313,0.026879996,0.15351,5.321928,0.2275453
