X var,Y var,MIC (strength),MIC-p^2 (nonlinearity),MAS (non-monotonicity),MEV (functionality),MCN (complexity),Linear regression (p)
call4,rl,0.24472,0.052644968,0.020350002,0.24472,5.087463,0.43826365
mit,call4,0.2185,0.17000352,0.038420007,0.2185,5.087463,0.22021918
all,call4,0.19605,0.10863553,0.036349997,0.19605,5.087463,0.2956594
mit,rl,0.18354,0.17263512,0.024889998,0.18354,5.087463,0.10442641
all,rl,0.18148,0.14032878,0.015770003,0.18148,5.087463,0.20285766
mit,all,0.16605,0.09904592,0.030450001,0.16605,5.087463,0.25885147
