X var,Y var,MIC (strength),MIC-p^2 (nonlinearity),MAS (non-monotonicity),MEV (functionality),MCN (complexity),Linear regression (p)
call4,rl,0.25137,0.09125833,0.023549996,0.25137,5.087463,0.40013957
all,call4,0.19978,0.14141595,0.018580005,0.19978,5.087463,0.24158652
mit,call4,0.18745,0.13782951,0.020160004,0.18745,5.087463,0.22275656
mit,all,0.18505,0.1317916,0.024810001,0.18505,5.087463,0.23077779
mit,rl,0.18234,0.17843902,0.03305,0.18234,5.087463,0.06245784
all,rl,0.17855,0.14914796,0.026040003,0.17855,5.087463,0.17147024
