X var,Y var,MIC (strength),MIC-p^2 (nonlinearity),MAS (non-monotonicity),MEV (functionality),MCN (complexity),Linear regression (p)
call4,rl,0.26035,-0.14545557,0.040500008,0.25338,5.321928,0.6370287
all,call4,0.17796,-0.13445853,0.009219989,0.16926,5.321928,0.5589441
mit,rl,0.17237,-0.10191785,0.018980004,0.16617,5.321928,0.523725
mit,call4,0.1646,-0.20420088,0.013429999,0.15853,5.321928,0.6072898
all,rl,0.1627,0.0015005171,0.014030002,0.15568,5.321928,0.40149656
mit,all,0.16114,-0.16510686,0.013799999,0.15521,5.321928,0.5711802
