X var,Y var,MIC (strength),MIC-p^2 (nonlinearity),MAS (non-monotonicity),MEV (functionality),MCN (complexity),Linear regression (p)
all,rl,0.33403,-0.17262515,0.05330001,0.33403,4.807355,0.7117971
mit,rl,0.30143,0.22459745,0.034839988,0.30143,4.807355,-0.2771868
all,call4,0.25592,0.19739613,0.13566999,0.25592,4.807355,0.24191706
call4,rl,0.24077,0.10873057,0.13032,0.24077,4.807355,0.3633723
mit,all,0.20374,0.155091,0.03961,0.20374,4.807355,-0.22056517
mit,call4,0.15236,0.1501844,0.08809001,0.15236,4.807355,-0.046643477
