X var,Y var,MIC (strength),MIC-p^2 (nonlinearity),MAS (non-monotonicity),MEV (functionality),MCN (complexity),Linear regression (p)
call4,rl,0.27424,0.11684066,0.02087,0.27424,5.087463,0.39673585
mit,rl,0.1865,0.18644978,0.019600004,0.1865,5.087463,-0.0070864987
all,call4,0.18185,0.0917448,0.02657,0.18185,5.087463,0.30017528
all,rl,0.16861,0.15920483,0.01607,0.16861,5.087463,0.09698031
mit,call4,0.16773,0.092298225,0.008279998,0.16773,5.087463,0.27464846
mit,all,0.16528,0.11697018,0.021400005,0.16528,5.087463,0.21979494
