X var,Y var,MIC (strength),MIC-p^2 (nonlinearity),MAS (non-monotonicity),MEV (functionality),MCN (complexity),Linear regression (p)
mit,rl,0.52766,0.1894589,0.083739996,0.50811,5.0,-0.5815506
all,rl,0.4805,0.0387989,0.052729994,0.47249,5.0,0.664606
mit,all,0.31188,0.27384093,0.105680004,0.30215,5.0,-0.19503605
call4,rl,0.19022,0.18953663,0.15568,0.18032,5.0,0.02614132
mit,call4,0.18202,0.18201105,0.14934999,0.16984,5.0,0.0029906132
all,call4,0.15178,0.14892621,0.09353,0.14133,5.0,-0.053420763
