X var,Y var,MIC (strength),MIC-p^2 (nonlinearity),MAS (non-monotonicity),MEV (functionality),MCN (complexity),Linear regression (p)
all,call4,0.22409,0.11775866,0.017799996,0.22409,5.2479277,0.32608485
call4,rl,0.20846,0.12285661,0.019639999,0.20846,5.2479277,0.29258057
mit,call4,0.18269,0.12740827,0.02601,0.18269,5.2479277,0.23512065
all,rl,0.17897,0.11430322,0.022590004,0.17897,5.2479277,0.25429663
mit,all,0.17772,0.07163938,0.012699999,0.17772,5.2479277,0.3257002
mit,rl,0.15721,0.15028098,0.011229999,0.15721,5.2479277,0.08324074
