X var,Y var,MIC (strength),MIC-p^2 (nonlinearity),MAS (non-monotonicity),MEV (functionality),MCN (complexity),Linear regression (p)
call4,rl,0.24586,0.11795446,0.03239,0.24586,5.087463,0.35763884
all,rl,0.21161,0.18108666,0.017540008,0.21161,5.087463,0.17470932
mit,rl,0.19923,0.19442923,0.016880006,0.19923,5.087463,0.069287516
all,call4,0.19656,0.14619792,0.022040002,0.19656,5.087463,0.22441499
mit,all,0.19442,0.15812957,0.029249996,0.19442,5.087463,0.19050045
mit,call4,0.18552,0.1348984,0.016550004,0.18552,5.087463,0.22499242
