X var,Y var,MIC (strength),MIC-p^2 (nonlinearity),MAS (non-monotonicity),MEV (functionality),MCN (complexity),Linear regression (p)
call4,rl,0.24597,0.11027561,0.030269995,0.24597,5.087463,0.3683672
mit,rl,0.20785,0.20748961,0.03144999,0.20785,5.087463,0.018983617
mit,call4,0.1976,0.15281017,0.013360001,0.1976,5.087463,0.2116361
all,call4,0.19018,0.14628951,0.011770003,0.19018,5.087463,0.20950058
all,rl,0.18812,0.16366698,0.018930003,0.18812,5.087463,0.15637459
mit,all,0.1866,0.1304005,0.021789998,0.1866,5.087463,0.23706435
