X var,Y var,MIC (strength),MIC-p^2 (nonlinearity),MAS (non-monotonicity),MEV (functionality),MCN (complexity),Linear regression (p)
call4,rl,0.24775,0.0021953136,0.023970008,0.24018,5.321928,0.49553475
mit,all,0.17734,-0.0019183159,0.021110002,0.17103,5.321928,0.42338908
all,call4,0.17681,-0.38697246,0.012570001,0.17109,5.321928,0.7508545
all,rl,0.17546,0.024614826,0.01892,0.16712,5.321928,0.38838792
mit,rl,0.16392,0.12917507,0.015459999,0.15651,5.321928,0.18639995
mit,call4,0.16268,-0.0051368326,0.01094,0.1549,5.321928,0.40965453
