X var,Y var,MIC (strength),MIC-p^2 (nonlinearity),MAS (non-monotonicity),MEV (functionality),MCN (complexity),Linear regression (p)
call4,rl,0.22109,0.019090682,0.029270008,0.22109,4.807355,0.44944334
mit,all,0.20179,0.10797159,0.029650003,0.20179,4.807355,0.30629793
all,rl,0.20147,0.12320298,0.021480002,0.20147,4.807355,0.27976245
all,call4,0.19774,0.07573175,0.038469993,0.19774,4.807355,0.3492968
mit,rl,0.19439,0.11571034,0.02487,0.19439,4.807355,0.28049895
mit,call4,0.18122,0.1521863,0.033339992,0.18122,4.807355,0.17039275
