X var,Y var,MIC (strength),MIC-p^2 (nonlinearity),MAS (non-monotonicity),MEV (functionality),MCN (complexity),Linear regression (p)
mit,all,0.27328,-0.0010333955,0.10053,0.27328,4.70044,0.52374935
all,call4,0.24657,-0.020461515,0.035570003,0.24657,4.70044,0.51675093
all,rl,0.23172,5.400926E-4,0.051139995,0.23172,4.70044,0.48081172
call4,rl,0.21266,-0.093540624,0.02369,0.21266,4.70044,0.55335397
mit,rl,0.20919,0.03368491,0.03756,0.20919,4.70044,0.41893327
mit,call4,0.19474,0.015269592,0.026209995,0.19474,4.70044,0.42363948
