X var,Y var,MIC (strength),MIC-p^2 (nonlinearity),MAS (non-monotonicity),MEV (functionality),MCN (complexity),Linear regression (p)
call4,rl,0.31024,0.13119207,0.04997,0.31024,5.0,0.42314056
all,call4,0.21224,0.10404114,0.04103999,0.21224,5.0,0.32893595
mit,rl,0.18861,0.16518529,0.017319992,0.18861,5.0,0.15305133
mit,all,0.18193,0.14407682,0.02414,0.18193,5.0,0.19455896
all,rl,0.18186,0.15475002,0.025350004,0.18186,5.0,0.1646511
mit,call4,0.1774,0.16705395,0.026050001,0.1774,5.0,0.101715505
