X var,Y var,MIC (strength),MIC-p^2 (nonlinearity),MAS (non-monotonicity),MEV (functionality),MCN (complexity),Linear regression (p)
call4,rl,0.26329,0.21175519,0.032530002,0.26329,5.087463,0.22701278
mit,all,0.20041,0.173931,0.017689988,0.20041,5.087463,0.16272366
mit,rl,0.18864,0.18309817,0.0291,0.18864,5.087463,-0.07444345
mit,call4,0.18596,0.11531541,0.01433,0.18596,5.087463,0.2657905
all,call4,0.17979,0.12003646,0.01024,0.17979,5.087463,0.24444538
all,rl,0.16932,0.16896664,0.02319,0.16932,5.087463,0.01879793
