X var,Y var,MIC (strength),MIC-p^2 (nonlinearity),MAS (non-monotonicity),MEV (functionality),MCN (complexity),Linear regression (p)
mit,all,0.19793,0.06910503,0.039239988,0.19104,5.321928,0.35892195
mit,rl,0.19628,-0.019294903,0.056940004,0.18909,5.321928,0.46430045
mit,call4,0.19081,-2.861023E-5,0.024059996,0.18213,5.321928,0.4368508
all,call4,0.18983,0.0824146,0.020280004,0.18157,5.321928,0.3277429
all,rl,0.17262,0.055932492,0.01958,0.16639,5.321928,0.34159553
call4,rl,0.17231,-0.008997649,0.011979997,0.16502,5.321928,0.42580235
