X var,Y var,MIC (strength),MIC-p^2 (nonlinearity),MAS (non-monotonicity),MEV (functionality),MCN (complexity),Linear regression (p)
all,rl,0.27037,0.007609606,0.017159998,0.27037,5.087463,0.5126016
mit,rl,0.23983,0.1377697,0.023699999,0.23983,5.087463,-0.31946877
mit,all,0.18668,0.17400879,0.024050005,0.18668,5.087463,0.11256647
mit,call4,0.18014,0.17521285,0.15549001,0.18014,5.087463,-0.070193715
all,call4,0.14862,0.14509968,0.12454999,0.14862,5.087463,0.05933217
call4,rl,0.14671,0.13818662,0.119569995,0.14671,5.087463,0.092322126
