X var,Y var,MIC (strength),MIC-p^2 (nonlinearity),MAS (non-monotonicity),MEV (functionality),MCN (complexity),Linear regression (p)
call4,rl,0.23429,-0.23444468,0.018489994,0.23429,5.087463,0.684642
all,call4,0.20437,-0.15898095,0.019160002,0.20437,5.087463,0.602786
all,rl,0.19267,-0.10176711,0.027689993,0.19267,5.087463,0.5426206
mit,call4,0.17589,-0.19593287,0.012420002,0.17589,5.087463,0.6097728
mit,rl,0.16706,-0.1665263,0.015200004,0.16706,5.087463,0.5775693
mit,all,0.16665,-0.24418765,0.033210002,0.16665,5.087463,0.6409662
