X var,Y var,MIC (strength),MIC-p^2 (nonlinearity),MAS (non-monotonicity),MEV (functionality),MCN (complexity),Linear regression (p)
all,rl,0.47781,-0.45131442,0.045670003,0.47033,5.321928,0.963911
mit,rl,0.32703,0.26883557,0.032490015,0.32049,5.321928,0.2412352
mit,all,0.24684,0.1839279,0.046910003,0.24069,5.321928,0.25082287
mit,call4,0.16418,0.0783288,0.12713,0.15739,5.321928,0.29300374
all,call4,0.15929,-0.66429335,0.12817,0.15234,5.321928,0.9075149
call4,rl,0.12446,-0.6298101,0.07789999,0.12002,5.321928,0.86848724
