X var,Y var,MIC (strength),MIC-p^2 (nonlinearity),MAS (non-monotonicity),MEV (functionality),MCN (complexity),Linear regression (p)
call4,rl,0.25873,0.1573943,0.042359993,0.25102,5.0,0.31833267
all,call4,0.21715,0.19797999,0.018830001,0.20801,5.0,0.13845584
mit,all,0.19791,0.18480165,0.007769998,0.18664,5.0,0.11449164
all,rl,0.19751,0.19265531,0.015450001,0.18863,5.0,0.069675684
mit,call4,0.1886,0.13061258,0.03255,0.17977,5.0,0.24080576
mit,rl,0.17585,0.16615719,0.01858,0.16518,5.0,0.09845208
