X var,Y var,MIC (strength),MIC-p^2 (nonlinearity),MAS (non-monotonicity),MEV (functionality),MCN (complexity),Linear regression (p)
call4,rl,0.26669,0.11413154,0.04011999,0.26669,5.087463,0.3905873
mit,call4,0.22072,0.15909877,0.03566,0.22072,5.087463,0.24823621
all,rl,0.19659,0.16230407,0.03012,0.19659,5.087463,0.18516463
all,call4,0.19038,0.12024612,0.024609998,0.19038,5.087463,0.26482803
mit,rl,0.17681,0.16405144,0.007299999,0.17681,5.087463,0.11295375
mit,all,0.17553,0.13670424,0.014430001,0.17553,5.087463,0.19704255
