X var,Y var,MIC (strength),MIC-p^2 (nonlinearity),MAS (non-monotonicity),MEV (functionality),MCN (complexity),Linear regression (p)
mit,rl,0.38434,0.12225968,0.03035,0.38434,5.087463,-0.5119378
all,rl,0.34732,0.04338208,0.04972002,0.34732,5.087463,0.55130565
mit,all,0.23726,0.20802563,0.036679998,0.23726,5.087463,-0.17098062
call4,rl,0.17352,0.1660197,0.15616,0.17352,5.087463,0.08660429
mit,call4,0.1571,0.15650819,0.14034,0.1571,5.087463,-0.024327207
all,call4,0.15102,0.14509177,0.13347,0.15102,5.087463,0.07699507
