X var,Y var,MIC (strength),MIC-p^2 (nonlinearity),MAS (non-monotonicity),MEV (functionality),MCN (complexity),Linear regression (p)
call4,rl,0.23155,-0.11025508,0.0129700005,0.23155,5.087463,0.584641
mit,call4,0.218,0.0245208,0.034089997,0.218,5.087463,0.4398627
all,rl,0.20159,0.037496,0.020589992,0.20159,5.087463,0.40508518
all,call4,0.19281,-0.033262238,0.018689997,0.19281,5.087463,0.47547054
mit,all,0.17302,-0.04533781,0.008060001,0.17302,5.087463,0.46728772
mit,rl,0.16996,0.024607837,0.017780006,0.16996,5.087463,0.3812508
