X var,Y var,MIC (strength),MIC-p^2 (nonlinearity),MAS (non-monotonicity),MEV (functionality),MCN (complexity),Linear regression (p)
mit,rl,0.30722,0.15899645,0.059800014,0.30722,5.087463,-0.38499814
all,rl,0.29331,0.09369157,0.010690004,0.29331,5.087463,0.44678676
mit,all,0.25771,0.17972052,0.05285,0.25771,5.087463,-0.279266
mit,call4,0.19081,0.18261136,0.16245,0.19081,5.087463,-0.0905463
all,call4,0.16032,0.1355637,0.12577,0.16032,5.087463,0.15734136
call4,rl,0.14551,0.14536475,0.114130005,0.14551,5.087463,0.012052367
