X var,Y var,MIC (strength),MIC-p^2 (nonlinearity),MAS (non-monotonicity),MEV (functionality),MCN (complexity),Linear regression (p)
call4,rl,0.72799,0.21452737,0.05778998,0.72799,4.807355,0.71656305
all,rl,0.54429,0.08812031,0.07082999,0.54429,4.807355,0.67540336
all,call4,0.40326,0.2884939,0.113409996,0.40326,4.807355,0.33877143
mit,rl,0.29068,0.25015453,0.044719994,0.29068,4.807355,0.20130938
mit,call4,0.20181,0.18426211,0.044260003,0.20181,4.807355,0.13246843
mit,all,0.19927,0.18858893,0.025899991,0.19927,4.807355,0.10334926
