X var,Y var,MIC (strength),MIC-p^2 (nonlinearity),MAS (non-monotonicity),MEV (functionality),MCN (complexity),Linear regression (p)
all,rl,0.67798,0.17904922,0.034199983,0.66735,5.087463,0.7063503
mit,call4,0.4997,0.15539628,0.15097001,0.49885,5.087463,-0.586774
mit,all,0.43536,0.16561523,0.03603998,0.42713,5.087463,-0.5193696
mit,rl,0.41279,0.091124594,0.032649994,0.40485,5.087463,-0.56715554
call4,rl,0.30725,0.042470485,0.092779994,0.29947,5.087463,0.5145673
all,call4,0.29149,0.03772393,0.04214999,0.28905,5.087463,0.503752
