X var,Y var,MIC (strength),MIC-p^2 (nonlinearity),MAS (non-monotonicity),MEV (functionality),MCN (complexity),Linear regression (p)
all,rl,0.32799,0.12951158,0.047359988,0.32799,5.087463,0.44550917
mit,all,0.29088,0.14443517,0.050919995,0.29088,5.087463,-0.3826811
mit,rl,0.23244,0.1286343,0.008039996,0.23244,5.087463,-0.3221889
all,call4,0.18843,0.16168806,0.12872,0.18843,5.087463,0.1635296
mit,call4,0.17332,0.15061429,0.121139996,0.17332,5.087463,-0.15068412
call4,rl,0.13173,0.13137804,0.10763001,0.13173,5.087463,-0.018760618
