X var,Y var,MIC (strength),MIC-p^2 (nonlinearity),MAS (non-monotonicity),MEV (functionality),MCN (complexity),Linear regression (p)
call4,rl,0.32329,0.0029085577,0.04163,0.32329,4.807355,0.56602246
mit,all,0.22924,0.17368783,0.06439,0.22924,4.807355,0.23569508
all,call4,0.2013,0.15697604,0.02369,0.2013,4.807355,0.21053255
mit,call4,0.18896,0.17000633,0.025529996,0.18896,4.807355,0.13767229
all,rl,0.18661,0.15999208,0.028259993,0.18661,4.807355,0.16314997
mit,rl,0.17637,0.17565782,0.008750003,0.17637,4.807355,0.026686428
