X var,Y var,MIC (strength),MIC-p^2 (nonlinearity),MAS (non-monotonicity),MEV (functionality),MCN (complexity),Linear regression (p)
all,rl,0.43258,0.16419232,0.026740015,0.43258,5.087463,0.51806146
mit,rl,0.27498,0.11337449,0.024849996,0.27498,5.087463,-0.4020019
all,call4,0.16889,0.16396493,0.13325,0.16889,5.087463,0.07017885
mit,all,0.16863,0.15930746,0.022890002,0.16863,5.087463,-0.09655327
call4,rl,0.1573,0.15373285,0.11904,0.1573,5.087463,0.05972561
mit,call4,0.13375,0.12377179,0.100990005,0.13375,5.087463,-0.09989106
