X var,Y var,MIC (strength),MIC-p^2 (nonlinearity),MAS (non-monotonicity),MEV (functionality),MCN (complexity),Linear regression (p)
all,call4,0.22404,0.115588605,0.034480006,0.22404,5.2479277,0.3293196
mit,call4,0.21752,0.12292568,0.017069995,0.21752,5.2479277,0.3075619
call4,rl,0.20421,0.13429666,0.018159997,0.20421,5.2479277,0.26441133
mit,all,0.18756,0.013357028,0.015150011,0.18756,5.2479277,0.4173763
all,rl,0.18465,0.14067918,0.027690008,0.18465,5.2479277,0.20969222
mit,rl,0.14453,0.13952938,0.01238,0.14453,5.2479277,0.07071512
