X var,Y var,MIC (strength),MIC-p^2 (nonlinearity),MAS (non-monotonicity),MEV (functionality),MCN (complexity),Linear regression (p)
all,rl,0.41802,-0.02655664,0.055969983,0.41802,5.087463,0.6667658
mit,rl,0.17502,0.15938011,0.026369989,0.17502,5.087463,-0.12505955
mit,all,0.17169,0.15298958,0.015819997,0.17169,5.087463,-0.13674949
all,call4,0.16236,0.14862761,0.10679,0.16236,5.087463,-0.11718529
call4,rl,0.15865,0.14705636,0.123579994,0.15865,5.087463,-0.10767376
mit,call4,0.14537,0.13525786,0.114690006,0.14537,5.087463,-0.100559205
