X var,Y var,MIC (strength),MIC-p^2 (nonlinearity),MAS (non-monotonicity),MEV (functionality),MCN (complexity),Linear regression (p)
call4,rl,0.27783,0.09684053,0.032110006,0.27783,5.0,0.42542857
mit,rl,0.17955,0.15667474,0.010180011,0.17955,5.0,0.15124571
all,call4,0.16976,0.025881112,0.013149999,0.16976,5.0,0.3793137
all,rl,0.14806,0.12010704,0.0093600005,0.14806,5.0,0.16719136
mit,all,0.14288,0.09911061,0.009190001,0.14288,5.0,0.20921133
mit,call4,0.14248,0.12708034,0.01478,0.14248,5.0,0.124095365
