X var,Y var,MIC (strength),MIC-p^2 (nonlinearity),MAS (non-monotonicity),MEV (functionality),MCN (complexity),Linear regression (p)
call4,rl,0.27704,0.069250345,0.06039001,0.27704,4.807355,0.4558395
mit,all,0.19704,0.17527318,0.02769,0.19704,4.807355,0.14753586
all,call4,0.17775,0.1381246,0.049590003,0.17775,4.807355,0.1990613
mit,call4,0.17704,0.15845431,0.017350003,0.17704,4.807355,0.13632931
mit,rl,0.15182,0.15152374,0.01371,0.15182,4.807355,-0.017212367
all,rl,0.13963,0.08800253,0.012870003,0.13963,4.807355,0.2272168
