X var,Y var,MIC (strength),MIC-p^2 (nonlinearity),MAS (non-monotonicity),MEV (functionality),MCN (complexity),Linear regression (p)
call4,rl,0.25055,0.13339038,0.030829996,0.25055,5.087463,0.34228587
all,call4,0.19924,0.10102132,0.022179998,0.19924,5.087463,0.3133986
mit,rl,0.17764,0.1776399,0.016569998,0.17764,5.087463,3.2877343E-4
mit,all,0.17276,0.11775354,0.015730001,0.17276,5.087463,0.23453455
all,rl,0.16879,0.15876427,0.028179988,0.16879,5.087463,0.10012851
mit,call4,0.15682,0.07790651,0.019710004,0.15682,5.087463,0.28091544
