X var,Y var,MIC (strength),MIC-p^2 (nonlinearity),MAS (non-monotonicity),MEV (functionality),MCN (complexity),Linear regression (p)
mit,rl,0.34644,0.22406879,0.07942,0.33951,5.087463,-0.34981593
mit,call4,0.27079,0.21939218,0.06175001,0.27079,4.70044,-0.22671089
all,call4,0.2394,0.15181357,0.053990006,0.2282,5.087463,-0.29595006
all,rl,0.23062,0.20238626,0.03356,0.22269,5.087463,0.168029
mit,all,0.22925,0.15683448,0.02031,0.21965,5.087463,0.26910132
call4,rl,0.18791,0.18741564,0.034700006,0.18033,5.087463,0.022234324
