X var,Y var,MIC (strength),MIC-p^2 (nonlinearity),MAS (non-monotonicity),MEV (functionality),MCN (complexity),Linear regression (p)
call4,rl,0.29623,0.1565639,0.07085998,0.29623,5.087463,0.37371927
all,call4,0.20379,0.103355914,0.04095,0.20379,5.087463,0.31691337
mit,call4,0.19998,0.12878072,0.03186001,0.19998,5.087463,0.26683193
all,rl,0.16253,0.15408619,0.019840002,0.16253,5.087463,0.09189024
mit,all,0.16092,0.10538277,0.01393,0.16092,5.087463,0.23566337
mit,rl,0.15073,0.15044175,0.005740002,0.15073,5.087463,-0.016977856
