X var,Y var,MIC (strength),MIC-p^2 (nonlinearity),MAS (non-monotonicity),MEV (functionality),MCN (complexity),Linear regression (p)
call4,rl,0.2543,0.09104994,0.010329999,0.2543,5.087463,0.40404215
mit,rl,0.21173,0.20967692,0.034390002,0.21173,5.087463,0.045310903
mit,call4,0.19693,0.15208752,0.01737,0.19693,5.087463,0.21176043
mit,all,0.19064,0.12572214,0.041169994,0.19064,5.087463,0.25478983
all,call4,0.18217,0.1259596,0.021510005,0.18217,5.087463,0.23708732
all,rl,0.16565,0.13521984,0.010849997,0.16565,5.087463,0.1744424
