X var,Y var,MIC (strength),MIC-p^2 (nonlinearity),MAS (non-monotonicity),MEV (functionality),MCN (complexity),Linear regression (p)
call4,rl,0.25269,-0.2565455,0.031529993,0.25269,5.087463,0.7136074
mit,all,0.20743,-0.23414457,0.04901001,0.20743,5.087463,0.6645108
all,rl,0.19744,-0.120972306,0.016319998,0.19744,5.087463,0.56428033
all,call4,0.19421,-0.19076467,0.019719988,0.19421,5.087463,0.62046325
mit,call4,0.19004,-0.18588032,0.022780001,0.19004,5.087463,0.6131234
mit,rl,0.1818,-0.17103775,0.034539998,0.1818,5.087463,0.5940015
