X var,Y var,MIC (strength),MIC-p^2 (nonlinearity),MAS (non-monotonicity),MEV (functionality),MCN (complexity),Linear regression (p)
all,rl,0.44661,0.11938411,0.061989993,0.44661,5.087463,0.5720366
mit,rl,0.31394,0.050390273,0.053609982,0.31394,5.087463,-0.51337093
mit,all,0.27172,0.21207455,0.06204,0.27172,5.087463,-0.24422416
mit,call4,0.17093,0.15040188,0.11705,0.17093,5.087463,-0.14327636
all,call4,0.16123,0.1566325,0.11333,0.16123,5.087463,0.067804895
call4,rl,0.14979,0.093025856,0.094610006,0.14979,5.087463,0.23825228
