X var,Y var,MIC (strength),MIC-p^2 (nonlinearity),MAS (non-monotonicity),MEV (functionality),MCN (complexity),Linear regression (p)
all,call4,0.24421,-0.08771223,0.074,0.24421,5.2479277,0.57612693
all,rl,0.20936,0.015088826,0.016679995,0.20936,5.2479277,0.44076204
mit,rl,0.16958,0.026339099,0.021569997,0.16958,5.2479277,0.3784718
mit,call4,0.16326,-0.065956816,0.010260001,0.16326,5.2479277,0.47876593
mit,all,0.16211,-0.09527704,0.013160005,0.16211,5.2479277,0.5073333
call4,rl,0.16157,-0.022254214,0.02775,0.16157,5.2479277,0.42874727
