X var,Y var,MIC (strength),MIC-p^2 (nonlinearity),MAS (non-monotonicity),MEV (functionality),MCN (complexity),Linear regression (p)
call4,rl,0.26084,0.013690054,0.015180007,0.25477,5.321928,0.49714178
mit,all,0.1801,0.006491527,0.021520004,0.17309,5.321928,0.4166635
mit,call4,0.17689,0.011483133,0.03239,0.16951,5.321928,0.40670243
mit,rl,0.16873,0.13406207,0.018930003,0.16241,5.321928,0.18619327
all,call4,0.16582,-0.38552123,0.014050007,0.15824,5.321928,0.74252355
all,rl,0.15748,0.0060352385,0.014520001,0.15116,5.321928,0.38915905
