X var,Y var,MIC (strength),MIC-p^2 (nonlinearity),MAS (non-monotonicity),MEV (functionality),MCN (complexity),Linear regression (p)
all,rl,0.36755,-0.0356853,0.048179984,0.3626,5.0,0.6350081
mit,rl,0.20063,0.16643807,0.025169998,0.191,5.0,-0.1849106
mit,all,0.19527,0.18729895,0.046609998,0.18282,5.0,0.08928074
all,call4,0.15924,0.15474181,0.095350005,0.15202,5.0,0.06706857
mit,call4,0.14254,0.14223659,0.08303999,0.13065,5.0,0.01741835
call4,rl,0.13501,0.12677501,0.053420007,0.12998,5.0,0.09074686
