X var,Y var,MIC (strength),MIC-p^2 (nonlinearity),MAS (non-monotonicity),MEV (functionality),MCN (complexity),Linear regression (p)
all,rl,0.66722,0.073456526,0.043569982,0.6615,5.321928,0.7705605
call4,rl,0.54864,0.14659506,0.07352999,0.54512,5.321928,0.63407016
all,call4,0.36963,0.13001437,0.043890014,0.36576,5.321928,0.4895055
mit,all,0.19131,0.17392494,0.027080014,0.18485,5.321928,-0.13185243
mit,rl,0.15939,0.1593468,0.0037899986,0.1538,5.321928,0.0065725925
mit,call4,0.15683,0.1435622,0.042379998,0.15064,5.321928,-0.11518594
