X var,Y var,MIC (strength),MIC-p^2 (nonlinearity),MAS (non-monotonicity),MEV (functionality),MCN (complexity),Linear regression (p)
call4,rl,0.26429,-0.003546387,0.013489991,0.25652,5.321928,0.51752913
mit,rl,0.18604,0.13995306,0.021739997,0.17918,5.321928,0.21467867
mit,all,0.1858,-0.0119405985,0.020720005,0.17812,5.321928,0.44468033
mit,call4,0.17234,-0.020751178,0.009580001,0.16502,5.321928,0.43942142
all,call4,0.17056,-0.5856116,0.021339998,0.16358,5.321928,0.8695813
all,rl,0.14859,-0.04854445,0.012909999,0.14233,5.321928,0.44399825
