X var,Y var,MIC (strength),MIC-p^2 (nonlinearity),MAS (non-monotonicity),MEV (functionality),MCN (complexity),Linear regression (p)
call4,rl,0.17611,0.06268872,0.045519993,0.17611,5.2479277,0.33678076
all,call4,0.16064,0.017325893,0.015259996,0.16064,5.2479277,0.3785685
mit,call4,0.16013,0.039294817,0.020739995,0.16013,5.2479277,0.34761354
mit,all,0.14498,-0.06763294,0.008249998,0.14498,5.2479277,0.4610997
all,rl,0.12475,0.05553285,0.010390006,0.12475,5.2479277,0.26309153
mit,rl,0.0945,0.0765968,0.01782,0.0945,5.2479277,0.13380286
