X var,Y var,MIC (strength),MIC-p^2 (nonlinearity),MAS (non-monotonicity),MEV (functionality),MCN (complexity),Linear regression (p)
call4,rl,0.20985,0.07943095,0.016160004,0.2035,5.321928,0.36113578
all,rl,0.18491,0.14861844,0.0151999965,0.17763,5.321928,0.19050342
mit,all,0.18387,0.14946221,0.01351,0.17656,5.321928,0.18549338
all,call4,0.18031,0.13971773,0.010600001,0.17188,5.321928,0.20147523
mit,call4,0.17197,0.12999745,0.026859999,0.16408,5.321928,0.20487203
mit,rl,0.17189,0.15829699,0.021899998,0.1631,5.321928,0.1165891
