X var,Y var,MIC (strength),MIC-p^2 (nonlinearity),MAS (non-monotonicity),MEV (functionality),MCN (complexity),Linear regression (p)
call4,rl,0.28571,-0.25384662,0.037829995,0.28571,5.0,0.7345452
mit,rl,0.22161,-0.20982428,0.03576,0.22161,5.0,0.65683657
all,call4,0.21945,-0.18986592,0.02034,0.21945,5.0,0.639778
mit,call4,0.20084,-0.28284585,0.029090002,0.20084,5.0,0.6954753
mit,all,0.18888,-0.2570568,0.033449993,0.18888,5.0,0.667785
all,rl,0.17535,-0.1563166,0.023999989,0.17535,5.0,0.575905
