X var,Y var,MIC (strength),MIC-p^2 (nonlinearity),MAS (non-monotonicity),MEV (functionality),MCN (complexity),Linear regression (p)
call4,rl,0.31903,0.063549906,0.05381,0.31903,4.807355,0.50545037
mit,call4,0.20358,0.1769771,0.043570004,0.20358,4.807355,0.163104
mit,all,0.2001,0.133769,0.017680004,0.2001,4.807355,0.25754806
mit,rl,0.19218,0.18826783,0.050069988,0.19218,4.807355,0.06254732
all,call4,0.17826,0.1282678,0.015159994,0.17826,4.807355,0.22358936
all,rl,0.16961,0.15230282,0.020350002,0.16961,4.807355,0.13155673
