X var,Y var,MIC (strength),MIC-p^2 (nonlinearity),MAS (non-monotonicity),MEV (functionality),MCN (complexity),Linear regression (p)
all,rl,0.34231,0.06629625,0.049409986,0.34231,5.087463,0.5253701
mit,rl,0.20357,0.07680859,0.009159997,0.20357,5.087463,-0.35603568
mit,call4,0.19454,0.16254017,0.13099,0.19454,5.087463,-0.17888497
mit,all,0.18896,0.18662797,0.027229995,0.18896,5.087463,-0.048291072
call4,rl,0.17473,0.17373373,0.12206,0.17473,5.087463,0.031563938
all,call4,0.15285,0.13933107,0.11512,0.15285,5.087463,0.11627093
