X var,Y var,MIC (strength),MIC-p^2 (nonlinearity),MAS (non-monotonicity),MEV (functionality),MCN (complexity),Linear regression (p)
call4,rl,0.25679,0.07017347,0.06806001,0.25679,4.70044,0.43199137
mit,all,0.25075,0.054646477,0.009040013,0.25075,4.70044,0.44283578
mit,call4,0.24382,0.120857544,0.04371001,0.24382,4.70044,0.35066003
all,call4,0.23498,0.11131958,0.057280004,0.23498,4.70044,0.35165384
all,rl,0.20353,0.15295686,0.032860003,0.20353,4.70044,0.22488472
mit,rl,0.1772,0.16243249,0.028569996,0.1772,4.70044,0.12152164
