X var,Y var,MIC (strength),MIC-p^2 (nonlinearity),MAS (non-monotonicity),MEV (functionality),MCN (complexity),Linear regression (p)
call4,rl,0.34232,0.064899,0.06062001,0.34232,4.807355,0.5267077
mit,all,0.25011,0.18065426,0.08151001,0.25011,4.807355,0.26354456
all,call4,0.21495,0.16380292,0.04598,0.21495,4.807355,0.22615719
mit,rl,0.20433,0.19845712,0.031200007,0.20433,4.807355,0.07663471
mit,call4,0.18997,0.1646642,0.037750006,0.18997,4.807355,0.15907797
all,rl,0.18287,0.16054046,0.035589993,0.18287,4.807355,0.1494307
