X var,Y var,MIC (strength),MIC-p^2 (nonlinearity),MAS (non-monotonicity),MEV (functionality),MCN (complexity),Linear regression (p)
call4,rl,0.27213,0.030669138,0.04467,0.27213,5.087463,0.49138668
mit,call4,0.22428,0.17787024,0.067059994,0.22428,5.087463,0.21542925
all,call4,0.21905,0.13357016,0.025360003,0.21905,5.087463,0.29236937
mit,all,0.20859,0.106183425,0.021419998,0.20859,5.087463,0.32001027
all,rl,0.17778,0.12774214,0.013119996,0.17778,5.087463,0.22369145
mit,rl,0.15767,0.13907409,0.0115600005,0.15767,5.087463,0.13636687
