X var,Y var,MIC (strength),MIC-p^2 (nonlinearity),MAS (non-monotonicity),MEV (functionality),MCN (complexity),Linear regression (p)
all,rl,0.3453,-0.10307354,0.070519984,0.33559,5.087463,0.669607
mit,rl,0.27545,0.24051836,0.044430003,0.26757,5.087463,-0.18690005
call4,rl,0.19203,-0.34816337,0.12659,0.18528,5.087463,0.7349785
mit,all,0.1892,0.18857358,0.041370004,0.17865,5.087463,0.02502837
all,call4,0.1774,0.041071773,0.07644999,0.16763,5.087463,0.36922652
mit,call4,0.16514,0.16257532,0.078820005,0.15678,5.087463,-0.050642762
