X var,Y var,MIC (strength),MIC-p^2 (nonlinearity),MAS (non-monotonicity),MEV (functionality),MCN (complexity),Linear regression (p)
call4,rl,0.26667,-1.3113022E-5,0.044229984,0.25945,5.321928,0.5164137
mit,all,0.18929,-0.028775096,0.02606,0.18252,5.321928,0.4669744
all,call4,0.18681,-0.59034866,0.027060002,0.17907,5.321928,0.88156605
mit,rl,0.17066,0.120488115,0.01715,0.16423,5.321928,0.22399083
all,rl,0.16775,-0.02980049,0.012719996,0.16023,5.321928,0.44446653
mit,call4,0.16293,-0.054225028,0.01669,0.15662,5.321928,0.46599895
