X var,Y var,MIC (strength),MIC-p^2 (nonlinearity),MAS (non-monotonicity),MEV (functionality),MCN (complexity),Linear regression (p)
call4,rl,0.2943,0.009154081,0.0494,0.2943,4.807355,0.53399056
mit,all,0.22989,0.15666267,0.027050003,0.22989,4.807355,0.2706055
all,rl,0.19952,0.1768958,0.024240002,0.19952,4.807355,0.15041348
all,call4,0.19845,0.14752871,0.050109997,0.19845,4.807355,0.22565745
mit,call4,0.18958,0.1595311,0.0127799995,0.18958,4.807355,0.17334615
mit,rl,0.18647,0.18081889,0.018499993,0.18647,4.807355,0.07517389
