X var,Y var,MIC (strength),MIC-p^2 (nonlinearity),MAS (non-monotonicity),MEV (functionality),MCN (complexity),Linear regression (p)
call4,rl,0.21782,0.1936696,0.016209997,0.21782,5.2479277,0.15540399
all,call4,0.2131,0.19176427,0.016049996,0.2131,5.2479277,0.14606759
mit,all,0.20446,-0.1022926,0.0151999965,0.20446,5.2479277,0.5538525
mit,call4,0.18547,0.17918448,0.02121,0.18547,5.2479277,0.07928123
all,rl,0.18337,0.17379917,0.024329998,0.18337,5.2479277,0.09783059
mit,rl,0.16551,0.16546993,0.0185,0.16551,5.2479277,0.0063294517
