X var,Y var,MIC (strength),MIC-p^2 (nonlinearity),MAS (non-monotonicity),MEV (functionality),MCN (complexity),Linear regression (p)
call4,rl,0.69567,0.121364295,0.10288,0.69567,4.807355,0.7578296
all,rl,0.51339,0.10007253,0.059430003,0.51339,4.807355,0.6428977
all,call4,0.35678,0.17939827,0.11847,0.35678,4.807355,0.4211671
mit,rl,0.29979,0.28827268,0.100549996,0.29979,4.807355,0.107318714
mit,call4,0.19439,0.17960206,0.043139994,0.19439,4.807355,0.12160567
mit,all,0.19131,0.19003937,0.035889998,0.19131,4.807355,-0.03564596
