X var,Y var,MIC (strength),MIC-p^2 (nonlinearity),MAS (non-monotonicity),MEV (functionality),MCN (complexity),Linear regression (p)
all,rl,0.55353,0.06706199,0.031190008,0.5438,5.087463,0.6974726
mit,call4,0.50746,0.30211043,0.07778999,0.49791,5.087463,-0.4531551
mit,rl,0.42501,0.15887833,0.058210015,0.41664,5.087463,-0.5158795
call4,rl,0.31287,-0.005347371,0.065500006,0.30933,5.087463,0.5641076
mit,all,0.29862,0.25255337,0.02846998,0.2884,5.087463,-0.21463135
all,call4,0.2627,0.11288078,0.057109997,0.25861,5.087463,0.38706487
