X var,Y var,MIC (strength),MIC-p^2 (nonlinearity),MAS (non-monotonicity),MEV (functionality),MCN (complexity),Linear regression (p)
call4,rl,0.28123,-0.096470416,0.07426001,0.28123,5.0,0.61457336
mit,call4,0.22306,-0.008947477,0.06808999,0.22306,5.0,0.48167154
mit,rl,0.20232,-0.05673097,0.034839988,0.20232,5.0,0.5089705
all,call4,0.19304,-0.005566433,0.033300005,0.19304,5.0,0.4456528
all,rl,0.18366,-0.022667155,0.011140004,0.18366,5.0,0.45423248
mit,all,0.16812,-0.039589033,0.018809997,0.16812,5.0,0.45575106
