X var,Y var,MIC (strength),MIC-p^2 (nonlinearity),MAS (non-monotonicity),MEV (functionality),MCN (complexity),Linear regression (p)
call4,rl,0.29171,0.1272285,0.03838998,0.29171,5.087463,0.40556318
all,rl,0.22006,0.18910468,0.025810003,0.22006,5.087463,0.17594126
all,call4,0.20002,0.14173144,0.03673,0.20002,5.087463,0.24143024
mit,all,0.1968,0.13776082,0.017499998,0.1968,5.087463,0.2429798
mit,call4,0.18896,0.14012876,0.012959998,0.18896,5.087463,0.22097793
mit,rl,0.18875,0.18436953,0.025340006,0.18875,5.087463,0.06618509
