X var,Y var,MIC (strength),MIC-p^2 (nonlinearity),MAS (non-monotonicity),MEV (functionality),MCN (complexity),Linear regression (p)
call4,rl,0.23378,0.094309,0.024000004,0.23378,5.087463,0.37345815
mit,call4,0.17903,0.1333291,0.017579999,0.17903,5.087463,0.2137777
all,call4,0.17674,0.12570415,0.024350002,0.17674,5.087463,0.22591116
mit,all,0.16924,0.12365729,0.01593,0.16924,5.087463,0.21350107
all,rl,0.16668,0.133495,0.012199998,0.16668,5.087463,0.18216746
mit,rl,0.15693,0.15401907,0.014510006,0.15693,5.087463,0.05395306
