X var,Y var,MIC (strength),MIC-p^2 (nonlinearity),MAS (non-monotonicity),MEV (functionality),MCN (complexity),Linear regression (p)
call4,rl,0.25904,0.058826357,0.02707,0.25904,5.087463,0.4474524
mit,call4,0.20358,0.14417054,0.022819996,0.20358,5.087463,0.24374057
all,rl,0.20028,0.14861637,0.026019998,0.20028,5.087463,0.22729634
all,call4,0.18555,0.0983267,0.022799999,0.18555,5.087463,0.29533592
mit,rl,0.17926,0.15833451,0.028420001,0.17926,5.087463,0.14465646
mit,all,0.17354,0.10005234,0.00869,0.17354,5.087463,0.27108607
