X var,Y var,MIC (strength),MIC-p^2 (nonlinearity),MAS (non-monotonicity),MEV (functionality),MCN (complexity),Linear regression (p)
all,rl,0.44755,0.40105668,0.085809976,0.44755,4.70044,-0.2156231
call4,rl,0.38994,0.21792111,0.06367999,0.38994,4.5849624,0.4147516
all,call4,0.31618,0.2994852,0.09708999,0.31618,4.70044,-0.12920833
mit,all,0.24913,0.14076865,0.04576999,0.24913,4.70044,-0.32918283
mit,rl,0.1813,0.16683187,0.025410004,0.1813,4.70044,0.12028353
mit,call4,0.17379,0.1734254,0.057200007,0.17379,4.70044,-0.01909432
