X var,Y var,MIC (strength),MIC-p^2 (nonlinearity),MAS (non-monotonicity),MEV (functionality),MCN (complexity),Linear regression (p)
call4,rl,0.33049,0.06260651,0.05908999,0.33049,5.0,0.5175746
all,rl,0.20539,0.14892077,0.019240007,0.20539,5.0,0.23763257
mit,all,0.19887,0.12839332,0.020780005,0.19887,5.0,0.26547444
mit,rl,0.19522,0.15658362,0.0080699995,0.19522,5.0,0.19656137
all,call4,0.19311,0.056579173,0.010180004,0.19311,5.0,0.3695008
mit,call4,0.16846,0.13050193,0.011299998,0.16846,5.0,0.19482833
