X var,Y var,MIC (strength),MIC-p^2 (nonlinearity),MAS (non-monotonicity),MEV (functionality),MCN (complexity),Linear regression (p)
call4,rl,0.24109,-0.18088719,0.024749994,0.24109,5.0,0.6495977
all,call4,0.21862,-0.044137,0.023499995,0.21862,5.0,0.5125983
mit,call4,0.19891,-0.09525958,0.052819997,0.19891,5.0,0.542374
mit,all,0.19194,-0.092774674,0.02956,0.19194,5.0,0.5335866
all,rl,0.19152,-0.06726739,0.01748,0.19152,5.0,0.5087115
mit,rl,0.17429,-0.13348138,0.022770002,0.17429,5.0,0.5547715
