X var,Y var,MIC (strength),MIC-p^2 (nonlinearity),MAS (non-monotonicity),MEV (functionality),MCN (complexity),Linear regression (p)
all,rl,0.41178,-0.020498544,0.041840002,0.41178,5.087463,0.6574789
mit,rl,0.21439,0.15969965,0.02663,0.21439,5.087463,-0.23385969
mit,all,0.21165,0.18624604,0.049840003,0.21165,5.087463,-0.1593862
all,call4,0.20186,0.120969675,0.14765,0.20186,5.087463,0.28441224
mit,call4,0.18819,0.14939664,0.11241,0.18819,5.087463,-0.19696029
call4,rl,0.18736,0.107369505,0.101,0.18736,5.087463,0.28282592
