X var,Y var,MIC (strength),MIC-p^2 (nonlinearity),MAS (non-monotonicity),MEV (functionality),MCN (complexity),Linear regression (p)
call4,rl,0.32067,0.053001255,0.04741001,0.32067,4.807355,0.5173671
mit,all,0.22852,0.20818965,0.03444001,0.22852,4.807355,0.14258455
mit,call4,0.22595,0.21967381,0.069240004,0.22595,4.807355,0.07922239
all,call4,0.21936,0.18930933,0.018850002,0.21936,4.807355,0.17335127
all,rl,0.20429,0.17614901,0.017469995,0.20429,4.807355,0.16775279
mit,rl,0.17705,0.17506115,0.01703,0.17705,4.807355,-0.044596527
