X var,Y var,MIC (strength),MIC-p^2 (nonlinearity),MAS (non-monotonicity),MEV (functionality),MCN (complexity),Linear regression (p)
call4,rl,0.25746,-0.12094957,0.015499994,0.25003,5.321928,0.61515003
mit,all,0.20585,-0.06896666,0.057280004,0.19813,5.321928,0.5242296
all,rl,0.17951,-0.16404161,0.030780002,0.17204,5.321928,0.58613276
mit,rl,0.17362,0.07182424,0.026820004,0.16612,5.321928,0.31905448
mit,call4,0.1711,-0.10889284,0.014529996,0.16359,5.321928,0.5291435
all,call4,0.17014,-0.7580315,0.017659992,0.16392,5.321928,0.9634166
