X var,Y var,MIC (strength),MIC-p^2 (nonlinearity),MAS (non-monotonicity),MEV (functionality),MCN (complexity),Linear regression (p)
call4,rl,0.47315,0.21387717,0.11791003,0.47315,4.807355,0.5091884
all,rl,0.46967,0.21430254,0.099950016,0.46967,4.807355,0.50533897
mit,call4,0.3313,0.26831686,0.17276,0.3313,4.807355,-0.25096437
mit,rl,0.30146,0.24482903,0.067609996,0.30146,4.807355,-0.23797262
mit,all,0.26644,0.1871567,0.024230003,0.26644,4.807355,-0.2815729
all,call4,0.25324,0.16970262,0.10511999,0.25324,4.807355,0.28902832
