X var,Y var,MIC (strength),MIC-p^2 (nonlinearity),MAS (non-monotonicity),MEV (functionality),MCN (complexity),Linear regression (p)
call4,rl,0.24015,-0.13101313,0.0083899945,0.23307,5.321928,0.6092316
mit,all,0.20143,-0.061278105,0.031059995,0.1933,5.321928,0.5125506
mit,rl,0.18204,0.086799696,0.019980006,0.17615,5.321928,0.3086103
mit,call4,0.18157,-0.08405402,0.019610003,0.17578,5.321928,0.51538724
all,rl,0.17702,-0.15699367,0.018889997,0.16913,5.321928,0.57793915
all,call4,0.15446,-0.7699929,0.025519997,0.14795,5.321928,0.96148473
