X var,Y var,MIC (strength),MIC-p^2 (nonlinearity),MAS (non-monotonicity),MEV (functionality),MCN (complexity),Linear regression (p)
call4,rl,0.29155,-0.11629808,0.056140006,0.29155,5.0,0.63862985
all,call4,0.22826,0.008407429,0.03594999,0.22826,5.0,0.46888438
all,rl,0.19515,-0.005405441,0.034940004,0.19515,5.0,0.44783416
mit,call4,0.19312,0.0050061196,0.043530002,0.19312,5.0,0.43372098
mit,all,0.19152,-0.030545458,0.0357,0.19152,5.0,0.47123823
mit,rl,0.15774,-0.021973357,0.017959997,0.15774,5.0,0.42392612
