X var,Y var,MIC (strength),MIC-p^2 (nonlinearity),MAS (non-monotonicity),MEV (functionality),MCN (complexity),Linear regression (p)
mit,rl,0.30107,0.24127007,0.039499998,0.30107,5.2479277,0.24454027
all,rl,0.28112,-0.07093948,0.028270006,0.28112,5.2479277,0.593346
mit,all,0.20955,0.17740442,0.03234999,0.20955,5.2479277,0.17929187
call4,rl,0.17055,0.1502904,0.042470008,0.17055,5.2479277,0.14233625
all,call4,0.16469,0.16430181,0.0793,0.16469,5.2479277,-0.019702626
mit,call4,0.15421,0.15242177,0.048540004,0.15421,5.2479277,-0.042287428
