X var,Y var,MIC (strength),MIC-p^2 (nonlinearity),MAS (non-monotonicity),MEV (functionality),MCN (complexity),Linear regression (p)
all,rl,0.61815,0.56889236,0.06696004,0.5919,4.7548876,-0.22194055
all,call4,0.51705,0.40172789,0.08921003,0.51705,4.70044,-0.33959115
call4,rl,0.5119,0.14959899,0.090550005,0.5119,4.70044,0.60191447
mit,all,0.25753,0.23024118,0.04607001,0.25753,4.70044,-0.1651933
mit,rl,0.22174,0.21094887,0.025029998,0.22174,4.70044,0.1038804
mit,call4,0.17269,0.17145386,0.012759998,0.17269,4.70044,0.035158765
