X var,Y var,MIC (strength),MIC-p^2 (nonlinearity),MAS (non-monotonicity),MEV (functionality),MCN (complexity),Linear regression (p)
all,rl,0.49287,-0.033577353,0.058840007,0.48751,5.0,0.7255669
mit,rl,0.40037,0.22802393,0.05179,0.39219,5.0,-0.41514584
mit,all,0.32955,0.27673778,0.10792999,0.32073,5.0,-0.2298091
all,call4,0.20302,0.20122823,0.17698,0.19541,5.0,-0.042329393
mit,call4,0.17476,0.17052835,0.13747999,0.1644,5.0,-0.06505113
call4,rl,0.12871,0.12863335,0.09646,0.12212,5.0,-0.008754735
