X var,Y var,MIC (strength),MIC-p^2 (nonlinearity),MAS (non-monotonicity),MEV (functionality),MCN (complexity),Linear regression (p)
all,rl,0.33176,0.019233048,0.021809995,0.33176,5.087463,0.5590411
mit,rl,0.23516,0.09796332,0.029070005,0.23516,5.087463,-0.3704007
mit,call4,0.18843,0.17969987,0.13679999,0.18843,5.087463,-0.093435176
call4,rl,0.17534,0.14587957,0.116569996,0.17534,5.087463,0.1716404
mit,all,0.17371,0.1729,0.016659997,0.17371,5.087463,0.028460484
all,call4,0.16887,0.15939634,0.11715,0.16887,5.087463,0.097332776
