X var,Y var,MIC (strength),MIC-p^2 (nonlinearity),MAS (non-monotonicity),MEV (functionality),MCN (complexity),Linear regression (p)
call4,rl,0.32526,0.0320054,0.045090005,0.32526,4.807355,0.5415299
all,rl,0.19989,0.17435993,0.032409996,0.19989,4.807355,0.1597813
mit,all,0.19978,0.12938932,0.026020005,0.19978,4.807355,0.26531243
mit,rl,0.19821,0.1939072,0.019899994,0.19821,4.807355,0.06559567
all,call4,0.1899,0.1449782,0.030409992,0.1899,4.807355,0.21194762
mit,call4,0.16818,0.14000465,0.018230002,0.16818,4.807355,0.16785517
