X var,Y var,MIC (strength),MIC-p^2 (nonlinearity),MAS (non-monotonicity),MEV (functionality),MCN (complexity),Linear regression (p)
call4,rl,0.3225,0.12691233,0.0617,0.3225,4.807355,0.44225293
mit,all,0.259,0.2543547,0.062289998,0.259,4.807355,0.06815664
mit,rl,0.20763,0.20272085,0.05240999,0.20763,4.807355,-0.070065305
mit,call4,0.19397,0.19199201,0.040419996,0.19397,4.807355,0.044474497
all,rl,0.17735,0.11868662,0.013119999,0.17735,4.807355,0.24220525
all,call4,0.17175,0.15297821,0.015479997,0.17175,4.807355,0.13701016
