X var,Y var,MIC (strength),MIC-p^2 (nonlinearity),MAS (non-monotonicity),MEV (functionality),MCN (complexity),Linear regression (p)
all,rl,0.35765,-0.6358868,0.041420013,0.35765,4.807355,0.99676317
mit,rl,0.26362,-0.07574484,0.067689985,0.26362,4.807355,0.5825503
mit,call4,0.2074,-0.13546205,0.15384999,0.2074,4.807355,0.5855442
mit,all,0.1913,-0.13166204,0.018140003,0.1913,4.807355,0.5682975
all,call4,0.16349,-0.82590884,0.062589996,0.16349,4.807355,0.9946853
call4,rl,0.15698,-0.84197056,0.08007,0.15698,4.807355,0.9994751
