X var,Y var,MIC (strength),MIC-p^2 (nonlinearity),MAS (non-monotonicity),MEV (functionality),MCN (complexity),Linear regression (p)
mit,rl,0.15225,0.15192899,0.071890004,0.15225,5.087463,0.01791675
mit,call4,0.1434,0.105257675,0.014359996,0.1434,5.087463,0.1953006
all,call4,0.13317,0.10534702,0.032579996,0.13317,5.087463,0.1668022
mit,all,0.13261,0.11767626,0.024799995,0.13261,5.087463,0.12220366
call4,rl,0.1316,0.039337657,0.009560004,0.1316,5.087463,0.30374718
all,rl,0.10971,0.08841391,0.018339999,0.10971,5.087463,0.1459318
