X var,Y var,MIC (strength),MIC-p^2 (nonlinearity),MAS (non-monotonicity),MEV (functionality),MCN (complexity),Linear regression (p)
call4,rl,0.23706,0.164067,0.031299993,0.23706,5.087463,0.27017215
mit,call4,0.19129,0.09874495,0.028450012,0.19129,5.087463,0.30421218
all,call4,0.19035,0.10336015,0.010730002,0.19035,5.087463,0.2949404
mit,all,0.19015,0.13910052,0.01176,0.19015,5.087463,0.2259413
mit,rl,0.17282,0.17019758,0.013740003,0.17282,5.087463,-0.051209595
all,rl,0.16558,0.16461532,0.022039998,0.16558,5.087463,0.03105943
