X var,Y var,MIC (strength),MIC-p^2 (nonlinearity),MAS (non-monotonicity),MEV (functionality),MCN (complexity),Linear regression (p)
mit,rl,0.31013,0.25617316,0.059960008,0.31013,5.2479277,0.23228611
call4,rl,0.26645,0.17563877,0.07796998,0.26645,5.2479277,0.301349
all,rl,0.24821,0.21520323,0.05291,0.24821,5.2479277,0.18167768
mit,all,0.19875,0.14907831,0.022139996,0.19875,5.2479277,-0.22287148
all,call4,0.18032,0.13138781,0.029359996,0.18032,5.2479277,-0.2212062
mit,call4,0.16867,0.16766134,0.037800007,0.16867,5.2479277,-0.031759486
