X var,Y var,MIC (strength),MIC-p^2 (nonlinearity),MAS (non-monotonicity),MEV (functionality),MCN (complexity),Linear regression (p)
all,rl,0.41223,-0.09710622,0.057360023,0.41223,4.9068904,0.71367794
mit,all,0.27374,0.2737385,0.08635999,0.27374,4.9068904,0.0012181281
mit,rl,0.24874,0.22653243,0.09864001,0.24874,4.9068904,-0.14902206
mit,call4,0.19336,0.17356737,0.14697,0.19336,4.9068904,-0.1406863
all,call4,0.14217,0.14175707,0.115159996,0.14217,4.9068904,0.020320559
call4,rl,0.12468,0.1093852,0.09625,0.12468,4.9068904,0.12367215
