X var,Y var,MIC (strength),MIC-p^2 (nonlinearity),MAS (non-monotonicity),MEV (functionality),MCN (complexity),Linear regression (p)
call4,rl,0.26057,0.08088526,0.008620001,0.26057,5.087463,0.42389235
mit,all,0.22526,0.13757265,0.012690008,0.22526,5.087463,0.29612052
mit,rl,0.18132,0.17968123,0.026419997,0.18132,5.087463,0.04048167
all,call4,0.18105,0.122375555,0.010539997,0.18105,5.087463,0.24222809
mit,call4,0.17994,0.14007087,0.009270001,0.17994,5.087463,0.19967256
all,rl,0.17881,0.14744613,0.018519998,0.17881,5.087463,0.1770985
