X var,Y var,MIC (strength),MIC-p^2 (nonlinearity),MAS (non-monotonicity),MEV (functionality),MCN (complexity),Linear regression (p)
mit,call4,0.50081,0.06707236,0.098859996,0.50081,5.0,-0.65858763
mit,rl,0.40079,0.10581985,0.02354002,0.39198,5.087463,-0.54311156
call4,rl,0.30618,0.006057471,0.057970017,0.30618,4.5849624,0.5478344
all,rl,0.25399,0.11020456,0.041190013,0.24627,5.087463,0.3791905
mit,all,0.21627,0.20423444,0.020119995,0.20481,5.087463,-0.109706685
all,call4,0.17935,0.17004831,0.10875,0.17234,5.087463,0.09644529
