X var,Y var,MIC (strength),MIC-p^2 (nonlinearity),MAS (non-monotonicity),MEV (functionality),MCN (complexity),Linear regression (p)
all,rl,0.34537,-0.0954321,0.026529998,0.34537,5.2479277,0.6639293
mit,rl,0.21747,0.10044936,0.04798001,0.21747,5.2479277,-0.3420828
all,call4,0.17622,0.1693348,0.1041,0.17622,5.2479277,0.0829771
mit,all,0.17345,0.16652216,0.0396,0.17345,5.2479277,-0.08323363
mit,call4,0.16044,0.14112276,0.07831,0.16044,5.2479277,-0.13898648
call4,rl,0.12928,0.10191983,0.0426,0.12928,5.2479277,0.16540909
