X var,Y var,MIC (strength),MIC-p^2 (nonlinearity),MAS (non-monotonicity),MEV (functionality),MCN (complexity),Linear regression (p)
mit,call4,0.23485,0.22599132,0.03644,0.23485,5.2479277,0.09412058
all,call4,0.21138,0.19045292,0.021009997,0.21138,5.2479277,0.14466196
call4,rl,0.2007,0.18940938,0.017410003,0.2007,5.2479277,0.10625732
mit,all,0.1937,-0.20543961,0.01241,0.1937,5.2479277,0.63177496
all,rl,0.18488,0.18019448,0.032179996,0.18488,5.2479277,0.06845091
mit,rl,0.16559,0.16556267,0.0155799985,0.16559,5.2479277,0.005227596
