X var,Y var,MIC (strength),MIC-p^2 (nonlinearity),MAS (non-monotonicity),MEV (functionality),MCN (complexity),Linear regression (p)
all,call4,0.21983,0.16996486,0.032570004,0.21983,5.2479277,0.22330505
call4,rl,0.20924,0.15593451,0.020730004,0.20924,5.2479277,0.23087981
mit,call4,0.18642,0.17053965,0.01529,0.18642,5.2479277,0.12601723
all,rl,0.18269,0.1413401,0.019570008,0.18269,5.2479277,0.2033467
mit,all,0.18071,0.08871906,0.008229993,0.18071,5.2479277,0.30330008
mit,rl,0.16661,0.16536413,0.019079998,0.16661,5.2479277,0.03529697
