X var,Y var,MIC (strength),MIC-p^2 (nonlinearity),MAS (non-monotonicity),MEV (functionality),MCN (complexity),Linear regression (p)
all,rl,0.30199,0.10965243,0.026380002,0.30199,4.9068904,0.43856308
all,call4,0.29286,0.28608885,0.1427,0.29286,4.9068904,-0.082287
mit,call4,0.28805,0.282229,0.12718,0.28805,4.9068904,0.076295376
mit,rl,0.2432,0.22784899,0.036530003,0.2432,4.9068904,0.12389921
call4,rl,0.24148,0.23393466,0.10722999,0.24148,4.9068904,0.08686392
mit,all,0.21847,0.1621628,0.03389001,0.21847,4.9068904,-0.2372914
