X var,Y var,MIC (strength),MIC-p^2 (nonlinearity),MAS (non-monotonicity),MEV (functionality),MCN (complexity),Linear regression (p)
call4,rl,0.22112,-0.13326785,0.022829995,0.22112,5.0,0.59530485
all,call4,0.14383,-0.054858536,0.026689995,0.14383,5.0,0.44574493
mit,all,0.13283,-0.013935715,0.019750003,0.13283,5.0,0.38310012
all,rl,0.1225,0.024716325,0.01399,0.1225,5.0,0.31270382
mit,rl,0.12059,0.030479811,0.028269999,0.12059,5.0,0.3001836
mit,call4,0.11355,-0.00478857,0.019710004,0.11355,5.0,0.34400374
