X var,Y var,MIC (strength),MIC-p^2 (nonlinearity),MAS (non-monotonicity),MEV (functionality),MCN (complexity),Linear regression (p)
call4,rl,0.25129,0.12402411,0.018299997,0.24188,5.0,0.35674345
mit,rl,0.2225,0.20539851,0.04051,0.20994,5.0,0.13077264
all,call4,0.22215,0.19344577,0.023990005,0.21213,5.0,0.16942321
mit,all,0.21361,0.19287649,0.040829986,0.20253,5.0,0.14399134
all,rl,0.20581,0.19371636,0.014310002,0.19272,5.0,0.10997104
mit,call4,0.1933,0.10843382,0.03806,0.18465,5.0,0.291318
