X var,Y var,MIC (strength),MIC-p^2 (nonlinearity),MAS (non-monotonicity),MEV (functionality),MCN (complexity),Linear regression (p)
call4,rl,0.26479,0.21073353,0.03904,0.26479,5.087463,0.23250046
all,call4,0.19994,0.15920861,0.00829,0.19994,5.087463,0.20182018
all,rl,0.19366,0.19259045,0.03985001,0.19366,5.087463,0.032704163
mit,all,0.18494,0.16740191,0.01591,0.18494,5.087463,0.13243142
mit,call4,0.18334,0.12980632,0.054549992,0.18334,5.087463,0.23137344
mit,rl,0.16575,0.15758878,0.020050004,0.16575,5.087463,-0.09033948
