X var,Y var,MIC (strength),MIC-p^2 (nonlinearity),MAS (non-monotonicity),MEV (functionality),MCN (complexity),Linear regression (p)
call4,rl,0.25856,0.20134296,0.03532,0.25856,5.087463,0.23920085
mit,all,0.18725,0.16128667,0.031770006,0.18725,5.087463,0.16113141
mit,rl,0.18515,0.17799713,0.019429997,0.18515,5.087463,-0.08457466
all,call4,0.18198,0.12425269,0.01929,0.18198,5.087463,0.24026509
all,rl,0.17263,0.17218065,0.021030001,0.17263,5.087463,0.021197682
mit,call4,0.16333,0.09563744,0.023310006,0.16333,5.087463,0.26017794
