X var,Y var,MIC (strength),MIC-p^2 (nonlinearity),MAS (non-monotonicity),MEV (functionality),MCN (complexity),Linear regression (p)
call4,rl,0.29461,0.10095458,0.0432,0.29461,4.807355,0.44006297
all,call4,0.18899,0.14644377,0.019529998,0.18899,4.807355,0.20626737
mit,all,0.18831,0.1379498,0.017409995,0.18831,4.807355,0.22441079
mit,rl,0.18283,0.17769323,0.016929999,0.18283,4.807355,0.071671315
mit,call4,0.17593,0.15719563,0.0051300004,0.17593,4.807355,0.13687354
all,rl,0.16941,0.15607686,0.009799987,0.16941,4.807355,0.11546924
