X var,Y var,MIC (strength),MIC-p^2 (nonlinearity),MAS (non-monotonicity),MEV (functionality),MCN (complexity),Linear regression (p)
all,rl,0.2577,0.18284178,0.01703,0.2577,4.9068904,0.2736023
mit,all,0.2316,0.22703198,0.021980003,0.2316,4.9068904,-0.06758712
mit,rl,0.20182,0.20162548,0.056490004,0.20182,4.9068904,-0.013947208
mit,call4,0.17792,0.17750898,0.13056,0.17792,4.9068904,0.020273443
all,call4,0.15382,0.10331024,0.10934,0.15382,4.9068904,0.22474374
call4,rl,0.14578,-0.7967329,0.09015,0.14578,4.9068904,0.97083104
