X var,Y var,MIC (strength),MIC-p^2 (nonlinearity),MAS (non-monotonicity),MEV (functionality),MCN (complexity),Linear regression (p)
call4,rl,0.24525,0.08810903,0.03489001,0.24525,5.087463,0.3964101
all,rl,0.21905,0.1956527,0.057150006,0.21905,5.087463,0.15296179
mit,all,0.2179,0.1058384,0.04457,0.2179,5.087463,0.33475602
mit,call4,0.20203,0.16787468,0.0396,0.20203,5.087463,0.18481158
all,call4,0.19617,0.15181008,0.015629992,0.19617,5.087463,0.21061797
mit,rl,0.16874,0.16856568,0.013810001,0.16874,5.087463,0.013203162
