X var,Y var,MIC (strength),MIC-p^2 (nonlinearity),MAS (non-monotonicity),MEV (functionality),MCN (complexity),Linear regression (p)
all,rl,0.26549,-0.07573888,0.019659996,0.26549,5.087463,0.584148
mit,call4,0.21617,0.19853628,0.14177999,0.21617,5.087463,-0.13279203
mit,all,0.1912,0.18992741,0.046220005,0.1912,5.087463,-0.035673384
mit,rl,0.18055,0.111744896,0.030149996,0.18055,5.087463,-0.26230726
all,call4,0.16569,0.16102362,0.099860005,0.16569,5.087463,0.068311006
call4,rl,0.13636,0.13367867,0.06352001,0.13636,5.087463,0.05178163
