X var,Y var,MIC (strength),MIC-p^2 (nonlinearity),MAS (non-monotonicity),MEV (functionality),MCN (complexity),Linear regression (p)
call4,rl,0.27086,0.10393301,0.015239999,0.27086,5.087463,0.40856698
mit,call4,0.20704,0.15956172,0.027970001,0.20704,5.087463,0.2178951
mit,all,0.18828,0.12677538,0.021520004,0.18828,5.087463,0.24800123
mit,rl,0.18743,0.18375354,0.033879995,0.18743,5.087463,0.060633864
all,rl,0.18493,0.15326345,0.021619998,0.18493,5.087463,0.17795096
all,call4,0.18107,0.121437,0.011709999,0.18107,5.087463,0.2441987
