X var,Y var,MIC (strength),MIC-p^2 (nonlinearity),MAS (non-monotonicity),MEV (functionality),MCN (complexity),Linear regression (p)
all,rl,0.57183,0.14629269,0.025710016,0.56387,5.087463,0.6523322
mit,all,0.42495,0.37696466,0.09288001,0.41541,5.087463,-0.21905558
mit,rl,0.36875,0.236042,0.033360004,0.36093,5.087463,-0.3642911
call4,rl,0.19831,0.19830199,0.15545,0.18875,5.087463,-0.002831881
all,call4,0.184,0.18264897,0.14586,0.17466,5.087463,-0.036756437
mit,call4,0.16799,0.16768858,0.13505,0.1598,5.087463,0.017361492
