X var,Y var,MIC (strength),MIC-p^2 (nonlinearity),MAS (non-monotonicity),MEV (functionality),MCN (complexity),Linear regression (p)
call4,rl,0.25089,0.06387572,0.03301999,0.25089,5.087463,0.43245146
all,call4,0.20792,0.12615058,0.030900002,0.20792,5.087463,0.28595352
mit,all,0.19572,0.1361283,0.025859997,0.19572,5.087463,0.2441141
mit,call4,0.18639,0.12597641,0.01566,0.18639,5.087463,0.24579175
all,rl,0.18318,0.13759397,0.008830003,0.18318,5.087463,0.21350887
mit,rl,0.17327,0.1545085,0.024240002,0.17327,5.087463,0.13697262
