X var,Y var,MIC (strength),MIC-p^2 (nonlinearity),MAS (non-monotonicity),MEV (functionality),MCN (complexity),Linear regression (p)
call4,rl,0.3345,0.00972265,0.029039994,0.3345,4.807355,0.5698924
mit,call4,0.2186,0.19709218,0.04459001,0.2186,4.807355,0.1466555
mit,all,0.21824,0.15996264,0.041100003,0.21824,4.807355,0.24140702
all,call4,0.20329,0.15840508,0.01991,0.20329,4.807355,0.21186063
mit,rl,0.20265,0.2018387,0.048529997,0.20265,4.807355,0.028483167
all,rl,0.17561,0.14911492,0.0147899985,0.17561,4.807355,0.1627731
