X var,Y var,MIC (strength),MIC-p^2 (nonlinearity),MAS (non-monotonicity),MEV (functionality),MCN (complexity),Linear regression (p)
call4,rl,0.23958,0.12823445,0.024739996,0.23143,5.0,0.33368483
all,call4,0.21062,0.19260287,0.02567,0.20029,5.0,0.13422792
all,rl,0.19245,0.18653464,0.034129992,0.18308,5.0,0.076911405
mit,call4,0.18426,0.13027667,0.037590005,0.17395,5.0,0.23234314
mit,all,0.1842,0.17202666,0.020089999,0.17319,5.0,0.11033289
mit,rl,0.1718,0.16025476,0.021249995,0.16182,5.0,0.10744881
