X var,Y var,MIC (strength),MIC-p^2 (nonlinearity),MAS (non-monotonicity),MEV (functionality),MCN (complexity),Linear regression (p)
mit,call4,0.23016,-0.3106234,0.03498,0.23016,5.2479277,0.73537976
call4,rl,0.20757,-0.18704627,0.02273,0.20757,5.2479277,0.6281849
mit,all,0.19915,-0.27655682,0.023420006,0.19915,5.2479277,0.689715
all,call4,0.19888,-0.30952197,0.021489993,0.19888,5.2479277,0.7130231
mit,rl,0.16776,-0.068211034,0.0123,0.16776,5.2479277,0.4857685
all,rl,0.16001,-0.122771665,0.016779996,0.16001,5.2479277,0.5317722
