X var,Y var,MIC (strength),MIC-p^2 (nonlinearity),MAS (non-monotonicity),MEV (functionality),MCN (complexity),Linear regression (p)
call4,rl,0.45765,0.14557794,0.047969997,0.45281,5.321928,0.5586341
all,rl,0.39623,0.011585116,0.02899,0.3893,5.321928,0.6201975
all,call4,0.24018,0.17127267,0.040299997,0.23431,5.321928,0.26250207
mit,rl,0.22906,0.14442131,0.032520004,0.22282,5.321928,-0.2909273
mit,call4,0.22836,0.19670744,0.07004,0.22174,5.321928,-0.17791165
mit,all,0.18319,0.16133372,0.018370003,0.17602,5.321928,-0.14783871
