X var,Y var,MIC (strength),MIC-p^2 (nonlinearity),MAS (non-monotonicity),MEV (functionality),MCN (complexity),Linear regression (p)
mit,all,0.29947,0.1298526,0.03320998,0.29947,5.087463,0.41184634
mit,call4,0.2305,0.2197367,0.065170005,0.2305,5.087463,0.10374635
mit,rl,0.21826,0.21277358,0.04614,0.21826,5.087463,-0.074070424
call4,rl,0.20404,0.15570976,0.070020005,0.20404,5.087463,0.2198414
all,rl,0.20011,0.11328707,0.03926,0.20011,5.087463,0.29465732
all,call4,0.19124,0.110393055,0.056099996,0.19124,5.087463,0.28433597
