X var,Y var,MIC (strength),MIC-p^2 (nonlinearity),MAS (non-monotonicity),MEV (functionality),MCN (complexity),Linear regression (p)
all,call4,0.25655,0.2343462,0.057880014,0.25655,5.2479277,0.14900944
call4,rl,0.21847,0.18336289,0.01685001,0.21847,5.2479277,0.18736894
mit,call4,0.19176,0.18721789,0.026409999,0.19176,5.2479277,0.06739519
all,rl,0.17911,0.16337204,0.015459999,0.17911,5.2479277,0.12545106
mit,rl,0.1764,0.17621401,0.040180013,0.1764,5.2479277,0.013637892
mit,all,0.16846,-0.03013745,0.0163,0.16846,5.2479277,0.44564274
