X var,Y var,MIC (strength),MIC-p^2 (nonlinearity),MAS (non-monotonicity),MEV (functionality),MCN (complexity),Linear regression (p)
all,rl,0.39493,-0.30458397,0.09380999,0.38585,5.087463,0.8363695
mit,rl,0.24206,0.23563339,0.06074001,0.23361,5.087463,-0.08016618
mit,all,0.22001,0.21360186,0.030589998,0.21102,5.087463,-0.08005086
all,call4,0.04996,0.04995695,0.045059998,0.04996,3.321928,-0.001745172
mit,call4,0.04996,0.045419708,0.038289998,0.04996,3.321928,-0.06738169
call4,rl,0.03875,0.038742673,0.029339999,0.03875,3.321928,0.0027069119
