X var,Y var,MIC (strength),MIC-p^2 (nonlinearity),MAS (non-monotonicity),MEV (functionality),MCN (complexity),Linear regression (p)
mit,rl,0.29505,0.20149979,0.029019982,0.28499,5.0,-0.30585977
all,rl,0.27607,0.12441459,0.035150006,0.26995,5.0,0.3894296
call4,rl,0.18782,0.18550086,0.1377,0.17907,5.0,-0.04815751
mit,all,0.17885,0.1788498,0.021059997,0.16904,5.0,4.3525308E-4
mit,call4,0.17639,0.15534672,0.10963,0.16812,5.0,0.14506306
all,call4,0.16052,0.15993246,0.11275,0.15164,5.0,-0.024239067
