X var,Y var,MIC (strength),MIC-p^2 (nonlinearity),MAS (non-monotonicity),MEV (functionality),MCN (complexity),Linear regression (p)
call4,rl,0.2597,0.22734143,0.05677001,0.2597,5.087463,0.1798849
all,call4,0.18741,0.116028845,0.012540005,0.18741,5.087463,0.26717252
mit,call4,0.17785,0.06346426,0.0236,0.17785,5.087463,0.3382096
all,rl,0.17698,0.17688315,0.020790003,0.17698,5.087463,0.009841512
mit,all,0.16307,0.12013492,0.009619996,0.16307,5.087463,0.20720781
mit,rl,0.15954,0.15676413,0.0123799965,0.15954,5.087463,-0.052686498
