X var,Y var,MIC (strength),MIC-p^2 (nonlinearity),MAS (non-monotonicity),MEV (functionality),MCN (complexity),Linear regression (p)
call4,rl,0.2667,-0.0059909523,0.033529997,0.25759,5.0,0.5221982
mit,all,0.21499,0.08526859,0.025030002,0.20584,5.0,0.3601686
all,call4,0.21105,0.07720463,0.016319998,0.20213,5.0,0.36584884
mit,rl,0.20744,0.10535175,0.03023,0.19695,5.0,0.31951252
all,rl,0.20342,0.106185295,0.036249995,0.19241,5.0,0.3118248
mit,call4,0.18675,0.0108127,0.05240999,0.17819,5.0,0.4194488
