X var,Y var,MIC (strength),MIC-p^2 (nonlinearity),MAS (non-monotonicity),MEV (functionality),MCN (complexity),Linear regression (p)
call4,rl,0.34649,0.12359083,0.04881999,0.34649,5.0,0.47212198
mit,all,0.22479,0.16670343,0.075770006,0.22479,5.0,0.24101157
all,rl,0.19923,0.16085114,0.014509998,0.19923,5.0,0.19590525
mit,rl,0.19853,0.17575127,0.027030006,0.19853,5.0,0.15092626
mit,call4,0.19164,0.16541216,0.026220009,0.19164,5.0,0.16195016
all,call4,0.18637,0.029582873,0.009550005,0.18637,5.0,0.39596355
