X var,Y var,MIC (strength),MIC-p^2 (nonlinearity),MAS (non-monotonicity),MEV (functionality),MCN (complexity),Linear regression (p)
call4,rl,0.2572,0.062054664,0.04659,0.25072,5.321928,0.44175258
mit,rl,0.17561,0.16004068,0.012019999,0.16943,5.321928,0.12477711
mit,all,0.17478,0.10276681,0.01782,0.16808,5.321928,0.26835272
all,rl,0.16182,0.11405252,0.016619999,0.15536,5.321928,0.21855772
mit,call4,0.15787,0.09352055,0.0064999983,0.15148,5.321928,0.2536719
all,call4,0.15032,0.068578206,0.017930001,0.1436,5.321928,0.2859052
