X var,Y var,MIC (strength),MIC-p^2 (nonlinearity),MAS (non-monotonicity),MEV (functionality),MCN (complexity),Linear regression (p)
call4,rl,0.32155,0.06703135,0.044880003,0.32155,4.807355,0.5044984
mit,all,0.21354,0.19957934,0.03135,0.21354,4.807355,0.11815523
mit,rl,0.20504,0.2014866,0.021820001,0.20504,4.807355,-0.0596103
all,call4,0.19881,0.17426533,0.01834999,0.19881,4.807355,0.1566674
all,rl,0.17973,0.14592735,0.013829999,0.17973,4.807355,0.18385494
mit,call4,0.17153,0.16701172,0.023759998,0.17153,4.807355,0.06721806
