X var,Y var,MIC (strength),MIC-p^2 (nonlinearity),MAS (non-monotonicity),MEV (functionality),MCN (complexity),Linear regression (p)
call4,rl,0.25352,0.13599834,0.014269993,0.25352,5.087463,0.34281433
all,call4,0.1916,0.11483603,0.013909996,0.1916,5.087463,0.2770631
mit,all,0.18545,0.1517918,0.020889997,0.18545,5.087463,0.18346174
mit,rl,0.18467,0.18181387,0.04884,0.18467,5.087463,-0.053442847
all,rl,0.17187,0.16597824,0.025639996,0.17187,5.087463,0.07675776
mit,call4,0.16596,0.09871279,0.02139999,0.16596,5.087463,0.25932068
