X var,Y var,MIC (strength),MIC-p^2 (nonlinearity),MAS (non-monotonicity),MEV (functionality),MCN (complexity),Linear regression (p)
call4,rl,0.3631,0.020067275,0.033680007,0.3631,4.9068904,0.58568996
mit,rl,0.21773,0.16940492,0.016729996,0.21773,4.9068904,0.21982965
all,rl,0.20931,0.1775993,0.025239997,0.20931,4.9068904,0.17807499
all,call4,0.20594,0.15307578,0.05189,0.20594,4.9068904,0.22992216
mit,call4,0.19903,0.11643612,0.01659,0.19903,4.9068904,0.2873915
mit,all,0.1924,0.13502747,0.036869995,0.1924,4.9068904,0.23952563
