X var,Y var,MIC (strength),MIC-p^2 (nonlinearity),MAS (non-monotonicity),MEV (functionality),MCN (complexity),Linear regression (p)
call4,rl,0.33462,0.020860285,0.023929998,0.33462,4.9068904,0.5601426
mit,rl,0.21973,0.19707678,0.058460012,0.21973,4.9068904,0.15050988
mit,call4,0.19489,0.13568836,0.0155199915,0.19489,4.9068904,0.2433139
mit,all,0.19488,0.13578552,0.018669993,0.19488,4.9068904,0.24309357
all,rl,0.191,0.17334397,0.032020003,0.191,4.9068904,0.13287598
all,call4,0.17974,0.14205424,0.02093,0.17974,4.9068904,0.19412819
