X var,Y var,MIC (strength),MIC-p^2 (nonlinearity),MAS (non-monotonicity),MEV (functionality),MCN (complexity),Linear regression (p)
call4,rl,0.27377,0.041762903,0.028410003,0.27377,5.087463,0.48167115
mit,call4,0.20942,0.16351463,0.024049997,0.20942,5.087463,0.21425538
all,call4,0.2072,0.12070087,0.036469996,0.2072,5.087463,0.29410735
all,rl,0.19334,0.14400926,0.019590005,0.19334,5.087463,0.22210523
mit,rl,0.1855,0.16873232,0.024399996,0.1855,5.087463,0.12949005
mit,all,0.18362,0.08639824,0.01783,0.18362,5.087463,0.31180406
