X var,Y var,MIC (strength),MIC-p^2 (nonlinearity),MAS (non-monotonicity),MEV (functionality),MCN (complexity),Linear regression (p)
call4,rl,0.2891,0.12544419,0.023779988,0.28089,5.0,0.40454394
all,call4,0.21712,0.17040116,0.023740008,0.20775,5.0,0.21614544
all,rl,0.20584,0.1843064,0.021650001,0.19477,5.0,0.14674336
mit,call4,0.20576,0.11807461,0.0343,0.19705,5.0,0.2961172
mit,rl,0.20373,0.17753983,0.02967,0.1919,5.0,0.16183381
mit,all,0.19844,0.16641626,0.02205,0.18767,5.0,0.17895181
