X var,Y var,MIC (strength),MIC-p^2 (nonlinearity),MAS (non-monotonicity),MEV (functionality),MCN (complexity),Linear regression (p)
call4,rl,0.27803,0.27122667,0.04100001,0.27803,5.087463,0.082482405
mit,all,0.19322,0.17952313,0.01681,0.19322,5.087463,0.11703365
all,call4,0.18558,0.14925666,0.021449998,0.18558,5.087463,0.19058682
mit,call4,0.18177,0.113894895,0.014009997,0.18177,5.087463,0.2605285
mit,rl,0.17893,0.17522281,0.026889995,0.17893,5.087463,-0.06088666
all,rl,0.1659,0.16567875,0.027460001,0.1659,5.087463,-0.014874556
