X var,Y var,MIC (strength),MIC-p^2 (nonlinearity),MAS (non-monotonicity),MEV (functionality),MCN (complexity),Linear regression (p)
all,rl,0.46011,0.45782843,0.052599996,0.46011,4.70044,0.047765713
call4,rl,0.45652,0.32039484,0.055150002,0.45652,4.70044,0.3689514
all,call4,0.45624,0.45271924,0.09803,0.45624,4.70044,-0.05933606
mit,all,0.3105,0.2983943,0.030339986,0.3105,4.4594316,-0.11002596
mit,rl,0.27993,0.20941934,0.09324999,0.27993,4.70044,0.26553842
mit,call4,0.26059,0.25526515,0.06212999,0.26059,4.70044,-0.07297154
