X var,Y var,MIC (strength),MIC-p^2 (nonlinearity),MAS (non-monotonicity),MEV (functionality),MCN (complexity),Linear regression (p)
call4,rl,0.4197,0.2781442,0.15213001,0.4197,4.9068904,0.376239
mit,rl,0.40415,0.12782407,0.045700014,0.40415,4.9068904,0.52566713
all,call4,0.34365,0.3280577,0.091530025,0.34365,4.9068904,-0.12486915
all,rl,0.31699,0.19185022,0.056209996,0.31699,4.9068904,0.353751
mit,call4,0.24966,0.22357972,0.028730005,0.24966,4.9068904,0.1614939
mit,all,0.21939,0.20389885,0.049930006,0.21939,4.9068904,0.12446349
