X var,Y var,MIC (strength),MIC-p^2 (nonlinearity),MAS (non-monotonicity),MEV (functionality),MCN (complexity),Linear regression (p)
call4,rl,0.28119,0.07942253,0.03128001,0.27002,5.0,0.44918534
all,call4,0.23538,0.15325366,0.016959995,0.22559,5.0,0.28657693
mit,call4,0.22756,0.11660969,0.05245,0.2192,5.0,0.33309203
mit,all,0.20518,0.13999435,0.02347,0.19786,5.0,0.2553148
mit,rl,0.1898,0.1524769,0.015890002,0.17956,5.0,0.19319184
all,rl,0.18418,0.14897546,0.028530002,0.17399,5.0,0.18762875
