X var,Y var,MIC (strength),MIC-p^2 (nonlinearity),MAS (non-monotonicity),MEV (functionality),MCN (complexity),Linear regression (p)
all,rl,0.47917,-0.16338697,0.02579999,0.47917,5.2479277,0.8015965
mit,rl,0.41044,0.04688415,0.035950005,0.41044,5.0,-0.60295594
mit,all,0.28061,0.025533885,0.057189986,0.28061,5.087463,-0.5050506
call4,rl,0.18406,0.17620984,0.102170005,0.18406,5.2479277,0.088601194
all,call4,0.15838,0.15417512,0.071540006,0.15838,5.2479277,-0.06484505
mit,call4,0.13042,0.08678438,0.039849997,0.13042,5.2479277,-0.2088914
