X var,Y var,MIC (strength),MIC-p^2 (nonlinearity),MAS (non-monotonicity),MEV (functionality),MCN (complexity),Linear regression (p)
call4,rl,0.24515,-0.06522569,0.034689993,0.24515,5.087463,0.5571137
mit,all,0.19369,-0.0014451593,0.017760009,0.19369,5.087463,0.44174105
mit,call4,0.17911,0.0034849346,0.018589996,0.17911,5.087463,0.41907644
mit,rl,0.17745,0.10403347,0.009229999,0.17745,5.087463,0.27095485
all,call4,0.17706,-0.06437455,0.013520002,0.17706,5.087463,0.4913599
all,rl,0.17344,0.05204369,0.016979992,0.17344,5.087463,0.34841973
