X var,Y var,MIC (strength),MIC-p^2 (nonlinearity),MAS (non-monotonicity),MEV (functionality),MCN (complexity),Linear regression (p)
call4,rl,0.33384,0.12813962,0.042579994,0.33384,4.807355,0.45354205
mit,all,0.218,0.21343738,0.03981,0.218,4.807355,0.0675471
all,call4,0.20795,0.19051729,0.04013,0.20795,4.807355,0.13203296
mit,call4,0.2055,0.20441386,0.044120014,0.2055,4.807355,0.03295672
all,rl,0.19154,0.14671513,0.018550001,0.19154,4.807355,0.21171883
mit,rl,0.16411,0.15895051,0.007919997,0.16411,4.807355,-0.07182963
