X var,Y var,MIC (strength),MIC-p^2 (nonlinearity),MAS (non-monotonicity),MEV (functionality),MCN (complexity),Linear regression (p)
all,rl,0.45969,0.008624405,0.053580016,0.45969,5.087463,0.67161417
mit,rl,0.40053,-0.017404169,0.10418001,0.40053,4.807355,-0.6464783
mit,all,0.30659,0.16567458,0.106979996,0.30659,5.087463,-0.375387
mit,call4,0.1977,0.14352086,0.084429994,0.1977,5.087463,-0.23276412
call4,rl,0.18545,0.05733311,0.111,0.18545,5.087463,0.3579342
all,call4,0.14873,0.123206064,0.11325999,0.14873,5.087463,0.15976211
