X var,Y var,MIC (strength),MIC-p^2 (nonlinearity),MAS (non-monotonicity),MEV (functionality),MCN (complexity),Linear regression (p)
call4,rl,0.25088,0.12163094,0.057329997,0.25088,5.087463,0.35951227
mit,call4,0.19547,0.098147295,0.037540004,0.19547,5.087463,0.31196588
mit,all,0.1829,0.11924112,0.031120002,0.1829,5.087463,0.25230712
all,call4,0.17761,0.07385343,0.012600005,0.17761,5.087463,0.32211265
all,rl,0.17209,0.1627422,0.021070004,0.17209,5.087463,0.09668397
mit,rl,0.15891,0.15880154,0.012700006,0.15891,5.087463,0.010414513
