X var,Y var,MIC (strength),MIC-p^2 (nonlinearity),MAS (non-monotonicity),MEV (functionality),MCN (complexity),Linear regression (p)
call4,rl,0.27171,0.024836719,0.019130006,0.26342,5.321928,0.49686345
mit,all,0.1827,-0.01056923,0.022610001,0.17647,5.321928,0.43962395
all,call4,0.17922,-0.39922494,0.02926001,0.1721,5.321928,0.7605557
mit,rl,0.17621,0.13853204,0.021280006,0.16887,5.321928,0.19410811
all,rl,0.17024,0.013785675,0.03058,0.16392,5.321928,0.39554307
mit,call4,0.16026,-0.027388245,0.013400003,0.15217,5.321928,0.43318385
