X var,Y var,MIC (strength),MIC-p^2 (nonlinearity),MAS (non-monotonicity),MEV (functionality),MCN (complexity),Linear regression (p)
call4,rl,0.29435,0.09378821,0.034799993,0.29435,5.0,0.44784126
all,call4,0.22037,-0.023766384,0.03276,0.22037,5.0,0.49410158
mit,all,0.2175,0.15950927,0.024059996,0.2175,5.0,0.24081264
all,rl,0.19859,0.17379147,0.014379993,0.19859,5.0,0.15747547
mit,rl,0.18995,0.17979062,0.015300002,0.18995,5.0,0.10079381
mit,call4,0.18528,0.13107197,0.017910004,0.18528,5.0,0.23282616
