X var,Y var,MIC (strength),MIC-p^2 (nonlinearity),MAS (non-monotonicity),MEV (functionality),MCN (complexity),Linear regression (p)
all,call4,0.2271,-0.18083315,0.018230006,0.2271,5.2479277,0.63869643
mit,call4,0.19833,-0.16900073,0.028019994,0.19833,5.2479277,0.60607815
call4,rl,0.17748,-0.07238296,0.024299994,0.17748,5.2479277,0.49986294
mit,all,0.1747,-0.20016222,0.011390001,0.1747,5.2479277,0.6122599
mit,rl,0.16436,-0.022538498,0.015979998,0.16436,5.2479277,0.43231758
all,rl,0.15993,-0.083678186,0.010030001,0.15993,5.2479277,0.4935668
