X var,Y var,MIC (strength),MIC-p^2 (nonlinearity),MAS (non-monotonicity),MEV (functionality),MCN (complexity),Linear regression (p)
call4,rl,0.24462,-0.08679387,0.03617999,0.24462,5.0,0.57568556
all,rl,0.21351,0.04833597,0.05555001,0.21351,5.0,0.4064161
mit,rl,0.19593,-0.01515609,0.029400006,0.19593,5.0,0.45944107
mit,call4,0.17403,-0.005532831,0.028640002,0.17403,5.0,0.42374855
mit,all,0.17378,0.023672074,0.010049999,0.17378,5.0,0.38743764
all,call4,0.1722,0.02308838,0.017080002,0.1722,5.0,0.38614973
