X var,Y var,MIC (strength),MIC-p^2 (nonlinearity),MAS (non-monotonicity),MEV (functionality),MCN (complexity),Linear regression (p)
all,rl,0.58489,0.37743336,0.057720006,0.58489,4.70044,-0.4554741
call4,rl,0.5121,0.26774326,0.11572999,0.5121,4.70044,0.4943245
all,call4,0.51018,0.25916827,0.06932002,0.51018,4.70044,-0.5010107
mit,all,0.25154,0.2125078,0.0242,0.25154,4.70044,-0.1975657
mit,call4,0.22151,0.21824822,0.04899001,0.22151,4.70044,-0.057111915
mit,rl,0.19367,0.18121496,0.035680003,0.19367,4.70044,0.11160218
