X var,Y var,MIC (strength),MIC-p^2 (nonlinearity),MAS (non-monotonicity),MEV (functionality),MCN (complexity),Linear regression (p)
call4,rl,0.35464,0.046020925,0.037149996,0.35464,4.9068904,0.55553496
mit,call4,0.22732,0.16453385,0.033830002,0.22732,4.9068904,0.25057164
mit,rl,0.21033,0.19044971,0.02884999,0.21033,4.9068904,0.14099744
all,call4,0.19264,0.15164047,0.032910004,0.19264,4.9068904,0.20248343
all,rl,0.18056,0.16236341,0.021510005,0.18056,4.9068904,0.1348947
mit,all,0.17973,0.12600845,0.021560002,0.17973,4.9068904,0.23177908
