X var,Y var,MIC (strength),MIC-p^2 (nonlinearity),MAS (non-monotonicity),MEV (functionality),MCN (complexity),Linear regression (p)
call4,rl,0.29957,0.11998309,0.06345999,0.28858,5.0,0.42377695
all,call4,0.23666,0.16940638,0.029200003,0.22631,5.0,0.259333
mit,call4,0.22679,0.121360004,0.060900003,0.21669,5.0,0.32469985
all,rl,0.21923,0.18224105,0.055419996,0.21068,5.0,0.1923251
mit,all,0.20912,0.15210734,0.025040008,0.19926,5.0,0.23877324
mit,rl,0.18074,0.14529952,0.021499999,0.17137,5.0,0.18825643
