X var,Y var,MIC (strength),MIC-p^2 (nonlinearity),MAS (non-monotonicity),MEV (functionality),MCN (complexity),Linear regression (p)
all,rl,0.53784,0.017311871,0.108639985,0.53784,4.807355,0.7214764
mit,rl,0.4151,0.23668233,0.10249001,0.4151,4.807355,-0.42239517
mit,all,0.24083,0.17011824,0.018700004,0.24083,4.807355,-0.26591682
mit,call4,0.19975,0.18138921,0.15852001,0.19975,4.807355,-0.13550198
all,call4,0.19168,0.16883536,0.15065,0.19168,4.807355,0.15114444
call4,rl,0.15203,0.1192929,0.10264,0.15203,4.807355,0.18093397
