X var,Y var,MIC (strength),MIC-p^2 (nonlinearity),MAS (non-monotonicity),MEV (functionality),MCN (complexity),Linear regression (p)
call4,rl,0.27033,0.06786232,0.06002,0.27033,4.70044,0.4499641
mit,all,0.26253,0.10444446,0.032509997,0.26253,4.70044,0.39759973
mit,call4,0.20932,0.12545258,0.0120899975,0.20932,4.70044,0.28959873
all,call4,0.19508,0.08529867,0.017569996,0.19508,4.70044,0.33133265
all,rl,0.19441,0.13756439,0.04207,0.19441,4.70044,0.23842315
mit,rl,0.18724,0.17672497,0.012540005,0.18724,4.70044,0.10254281
