X var,Y var,MIC (strength),MIC-p^2 (nonlinearity),MAS (non-monotonicity),MEV (functionality),MCN (complexity),Linear regression (p)
all,rl,0.36694,-0.1356813,0.041520014,0.36694,5.087463,0.7089579
mit,all,0.20544,0.20542103,0.041930005,0.20544,5.087463,-0.0043546436
mit,rl,0.18692,0.11967593,0.02984,0.18692,5.087463,-0.25931463
mit,call4,0.18455,0.17486805,0.13936001,0.18455,5.087463,-0.0983969
call4,rl,0.16853,0.16368322,0.114350006,0.16853,5.087463,0.06961886
all,call4,0.16533,0.15725575,0.11794999,0.16533,5.087463,0.0898568
