X var,Y var,MIC (strength),MIC-p^2 (nonlinearity),MAS (non-monotonicity),MEV (functionality),MCN (complexity),Linear regression (p)
call4,rl,0.26895,0.07178834,0.04744999,0.26895,5.087463,0.44402888
mit,all,0.21883,0.11515029,0.062030002,0.21883,5.087463,0.32199335
all,call4,0.20036,0.14207521,0.013240002,0.20036,5.087463,0.24142241
mit,call4,0.19999,0.16509533,0.021460004,0.19999,5.087463,0.18680117
mit,rl,0.18757,0.1845009,0.025250003,0.18757,5.087463,0.055399492
all,rl,0.17579,0.14424215,0.008620001,0.17579,5.087463,0.17761713
