X var,Y var,MIC (strength),MIC-p^2 (nonlinearity),MAS (non-monotonicity),MEV (functionality),MCN (complexity),Linear regression (p)
call4,rl,0.30903,0.1341684,0.055869997,0.30903,4.807355,0.41816455
mit,all,0.20692,0.19883779,0.03566,0.20692,4.807355,0.08990109
all,rl,0.20179,0.1298446,0.03626001,0.20179,4.807355,0.2682264
mit,call4,0.2009,0.1962116,0.012630001,0.2009,4.807355,0.06847186
all,call4,0.19904,0.17662637,0.050129995,0.19904,4.807355,0.14971182
mit,rl,0.19744,0.19358172,0.027249992,0.19744,4.807355,-0.062115088
