X var,Y var,MIC (strength),MIC-p^2 (nonlinearity),MAS (non-monotonicity),MEV (functionality),MCN (complexity),Linear regression (p)
call4,rl,0.25634,0.24829741,0.022459999,0.25634,5.087463,0.0896805
all,rl,0.19519,0.19503921,0.02358,0.19519,5.087463,-0.012279329
mit,rl,0.19341,0.18888545,0.039869994,0.19341,5.087463,-0.067264676
mit,all,0.18395,0.17312354,0.019270003,0.18395,5.087463,0.1040503
all,call4,0.1836,0.158941,0.02561,0.1836,5.087463,0.15703183
mit,call4,0.17265,0.11774036,0.02127999,0.17265,5.087463,0.23432805
