X var,Y var,MIC (strength),MIC-p^2 (nonlinearity),MAS (non-monotonicity),MEV (functionality),MCN (complexity),Linear regression (p)
call4,rl,0.25104,0.006196156,0.018100008,0.24285,5.321928,0.494817
mit,all,0.20074,0.0046369433,0.016229998,0.19338,5.321928,0.44283524
all,call4,0.18445,-0.3924342,0.012520004,0.17812,5.321928,0.75952893
mit,call4,0.17856,-0.008162528,0.02267,0.17198,5.321928,0.43211403
mit,rl,0.17623,0.13863738,0.032900006,0.17008,5.321928,0.19388817
all,rl,0.1631,0.010374486,0.017550007,0.15625,5.321928,0.39080113
