X var,Y var,MIC (strength),MIC-p^2 (nonlinearity),MAS (non-monotonicity),MEV (functionality),MCN (complexity),Linear regression (p)
all,rl,0.33397,0.032020807,0.050690025,0.32352,5.0,0.54949903
mit,rl,0.2026,0.19333376,0.044149995,0.19504,5.0,-0.096261345
mit,all,0.20004,0.18105097,0.026889995,0.18912,5.0,0.13780066
mit,call4,0.16902,0.16262344,0.12618,0.15921,5.0,0.07997855
all,call4,0.16182,0.16145706,0.12746999,0.15245,5.0,0.019050902
call4,rl,0.10555,0.105416894,0.07729,0.10043,5.0,0.011537058
