X var,Y var,MIC (strength),MIC-p^2 (nonlinearity),MAS (non-monotonicity),MEV (functionality),MCN (complexity),Linear regression (p)
all,rl,0.69688,0.6467744,0.16826004,0.69688,4.70044,0.22384275
call4,rl,0.58037,-0.30614,0.04633999,0.58037,4.0,0.9415466
all,call4,0.57944,0.5734933,0.14948,0.57944,4.70044,0.07711486
mit,rl,0.37485,-0.23636046,0.05768001,0.37485,4.70044,0.7817995
mit,call4,0.34286,-0.16948232,0.090930015,0.34286,4.70044,0.7157809
mit,all,0.31892,0.2093184,0.06283,0.31892,4.70044,0.3310613
