X var,Y var,MIC (strength),MIC-p^2 (nonlinearity),MAS (non-monotonicity),MEV (functionality),MCN (complexity),Linear regression (p)
all,rl,0.5842,-0.25325596,0.026229978,0.5842,4.807355,0.9151262
mit,rl,0.48445,0.28616798,0.05988002,0.48445,5.2479277,-0.4452887
mit,all,0.42241,0.23866777,0.074229985,0.42241,5.087463,-0.42865166
call4,rl,0.21239,0.17008951,0.0636,0.21239,5.2479277,0.20567083
all,call4,0.19797,0.1930139,0.08437,0.19797,5.2479277,0.070399575
mit,call4,0.17595,0.14015642,0.058290005,0.17595,5.2479277,-0.18919194
