X var,Y var,MIC (strength),MIC-p^2 (nonlinearity),MAS (non-monotonicity),MEV (functionality),MCN (complexity),Linear regression (p)
call4,rl,0.52215,0.054284334,0.05813998,0.52215,4.70044,0.68400705
all,rl,0.46604,0.46064958,0.10330999,0.46604,4.5849624,0.07341931
all,call4,0.42126,0.37482098,0.12595001,0.42126,4.70044,0.21549717
mit,rl,0.28633,-0.04137668,0.091079995,0.28633,4.70044,0.5724567
mit,call4,0.26176,0.07634409,0.07395001,0.26176,4.70044,0.43059948
mit,all,0.23759,0.22400239,0.033539996,0.23759,4.70044,-0.11656589
