X var,Y var,MIC (strength),MIC-p^2 (nonlinearity),MAS (non-monotonicity),MEV (functionality),MCN (complexity),Linear regression (p)
mit,all,0.24923,0.09034738,0.047749996,0.24923,4.70044,0.39860082
call4,rl,0.20734,0.09720904,0.030110002,0.20734,4.70044,0.33185986
all,call4,0.20423,0.10104718,0.014419995,0.20423,4.70044,0.32122082
mit,call4,0.20406,0.08127174,0.01433,0.20406,4.70044,0.35041156
all,rl,0.18241,0.11783664,0.02064,0.18241,4.70044,0.2541129
mit,rl,0.17617,0.16860972,0.02302,0.17617,4.70044,0.086949885
