X var,Y var,MIC (strength),MIC-p^2 (nonlinearity),MAS (non-monotonicity),MEV (functionality),MCN (complexity),Linear regression (p)
all,call4,0.23991,0.19021139,0.05129999,0.23991,5.2479277,0.22293186
call4,rl,0.22172,0.1751942,0.03740999,0.22172,5.2479277,0.21569836
mit,call4,0.19201,0.17416868,0.01822,0.19201,5.2479277,0.1335714
all,rl,0.18983,0.15763693,0.02767001,0.18983,5.2479277,0.17942429
mit,all,0.18636,0.01570253,0.014119998,0.18636,5.2479277,0.4131071
mit,rl,0.18422,0.18361288,0.02945,0.18422,5.2479277,0.024639623
