X var,Y var,MIC (strength),MIC-p^2 (nonlinearity),MAS (non-monotonicity),MEV (functionality),MCN (complexity),Linear regression (p)
all,rl,0.42907,-0.20293266,0.052430004,0.42907,4.807355,0.79498595
mit,rl,0.24343,0.24239713,0.07753,0.24343,4.807355,-0.03213829
mit,all,0.20831,0.20809406,0.0413,0.20831,4.807355,-0.014694809
mit,call4,0.15499,0.14332837,0.12163,0.15499,4.807355,0.10798908
all,call4,0.13619,0.023830473,0.10282999,0.13619,4.807355,0.33520073
call4,rl,0.10183,-0.0882443,0.06847,0.10183,4.807355,0.4359751
