X var,Y var,MIC (strength),MIC-p^2 (nonlinearity),MAS (non-monotonicity),MEV (functionality),MCN (complexity),Linear regression (p)
all,rl,0.45794,-0.18581554,0.025880009,0.45794,5.2479277,0.8023438
mit,rl,0.35468,0.093319386,0.043469995,0.35468,5.087463,-0.5112344
mit,all,0.24972,0.08052513,0.035270005,0.24972,5.2479277,-0.41133305
mit,call4,0.18171,0.14128351,0.09498,0.18171,5.2479277,-0.20106341
all,call4,0.16999,0.168546,0.112280004,0.16999,5.2479277,-0.038000014
call4,rl,0.16535,0.15494396,0.102000006,0.16535,5.2479277,0.10201001
