X var,Y var,MIC (strength),MIC-p^2 (nonlinearity),MAS (non-monotonicity),MEV (functionality),MCN (complexity),Linear regression (p)
all,call4,0.22348,0.11349113,0.038190007,0.22348,5.2479277,0.3316457
call4,rl,0.21058,0.117108345,0.024960011,0.21058,5.2479277,0.30573136
mit,call4,0.18538,0.120697595,0.011709999,0.18538,5.2479277,0.25432736
all,rl,0.18427,0.116720356,0.03256999,0.18427,5.2479277,0.25990313
mit,rl,0.17517,0.16756462,0.019669995,0.17517,5.2479277,0.08720891
mit,all,0.16771,0.05670651,0.010439999,0.16771,5.2479277,0.33317187
