X var,Y var,MIC (strength),MIC-p^2 (nonlinearity),MAS (non-monotonicity),MEV (functionality),MCN (complexity),Linear regression (p)
mit,rl,0.34774,0.25846305,0.02958998,0.33875,5.087463,-0.29879248
all,rl,0.29164,0.01553154,0.016819991,0.28291,5.087463,0.52546024
mit,all,0.23147,0.21687359,0.04164,0.22466,5.087463,0.120815665
call4,rl,0.21227,0.19200134,0.14614001,0.20397,5.087463,-0.14236808
mit,call4,0.17161,0.1327447,0.09479,0.16381,5.087463,0.19714282
all,call4,0.16571,0.16554224,0.14926,0.15742,5.087463,0.012952248
