X var,Y var,MIC (strength),MIC-p^2 (nonlinearity),MAS (non-monotonicity),MEV (functionality),MCN (complexity),Linear regression (p)
mit,all,0.23597,0.023160473,0.041480005,0.23597,4.70044,0.46131283
call4,rl,0.23107,0.0140131265,0.023699999,0.23107,4.70044,0.46589363
all,call4,0.2151,0.034641415,0.017839998,0.2151,4.70044,0.42480418
mit,rl,0.20473,0.14838111,0.01523,0.20473,4.70044,0.2373792
mit,call4,0.20388,0.10294943,0.036139995,0.20388,4.70044,0.3176957
all,rl,0.19995,0.07633375,0.046660006,0.19995,4.70044,0.35159102
