X var,Y var,MIC (strength),MIC-p^2 (nonlinearity),MAS (non-monotonicity),MEV (functionality),MCN (complexity),Linear regression (p)
all,rl,0.4926,-0.19966671,0.05978,0.4878,5.0,0.83202565
mit,rl,0.33015,0.16915797,0.045990005,0.32058,5.0,-0.40123814
mit,all,0.21867,0.17531016,0.023260012,0.20991,5.0,-0.20823023
mit,call4,0.18985,0.15838638,0.13352,0.17874,5.0,-0.17737988
all,call4,0.18158,0.1302079,0.12594001,0.17205,5.0,0.22665416
call4,rl,0.1732,0.13784346,0.11947,0.16691,5.0,0.18803333
