X var,Y var,MIC (strength),MIC-p^2 (nonlinearity),MAS (non-monotonicity),MEV (functionality),MCN (complexity),Linear regression (p)
call4,rl,0.23835,0.19492537,0.01985,0.23835,5.087463,0.20838577
all,call4,0.18705,0.11958917,0.022709996,0.18705,5.087463,0.25973222
mit,all,0.17815,0.14538057,0.022009999,0.17815,5.087463,0.18102327
mit,call4,0.17773,0.08159913,0.02087,0.17773,5.087463,0.31004977
mit,rl,0.1723,0.16797659,0.035349995,0.1723,5.087463,-0.06575258
all,rl,0.16344,0.16301855,0.013890002,0.16344,5.087463,0.02052918
