X var,Y var,MIC (strength),MIC-p^2 (nonlinearity),MAS (non-monotonicity),MEV (functionality),MCN (complexity),Linear regression (p)
call4,rl,0.23021,0.18690638,0.022419997,0.23021,5.2479277,0.20809524
mit,all,0.22143,-0.011181861,0.031949997,0.22143,5.2479277,0.48229852
all,call4,0.21668,0.16590442,0.012380004,0.21668,5.2479277,0.22533439
mit,call4,0.21163,0.18288967,0.03513001,0.21163,5.2479277,0.16952972
all,rl,0.17361,0.15071079,0.01585,0.17361,5.2479277,0.15132487
mit,rl,0.16429,0.16397022,0.016729996,0.16429,5.2479277,0.01788229
