X var,Y var,MIC (strength),MIC-p^2 (nonlinearity),MAS (non-monotonicity),MEV (functionality),MCN (complexity),Linear regression (p)
all,call4,0.22678,-0.18493712,0.054989994,0.22678,5.087463,0.64165187
call4,rl,0.2238,-0.22398198,0.012079999,0.2238,5.087463,0.66916513
mit,all,0.18935,-0.23615907,0.025819995,0.18935,5.087463,0.65231055
mit,call4,0.18515,-0.18730357,0.00993,0.18515,5.087463,0.61028975
all,rl,0.16026,-0.10875104,0.021690004,0.16026,5.087463,0.51866275
mit,rl,0.15471,-0.14517388,0.01199,0.15471,5.087463,0.54761654
