X var,Y var,MIC (strength),MIC-p^2 (nonlinearity),MAS (non-monotonicity),MEV (functionality),MCN (complexity),Linear regression (p)
call4,rl,0.37186,0.036399484,0.03486,0.37186,4.9068904,0.57918954
mit,call4,0.22689,0.15234166,0.03148,0.22689,4.9068904,0.2730354
mit,all,0.19901,0.14146826,0.020219997,0.19901,4.9068904,0.2398786
all,call4,0.19244,0.1450479,0.02476,0.19244,4.9068904,0.21769726
all,rl,0.19116,0.16432692,0.031510003,0.19116,4.9068904,0.16380802
mit,rl,0.18672,0.14958167,0.011090003,0.18672,4.9068904,0.19271307
