X var,Y var,MIC (strength),MIC-p^2 (nonlinearity),MAS (non-monotonicity),MEV (functionality),MCN (complexity),Linear regression (p)
all,rl,0.5647,-0.08904874,0.044230014,0.5647,5.2479277,0.8085473
mit,all,0.46958,-0.020030707,0.07169001,0.46958,4.70044,-0.6997219
mit,rl,0.44864,-0.07789934,0.03852001,0.44864,5.2479277,-0.7256303
mit,call4,0.20229,0.19083975,0.13041,0.20229,5.2479277,-0.1070058
all,call4,0.16394,0.16391344,0.09567,0.16394,5.2479277,-0.0051530194
call4,rl,0.13534,0.13292293,0.062170006,0.13534,5.2479277,0.049163714
