X var,Y var,MIC (strength),MIC-p^2 (nonlinearity),MAS (non-monotonicity),MEV (functionality),MCN (complexity),Linear regression (p)
call4,rl,0.26524,0.09130752,0.027919993,0.26524,5.0,0.41705215
all,rl,0.19066,0.16371268,0.031780005,0.19066,5.0,0.16415638
all,call4,0.18634,0.09173868,0.013209999,0.18634,5.0,0.3075733
mit,all,0.17939,0.1403559,0.023400009,0.17939,5.0,0.1975705
mit,rl,0.17563,0.15393183,0.011220001,0.17563,5.0,0.147303
mit,call4,0.16829,0.16072176,0.013129994,0.16829,5.0,0.08699563
