X var,Y var,MIC (strength),MIC-p^2 (nonlinearity),MAS (non-monotonicity),MEV (functionality),MCN (complexity),Linear regression (p)
call4,rl,0.28554,0.052047595,0.030290008,0.27767,5.321928,0.48321053
all,call4,0.19321,-0.36250365,0.00945,0.18692,5.321928,0.74546206
mit,all,0.19298,0.0032120943,0.021040007,0.1854,5.321928,0.4356236
all,rl,0.18102,0.028661117,0.03580001,0.17357,5.321928,0.39033177
mit,rl,0.17617,0.14037003,0.022610001,0.16912,5.321928,0.18920882
mit,call4,0.17158,-0.014269009,0.014859989,0.16564,5.321928,0.4311021
