X var,Y var,MIC (strength),MIC-p^2 (nonlinearity),MAS (non-monotonicity),MEV (functionality),MCN (complexity),Linear regression (p)
call4,rl,0.32545,0.18070212,0.13881001,0.32545,4.70044,0.38045746
mit,all,0.27566,0.1331282,0.043589994,0.27566,4.70044,0.37753385
mit,rl,0.24821,0.23859449,0.07401,0.24821,4.70044,0.098058686
all,call4,0.24145,0.1374518,0.03278999,0.24145,4.70044,0.32248753
mit,call4,0.22106,0.13691336,0.028160006,0.22106,4.70044,0.2900804
all,rl,0.19987,0.15585929,0.016950004,0.19987,4.70044,0.20978731
