X var,Y var,MIC (strength),MIC-p^2 (nonlinearity),MAS (non-monotonicity),MEV (functionality),MCN (complexity),Linear regression (p)
call4,rl,0.24454,0.18881212,0.02034001,0.24454,5.087463,0.23606755
all,rl,0.2073,0.20606303,0.040329993,0.2073,5.087463,0.03517066
mit,rl,0.17503,0.16852953,0.05094999,0.17503,5.087463,-0.08062546
mit,all,0.17149,0.1482745,0.0119099915,0.17149,5.087463,0.15236636
mit,call4,0.16795,0.092919946,0.022069998,0.16795,5.087463,0.27391616
all,call4,0.16391,0.10716591,0.0113300085,0.16391,5.087463,0.23821019
