X var,Y var,MIC (strength),MIC-p^2 (nonlinearity),MAS (non-monotonicity),MEV (functionality),MCN (complexity),Linear regression (p)
call4,rl,0.27003,0.041654035,0.06438999,0.27003,4.807355,0.47788697
all,call4,0.23763,0.09374857,0.03858,0.23763,4.807355,0.37931705
mit,rl,0.20441,0.10329628,0.038299993,0.20441,4.807355,0.31798384
mit,all,0.19084,0.072724864,0.027330004,0.19084,4.807355,0.34367883
mit,call4,0.18498,0.13214377,0.017059997,0.18498,4.807355,0.22986136
all,rl,0.17673,0.07374739,0.021509998,0.17673,4.807355,0.32090905
