X var,Y var,MIC (strength),MIC-p^2 (nonlinearity),MAS (non-monotonicity),MEV (functionality),MCN (complexity),Linear regression (p)
all,rl,0.21186,-0.026055202,0.02099,0.20061,5.0,0.48776552
call4,rl,0.21093,-0.09688412,0.018379997,0.19981,5.0,0.55481
all,call4,0.18906,-0.047800466,0.01783,0.18173,5.0,0.48668313
mit,all,0.18583,-0.0974721,0.013070002,0.17605,5.0,0.5322613
mit,call4,0.18271,-0.07978143,0.020590007,0.17351,5.0,0.5123392
mit,rl,0.15953,-0.07372461,0.020040005,0.15009,5.0,0.4829644
