X var,Y var,MIC (strength),MIC-p^2 (nonlinearity),MAS (non-monotonicity),MEV (functionality),MCN (complexity),Linear regression (p)
mit,rl,0.22549,0.20093033,0.042390004,0.22549,5.2479277,-0.15671529
call4,rl,0.21888,0.08858515,0.045070007,0.21888,5.2479277,0.36096376
all,rl,0.19758,0.19610916,0.05145,0.19758,5.2479277,-0.03835144
mit,call4,0.17746,0.14588626,0.027390003,0.17746,5.2479277,-0.17769001
mit,all,0.16785,0.16739677,0.017889999,0.16785,5.2479277,-0.021289125
all,call4,0.15364,0.120098084,0.017669998,0.15364,5.2479277,-0.18314452
