X var,Y var,MIC (strength),MIC-p^2 (nonlinearity),MAS (non-monotonicity),MEV (functionality),MCN (complexity),Linear regression (p)
all,rl,0.45743,-0.11794829,0.026360005,0.45743,5.087463,0.75853693
mit,rl,0.31366,0.10175033,0.078289986,0.31366,4.9068904,-0.46033648
mit,all,0.23311,0.10897596,0.021510005,0.23311,5.087463,-0.3523266
mit,call4,0.20744,0.17566924,0.12753001,0.20744,5.087463,-0.17824356
all,call4,0.20317,0.18146634,0.1591,0.20317,5.087463,0.14732161
call4,rl,0.15126,0.07123852,0.09392001,0.15126,5.087463,0.2828807
