X var,Y var,MIC (strength),MIC-p^2 (nonlinearity),MAS (non-monotonicity),MEV (functionality),MCN (complexity),Linear regression (p)
all,rl,0.33971,-0.030310601,0.038880005,0.33971,4.9068904,0.6082932
call4,rl,0.24793,0.06739488,0.11869,0.24793,4.9068904,0.42489424
mit,rl,0.22922,0.17912886,0.03679,0.22922,4.9068904,-0.22381051
mit,call4,0.19447,0.1931382,0.07377,0.19447,4.9068904,-0.03649392
mit,all,0.19186,0.19172543,0.05052001,0.19186,4.9068904,-0.011600837
all,call4,0.16524,0.13215928,0.0842,0.16524,4.9068904,0.18188107
