X var,Y var,MIC (strength),MIC-p^2 (nonlinearity),MAS (non-monotonicity),MEV (functionality),MCN (complexity),Linear regression (p)
call4,rl,0.34791,0.01551953,0.025859997,0.34791,4.9068904,0.57653314
mit,rl,0.22453,0.19874127,0.03796999,0.22453,4.9068904,0.1605887
mit,all,0.21407,0.14782488,0.025339998,0.21407,4.9068904,0.25738126
all,rl,0.20191,0.17757893,0.020400003,0.20191,4.9068904,0.15598421
mit,call4,0.1978,0.1279276,0.021469995,0.1978,4.9068904,0.26433387
all,call4,0.18148,0.12370882,0.017069995,0.18148,4.9068904,0.24035637
