X var,Y var,MIC (strength),MIC-p^2 (nonlinearity),MAS (non-monotonicity),MEV (functionality),MCN (complexity),Linear regression (p)
mit,rl,0.41133,0.18178822,0.070930004,0.40217,5.0,-0.4791052
all,rl,0.29247,0.15245411,0.037290007,0.28485,5.0,0.374187
mit,all,0.22173,0.22161005,0.054809995,0.21364,5.0,0.010951734
mit,call4,0.19233,0.17272381,0.16911,0.18404,5.0,0.14002208
call4,rl,0.15749,0.15573126,0.13635,0.1501,5.0,-0.041937415
all,call4,0.15658,0.15220316,0.14167,0.14788,5.0,0.06615774
