X var,Y var,MIC (strength),MIC-p^2 (nonlinearity),MAS (non-monotonicity),MEV (functionality),MCN (complexity),Linear regression (p)
call4,rl,0.24094,0.12795207,0.014090002,0.23014,5.0,0.3361368
all,call4,0.21765,0.1981963,0.009750001,0.20727,5.0,0.13947646
all,rl,0.21699,0.20800622,0.036400005,0.20372,5.0,0.09478276
mit,all,0.20587,0.18406819,0.04671,0.19682,5.0,0.14765438
mit,rl,0.20354,0.18896511,0.026610002,0.19182,5.0,0.12072646
mit,call4,0.18427,0.073381014,0.035170004,0.17579,5.0,0.33299997
