X var,Y var,MIC (strength),MIC-p^2 (nonlinearity),MAS (non-monotonicity),MEV (functionality),MCN (complexity),Linear regression (p)
all,rl,0.46025,-0.07333711,0.038180023,0.46025,5.087463,0.7304705
mit,rl,0.40288,-0.024900585,0.116390005,0.40288,4.4594316,-0.6540494
mit,all,0.31985,0.0951411,0.055449992,0.31985,5.087463,-0.4740347
call4,rl,0.23968,0.08738309,0.08699001,0.23968,5.087463,0.39025238
mit,call4,0.2319,0.14516646,0.09109001,0.2319,5.087463,-0.2945056
all,call4,0.18035,0.118326515,0.031980008,0.18035,5.087463,0.24904516
