X var,Y var,MIC (strength),MIC-p^2 (nonlinearity),MAS (non-monotonicity),MEV (functionality),MCN (complexity),Linear regression (p)
all,rl,0.34353,0.13227047,0.02612999,0.33206,5.0,0.45962977
mit,all,0.19804,0.17466776,0.01963,0.18805,5.0,0.15287982
mit,call4,0.18295,0.1779965,0.16897,0.17535,5.0,0.070381165
mit,rl,0.17627,0.17342375,0.02279,0.16708,5.0,-0.05335017
all,call4,0.15106,0.15096237,0.14017001,0.14089,5.0,-0.009880893
call4,rl,0.08759,0.085663036,0.07543,0.08391,5.0,-0.043897234
