X var,Y var,MIC (strength),MIC-p^2 (nonlinearity),MAS (non-monotonicity),MEV (functionality),MCN (complexity),Linear regression (p)
call4,rl,0.34089,0.04398957,0.020579994,0.34089,4.9068904,0.5448857
all,rl,0.20781,0.19464943,0.024519995,0.20781,4.9068904,0.11471954
mit,all,0.19727,0.11768104,0.03339,0.19727,4.9068904,0.28211516
mit,rl,0.19572,0.18417612,0.03643,0.19572,4.9068904,0.10744246
mit,call4,0.19514,0.13486938,0.019839998,0.19514,4.9068904,0.24550076
all,call4,0.18882,0.13578723,0.016450003,0.18882,4.9068904,0.23028845
