X var,Y var,MIC (strength),MIC-p^2 (nonlinearity),MAS (non-monotonicity),MEV (functionality),MCN (complexity),Linear regression (p)
call4,rl,0.25993,0.14493728,0.016609997,0.24997,5.0,0.33910578
all,call4,0.23637,0.2054632,0.040700004,0.22647,5.0,0.1758033
mit,call4,0.20878,0.11939232,0.034780003,0.19941,5.0,0.29897773
mit,all,0.19435,0.17199273,0.037809998,0.18664,5.0,0.14952347
all,rl,0.19329,0.18120895,0.02894999,0.18462,5.0,0.10991381
mit,rl,0.18505,0.16993096,0.018540002,0.17271,5.0,0.122959495
