X var,Y var,MIC (strength),MIC-p^2 (nonlinearity),MAS (non-monotonicity),MEV (functionality),MCN (complexity),Linear regression (p)
all,call4,0.20694,-0.27982113,0.023110002,0.20694,5.2479277,0.6976827
mit,all,0.20499,-0.27324632,0.04186,0.20499,5.2479277,0.6915463
mit,call4,0.19418,-0.306579,0.032999992,0.19418,5.2479277,0.7076433
all,rl,0.18558,-0.096520916,0.010969996,0.18558,5.2479277,0.53113174
mit,rl,0.18211,-0.056289688,0.04546,0.18211,5.2479277,0.4882619
call4,rl,0.16328,-0.16795047,0.017690003,0.16328,5.2479277,0.57552624
