X var,Y var,MIC (strength),MIC-p^2 (nonlinearity),MAS (non-monotonicity),MEV (functionality),MCN (complexity),Linear regression (p)
call4,rl,0.23665,0.10604471,0.01681,0.23665,5.087463,0.36139354
all,call4,0.1892,0.111041024,0.02561,0.1892,5.087463,0.27956927
all,rl,0.17513,0.16297927,0.02714999,0.17513,5.087463,0.110230304
mit,rl,0.17078,0.16925319,0.033450007,0.17078,5.087463,-0.03907448
mit,all,0.16924,0.14027017,0.01348,0.16924,5.087463,0.17020524
mit,call4,0.15638,0.10222009,0.016359996,0.15638,5.087463,0.23272282
