X var,Y var,MIC (strength),MIC-p^2 (nonlinearity),MAS (non-monotonicity),MEV (functionality),MCN (complexity),Linear regression (p)
all,rl,0.33476,0.14818458,0.020810008,0.32664,5.0,0.43194377
mit,rl,0.31961,0.24404615,0.05956,0.30786,5.0,-0.27488878
mit,all,0.20836,0.174399,0.017030004,0.19891,5.0,-0.18428509
mit,call4,0.18322,0.17437758,0.13556,0.17306,5.0,0.094034135
call4,rl,0.17775,0.17082489,0.14006001,0.17039,5.0,-0.08321733
all,call4,0.17306,0.16790077,0.1533,0.16086,5.0,0.07182774
