X var,Y var,MIC (strength),MIC-p^2 (nonlinearity),MAS (non-monotonicity),MEV (functionality),MCN (complexity),Linear regression (p)
call4,rl,0.43216,0.35439774,0.04800999,0.43216,4.70044,0.2788588
all,call4,0.31602,0.30947772,0.15799999,0.31602,4.70044,-0.08088449
mit,rl,0.27257,0.2582211,0.05991,0.27257,4.70044,0.11978697
mit,all,0.27019,0.25552016,0.04438001,0.27019,4.70044,-0.12111908
mit,call4,0.23603,0.23562706,0.03345999,0.23603,4.70044,-0.02007334
all,rl,0.23058,0.20555952,0.04062,0.23058,4.70044,0.15817864
