X var,Y var,MIC (strength),MIC-p^2 (nonlinearity),MAS (non-monotonicity),MEV (functionality),MCN (complexity),Linear regression (p)
all,rl,0.53751,-0.11038172,0.064200014,0.52849,5.0,0.8049172
mit,rl,0.28534,0.22628678,0.017439991,0.27268,5.0,-0.2430087
mit,all,0.24831,0.20072852,0.01884,0.23867,5.0,-0.21813178
mit,call4,0.21264,0.20577615,0.17565,0.20439,5.0,-0.08284834
all,call4,0.15324,0.13033038,0.121249996,0.14688,5.0,0.15135923
call4,rl,0.11502,0.10369283,0.08586,0.10866,5.0,0.10642918
