X var,Y var,MIC (strength),MIC-p^2 (nonlinearity),MAS (non-monotonicity),MEV (functionality),MCN (complexity),Linear regression (p)
call4,rl,0.27462,0.073917314,0.0511,0.27462,5.087463,0.44799852
mit,all,0.19239,0.11364968,0.043599993,0.19239,5.087463,0.28060704
all,rl,0.17123,0.12842599,0.022139996,0.17123,5.087463,0.20689133
mit,rl,0.17085,0.1633024,0.032979995,0.17085,5.087463,0.086876854
mit,call4,0.16925,0.12270411,0.012779996,0.16925,5.087463,0.21574496
all,call4,0.16502,0.09220461,0.016379997,0.16502,5.087463,0.26984328
