X var,Y var,MIC (strength),MIC-p^2 (nonlinearity),MAS (non-monotonicity),MEV (functionality),MCN (complexity),Linear regression (p)
call4,rl,0.26904,0.08536735,0.02836001,0.26904,5.087463,0.42857045
all,rl,0.21228,0.17944424,0.016740002,0.21228,5.087463,0.18120642
mit,call4,0.21118,0.17870434,0.018869996,0.21118,5.087463,0.18021005
mit,all,0.19492,0.09752904,0.036029994,0.19492,5.087463,0.31207526
mit,rl,0.19429,0.19238,0.02865,0.19429,5.087463,0.04370351
all,call4,0.19388,0.12977639,0.02206,0.19388,5.087463,0.25318694
