X var,Y var,MIC (strength),MIC-p^2 (nonlinearity),MAS (non-monotonicity),MEV (functionality),MCN (complexity),Linear regression (p)
mit,all,0.21443,0.212487,0.022090003,0.21443,5.2479277,0.044079516
all,call4,0.20287,0.18957227,0.074,0.20287,5.2479277,-0.115315735
all,rl,0.19756,0.19755994,0.028379992,0.19756,5.2479277,2.465645E-4
call4,rl,0.1723,0.08854021,0.039410003,0.1723,5.2479277,0.28941283
mit,call4,0.16871,0.14421013,0.045509994,0.16871,5.2479277,-0.15652432
mit,rl,0.1639,0.15218718,0.0096799955,0.1639,5.2479277,-0.10822576
