X var,Y var,MIC (strength),MIC-p^2 (nonlinearity),MAS (non-monotonicity),MEV (functionality),MCN (complexity),Linear regression (p)
call4,rl,0.2893,0.011726141,0.011679992,0.2893,5.0,0.5268528
mit,all,0.21999,0.13370438,0.038009994,0.21999,5.0,0.29374415
all,call4,0.20996,0.037541375,0.035170004,0.20996,5.0,0.41523322
mit,call4,0.20103,0.14246029,0.036620006,0.20103,5.0,0.2420118
all,rl,0.20037,0.15581551,0.013149999,0.20037,5.0,0.21107933
mit,rl,0.17465,0.14400738,0.023550004,0.17465,5.0,0.1750503
