X var,Y var,MIC (strength),MIC-p^2 (nonlinearity),MAS (non-monotonicity),MEV (functionality),MCN (complexity),Linear regression (p)
call4,rl,0.27861,0.08717145,0.0668,0.27861,4.70044,0.4375369
mit,all,0.26323,0.085743815,0.03222999,0.26323,4.70044,0.42129108
mit,call4,0.24704,0.15098743,0.022079997,0.24704,4.70044,0.3099235
all,rl,0.2365,0.17645198,0.031110004,0.2365,4.70044,0.24504696
all,call4,0.23229,0.11569921,0.019149996,0.23229,4.70044,0.34145394
mit,rl,0.18743,0.17675208,0.030489996,0.18743,4.70044,0.10333403
