X var,Y var,MIC (strength),MIC-p^2 (nonlinearity),MAS (non-monotonicity),MEV (functionality),MCN (complexity),Linear regression (p)
call4,rl,0.34942,0.0909861,0.048480004,0.34942,4.9068904,0.50836396
mit,rl,0.22762,0.21890852,0.03331001,0.22762,4.9068904,0.093335375
all,call4,0.21121,0.14817107,0.0127799995,0.21121,4.9068904,0.25107557
mit,call4,0.20548,0.14655271,0.021119997,0.20548,4.9068904,0.24274941
mit,all,0.20056,0.09385858,0.02223,0.20056,4.9068904,0.32665184
all,rl,0.16901,0.16307653,0.022520006,0.16901,4.9068904,0.07702899
