X var,Y var,MIC (strength),MIC-p^2 (nonlinearity),MAS (non-monotonicity),MEV (functionality),MCN (complexity),Linear regression (p)
call4,rl,0.29598,0.23082486,0.047570005,0.28544,4.807355,0.25525507
mit,all,0.22249,0.20064959,0.012960002,0.21028,4.807355,0.147785
mit,call4,0.21644,0.19279529,0.026660003,0.20543,4.807355,0.15376838
mit,rl,0.21386,0.18255025,0.03023,0.20439,4.807355,0.17694563
all,call4,0.21282,0.18409163,0.026149996,0.20077,4.807355,0.16949444
all,rl,0.21113,0.16010724,0.020149998,0.19943,4.807355,0.22588216
