X var,Y var,MIC (strength),MIC-p^2 (nonlinearity),MAS (non-monotonicity),MEV (functionality),MCN (complexity),Linear regression (p)
all,rl,0.52048,0.11102158,0.05634001,0.52048,4.321928,0.63988936
call4,rl,0.3792,0.28045508,0.119400024,0.3792,4.321928,0.31423706
mit,all,0.37871,0.27294958,0.053490013,0.37871,4.321928,-0.32520828
all,call4,0.34614,0.3068133,0.17375,0.34614,4.321928,0.1983096
mit,rl,0.34365,0.25020444,0.057830006,0.34365,4.321928,-0.3056887
mit,call4,0.28869,0.114023715,0.13016,0.28869,4.321928,-0.41793096
