X var,Y var,MIC (strength),MIC-p^2 (nonlinearity),MAS (non-monotonicity),MEV (functionality),MCN (complexity),Linear regression (p)
all,rl,0.52527,-0.26162487,0.11451998,0.50149,4.321928,0.88707095
mit,rl,0.24385,0.21963242,0.07615,0.22561,4.321928,-0.15561996
mit,all,0.24084,0.20406875,0.040319994,0.22934,4.321928,-0.19175833
mit,call4,0.17647,0.17641531,0.13686,0.17647,4.169925,0.0073954556
all,call4,0.09915,0.09473657,0.07247,0.09915,4.169925,-0.06643365
call4,rl,0.02329,0.0182966,0.0,0.02329,2.0,-0.070663996
