X var,Y var,MIC (strength),MIC-p^2 (nonlinearity),MAS (non-monotonicity),MEV (functionality),MCN (complexity),Linear regression (p)
call4,rl,0.32666,0.10567629,0.024360001,0.31509,4.807355,0.47008905
mit,rl,0.21399,0.12939593,0.021300003,0.20217,4.807355,0.2908506
all,rl,0.20778,0.09971501,0.028959997,0.19403,4.807355,0.3287324
mit,all,0.19798,0.1240794,0.028180003,0.18604,4.807355,0.27184665
mit,call4,0.19444,0.13047546,0.041179992,0.18375,4.807355,0.25291213
all,call4,0.17472,0.113529764,0.031660005,0.16413,4.807355,0.2473666
