X var,Y var,MIC (strength),MIC-p^2 (nonlinearity),MAS (non-monotonicity),MEV (functionality),MCN (complexity),Linear regression (p)
all,call4,0.23576,0.07545045,0.019610003,0.23576,4.4594316,0.40038675
all,rl,0.20179,0.1034508,0.0268,0.20179,4.4594316,0.31359082
mit,all,0.18989,-0.026386917,0.030309997,0.18989,4.4594316,0.46505582
mit,call4,0.18635,-0.060741752,0.012509994,0.18635,4.4594316,0.49708325
mit,rl,0.18596,0.070168786,0.010119997,0.18596,4.4594316,0.34028107
call4,rl,0.17183,-0.013718754,0.037949994,0.17183,4.4594316,0.4307537
