X var,Y var,MIC (strength),MIC-p^2 (nonlinearity),MAS (non-monotonicity),MEV (functionality),MCN (complexity),Linear regression (p)
mit,rl,0.31274,0.21193138,0.11317,0.29227,4.321928,0.31750372
mit,all,0.26764,0.13171794,0.09233999,0.24713,4.321928,0.3686761
mit,call4,0.2657,0.2084225,0.065979995,0.2491,4.321928,0.23932722
call4,rl,0.23499,0.18289043,0.029579997,0.21135,4.321928,0.2282533
all,rl,0.23467,0.13243008,0.054020002,0.21946,4.321928,0.31974977
all,call4,0.22734,0.18981008,0.021850005,0.20739,4.321928,0.19372639
