X var,Y var,MIC (strength),MIC-p^2 (nonlinearity),MAS (non-monotonicity),MEV (functionality),MCN (complexity),Linear regression (p)
all,rl,0.36253,-0.5550293,0.11133999,0.34428,4.321928,0.95789313
mit,all,0.25234,0.24399203,0.025129989,0.2333,4.321928,0.09136715
mit,call4,0.23629,0.23585296,0.14721,0.21483,4.321928,-0.020905547
mit,rl,0.19278,0.19189993,0.04162,0.17569,4.321928,-0.029666193
all,call4,0.18901,-0.5966172,0.096599996,0.17028,4.321928,0.8863562
call4,rl,0.15844,-0.7095458,0.049069993,0.1552,4.321928,0.93165755
