X var,Y var,MIC (strength),MIC-p^2 (nonlinearity),MAS (non-monotonicity),MEV (functionality),MCN (complexity),Linear regression (p)
call4,rl,0.34003,0.21209478,0.033849984,0.32847,4.4594316,0.35768035
mit,all,0.265,0.23377725,0.039900005,0.24702,4.4594316,0.17669955
mit,rl,0.24208,0.18029155,0.04467,0.22208,4.4594316,0.24857283
all,call4,0.21923,0.21023709,0.036500007,0.20271,4.4594316,0.09483096
all,rl,0.19123,0.16260405,0.018709995,0.17719,4.4594316,0.16919206
mit,call4,0.1904,0.17299889,0.014980003,0.17465,4.4594316,0.1319133
