X var,Y var,MIC (strength),MIC-p^2 (nonlinearity),MAS (non-monotonicity),MEV (functionality),MCN (complexity),Linear regression (p)
all,rl,0.40367,0.34853137,0.08930999,0.39579,4.4594316,0.23481622
call4,rl,0.27268,0.110931724,0.13026002,0.26337,4.4594316,0.40217942
mit,rl,0.26462,0.24889058,0.0863,0.24587,4.4594316,0.12541701
mit,all,0.2502,0.20127282,0.050329998,0.23655,4.4594316,-0.22119492
all,call4,0.20864,0.20720398,0.13966,0.19326,4.4594316,-0.037894707
mit,call4,0.19421,0.19292769,0.12526,0.17789,4.4594316,0.035809197
