X var,Y var,MIC (strength),MIC-p^2 (nonlinearity),MAS (non-monotonicity),MEV (functionality),MCN (complexity),Linear regression (p)
all,rl,0.47568,-0.18812203,0.05677998,0.46376,4.807355,0.8147405
mit,rl,0.30809,0.2803462,0.022709996,0.29633,4.807355,-0.16656469
mit,all,0.26671,0.25919273,0.06133002,0.25121,4.807355,-0.08670222
all,call4,0.22489,0.03181976,0.122829996,0.21253,4.807355,0.43939757
call4,rl,0.20906,0.06447533,0.1183,0.198,4.807355,0.3802429
mit,call4,0.20639,0.20403428,0.118879996,0.19475,4.807355,0.048535686
