X var,Y var,MIC (strength),MIC-p^2 (nonlinearity),MAS (non-monotonicity),MEV (functionality),MCN (complexity),Linear regression (p)
all,rl,0.54257,0.54166317,0.051990032,0.54257,4.4594316,0.030113898
mit,all,0.30688,0.3025739,0.02076,0.30688,4.4594316,-0.06562104
mit,rl,0.22885,0.15732107,0.0299,0.22885,4.4594316,0.26744896
mit,call4,0.17466,0.15948343,0.14806,0.17466,4.4594316,-0.12319318
call4,rl,0.17139,0.1551624,0.14886999,0.17139,4.4594316,-0.1273876
all,call4,0.16924,0.16887118,0.14134,0.16924,4.4594316,-0.019204592
