X var,Y var,MIC (strength),MIC-p^2 (nonlinearity),MAS (non-monotonicity),MEV (functionality),MCN (complexity),Linear regression (p)
call4,rl,0.4106,0.27537656,0.11094001,0.38889,4.0,0.36772743
mit,all,0.39092,0.287538,0.056310028,0.34794,4.0,0.32153076
mit,rl,0.30475,0.29569858,0.061570004,0.27091,4.0,0.09513883
mit,call4,0.26753,0.25317875,0.041819997,0.2489,4.0,0.11979666
all,call4,0.24395,0.19791305,0.044719994,0.21535,4.0,0.21456222
all,rl,0.21459,0.20994824,0.03385,0.18981,4.0,0.068130404
