X var,Y var,MIC (strength),MIC-p^2 (nonlinearity),MAS (non-monotonicity),MEV (functionality),MCN (complexity),Linear regression (p)
call4,rl,0.28369,0.158865,0.0545,0.28369,4.4594316,0.35330582
all,call4,0.24654,0.22910376,0.059809998,0.24654,4.4594316,0.13204636
all,rl,0.22952,0.21330355,0.042409986,0.22952,4.4594316,0.12734382
mit,rl,0.22458,0.21311031,0.029379994,0.22458,4.4594316,0.10709666
mit,all,0.20789,0.17657347,0.03566,0.20789,4.4594316,0.17696479
mit,call4,0.18789,0.17178582,0.02107,0.18789,4.4594316,0.12690222
