X var,Y var,MIC (strength),MIC-p^2 (nonlinearity),MAS (non-monotonicity),MEV (functionality),MCN (complexity),Linear regression (p)
call4,rl,0.39025,0.19014923,0.088939995,0.36563,4.0,0.44732624
mit,all,0.31416,0.20598291,0.05453001,0.28839,4.0,0.32890284
mit,call4,0.26164,0.23065558,0.018350005,0.23567,4.0,0.17602395
all,call4,0.25558,0.17749475,0.07191,0.23553,4.0,0.2794374
all,rl,0.21926,0.18519263,0.04917001,0.19191,4.0,0.1845735
mit,rl,0.21364,0.17288563,0.029059991,0.19351,4.0,0.20187712
