X var,Y var,MIC (strength),MIC-p^2 (nonlinearity),MAS (non-monotonicity),MEV (functionality),MCN (complexity),Linear regression (p)
mit,all,0.2761,0.24373111,0.052000016,0.2761,4.4594316,0.1799136
call4,rl,0.24985,0.17479867,0.04175,0.24985,4.4594316,0.273955
mit,rl,0.23903,0.21464366,0.028559998,0.23903,4.4594316,0.15616131
all,call4,0.20652,0.19453079,0.025090002,0.20652,4.4594316,0.10949528
mit,call4,0.20646,0.16852781,0.012209997,0.20646,4.4594316,0.19476189
all,rl,0.20489,0.20257099,0.03521,0.20489,4.4594316,0.04815613
