X var,Y var,MIC (strength),MIC-p^2 (nonlinearity),MAS (non-monotonicity),MEV (functionality),MCN (complexity),Linear regression (p)
call4,rl,0.30261,-0.040654898,0.03538999,0.29044,4.807355,0.58588815
all,rl,0.24344,0.15912826,0.04731001,0.23025,4.807355,0.29036483
mit,call4,0.24077,0.19067946,0.056040004,0.22823,4.807355,0.22380917
mit,rl,0.2146,0.18639618,0.014610007,0.20343,4.807355,0.1679399
all,call4,0.2122,0.13620377,0.047989994,0.19914,4.807355,0.27567416
mit,all,0.20828,0.18812388,0.05889,0.19386,4.807355,0.14197221
