X var,Y var,MIC (strength),MIC-p^2 (nonlinearity),MAS (non-monotonicity),MEV (functionality),MCN (complexity),Linear regression (p)
call4,rl,0.2865,0.19998918,0.047960013,0.2865,4.321928,0.29412723
mit,all,0.24834,0.16058916,0.059599996,0.24834,4.321928,0.29622766
mit,rl,0.23545,0.2337445,0.06999999,0.23545,4.321928,0.04129762
all,call4,0.22844,0.17245004,0.062129997,0.22844,4.321928,0.236622
mit,call4,0.19754,0.18972582,0.025309995,0.19754,4.321928,0.088397905
all,rl,0.18786,0.120606944,0.016640007,0.18786,4.321928,0.25933194
