X var,Y var,MIC (strength),MIC-p^2 (nonlinearity),MAS (non-monotonicity),MEV (functionality),MCN (complexity),Linear regression (p)
mit,rl,0.25474,0.12070781,0.042099997,0.23704,4.4594316,0.36610407
call4,rl,0.24715,0.2238744,0.01799,0.23131,4.4594316,0.15256341
all,rl,0.24103,0.23142265,0.024489999,0.22182,4.4594316,0.09801707
mit,call4,0.22286,0.20375767,0.026260003,0.20603,4.4594316,0.13821116
all,call4,0.21262,0.21082166,0.03892,0.19749,4.4594316,0.042406935
mit,all,0.18105,0.17937247,0.010509998,0.16702,4.4594316,0.0409576
