X var,Y var,MIC (strength),MIC-p^2 (nonlinearity),MAS (non-monotonicity),MEV (functionality),MCN (complexity),Linear regression (p)
all,call4,0.29031,0.20348844,0.060499996,0.26899,4.321928,0.29465497
mit,rl,0.2529,0.16235225,0.06102,0.23806,4.321928,0.30091155
all,rl,0.22652,0.125166,0.019319996,0.20373,4.321928,0.31836143
mit,call4,0.21918,0.16343552,0.038839996,0.20541,4.321928,0.2361027
call4,rl,0.21544,0.15854073,0.054400012,0.19483,4.321928,0.23853569
mit,all,0.2037,0.13090949,0.026320003,0.18538,4.321928,0.26979718
