X var,Y var,MIC (strength),MIC-p^2 (nonlinearity),MAS (non-monotonicity),MEV (functionality),MCN (complexity),Linear regression (p)
all,call4,0.2735,0.2312034,0.08051999,0.25646,4.807355,0.20566136
all,rl,0.25358,0.19001034,0.053619996,0.23952,4.807355,0.25213027
call4,rl,0.23565,0.094438106,0.01636,0.22594,4.807355,0.37578171
mit,rl,0.2185,0.18982126,0.018230006,0.20626,4.807355,0.16934802
mit,all,0.19988,0.17767166,0.026560001,0.18633,4.807355,0.14902467
mit,call4,0.18778,0.17118458,0.03324999,0.17726,4.807355,0.12882316
