X var,Y var,MIC (strength),MIC-p^2 (nonlinearity),MAS (non-monotonicity),MEV (functionality),MCN (complexity),Linear regression (p)
all,rl,0.52109,0.19394937,0.020359993,0.51115,4.807355,0.57196206
mit,rl,0.44229,0.2894678,0.12794,0.4256,4.807355,-0.39092478
mit,all,0.40193,0.3738385,0.0846,0.39097,4.807355,-0.16760513
all,call4,0.2503,0.06084104,0.14385998,0.24216,4.807355,0.43526882
mit,call4,0.23488,0.23156616,0.19117,0.22132,4.807355,0.057565976
call4,rl,0.17557,0.10823277,0.10137,0.16534,4.807355,0.2594942
