X var,Y var,MIC (strength),MIC-p^2 (nonlinearity),MAS (non-monotonicity),MEV (functionality),MCN (complexity),Linear regression (p)
call4,rl,0.03366,0.02037326,0.020289999,0.03366,3.0,0.11526811
mit,rl,0.03188,0.031718668,0.010329999,0.02559,4.169925,-0.012701567
all,call4,0.03062,0.0010527465,0.0054899994,0.03062,3.0,0.17195131
all,rl,0.02611,0.022550737,0.012030001,0.02611,3.5849626,-0.059659563
mit,call4,0.02362,0.0124525055,0.0,0.02362,2.0,-0.10567637
mit,all,0.01669,0.009836483,7.800013E-4,0.01669,3.0,-0.08278598
