X var,Y var,MIC (strength),MIC-p^2 (nonlinearity),MAS (non-monotonicity),MEV (functionality),MCN (complexity),Linear regression (p)
call4,rl,0.35231,0.29571077,0.020500004,0.33397,4.4594316,0.23790595
mit,all,0.2593,0.24851194,0.02474001,0.23916,4.4594316,0.10386556
mit,rl,0.25385,0.18451364,0.043200016,0.23292,4.4594316,0.263318
mit,call4,0.22322,0.20885023,0.05509001,0.20282,4.4594316,0.11987395
all,call4,0.20268,0.19680549,0.023889996,0.18463,4.4594316,0.07664534
all,rl,0.20043,0.18994044,0.01861,0.18482,4.4594316,0.102418624
