X var,Y var,MIC (strength),MIC-p^2 (nonlinearity),MAS (non-monotonicity),MEV (functionality),MCN (complexity),Linear regression (p)
mit,all,0.26791,0.24307774,0.054580003,0.26791,4.321928,0.15758257
mit,rl,0.23963,0.22682257,0.037540004,0.23963,4.321928,0.113169916
mit,call4,0.22456,0.22438079,0.05696,0.22456,4.321928,0.0133866565
all,rl,0.2217,0.18891555,0.04907,0.2217,4.321928,0.18106478
call4,rl,0.1916,0.16327317,0.045180008,0.1916,4.321928,0.16830574
all,call4,0.19157,0.16588077,0.021349996,0.19157,4.321928,0.16027862
