X var,Y var,MIC (strength),MIC-p^2 (nonlinearity),MAS (non-monotonicity),MEV (functionality),MCN (complexity),Linear regression (p)
all,rl,0.54379,-0.0033182502,0.073489994,0.54379,4.0,0.73966765
mit,all,0.25941,0.25063628,0.02974999,0.24046,4.321928,-0.09366818
all,call4,0.23168,0.2271325,0.19383001,0.21872,4.321928,-0.06743525
mit,rl,0.22377,0.2059459,0.03926,0.19968,4.321928,-0.13350692
mit,call4,0.17815,0.17813192,0.13889,0.16655,4.321928,-0.0042511206
call4,rl,0.14124,0.13444842,0.08944,0.14033,4.321928,-0.082411036
