X var,Y var,MIC (strength),MIC-p^2 (nonlinearity),MAS (non-monotonicity),MEV (functionality),MCN (complexity),Linear regression (p)
all,call4,0.26292,0.0827177,0.023679994,0.23655,4.321928,0.4245024
mit,rl,0.24395,-0.04361342,0.03289,0.22428,4.321928,0.5362494
mit,all,0.23458,-0.03459494,0.049569994,0.21438,4.321928,0.5188207
call4,rl,0.21716,0.023910508,0.018310003,0.19511,4.321928,0.4396015
all,rl,0.21053,-0.008813143,0.027029991,0.19252,4.321928,0.46834084
mit,call4,0.2102,0.008377016,0.019019991,0.19011,4.321928,0.44924712
