X var,Y var,MIC (strength),MIC-p^2 (nonlinearity),MAS (non-monotonicity),MEV (functionality),MCN (complexity),Linear regression (p)
call4,rl,0.25074,-0.19279402,0.019000009,0.25074,4.321928,0.6659835
all,rl,0.24504,-0.13229647,0.043620005,0.24504,4.321928,0.6142772
mit,rl,0.22854,-0.08620739,0.020069994,0.22854,4.321928,0.56102353
all,call4,0.22743,-0.1330031,0.036180004,0.22743,4.321928,0.6003608
mit,call4,0.22725,-0.058319405,0.04666999,0.22725,4.321928,0.53438693
mit,all,0.22659,-0.15267159,0.04512001,0.22659,4.321928,0.61584216
