X var,Y var,MIC (strength),MIC-p^2 (nonlinearity),MAS (non-monotonicity),MEV (functionality),MCN (complexity),Linear regression (p)
mit,all,0.25376,0.076176316,0.08960001,0.25376,4.4594316,0.4214068
mit,rl,0.23017,0.16660357,0.07888,0.23017,4.4594316,0.25212386
call4,rl,0.21234,0.06413318,0.035809994,0.21234,4.4594316,0.3849764
all,call4,0.20791,0.10023857,0.013939999,0.20791,4.4594316,0.32813326
mit,call4,0.18843,0.027834773,0.01981999,0.18843,4.4594316,0.40074334
all,rl,0.18104,0.11498961,0.027490001,0.18104,4.4594316,0.2570027
