X var,Y var,MIC (strength),MIC-p^2 (nonlinearity),MAS (non-monotonicity),MEV (functionality),MCN (complexity),Linear regression (p)
all,call4,0.29845,0.23678988,0.014679998,0.28307,4.321928,0.24831453
all,rl,0.22864,0.22855292,0.025169998,0.20329,4.321928,-0.009331737
mit,call4,0.22562,0.2016726,0.025450006,0.19944,4.321928,0.1547495
mit,rl,0.19958,0.19746844,0.033469997,0.17797,4.321928,-0.045951582
call4,rl,0.19559,0.16843064,0.03281,0.17621,4.321928,0.16480097
mit,all,0.18249,0.18139823,0.015140012,0.16569,4.321928,0.03304199
