X var,Y var,MIC (strength),MIC-p^2 (nonlinearity),MAS (non-monotonicity),MEV (functionality),MCN (complexity),Linear regression (p)
call4,rl,0.38103,-0.12268624,0.029599994,0.36529,4.807355,0.7097297
all,call4,0.23233,-0.031132638,0.017169997,0.21693,4.807355,0.5132861
mit,rl,0.21943,-0.12104076,0.039210007,0.20431,4.807355,0.5834987
all,rl,0.21653,-0.06016183,0.027889997,0.20103,4.807355,0.52601504
mit,all,0.21057,-0.111877725,0.02409,0.19763,4.807355,0.5678448
mit,call4,0.19399,-0.112893865,0.013109997,0.17975,4.807355,0.553971
