X var,Y var,MIC (strength),MIC-p^2 (nonlinearity),MAS (non-monotonicity),MEV (functionality),MCN (complexity),Linear regression (p)
call4,rl,0.28999,0.1596463,0.04088001,0.28999,4.321928,0.36103144
all,rl,0.27334,0.20429441,0.028219998,0.27334,4.321928,0.26276526
mit,rl,0.26391,0.26121688,0.08258,0.26391,4.321928,0.05189539
mit,call4,0.23169,0.22749789,0.064610004,0.23169,4.321928,0.06474655
mit,all,0.23099,0.14536417,0.017920002,0.23099,4.321928,0.29261893
all,call4,0.22098,0.1621212,0.017220005,0.22098,4.321928,0.24260832
