X var,Y var,MIC (strength),MIC-p^2 (nonlinearity),MAS (non-monotonicity),MEV (functionality),MCN (complexity),Linear regression (p)
call4,rl,0.32028,0.10161583,0.04057999,0.30395,4.321928,0.4676154
mit,all,0.27057,0.23076424,0.048199996,0.24845,4.321928,0.19951385
mit,call4,0.26064,0.24737349,0.06035,0.2454,4.321928,0.11518031
all,call4,0.26013,0.23896292,0.04372999,0.23776,4.321928,0.14548908
all,rl,0.25714,0.24484225,0.069680005,0.22998,4.321928,0.11089528
mit,rl,0.25553,0.20164678,0.028129995,0.22791,4.321928,0.23212759
