X var,Y var,MIC (strength),MIC-p^2 (nonlinearity),MAS (non-monotonicity),MEV (functionality),MCN (complexity),Linear regression (p)
all,rl,0.2818,0.21886696,0.05089,0.2628,4.321928,0.2508646
call4,rl,0.26095,0.22963716,0.03937,0.23616,4.321928,0.17695434
all,call4,0.25488,0.16957724,0.048919998,0.23699,4.321928,0.2920664
mit,all,0.23278,0.21212527,0.032069996,0.21308,4.321928,0.1437175
mit,rl,0.22861,0.22741096,0.022740006,0.20716,4.321928,0.0346272
mit,call4,0.22083,0.19938955,0.026489988,0.1994,4.321928,0.14642556
