X var,Y var,MIC (strength),MIC-p^2 (nonlinearity),MAS (non-monotonicity),MEV (functionality),MCN (complexity),Linear regression (p)
call4,rl,0.34319,0.15207824,0.066710025,0.31879,4.321928,0.43716332
mit,all,0.25479,0.22229591,0.059719995,0.24118,4.321928,0.18026121
all,call4,0.25398,0.23788883,0.03252001,0.2372,4.321928,0.126851
mit,rl,0.25054,0.18634298,0.030730002,0.23472,4.321928,0.25337127
all,rl,0.24906,0.238443,0.05002001,0.22826,4.321928,0.10303881
mit,call4,0.23132,0.21848841,0.05111,0.21428,4.321928,0.11327659
