X var,Y var,MIC (strength),MIC-p^2 (nonlinearity),MAS (non-monotonicity),MEV (functionality),MCN (complexity),Linear regression (p)
call4,rl,0.26024,0.116415024,0.045789987,0.24703,4.807355,0.37924263
all,rl,0.22081,0.17673448,0.04974,0.20688,4.807355,0.2099417
mit,call4,0.21763,0.17392349,0.030320004,0.20783,4.807355,0.20906101
all,call4,0.2107,0.18484506,0.04828,0.20114,4.807355,0.16079472
mit,all,0.19568,0.17715926,0.034489997,0.18466,4.807355,0.13609095
mit,rl,0.18792,0.17206597,0.026480004,0.17687,4.807355,0.1259128
