X var,Y var,MIC (strength),MIC-p^2 (nonlinearity),MAS (non-monotonicity),MEV (functionality),MCN (complexity),Linear regression (p)
all,rl,0.38653,-0.4302698,0.06579,0.38354,4.807355,0.9037698
mit,rl,0.26271,0.21713887,0.01884,0.24873,4.807355,-0.21347396
mit,call4,0.26192,0.21533167,0.115030006,0.24966,4.807355,-0.2158433
mit,all,0.21683,0.18551657,0.026910007,0.20132,4.807355,-0.17695604
call4,rl,0.19616,0.15650226,0.09442,0.18681,4.807355,0.19914252
all,call4,0.16095,0.14634386,0.09742001,0.15139,4.807355,0.12085587
