X var,Y var,MIC (strength),MIC-p^2 (nonlinearity),MAS (non-monotonicity),MEV (functionality),MCN (complexity),Linear regression (p)
call4,rl,0.37834,0.18050568,0.093669996,0.35117,4.0,0.4447857
mit,all,0.33596,0.2320741,0.048539996,0.29956,4.0,0.32231337
mit,call4,0.28898,0.23067933,0.04156,0.24996,4.0,0.24145532
all,call4,0.28369,0.1991823,0.08839001,0.26188,4.0,0.29070207
all,rl,0.26788,0.21456394,0.052660003,0.24113,4.0,0.23090272
mit,rl,0.26466,0.18807793,0.035329998,0.2474,4.0,0.27673468
