X var,Y var,MIC (strength),MIC-p^2 (nonlinearity),MAS (non-monotonicity),MEV (functionality),MCN (complexity),Linear regression (p)
call4,rl,0.25488,0.19420585,0.04124999,0.25488,4.4594316,0.24632125
mit,all,0.23454,0.22502881,0.031569995,0.23454,4.4594316,0.09752531
all,rl,0.21756,0.2072955,0.015420005,0.21756,4.4594316,0.10131376
mit,rl,0.20384,0.19999684,0.05780001,0.20384,4.4594316,0.061993238
mit,call4,0.186,0.18462846,0.017770007,0.186,4.4594316,0.037034445
all,call4,0.17199,0.16842182,0.02569,0.17199,4.4594316,0.059734315
