X var,Y var,MIC (strength),MIC-p^2 (nonlinearity),MAS (non-monotonicity),MEV (functionality),MCN (complexity),Linear regression (p)
all,rl,0.52766,0.037911832,0.11563,0.49623,4.4594316,0.6998201
all,call4,0.30639,0.17472062,0.17153,0.29129,4.4594316,0.36286274
mit,all,0.25155,0.08065815,0.02364,0.23438,4.4594316,-0.41339067
mit,call4,0.22986,0.19920994,0.16432999,0.21481,4.4594316,-0.17507154
call4,rl,0.21521,-0.055319116,0.072510004,0.20732,4.4594316,0.52012414
mit,rl,0.20539,0.14212057,0.046100006,0.20238,4.4594316,-0.25153416
