X var,Y var,MIC (strength),MIC-p^2 (nonlinearity),MAS (non-monotonicity),MEV (functionality),MCN (complexity),Linear regression (p)
call4,rl,0.39387,-0.062003136,0.095449984,0.37991,4.321928,0.6751838
all,rl,0.29261,0.027469158,0.04473999,0.2734,4.321928,0.51491827
all,call4,0.24307,0.056830034,0.06412001,0.21981,4.321928,0.4315553
mit,all,0.22244,-0.21814382,0.021280006,0.20481,4.321928,0.6637649
mit,call4,0.22236,-0.033734426,0.027160004,0.20072,4.321928,0.50605774
mit,rl,0.21763,-0.10372427,0.017240003,0.19762,4.321928,0.5668812
