X var,Y var,MIC (strength),MIC-p^2 (nonlinearity),MAS (non-monotonicity),MEV (functionality),MCN (complexity),Linear regression (p)
all,rl,0.41348,-0.07511157,0.06546,0.41348,4.321928,0.69899327
mit,all,0.22675,0.22465028,0.028290004,0.22675,4.321928,0.04582276
mit,rl,0.19434,0.179793,0.04339,0.19434,4.321928,0.12061099
