X var,Y var,MIC (strength),MIC-p^2 (nonlinearity),MAS (non-monotonicity),MEV (functionality),MCN (complexity),Linear regression (p)
call4,rl,0.31326,0.085988626,0.05077,0.30061,4.807355,0.47672987
mit,all,0.25078,0.21640918,0.05859001,0.2375,4.807355,0.18539365
mit,rl,0.21981,0.1599847,0.017760001,0.20905,4.807355,0.24459212
all,rl,0.21026,0.14635682,0.01732,0.19758,4.807355,0.2527908
mit,call4,0.1954,0.11509932,0.015210003,0.18599,4.807355,0.28337374
all,call4,0.1943,0.1573335,0.03306,0.18303,4.807355,0.19226675
