X var,Y var,MIC (strength),MIC-p^2 (nonlinearity),MAS (non-monotonicity),MEV (functionality),MCN (complexity),Linear regression (p)
all,rl,0.65331,0.14654726,0.0905,0.64175,4.807355,0.7118727
mit,rl,0.5684,0.5541528,0.07157001,0.5684,4.70044,-0.11936169
mit,all,0.36673,0.35580045,0.054699987,0.35064,4.807355,-0.10454445
mit,call4,0.31155,0.3111751,0.19703,0.30055,4.807355,-0.019361814
call4,rl,0.30941,0.08859004,0.08812,0.30612,4.807355,0.46991485
all,call4,0.27797,0.07779512,0.03662999,0.26656,4.807355,0.44740906
