X var,Y var,MIC (strength),MIC-p^2 (nonlinearity),MAS (non-monotonicity),MEV (functionality),MCN (complexity),Linear regression (p)
call4,rl,0.26013,0.17712122,0.05584,0.26013,4.4594316,0.2881124
mit,call4,0.24491,0.21004322,0.037070006,0.24491,4.4594316,0.18672647
all,rl,0.21857,0.21315347,0.015639998,0.21857,4.4594316,0.073597014
mit,all,0.21686,0.19064498,0.036009997,0.21686,4.4594316,0.16191052
mit,rl,0.21087,0.1835601,0.021270007,0.21087,4.4594316,0.16525704
all,call4,0.18482,0.17565621,0.022239998,0.18482,4.4594316,0.095727615
