X var,Y var,MIC (strength),MIC-p^2 (nonlinearity),MAS (non-monotonicity),MEV (functionality),MCN (complexity),Linear regression (p)
all,rl,0.32599,0.05992621,0.11312999,0.30827,4.321928,0.5158137
mit,rl,0.218,0.21796927,0.07862,0.19739,4.321928,0.005542801
mit,all,0.19983,0.18916948,0.019550003,0.17996,4.321928,-0.103249796
mit,call4,0.17447,0.16841274,0.12668002,0.16157,4.321928,0.07782844
all,call4,0.17226,0.16845162,0.13817,0.15855,4.321928,-0.061712008
call4,rl,0.16471,0.1646676,0.12934,0.15378,4.321928,-0.0065106903
