X var,Y var,MIC (strength),MIC-p^2 (nonlinearity),MAS (non-monotonicity),MEV (functionality),MCN (complexity),Linear regression (p)
call4,rl,0.2613,0.21253312,0.0723,0.2613,4.4594316,0.22083223
mit,all,0.2426,0.23202892,0.04847999,0.2426,4.4594316,0.10281576
all,rl,0.23254,0.22205766,0.07344,0.23254,4.4594316,0.10238328
all,call4,0.20675,0.20272824,0.03475,0.20675,4.4594316,0.0634174
mit,call4,0.19814,0.19768682,0.013909996,0.19814,4.4594316,0.021287883
mit,rl,0.19356,0.19317855,0.018509995,0.19356,4.4594316,0.019530818
