X var,Y var,MIC (strength),MIC-p^2 (nonlinearity),MAS (non-monotonicity),MEV (functionality),MCN (complexity),Linear regression (p)
call4,rl,0.33058,-0.12802625,0.048150003,0.31438,4.4594316,0.6772047
all,rl,0.29265,0.02233255,0.07373001,0.27425,4.4594316,0.51992065
mit,rl,0.2308,-0.16967896,0.04524,0.21515,4.4594316,0.6328341
mit,all,0.21411,-0.07290225,0.04384999,0.19915,4.4594316,0.53573525
mit,call4,0.20857,-0.114961505,0.022969998,0.19738,4.4594316,0.5687983
all,call4,0.19739,-0.05444722,0.021950006,0.17721,4.4594316,0.50183386
