X var,Y var,MIC (strength),MIC-p^2 (nonlinearity),MAS (non-monotonicity),MEV (functionality),MCN (complexity),Linear regression (p)
mit,all,0.24668,0.2357116,0.03738001,0.24668,4.321928,0.10473017
mit,call4,0.22084,0.17342755,0.13536,0.22084,4.321928,-0.21774402
all,rl,0.21469,0.15217479,0.06713,0.21469,4.321928,0.25003043
mit,rl,0.20602,0.18642533,0.11496,0.20602,4.321928,-0.13998097
all,call4,0.13774,0.13728353,0.05459,0.13774,4.321928,-0.021365166
call4,rl,0.11108,0.08851265,0.04788,0.11108,4.321928,0.15022431
