X var,Y var,MIC (strength),MIC-p^2 (nonlinearity),MAS (non-monotonicity),MEV (functionality),MCN (complexity),Linear regression (p)
call4,rl,0.33407,0.17394608,0.039429992,0.31449,4.321928,0.40015486
all,rl,0.26673,0.23196661,0.040040016,0.24656,4.321928,0.18644945
mit,call4,0.23516,0.23462377,0.03418,0.21863,4.321928,0.023156375
mit,all,0.23082,0.14040625,0.040480003,0.21175,4.321928,0.3006888
mit,rl,0.22612,0.1748724,0.015700005,0.21029,4.321928,0.22637933
all,call4,0.21444,0.2114753,0.04232,0.19661,4.321928,0.054449152
