X var,Y var,MIC (strength),MIC-p^2 (nonlinearity),MAS (non-monotonicity),MEV (functionality),MCN (complexity),Linear regression (p)
all,rl,0.6336,-0.14287126,0.07445997,0.63037,4.321928,0.88117605
mit,rl,0.27012,0.2492587,0.104509994,0.26254,4.321928,-0.14443442
mit,call4,0.26724,0.2097186,0.13607998,0.24927,4.321928,-0.23983617
mit,all,0.26308,0.26254636,0.081369996,0.24104,4.321928,-0.023100493
call4,rl,0.2562,-0.041492254,0.029980004,0.2391,4.321928,0.5456118
all,call4,0.226,0.013699338,0.03655,0.2049,4.321928,0.46076095
