X var,Y var,MIC (strength),MIC-p^2 (nonlinearity),MAS (non-monotonicity),MEV (functionality),MCN (complexity),Linear regression (p)
mit,all,0.46003,0.25904793,0.14128998,0.46003,4.4594316,0.44831023
all,rl,0.45868,0.35684723,0.073139995,0.45868,4.4594316,-0.31911248
mit,rl,0.31726,0.30083507,0.09753999,0.31726,4.4594316,-0.12815973
all,call4,0.24186,0.21558245,0.17935,0.24186,4.4594316,-0.16210353
mit,call4,0.23309,0.15219092,0.13663,0.23309,4.4594316,-0.28442764
call4,rl,0.14768,0.14450906,0.10873,0.14768,4.4594316,-0.0563111
