X var,Y var,MIC (strength),MIC-p^2 (nonlinearity),MAS (non-monotonicity),MEV (functionality),MCN (complexity),Linear regression (p)
call4,rl,0.27792,0.17427775,0.015370004,0.26642,4.807355,0.32193518
mit,call4,0.25117,0.23624259,0.054020002,0.23722,4.807355,0.12217784
all,rl,0.23584,0.18779099,0.02782999,0.22447,4.807355,0.21920082
mit,all,0.22323,0.20792195,0.01286,0.21029,4.807355,0.12372568
all,call4,0.21363,0.18131576,0.02267,0.20398,4.807355,0.17976163
mit,rl,0.19374,0.17192918,0.018370003,0.1842,4.807355,0.14768483
