X var,Y var,MIC (strength),MIC-p^2 (nonlinearity),MAS (non-monotonicity),MEV (functionality),MCN (complexity),Linear regression (p)
all,rl,0.22964,0.22771735,0.07652001,0.21115,4.321928,-0.043848116
all,call4,0.22861,0.17192772,0.018429995,0.21585,4.321928,0.23808038
call4,rl,0.18341,0.18050162,0.040460005,0.16044,4.321928,0.053929396
mit,rl,0.18072,0.18062879,0.09164,0.16366,4.321928,-0.009550144
mit,all,0.1521,0.14904086,0.0642,0.1413,4.321928,-0.055309452
mit,call4,0.14018,0.075229354,0.030319996,0.13756,4.321928,0.25485417
