X var,Y var,MIC (strength),MIC-p^2 (nonlinearity),MAS (non-monotonicity),MEV (functionality),MCN (complexity),Linear regression (p)
call4,rl,0.3102,0.057849914,0.030210018,0.2906,4.321928,0.5023446
mit,rl,0.24444,0.16743639,0.056810006,0.22799,4.321928,0.27749524
all,rl,0.23647,0.17868751,0.032899998,0.22004,4.321928,0.24037988
mit,all,0.2317,0.12133137,0.038750008,0.21737,4.321928,0.33221775
all,call4,0.22537,0.19856605,0.043850005,0.20832,4.321928,0.16371913
mit,call4,0.22428,0.20912018,0.053229988,0.20954,4.321928,0.12312519
