X var,Y var,MIC (strength),MIC-p^2 (nonlinearity),MAS (non-monotonicity),MEV (functionality),MCN (complexity),Linear regression (p)
mit,call4,0.28169,0.2628227,0.050850004,0.25355,4.0,0.13735838
call4,rl,0.28008,0.17046136,0.030129999,0.25441,4.0,0.33108705
all,call4,0.25259,0.18276742,0.056720003,0.22192,4.0,0.26423964
mit,all,0.23568,0.1785019,0.023919992,0.20817,4.0,0.23911943
all,rl,0.23534,0.20993781,0.04502,0.20633,4.0,0.15938066
mit,rl,0.19181,0.18490371,0.026239991,0.16855,4.0,0.083104074
