X var,Y var,MIC (strength),MIC-p^2 (nonlinearity),MAS (non-monotonicity),MEV (functionality),MCN (complexity),Linear regression (p)
call4,rl,0.33538,-0.053928703,0.0282,0.3201,4.807355,0.6239461
mit,all,0.23495,-0.0061407387,0.050780013,0.22242,4.807355,0.49100992
mit,call4,0.22723,-0.021652505,0.022379994,0.21273,4.807355,0.49888125
all,call4,0.22715,0.041169256,0.056539997,0.21501,4.807355,0.43125483
all,rl,0.22321,0.04991533,0.021840006,0.20619,4.807355,0.41628677
mit,rl,0.2013,-0.016495839,0.012329996,0.18979,4.807355,0.466686
