X var,Y var,MIC (strength),MIC-p^2 (nonlinearity),MAS (non-monotonicity),MEV (functionality),MCN (complexity),Linear regression (p)
call4,rl,0.37099,-0.03838837,0.053580016,0.35765,4.807355,0.63982683
all,call4,0.23462,0.18975672,0.031419992,0.22264,4.807355,0.21180955
mit,rl,0.21932,0.21343283,0.027559996,0.20528,4.807355,0.0767279
all,rl,0.21006,0.13362703,0.029550001,0.20134,4.807355,0.27646515
mit,all,0.20133,0.16985486,0.034950003,0.18906,4.807355,0.17741235
mit,call4,0.18521,0.16059856,0.017759997,0.17459,4.807355,0.15688035
