X var,Y var,MIC (strength),MIC-p^2 (nonlinearity),MAS (non-monotonicity),MEV (functionality),MCN (complexity),Linear regression (p)
call4,rl,0.41073,0.0786058,0.08276999,0.36748,4.0,0.5763022
mit,all,0.33189,0.007955641,0.08188,0.29159,4.0,0.5691523
mit,call4,0.30748,0.0025000572,0.068169996,0.29514,4.0,0.5522499
all,call4,0.29006,0.08830188,0.039189994,0.25279,4.0,0.44917494
all,rl,0.24787,0.10015774,0.03611,0.22127,4.0,0.38433352
mit,rl,0.24559,0.019184276,0.033169992,0.21709,4.0,0.4758211
