X var,Y var,MIC (strength),MIC-p^2 (nonlinearity),MAS (non-monotonicity),MEV (functionality),MCN (complexity),Linear regression (p)
all,rl,0.28161,0.20616588,0.05080001,0.28161,4.321928,0.27467096
mit,all,0.25094,0.15830542,0.045269996,0.25094,4.321928,0.3043593
call4,rl,0.23992,0.12185515,0.034310006,0.23992,4.321928,0.34360567
all,call4,0.23522,0.16965732,0.032580003,0.23522,4.321928,0.2560521
mit,call4,0.23284,0.22796108,0.050639994,0.23284,4.321928,0.069849275
mit,rl,0.21854,0.21223475,0.032560006,0.21854,4.321928,0.07940555
