X var,Y var,MIC (strength),MIC-p^2 (nonlinearity),MAS (non-monotonicity),MEV (functionality),MCN (complexity),Linear regression (p)
all,rl,0.26853,-0.10921562,0.03784001,0.26853,4.321928,0.61461014
all,call4,0.2645,-0.097044796,0.061169997,0.2645,4.321928,0.60128593
call4,rl,0.26173,-0.2103402,0.04979001,0.26173,4.321928,0.68707365
mit,all,0.23754,-0.15652299,0.04401,0.23754,4.321928,0.6277444
mit,call4,0.2224,-0.07347514,0.010949999,0.2224,4.321928,0.54394406
mit,rl,0.19932,-0.11877029,0.024349999,0.19932,4.321928,0.56399494
