X var,Y var,MIC (strength),MIC-p^2 (nonlinearity),MAS (non-monotonicity),MEV (functionality),MCN (complexity),Linear regression (p)
call4,rl,0.28984,0.05200155,0.049980007,0.27038,4.321928,0.48768684
all,call4,0.27548,-0.0047825277,0.021360002,0.25367,4.321928,0.52939826
all,rl,0.26082,6.5147877E-4,0.082540005,0.24419,4.321928,0.51006716
mit,rl,0.23712,-0.046477467,0.026429996,0.2151,4.321928,0.5325387
mit,all,0.21063,-0.13537467,0.024519995,0.19448,4.321928,0.5882216
mit,call4,0.2081,-0.13781743,0.025440007,0.19044,4.321928,0.58814746
