X var,Y var,MIC (strength),MIC-p^2 (nonlinearity),MAS (non-monotonicity),MEV (functionality),MCN (complexity),Linear regression (p)
all,rl,0.36966,0.076412976,0.06648998,0.36966,4.321928,0.54152286
call4,rl,0.29455,0.13720456,0.040480003,0.29455,4.321928,0.39666793
mit,rl,0.26237,0.17994484,0.10746999,0.26237,4.321928,-0.28709778
mit,call4,0.23995,0.1620585,0.08862001,0.23995,4.321928,-0.2790905
mit,all,0.21547,0.21394862,0.060899995,0.21547,4.321928,-0.03900484
all,call4,0.18161,0.1367789,0.07153001,0.18161,4.321928,0.21173356
