X var,Y var,MIC (strength),MIC-p^2 (nonlinearity),MAS (non-monotonicity),MEV (functionality),MCN (complexity),Linear regression (p)
call4,rl,0.29821,-0.003736645,0.06905,0.27283,4.321928,0.5494967
all,rl,0.24549,0.11988208,0.023699999,0.22833,4.321928,0.35441208
mit,all,0.24283,0.03772083,0.04885,0.22823,4.321928,0.4528898
all,call4,0.23197,0.12491946,0.007959999,0.21,4.321928,0.32718578
mit,rl,0.23044,0.07679254,0.026020005,0.20861,4.321928,0.39197892
mit,call4,0.19923,0.07919157,0.024839997,0.18437,4.321928,0.34646562
