X var,Y var,MIC (strength),MIC-p^2 (nonlinearity),MAS (non-monotonicity),MEV (functionality),MCN (complexity),Linear regression (p)
call4,rl,0.26294,0.17391253,0.051479995,0.24394,4.321928,0.2983747
mit,all,0.23931,0.17352903,0.016369998,0.2155,4.321928,0.256478
all,call4,0.21621,0.09922262,0.034560002,0.20459,4.321928,0.34203416
mit,call4,0.20789,0.13142389,0.025090002,0.19663,4.321928,0.27652505
all,rl,0.19441,0.12940499,0.01822,0.18136,4.321928,0.25496078
mit,rl,0.17475,0.10766446,0.020349998,0.16005,4.321928,0.25900877
