X var,Y var,MIC (strength),MIC-p^2 (nonlinearity),MAS (non-monotonicity),MEV (functionality),MCN (complexity),Linear regression (p)
all,rl,0.63442,-0.04807496,0.10738003,0.62444,4.321928,0.82613254
mit,all,0.25387,0.24892801,0.050710008,0.22993,4.321928,-0.07029934
call4,rl,0.24107,-0.3955085,0.054729998,0.24107,3.0,0.7978587
all,call4,0.22783,-0.13077614,0.078099996,0.22783,4.0,0.5988373
mit,rl,0.21815,0.2030554,0.043509997,0.20824,4.321928,-0.12286014
mit,call4,0.19124,0.18266661,0.14831,0.17999,4.321928,-0.092592545
