X var,Y var,MIC (strength),MIC-p^2 (nonlinearity),MAS (non-monotonicity),MEV (functionality),MCN (complexity),Linear regression (p)
call4,rl,0.29949,0.05109249,0.03735,0.28658,4.321928,0.49839494
mit,all,0.27233,0.17281364,0.040379986,0.25328,4.321928,0.3154621
mit,rl,0.25757,0.18797198,0.019889995,0.22946,4.321928,0.26381436
mit,call4,0.25019,0.2357911,0.028739996,0.23158,4.321928,0.11999534
all,rl,0.23669,0.1908187,0.032579996,0.20647,4.321928,0.21417585
all,call4,0.20952,0.18401021,0.019840002,0.19243,4.321928,0.15971786
