X var,Y var,MIC (strength),MIC-p^2 (nonlinearity),MAS (non-monotonicity),MEV (functionality),MCN (complexity),Linear regression (p)
call4,rl,0.29181,0.11084774,0.03972,0.27987,4.807355,0.4253966
mit,rl,0.25702,0.21031703,0.04954,0.24363,4.807355,0.21610868
mit,call4,0.22368,0.15284339,0.019299999,0.20826,4.807355,0.2661515
mit,all,0.21787,0.19310704,0.047299996,0.20106,4.807355,0.15736249
all,rl,0.21275,0.14303757,0.01162,0.20061,4.807355,0.2640311
all,call4,0.19441,0.16388142,0.02355,0.18138,4.807355,0.17472428
