X var,Y var,MIC (strength),MIC-p^2 (nonlinearity),MAS (non-monotonicity),MEV (functionality),MCN (complexity),Linear regression (p)
call4,rl,0.15108,0.1417581,0.019869998,0.14171,4.4594316,0.096549995
mit,rl,0.15065,0.10172905,0.042460002,0.14192,4.4594316,0.2211808
mit,all,0.1369,0.1330624,0.013190001,0.13051,4.4594316,0.061948307
mit,call4,0.13471,0.12900707,0.03086,0.1304,4.4594316,0.075517714
all,rl,0.1293,0.12481481,0.019459996,0.11974,4.4594316,0.06697153
all,call4,0.12106,0.120311454,0.015379999,0.11435,4.4594316,0.027359502
