X var,Y var,MIC (strength),MIC-p^2 (nonlinearity),MAS (non-monotonicity),MEV (functionality),MCN (complexity),Linear regression (p)
all,rl,0.51356,-0.15481132,0.09846002,0.51356,3.5849626,0.8175398
mit,rl,0.2799,0.23989768,0.031710014,0.26915,4.807355,-0.20000583
mit,call4,0.27346,0.23713456,0.15237999,0.25934,4.807355,-0.19059233
call4,rl,0.22503,0.20617723,0.08448,0.21227,4.807355,0.13730541
all,call4,0.21304,0.20864563,0.108459994,0.19928,4.807355,-0.066290066
mit,all,0.20006,0.20005971,0.027480006,0.189,4.807355,5.27965E-4
