X var,Y var,MIC (strength),MIC-p^2 (nonlinearity),MAS (non-monotonicity),MEV (functionality),MCN (complexity),Linear regression (p)
all,rl,0.67294,0.37687698,0.044400036,0.66275,4.807355,0.54411674
mit,all,0.54057,0.44790334,0.10791001,0.53221,4.807355,-0.30441204
mit,rl,0.47339,0.29030943,0.12635002,0.46227,4.807355,-0.42787918
mit,call4,0.20753,0.20358568,0.17699,0.2014,4.807355,0.06280387
all,call4,0.1614,0.12207346,0.10000001,0.15398,4.807355,0.19830921
call4,rl,0.1175,0.11240924,0.07509,0.11476,4.807355,0.07134955
