X var,Y var,MIC (strength),MIC-p^2 (nonlinearity),MAS (non-monotonicity),MEV (functionality),MCN (complexity),Linear regression (p)
call4,rl,0.24865,0.14370659,0.04427001,0.24865,4.4594316,0.3239497
all,rl,0.21723,0.19563606,0.057600006,0.21723,4.4594316,0.14694877
mit,call4,0.21591,0.2052866,0.04647,0.21591,4.4594316,0.10306989
mit,all,0.21177,0.17849147,0.024020001,0.21177,4.4594316,0.18242404
mit,rl,0.21054,0.20562576,0.02775,0.21054,4.4594316,0.07010161
all,call4,0.20429,0.18864882,0.026810005,0.20429,4.4594316,0.12506472
