X var,Y var,MIC (strength),MIC-p^2 (nonlinearity),MAS (non-monotonicity),MEV (functionality),MCN (complexity),Linear regression (p)
call4,rl,0.30474,-0.05519986,0.04008001,0.27361,4.321928,0.5999499
all,rl,0.28782,0.057973728,0.06666002,0.26228,4.321928,0.47942287
all,call4,0.27556,0.13658871,0.045990005,0.24557,4.321928,0.37278852
mit,rl,0.25452,0.0033704638,0.051009998,0.23141,4.321928,0.5011482
mit,call4,0.24218,0.07270379,0.034590006,0.22286,4.321928,0.4116749
mit,all,0.22515,-0.13758431,0.060430005,0.2107,4.321928,0.6022743
