X var,Y var,MIC (strength),MIC-p^2 (nonlinearity),MAS (non-monotonicity),MEV (functionality),MCN (complexity),Linear regression (p)
call4,rl,0.27527,0.23818466,0.10246,0.25364,4.321928,0.19257548
mit,rl,0.2414,0.19799341,0.025969997,0.2145,4.321928,0.2083425
all,rl,0.23753,0.17117728,0.044959992,0.21452,4.321928,0.2575902
all,call4,0.23028,0.17246073,0.03098999,0.20431,4.321928,0.24045637
mit,call4,0.22985,0.18537576,0.013410002,0.20979,4.321928,0.21088915
mit,all,0.22657,0.14592734,0.02313,0.20916,4.321928,0.2839765
