X var,Y var,MIC (strength),MIC-p^2 (nonlinearity),MAS (non-monotonicity),MEV (functionality),MCN (complexity),Linear regression (p)
all,rl,0.35285,-0.3563647,0.041009992,0.35285,3.807355,0.84214884
mit,all,0.26458,0.22960266,0.06824,0.26458,4.321928,-0.1870223
mit,rl,0.21922,0.18813464,0.035329998,0.21922,4.321928,-0.1763104
