X var,Y var,MIC (strength),MIC-p^2 (nonlinearity),MAS (non-monotonicity),MEV (functionality),MCN (complexity),Linear regression (p)
all,call4,0.26711,0.22337988,0.0145799965,0.25423,4.321928,0.20911746
call4,rl,0.23189,0.21519646,0.03008999,0.21338,4.321928,0.12920342
mit,rl,0.22306,0.22089359,0.08140999,0.20361,4.321928,-0.046544597
mit,call4,0.21735,0.19840845,0.03737001,0.19819,4.321928,0.13762833
all,rl,0.19489,0.19440064,0.033990003,0.18067,4.321928,-0.02212162
mit,all,0.19104,0.18921928,0.018369999,0.1764,4.321928,-0.042669762
