X var,Y var,MIC (strength),MIC-p^2 (nonlinearity),MAS (non-monotonicity),MEV (functionality),MCN (complexity),Linear regression (p)
all,rl,0.61682,-0.17189479,0.069649994,0.61682,4.4594316,0.88809615
mit,rl,0.32697,0.3010255,0.08135001,0.31559,4.807355,-0.16107294
mit,all,0.25039,0.24945128,0.034450002,0.23862,4.807355,0.030638345
call4,rl,0.2345,0.014156938,0.06758,0.22417,4.807355,0.46940714
mit,call4,0.22891,0.13952541,0.05213,0.21958,4.807355,-0.29897255
all,call4,0.19903,0.0718296,0.058459997,0.18946,4.807355,0.35665163
