X var,Y var,MIC (strength),MIC-p^2 (nonlinearity),MAS (non-monotonicity),MEV (functionality),MCN (complexity),Linear regression (p)
all,rl,0.41046,0.38216454,0.099500015,0.41046,4.4594316,-0.16821256
mit,all,0.27322,0.27202988,0.08786,0.27322,4.4594316,0.03449827
mit,rl,0.18933,0.18222791,0.021329999,0.18933,4.4594316,-0.08427385
all,call4,0.08318,0.079983674,0.070470005,0.08318,3.321928,-0.056536056
mit,call4,0.08318,0.06285775,0.060950004,0.08318,3.321928,-0.14255616
call4,rl,0.04468,0.032857023,0.02947,0.04468,3.0,0.10873352
