X var,Y var,MIC (strength),MIC-p^2 (nonlinearity),MAS (non-monotonicity),MEV (functionality),MCN (complexity),Linear regression (p)
call4,rl,0.37234,-0.07973319,0.05644998,0.3582,4.807355,0.6723639
all,call4,0.2213,0.16540605,0.027280003,0.20777,4.807355,0.23641904
all,rl,0.2169,0.14777759,0.029809996,0.20609,4.807355,0.26291144
mit,rl,0.20831,0.20254129,0.011069998,0.19577,4.807355,0.07595198
mit,all,0.19446,0.18814784,0.018250003,0.18204,4.807355,0.07944911
mit,call4,0.17907,0.14240415,0.02217,0.16881,4.807355,0.19148326
