X var,Y var,MIC (strength),MIC-p^2 (nonlinearity),MAS (non-monotonicity),MEV (functionality),MCN (complexity),Linear regression (p)
all,rl,0.53153,0.16572651,0.08440003,0.53153,4.321928,0.6048169
mit,call4,0.4314,0.32218823,0.14880002,0.4314,4.321928,-0.33047205
call4,rl,0.29743,0.29638407,0.15573001,0.29743,4.321928,0.03234118
mit,rl,0.2589,0.15280247,0.020159997,0.2589,4.321928,-0.32572615
mit,all,0.25801,0.14353451,0.043129995,0.25801,4.321928,-0.33834225
all,call4,0.23081,0.23001671,0.10994,0.23081,4.321928,-0.028165456
