X var,Y var,MIC (strength),MIC-p^2 (nonlinearity),MAS (non-monotonicity),MEV (functionality),MCN (complexity),Linear regression (p)
call4,rl,0.29395,0.23711549,0.019380003,0.27291,4.321928,0.23839988
all,call4,0.25049,0.113128275,0.041099995,0.23482,4.321928,0.37062344
mit,call4,0.24499,0.2327424,0.05506,0.22591,4.321928,0.110668905
all,rl,0.24415,0.18419951,0.036999993,0.22205,4.321928,0.24484788
mit,all,0.2353,0.15936893,0.026250005,0.21643,4.321928,0.27555594
mit,rl,0.22221,0.21025512,0.036059998,0.20343,4.321928,0.10933843
