X var,Y var,MIC (strength),MIC-p^2 (nonlinearity),MAS (non-monotonicity),MEV (functionality),MCN (complexity),Linear regression (p)
all,rl,0.45104,-0.044283807,0.05444002,0.44062,4.807355,0.70379245
mit,rl,0.27668,0.2585015,0.038749993,0.26658,4.807355,-0.13482763
call4,rl,0.23936,0.1142219,0.0891,0.22162,4.807355,0.35374865
mit,all,0.20366,0.20315063,0.02398,0.18875,4.807355,0.022569144
all,call4,0.19006,0.057832822,0.04369001,0.1767,4.807355,0.36363056
mit,call4,0.16473,0.15586355,0.046579994,0.1552,4.807355,0.09416179
