X var,Y var,MIC (strength),MIC-p^2 (nonlinearity),MAS (non-monotonicity),MEV (functionality),MCN (complexity),Linear regression (p)
all,rl,0.36279,0.17306863,0.036080003,0.33362,4.0,0.43557015
mit,rl,0.32465,0.16138025,0.051369995,0.30634,4.0,-0.4040665
mit,all,0.29041,0.16648692,0.07467002,0.25352,4.0,-0.35202712
all,call4,0.23484,0.2328058,0.20129001,0.21375,4.0,0.045102146
mit,call4,0.22696,0.20009328,0.18718001,0.20008,4.0,-0.16391069
call4,rl,0.19153,0.1551798,0.15064001,0.17018,4.0,0.19065732
