X var,Y var,MIC (strength),MIC-p^2 (nonlinearity),MAS (non-monotonicity),MEV (functionality),MCN (complexity),Linear regression (p)
mit,all,0.43686,0.4317429,0.04527998,0.41834,4.321928,0.07153382
all,rl,0.39249,-0.018814087,0.09081,0.37643,4.321928,0.64132994
mit,rl,0.26458,0.22260995,0.051120013,0.24811,4.321928,-0.20486595
all,call4,0.09794,0.0941536,0.08266,0.09794,3.321928,-0.061533753
mit,call4,0.09794,0.09474011,0.08007,0.09794,3.321928,-0.056567594
call4,rl,0.04888,0.04575171,0.03278,0.04888,3.321928,-0.055931106
