X var,Y var,MIC (strength),MIC-p^2 (nonlinearity),MAS (non-monotonicity),MEV (functionality),MCN (complexity),Linear regression (p)
all,rl,0.26337,-0.033937484,0.032649994,0.26337,4.321928,0.5452591
mit,all,0.25409,0.07148571,0.039670005,0.25348,4.3923173,-0.42732224
mit,rl,0.22477,0.117655545,0.0529,0.22477,4.321928,-0.32728344
all,call4,0.09694,0.09678658,0.078870006,0.09694,3.321928,-0.012386254
mit,call4,0.09694,0.088426754,0.070650004,0.09694,3.321928,-0.09226727
call4,rl,0.08444,0.08422178,0.06544,0.08444,3.321928,-0.014772311
