X var,Y var,MIC (strength),MIC-p^2 (nonlinearity),MAS (non-monotonicity),MEV (functionality),MCN (complexity),Linear regression (p)
all,rl,0.31006,0.3100584,0.14767,0.27739,4.321928,0.0012724343
call4,rl,0.24987,0.21639514,0.024240002,0.22812,4.321928,0.18296134
mit,all,0.24012,0.2385987,0.062260002,0.22454,4.321928,-0.039003763
mit,rl,0.23185,0.23028524,0.051640004,0.20993,4.321928,-0.039556928
mit,call4,0.2231,0.21569291,0.03344001,0.20223,4.321928,0.08606448
all,call4,0.20918,0.17193504,0.013530001,0.19229,4.321928,0.19298953
