X var,Y var,MIC (strength),MIC-p^2 (nonlinearity),MAS (non-monotonicity),MEV (functionality),MCN (complexity),Linear regression (p)
mit,rl,0.26372,0.19171946,0.0696,0.24287,4.321928,0.26832917
mit,all,0.26107,0.08760257,0.034500018,0.22995,4.321928,0.41649422
call4,rl,0.24766,0.12729761,0.039320007,0.22374,4.321928,0.34693283
all,rl,0.23605,0.11103152,0.034490004,0.221,4.321928,0.35357952
mit,call4,0.22849,0.13367948,0.02917999,0.20705,4.321928,0.30791315
all,call4,0.2061,0.0143933,0.020240009,0.18636,4.321928,0.43784323
