X var,Y var,MIC (strength),MIC-p^2 (nonlinearity),MAS (non-monotonicity),MEV (functionality),MCN (complexity),Linear regression (p)
call4,rl,0.32748,-0.056986094,0.03819,0.31461,4.807355,0.6200533
all,rl,0.22986,0.15842444,0.013750002,0.2144,4.807355,0.2672743
all,call4,0.2294,0.17005935,0.018929988,0.21687,4.807355,0.24359934
mit,call4,0.21747,0.18511523,0.03908001,0.20251,4.807355,0.17987433
mit,rl,0.20539,0.20142159,0.03097,0.19754,4.807355,0.06299538
mit,all,0.20296,0.19957173,0.023999996,0.19054,4.807355,0.058208838
