X var,Y var,MIC (strength),MIC-p^2 (nonlinearity),MAS (non-monotonicity),MEV (functionality),MCN (complexity),Linear regression (p)
all,rl,0.24211,0.020778373,0.037149996,0.23108,4.807355,0.47045895
mit,rl,0.21198,-0.02867204,0.032980002,0.19915,4.807355,0.49056298
mit,all,0.20914,-0.033906117,0.051929995,0.1966,4.807355,0.49299708
call4,rl,0.20232,-0.04277399,0.017240003,0.1907,4.807355,0.49506968
mit,call4,0.18427,-0.036173865,0.02877,0.1735,4.807355,0.4695145
all,call4,0.18062,0.030785456,0.018229999,0.16909,4.807355,0.38708466
