X var,Y var,MIC (strength),MIC-p^2 (nonlinearity),MAS (non-monotonicity),MEV (functionality),MCN (complexity),Linear regression (p)
call4,rl,0.32587,0.15933867,0.01918,0.30105,4.0,0.40808252
all,call4,0.30582,0.22107524,0.072110005,0.27992,4.0,0.29110953
mit,call4,0.29457,0.2725884,0.06809001,0.27407,4.0,0.14826195
mit,rl,0.28343,0.26842174,0.030660003,0.24968,4.0,0.12250819
mit,all,0.27917,0.21036746,0.02487,0.248,4.0,0.2623024
all,rl,0.22382,0.20306209,0.037880003,0.19926,4.0,0.14407608
