X var,Y var,MIC (strength),MIC-p^2 (nonlinearity),MAS (non-monotonicity),MEV (functionality),MCN (complexity),Linear regression (p)
call4,rl,0.24284,0.18724489,0.030620001,0.24284,4.4594316,0.23578615
all,call4,0.18855,0.17719601,0.031109996,0.18855,4.4594316,0.10655508
all,rl,0.16748,0.15948579,0.02282,0.16748,4.4594316,0.08941037
mit,rl,0.157,0.1535185,0.05443,0.157,4.4594316,0.0590043
mit,call4,0.15297,0.15290768,0.0152600035,0.15297,4.4594316,-0.007893642
mit,all,0.11649,0.10574613,0.012779996,0.11649,4.4594316,0.103652656
