X var,Y var,MIC (strength),MIC-p^2 (nonlinearity),MAS (non-monotonicity),MEV (functionality),MCN (complexity),Linear regression (p)
mit,call4,0.26398,0.25287822,0.029190004,0.26398,4.4594316,0.105364956
call4,rl,0.26236,0.23750365,0.046849996,0.26236,4.4594316,0.15765901
all,call4,0.25316,0.25175482,0.046269998,0.25316,4.4594316,0.03748585
mit,all,0.21846,0.21074834,0.018289998,0.21846,4.4594316,0.087816015
mit,rl,0.21426,0.20690268,0.025300004,0.21426,4.4594316,0.08577482
all,rl,0.20343,0.20269409,0.024650007,0.20343,4.4594316,0.027127758
