X var,Y var,MIC (strength),MIC-p^2 (nonlinearity),MAS (non-monotonicity),MEV (functionality),MCN (complexity),Linear regression (p)
call4,rl,0.28112,0.1788939,0.06275,0.28112,4.4594316,0.31972817
all,rl,0.27264,0.25689298,0.061159983,0.27264,4.4594316,0.12548712
mit,call4,0.26311,0.25421235,0.074580014,0.26311,4.4594316,0.09432748
mit,all,0.22702,0.19923978,0.034430005,0.22702,4.4594316,0.166674
all,call4,0.20111,0.19046563,0.025940001,0.20111,4.4594316,0.103171594
mit,rl,0.18269,0.17158508,0.009070002,0.18269,4.4594316,0.10537987
