X var,Y var,MIC (strength),MIC-p^2 (nonlinearity),MAS (non-monotonicity),MEV (functionality),MCN (complexity),Linear regression (p)
call4,rl,0.26978,0.21318425,0.054960012,0.26978,4.4594316,0.23789862
mit,call4,0.23177,0.22373837,0.025059998,0.23177,4.4594316,0.089619316
mit,all,0.22482,0.20979927,0.036860004,0.22482,4.4594316,0.12255909
all,call4,0.2188,0.21530613,0.03911999,0.2188,4.4594316,0.059108876
all,rl,0.21531,0.21040334,0.027260005,0.21531,4.4594316,0.07004764
mit,rl,0.20244,0.18720163,0.023090001,0.20244,4.4594316,0.123443745
