X var,Y var,MIC (strength),MIC-p^2 (nonlinearity),MAS (non-monotonicity),MEV (functionality),MCN (complexity),Linear regression (p)
all,rl,0.41701,0.13646361,0.13462001,0.40583,4.807355,0.5296663
mit,rl,0.29517,0.27211896,0.04851,0.28234,4.807355,-0.1518257
mit,all,0.23932,0.23902047,0.05493,0.22994,4.807355,0.017307054
mit,call4,0.15649,0.14701973,0.14197999,0.15649,4.70044,-0.097315274
all,call4,0.13848,0.13844429,0.11562999,0.13848,4.321928,-0.00597492
call4,rl,0.11753,0.117328614,0.10385001,0.11753,4.321928,0.014191042
