X var,Y var,MIC (strength),MIC-p^2 (nonlinearity),MAS (non-monotonicity),MEV (functionality),MCN (complexity),Linear regression (p)
all,rl,0.31059,0.25141218,0.09343,0.29123,4.321928,0.24326488
mit,call4,0.26004,0.25023088,0.039629996,0.24011,4.321928,0.09904092
all,call4,0.25642,0.13208637,0.036259994,0.23653,4.321928,0.35260972
call4,rl,0.24622,0.20118874,0.042890005,0.22436,4.321928,0.2122057
mit,all,0.22796,0.16570877,0.02318,0.20504,4.321928,0.24950197
mit,rl,0.22488,0.21567255,0.027390003,0.20319,4.321928,0.09595545
