X var,Y var,MIC (strength),MIC-p^2 (nonlinearity),MAS (non-monotonicity),MEV (functionality),MCN (complexity),Linear regression (p)
all,rl,0.37589,0.02947709,0.07827999,0.37589,4.321928,0.5885685
mit,call4,0.28584,0.2436902,0.17305,0.28584,4.321928,-0.20530418
mit,rl,0.27562,0.20927599,0.10341002,0.27562,4.321928,-0.25757334
all,call4,0.23589,0.23453237,0.14493,0.23589,4.321928,0.03684601
mit,all,0.23547,0.21277846,0.054979995,0.23547,4.321928,-0.15063708
call4,rl,0.2328,0.18823494,0.08904001,0.2328,4.321928,0.21110441
