X var,Y var,MIC (strength),MIC-p^2 (nonlinearity),MAS (non-monotonicity),MEV (functionality),MCN (complexity),Linear regression (p)
all,rl,0.29821,-0.34398046,0.032269984,0.2888,4.807355,0.8013679
mit,all,0.22728,0.22540745,0.027090013,0.21261,4.807355,-0.04327297
mit,call4,0.20872,0.14069614,0.07967,0.19602,4.807355,-0.26081386
mit,rl,0.20732,0.15212151,0.085820004,0.19603,4.807355,-0.2349436
call4,rl,0.16922,-0.3807746,0.0641,0.16262,4.807355,0.7416162
all,call4,0.16549,-0.112427145,0.09529,0.15627,4.807355,0.52717847
