X var,Y var,MIC (strength),MIC-p^2 (nonlinearity),MAS (non-monotonicity),MEV (functionality),MCN (complexity),Linear regression (p)
all,rl,0.33056,0.08934817,0.0932,0.31458,4.4594316,0.4911332
call4,rl,0.30608,-0.124399275,0.04647,0.29141,4.4594316,0.6561092
mit,rl,0.24466,-0.10952918,0.025700003,0.22528,4.4594316,0.59513795
mit,call4,0.21721,-0.06867406,0.023689993,0.20183,4.4594316,0.53468126
all,call4,0.20602,-0.014514431,0.024150006,0.19085,4.4594316,0.46961093
mit,all,0.20516,-0.061222956,0.028850004,0.18489,4.4594316,0.516123
