X var,Y var,MIC (strength),MIC-p^2 (nonlinearity),MAS (non-monotonicity),MEV (functionality),MCN (complexity),Linear regression (p)
all,rl,0.26142,0.02746515,0.069560006,0.26142,4.321928,0.4836888
call4,rl,0.22794,-0.09095216,0.04321,0.22794,4.321928,0.5647054
mit,all,0.20147,-0.055116996,0.019089997,0.20147,4.321928,0.5065442
mit,call4,0.19995,0.06253803,0.049850002,0.19995,4.321928,0.3706912
all,call4,0.19985,0.032633528,0.030390002,0.19985,4.321928,0.4089211
mit,rl,0.19154,0.059496313,0.021669999,0.19154,4.321928,0.36337817
