X var,Y var,MIC (strength),MIC-p^2 (nonlinearity),MAS (non-monotonicity),MEV (functionality),MCN (complexity),Linear regression (p)
call4,rl,0.32728,-0.044044375,0.031230003,0.31544,4.807355,0.6093639
mit,rl,0.25562,0.23174965,0.08342001,0.24161,4.807355,0.15450032
all,rl,0.21438,0.13117114,0.012439996,0.20303,4.807355,0.28845945
mit,all,0.21228,0.17185894,0.024760008,0.19882,4.807355,0.20104992
all,call4,0.20822,0.14775494,0.021839999,0.1979,4.807355,0.24589647
mit,call4,0.1927,0.15398173,0.033879995,0.18022,4.807355,0.1967696
