X var,Y var,MIC (strength),MIC-p^2 (nonlinearity),MAS (non-monotonicity),MEV (functionality),MCN (complexity),Linear regression (p)
mit,all,0.27215,0.060934424,0.07642999,0.27215,4.321928,0.45958197
all,rl,0.26108,0.062741235,0.06769,0.26108,4.321928,0.4453524
call4,rl,0.2571,-0.03768602,0.024269998,0.2571,4.321928,0.542942
all,call4,0.21545,0.069776475,0.030650005,0.21545,4.321928,0.38167202
mit,rl,0.18641,0.08281706,0.026499994,0.18641,4.321928,0.32185856
mit,call4,0.17723,0.05313813,0.0120600015,0.17723,4.321928,0.35226676
