X var,Y var,MIC (strength),MIC-p^2 (nonlinearity),MAS (non-monotonicity),MEV (functionality),MCN (complexity),Linear regression (p)
call4,rl,0.34919,0.0990316,0.042919993,0.33228,4.321928,0.50015837
mit,all,0.30331,0.18974379,0.09633,0.28161,4.321928,0.33699587
all,call4,0.29829,0.27829257,0.11483002,0.27555,4.321928,0.14141238
mit,call4,0.28497,0.27198896,0.076259986,0.26375,4.321928,0.11393432
mit,rl,0.22969,0.16511157,0.021100007,0.21181,4.321928,0.25412288
all,rl,0.22611,0.17928165,0.014109999,0.20461,4.321928,0.21639858
