X var,Y var,MIC (strength),MIC-p^2 (nonlinearity),MAS (non-monotonicity),MEV (functionality),MCN (complexity),Linear regression (p)
all,rl,0.30757,0.2737952,0.07518001,0.30757,4.321928,0.1837793
mit,call4,0.2511,0.25102288,0.07610001,0.2511,4.321928,0.008782623
all,call4,0.25085,0.22923347,0.038790002,0.25085,4.321928,0.14702557
mit,rl,0.25072,0.24964939,0.0898,0.25072,4.321928,0.032720122
call4,rl,0.25015,0.18394898,0.03412001,0.25015,4.321928,0.25729558
mit,all,0.22799,0.16724633,0.028820008,0.22799,4.321928,0.24646233
