X var,Y var,MIC (strength),MIC-p^2 (nonlinearity),MAS (non-monotonicity),MEV (functionality),MCN (complexity),Linear regression (p)
all,call4,0.24798,0.2030537,0.07435,0.23037,4.807355,0.21195826
call4,rl,0.24223,0.12035176,0.054539993,0.23042,4.807355,0.34911063
mit,rl,0.20295,0.17835769,0.045609996,0.19122,4.807355,0.15681933
all,rl,0.17498,0.119886264,0.011940002,0.16564,4.807355,0.23472054
mit,all,0.17406,0.15137035,0.020499997,0.16365,4.807355,0.15063083
mit,call4,0.16817,0.15991318,0.025210008,0.15968,4.807355,0.09086708
