X var,Y var,MIC (strength),MIC-p^2 (nonlinearity),MAS (non-monotonicity),MEV (functionality),MCN (complexity),Linear regression (p)
mit,rl,0.25755,0.25710535,0.06571001,0.23566,4.321928,-0.021086615
call4,rl,0.25567,0.24570066,0.016490005,0.23049,4.321928,0.09984668
all,call4,0.23226,0.21221144,0.07526,0.21481,4.321928,0.14159293
all,rl,0.23124,0.23116763,0.02874,0.21132,4.321928,0.008507092
mit,call4,0.21727,0.2126452,0.04388,0.20492,4.321928,0.06800585
mit,all,0.18834,0.16664201,0.05342,0.17268,4.321928,0.14730234
