X var,Y var,MIC (strength),MIC-p^2 (nonlinearity),MAS (non-monotonicity),MEV (functionality),MCN (complexity),Linear regression (p)
call4,rl,0.29317,-0.09355071,0.026639998,0.28393,4.807355,0.6218687
mit,all,0.21245,0.21064435,0.08234,0.19867,4.807355,0.042492907
all,rl,0.19975,0.12877704,0.011189997,0.18693,4.807355,0.26640752
mit,call4,0.18921,0.16234955,0.019980006,0.18004,4.807355,0.16389157
all,call4,0.18303,0.12322053,0.027169995,0.1761,4.807355,0.24455974
mit,rl,0.18201,0.17988741,0.021989994,0.17193,4.807355,0.046071526
