X var,Y var,MIC (strength),MIC-p^2 (nonlinearity),MAS (non-monotonicity),MEV (functionality),MCN (complexity),Linear regression (p)
call4,rl,0.35761,0.14948651,0.039249986,0.33469,4.321928,0.45620552
mit,all,0.24693,0.18849464,0.052750006,0.22436,4.321928,0.24173409
mit,rl,0.24365,0.18912353,0.03671001,0.22706,4.321928,0.23350905
all,rl,0.24032,0.2169633,0.026329994,0.22029,4.321928,0.15282895
all,call4,0.21787,0.20924853,0.045049995,0.20114,4.321928,0.09285189
mit,call4,0.19696,0.1929234,0.01738,0.17945,4.321928,0.06353425
