X var,Y var,MIC (strength),MIC-p^2 (nonlinearity),MAS (non-monotonicity),MEV (functionality),MCN (complexity),Linear regression (p)
call4,rl,0.37651,0.30227703,0.049059987,0.34851,4.4594316,0.27245727
mit,rl,0.22772,0.13270421,0.018820003,0.21027,4.4594316,0.3082463
mit,call4,0.2052,0.19105309,0.03847,0.18986,4.4594316,0.11894075
all,call4,0.20401,0.19324563,0.018079996,0.19028,4.4594316,0.10375145
all,rl,0.20145,0.18678358,0.056109995,0.18845,4.4594316,0.12110503
mit,all,0.19473,0.18396331,0.017700002,0.1781,4.4594316,0.103762634
