X var,Y var,MIC (strength),MIC-p^2 (nonlinearity),MAS (non-monotonicity),MEV (functionality),MCN (complexity),Linear regression (p)
all,rl,0.36449,0.22123711,0.041449994,0.36449,4.321928,0.37848765
mit,rl,0.2351,0.18532345,0.067430004,0.2351,4.321928,-0.22310661
mit,all,0.22809,0.21915244,0.041370004,0.22809,4.321928,0.09453871
all,call4,0.22272,0.21769977,0.13405,0.22272,4.321928,0.07085363
mit,call4,0.20842,0.100149244,0.055419996,0.20842,4.321928,-0.3290452
call4,rl,0.20438,0.033437774,0.041020006,0.20438,4.321928,0.4134516
