X var,Y var,MIC (strength),MIC-p^2 (nonlinearity),MAS (non-monotonicity),MEV (functionality),MCN (complexity),Linear regression (p)
all,rl,0.40192,0.010891825,0.06808999,0.38972,4.807355,0.62532246
mit,all,0.23254,0.14323792,0.01771,0.22004,4.807355,-0.29883453
mit,rl,0.20989,0.20565759,0.039560005,0.19788,4.807355,0.06505698
mit,call4,0.18528,0.1667,0.16214,0.17525,4.807355,-0.13630846
all,call4,0.15731,0.15600011,0.13644,0.14815,4.807355,-0.036192287
call4,rl,0.15099,0.13937117,0.13749999,0.14365,4.807355,-0.107790664
