X var,Y var,MIC (strength),MIC-p^2 (nonlinearity),MAS (non-monotonicity),MEV (functionality),MCN (complexity),Linear regression (p)
mit,all,0.27574,0.081709445,0.09804,0.27574,4.4594316,0.440489
call4,rl,0.25284,0.011911869,0.017930001,0.25284,4.4594316,0.4908443
all,rl,0.24396,0.15485275,0.061529994,0.24396,4.4594316,0.29850838
all,call4,0.23353,0.111404724,0.07028,0.23353,4.4594316,0.34946427
mit,call4,0.19452,-0.011867419,0.011919998,0.19452,4.4594316,0.45429882
mit,rl,0.19313,0.067143425,0.025690004,0.19313,4.4594316,0.35494587
