X var,Y var,MIC (strength),MIC-p^2 (nonlinearity),MAS (non-monotonicity),MEV (functionality),MCN (complexity),Linear regression (p)
call4,rl,0.27313,-0.1639665,0.028050005,0.26938,4.807355,0.66113275
all,call4,0.12044,0.031659707,0.031569995,0.11714,4.807355,0.29796022
all,rl,0.11832,0.010933973,0.0070399977,0.11374,4.807355,0.32769808
mit,call4,0.11749,0.036991276,0.0102699995,0.11459,4.807355,0.28372297
mit,rl,0.11033,0.057536997,0.034500003,0.10994,4.807355,0.22976728
mit,all,0.10686,0.032602996,0.009599999,0.1033,4.807355,0.27250138
