X var,Y var,MIC (strength),MIC-p^2 (nonlinearity),MAS (non-monotonicity),MEV (functionality),MCN (complexity),Linear regression (p)
call4,rl,0.28341,-0.042494923,0.019159988,0.2733,4.807355,0.57088083
mit,all,0.24902,0.23135972,0.07457,0.23527,4.807355,0.132892
mit,call4,0.22464,0.1789302,0.013980001,0.21495,4.807355,0.21379851
all,rl,0.2165,0.13427767,0.03041,0.20587,4.807355,0.28674436
mit,rl,0.21586,0.18970543,0.033580005,0.20324,4.807355,0.1617237
all,call4,0.20958,0.13707042,0.023729995,0.19979,4.807355,0.26927602
