X var,Y var,MIC (strength),MIC-p^2 (nonlinearity),MAS (non-monotonicity),MEV (functionality),MCN (complexity),Linear regression (p)
all,rl,0.26952,0.20814711,0.06390001,0.24986,4.321928,0.24773555
all,call4,0.26867,0.18396457,0.01472,0.24194,4.321928,0.29104197
call4,rl,0.22972,0.20536672,0.01631999,0.20728,4.321928,0.15605538
mit,rl,0.20598,0.20467491,0.04175,0.19372,4.321928,0.03612606
mit,all,0.20412,0.1812487,0.028140001,0.1888,4.321928,0.15123263
mit,call4,0.18849,0.18329471,0.021349996,0.17257,4.321928,0.07207839
