X var,Y var,MIC (strength),MIC-p^2 (nonlinearity),MAS (non-monotonicity),MEV (functionality),MCN (complexity),Linear regression (p)
call4,rl,0.33263,0.12829983,0.069790006,0.32026,4.807355,0.45202896
mit,all,0.23935,0.17212652,0.034679994,0.2273,4.807355,0.25927493
mit,rl,0.21407,0.13560252,0.021520004,0.204,4.807355,0.2801205
all,rl,0.21148,0.102361515,0.025970012,0.20116,4.807355,0.33033088
mit,call4,0.20598,0.15505971,0.016620003,0.19321,4.807355,0.22565524
all,call4,0.17417,0.11700584,0.018369995,0.16225,4.807355,0.23909028
