X var,Y var,MIC (strength),MIC-p^2 (nonlinearity),MAS (non-monotonicity),MEV (functionality),MCN (complexity),Linear regression (p)
call4,rl,0.26956,0.07335921,0.028009996,0.25832,4.807355,0.4429456
mit,rl,0.25354,0.21088542,0.060530007,0.24156,4.807355,0.20652987
all,rl,0.21925,0.15763436,0.021470003,0.20847,4.807355,0.24822496
mit,all,0.20707,0.17787994,0.021529995,0.19305,4.807355,0.17085095
mit,call4,0.20624,0.13935634,0.03508,0.1932,4.807355,0.25861874
all,call4,0.19167,0.15784332,0.02928,0.17896,4.807355,0.1839203
