X var,Y var,MIC (strength),MIC-p^2 (nonlinearity),MAS (non-monotonicity),MEV (functionality),MCN (complexity),Linear regression (p)
all,rl,0.23937,0.23061407,0.03564,0.22707,4.807355,0.09357313
mit,all,0.22311,-0.19554545,0.023220003,0.20657,4.807355,0.6470359
mit,rl,0.19789,0.18072118,0.022300005,0.1849,4.807355,-0.13102984
call4,rl,0.06425,0.06398777,0.04675,0.06425,3.321928,-0.01619353
mit,call4,0.06425,0.063624024,0.04465,0.06425,3.321928,-0.025019517
all,call4,0.04624,0.045994412,0.022869999,0.04624,3.321928,-0.015671147
