X var,Y var,MIC (strength),MIC-p^2 (nonlinearity),MAS (non-monotonicity),MEV (functionality),MCN (complexity),Linear regression (p)
all,call4,0.32396,0.1244735,0.105220005,0.29583,4.321928,0.44663912
mit,all,0.26845,0.092787534,0.066449985,0.24231,4.321928,0.41912106
all,rl,0.25873,-0.04066512,0.054079995,0.23027,4.321928,0.5471701
mit,call4,0.25798,0.06005402,0.030270003,0.23935,4.321928,0.4448887
call4,rl,0.22584,-0.050587267,0.017130002,0.20771,4.321928,0.5257635
mit,rl,0.21232,-0.078677624,0.042569995,0.1859,4.321928,0.53944194
