X var,Y var,MIC (strength),MIC-p^2 (nonlinearity),MAS (non-monotonicity),MEV (functionality),MCN (complexity),Linear regression (p)
call4,rl,0.27764,0.11551866,0.020250008,0.26648,4.807355,0.40264297
mit,rl,0.25266,0.21043868,0.06993,0.24083,4.807355,0.20547828
mit,call4,0.23572,0.17383453,0.02804,0.22422,4.807355,0.24876788
all,rl,0.20941,0.14163877,0.013919994,0.1967,4.807355,0.26032907
all,call4,0.20139,0.17345674,0.02865,0.18924,4.807355,0.16713244
mit,all,0.19258,0.1678079,0.0075999945,0.18017,4.807355,0.15739152
