X var,Y var,MIC (strength),MIC-p^2 (nonlinearity),MAS (non-monotonicity),MEV (functionality),MCN (complexity),Linear regression (p)
call4,rl,0.40305,-1.4662743E-5,0.07181999,0.38964,4.807355,0.63487375
mit,all,0.23544,0.1943784,0.02031,0.22313,4.807355,0.2026366
all,rl,0.21746,0.14168806,0.022469997,0.20524,4.807355,0.27526703
all,call4,0.21392,0.15810114,0.022640005,0.20257,4.807355,0.23626013
mit,rl,0.20476,0.18575977,0.034300007,0.19118,4.807355,0.13784131
mit,call4,0.19908,0.15921491,0.00692001,0.18516,4.807355,0.19966245
