X var,Y var,MIC (strength),MIC-p^2 (nonlinearity),MAS (non-monotonicity),MEV (functionality),MCN (complexity),Linear regression (p)
mit,all,0.22991,0.17890832,0.02441001,0.2144,4.4594316,-0.22583553
all,rl,0.21887,-0.051675424,0.020280004,0.21495,4.4594316,0.5201398
mit,rl,0.20884,0.20395942,0.124359995,0.18854,4.4594316,-0.06986115
mit,call4,0.15649,0.15588748,0.13287,0.15649,4.169925,-0.024546262
all,call4,0.14512,0.1361932,0.09729999,0.14512,4.169925,0.09448172
call4,rl,0.07422,-0.0840251,0.034890004,0.07422,3.5849626,0.39780033
