X var,Y var,MIC (strength),MIC-p^2 (nonlinearity),MAS (non-monotonicity),MEV (functionality),MCN (complexity),Linear regression (p)
call4,rl,0.28428,0.13256948,0.029459998,0.2682,4.321928,0.38950035
mit,all,0.28418,0.24589705,0.07112999,0.26674,4.321928,0.19566026
mit,rl,0.2701,0.24116354,0.031149998,0.2442,4.321928,0.1701072
mit,call4,0.21149,0.208248,0.03374,0.19617,4.321928,0.05693851
all,rl,0.19546,0.1871594,0.027840003,0.17881,4.321928,0.09110765
all,call4,0.19234,0.18496777,0.016799994,0.17477,4.321928,0.085861705
