X var,Y var,MIC (strength),MIC-p^2 (nonlinearity),MAS (non-monotonicity),MEV (functionality),MCN (complexity),Linear regression (p)
all,rl,0.25984,-0.02863732,0.032629997,0.2405,4.321928,0.53710085
mit,call4,0.25258,-0.10018596,0.052909993,0.23077,4.321928,0.59394103
all,call4,0.22479,-0.10646218,0.012529999,0.19882,4.321928,0.57554513
mit,all,0.21388,-0.18329656,0.016000003,0.19767,4.321928,0.63021946
mit,rl,0.20788,-0.14522077,0.011519998,0.19096,4.321928,0.59422284
call4,rl,0.18022,-0.11055817,0.029980004,0.16646,4.321928,0.5392385
