X var,Y var,MIC (strength),MIC-p^2 (nonlinearity),MAS (non-monotonicity),MEV (functionality),MCN (complexity),Linear regression (p)
call4,rl,0.27791,-0.17560259,0.030409992,0.26674,4.807355,0.6734334
mit,call4,0.24515,-0.044190407,0.029829994,0.2326,4.807355,0.5379037
all,call4,0.23388,-0.007721573,0.06127,0.22217,4.807355,0.49152982
all,rl,0.22861,-0.05490555,0.018679991,0.21778,4.807355,0.53246176
mit,rl,0.22077,-0.12748274,0.022880003,0.20788,4.807355,0.59012944
mit,all,0.21426,-0.07954542,0.019999996,0.20274,4.807355,0.5420382
