X var,Y var,MIC (strength),MIC-p^2 (nonlinearity),MAS (non-monotonicity),MEV (functionality),MCN (complexity),Linear regression (p)
all,rl,0.41557,0.21866964,0.10644999,0.41557,4.321928,0.44373456
all,call4,0.33429,0.30668968,0.16187,0.3174,4.4594316,0.16613346
mit,all,0.30279,0.16338205,0.07743999,0.28711,4.4594316,-0.37337372
mit,rl,0.3016,0.20357075,0.100179985,0.28835,4.4594316,-0.31309626
call4,rl,0.25852,-0.009686083,0.09196001,0.24811,4.4594316,0.51788616
mit,call4,0.25778,0.16762301,0.14815998,0.24677,4.4594316,-0.3002615
