X var,Y var,MIC (strength),MIC-p^2 (nonlinearity),MAS (non-monotonicity),MEV (functionality),MCN (complexity),Linear regression (p)
all,rl,0.47895,0.19434229,0.027449995,0.47895,4.321928,0.53348637
mit,call4,0.34875,0.26874253,0.13587,0.34875,4.321928,-0.2828559
call4,rl,0.31465,0.3049164,0.18792,0.31465,4.321928,-0.0986589
mit,all,0.26521,0.24826777,0.04652001,0.26521,4.321928,-0.13016234
mit,rl,0.22771,0.21400036,0.033410005,0.22771,4.321928,0.11708815
all,call4,0.2029,0.19452097,0.08325001,0.2029,4.321928,-0.09153709
