X var,Y var,MIC (strength),MIC-p^2 (nonlinearity),MAS (non-monotonicity),MEV (functionality),MCN (complexity),Linear regression (p)
call4,rl,0.34332,-0.022145927,0.0185,0.32272,4.4594316,0.6045378
mit,rl,0.25363,-0.021256834,0.02431,0.23499,4.4594316,0.5242965
mit,all,0.24666,0.06488474,0.03921999,0.22663,4.4594316,0.4263511
all,rl,0.22449,0.06039311,0.04518999,0.2088,4.4594316,0.40508875
mit,call4,0.19935,0.011320323,0.0378,0.18291,4.4594316,0.43362388
all,call4,0.18599,0.010452211,0.014039993,0.17,4.4594316,0.4189723
