X var,Y var,MIC (strength),MIC-p^2 (nonlinearity),MAS (non-monotonicity),MEV (functionality),MCN (complexity),Linear regression (p)
call4,rl,0.32081,0.11774987,0.04481998,0.30766,4.807355,0.45062193
mit,all,0.24503,0.19805533,0.041559994,0.23143,4.807355,0.2167364
all,rl,0.22547,0.1345143,0.02894,0.21032,4.807355,0.30158862
mit,call4,0.21498,0.1532651,0.019160002,0.20189,4.807355,0.24842484
mit,rl,0.21379,0.1523004,0.023680001,0.20183,4.807355,0.24797095
all,call4,0.20986,0.16444835,0.040819988,0.19758,4.807355,0.21310008
