X var,Y var,MIC (strength),MIC-p^2 (nonlinearity),MAS (non-monotonicity),MEV (functionality),MCN (complexity),Linear regression (p)
all,rl,0.59443,0.172999,0.077800006,0.59443,4.321928,0.6491772
mit,rl,0.39877,0.22600423,0.072840005,0.39877,4.321928,0.41565102
call4,rl,0.35449,0.13471706,0.11021002,0.35449,4.321928,0.46879947
mit,all,0.31837,0.30999207,0.11351,0.31837,4.321928,0.09153109
mit,call4,0.24757,0.2154373,0.04367,0.24757,4.321928,0.17925598
all,call4,0.22091,0.15163207,0.08225,0.21133,4.3923173,0.26320702
