X var,Y var,MIC (strength),MIC-p^2 (nonlinearity),MAS (non-monotonicity),MEV (functionality),MCN (complexity),Linear regression (p)
call4,rl,0.33732,-0.1560699,0.039699987,0.32717,4.807355,0.7024172
all,call4,0.2389,0.18709627,0.036119998,0.22734,4.807355,0.22760433
all,rl,0.22992,0.15076894,0.026460007,0.21681,4.807355,0.281338
mit,rl,0.21083,0.20726232,0.036119998,0.20241,4.807355,0.05973007
mit,call4,0.1936,0.15975346,0.020539992,0.18221,4.807355,0.1839743
mit,all,0.18485,0.16824053,0.02272,0.17524,4.807355,0.12887776
