X var,Y var,MIC (strength),MIC-p^2 (nonlinearity),MAS (non-monotonicity),MEV (functionality),MCN (complexity),Linear regression (p)
call4,rl,0.27614,0.229887,0.026820004,0.25716,4.4594316,0.21506512
all,rl,0.26029,0.24192357,0.061869994,0.24287,4.4594316,0.13552278
mit,rl,0.25059,0.13300651,0.05721,0.23423,4.4594316,0.34290448
all,call4,0.23488,0.22627844,0.035219997,0.21685,4.4594316,0.09274462
mit,call4,0.21232,0.18776172,0.016540002,0.19005,4.4594316,0.15671082
mit,all,0.20412,0.20060691,0.018000007,0.18756,4.4594316,0.059271216
