X var,Y var,MIC (strength),MIC-p^2 (nonlinearity),MAS (non-monotonicity),MEV (functionality),MCN (complexity),Linear regression (p)
call4,rl,0.23922,0.1552413,0.034099996,0.23922,4.4594316,0.28979078
all,rl,0.20645,0.19656655,0.045569994,0.20645,4.4594316,0.09941552
mit,all,0.18879,0.16564308,0.030280009,0.18879,4.4594316,0.15214108
mit,rl,0.16918,0.15544096,0.010979995,0.16918,4.4594316,0.11721368
mit,call4,0.16627,0.15829548,0.0176,0.16627,4.4594316,0.08930014
all,call4,0.14234,0.1348783,0.017450005,0.14234,4.4594316,0.08638117
