X var,Y var,MIC (strength),MIC-p^2 (nonlinearity),MAS (non-monotonicity),MEV (functionality),MCN (complexity),Linear regression (p)
call4,rl,0.27891,0.04823047,0.029450014,0.26691,4.4594316,0.4802911
all,rl,0.15215,0.087518446,0.04461,0.14549,4.4594316,0.25422737
mit,rl,0.14169,-0.017113984,0.023330003,0.13439,4.4594316,0.39850217
mit,all,0.1365,0.06055239,0.03423,0.13162,4.4594316,0.27558595
mit,call4,0.11635,0.045390487,0.029240005,0.10772,4.4594316,0.26638228
all,call4,0.10423,0.026986592,0.015360005,0.0973,4.4594316,0.27792698
