X var,Y var,MIC (strength),MIC-p^2 (nonlinearity),MAS (non-monotonicity),MEV (functionality),MCN (complexity),Linear regression (p)
all,rl,0.28526,0.18618935,0.032989994,0.27707,4.807355,0.31475487
mit,all,0.22175,0.19843012,0.04088001,0.20675,4.807355,-0.15270849
mit,rl,0.20087,0.14230411,0.03275001,0.18991,4.807355,-0.24200393
mit,call4,0.06425,0.06030141,0.056029998,0.06425,3.321928,-0.06283781
all,call4,0.04152,0.03997434,0.01021,0.04152,3.0,-0.039314866
call4,rl,0.0348,0.0318336,0.014490001,0.0348,3.0,-0.05446467
