X var,Y var,MIC (strength),MIC-p^2 (nonlinearity),MAS (non-monotonicity),MEV (functionality),MCN (complexity),Linear regression (p)
all,rl,0.45678,-0.157051,0.071150005,0.444,4.807355,0.7834737
mit,rl,0.25207,0.22976115,0.018530011,0.23882,4.807355,-0.14936152
mit,all,0.22371,0.21634227,0.0282,0.21289,4.807355,-0.08583551
call4,rl,0.21306,0.18916306,0.109570004,0.20247,4.807355,0.15458639
all,call4,0.21186,0.17156468,0.12214,0.20015,4.807355,0.20073694
mit,call4,0.20665,0.20201336,0.14659001,0.19652,4.807355,0.06809294
