X var,Y var,MIC (strength),MIC-p^2 (nonlinearity),MAS (non-monotonicity),MEV (functionality),MCN (complexity),Linear regression (p)
call4,rl,0.35985,-0.059493005,0.039490014,0.34623,4.807355,0.647567
all,call4,0.23232,0.19022125,0.04886,0.21766,4.807355,0.20517978
mit,all,0.22029,0.18899627,0.027579993,0.20968,4.807355,0.17690036
all,rl,0.21809,0.14566141,0.035850003,0.20674,4.807355,0.26912558
mit,rl,0.20223,0.19745061,0.017360002,0.19024,4.807355,0.06913323
mit,call4,0.20036,0.17536055,0.014759995,0.19149,4.807355,0.15811214
