X var,Y var,MIC (strength),MIC-p^2 (nonlinearity),MAS (non-monotonicity),MEV (functionality),MCN (complexity),Linear regression (p)
all,rl,0.28881,0.03513214,0.06457001,0.28881,4.321928,0.50366443
mit,call4,0.24668,0.14566359,0.10844001,0.24668,4.321928,-0.3178308
mit,rl,0.21934,0.15695636,0.07001999,0.21934,4.321928,-0.24976717
call4,rl,0.19684,0.07393285,0.031979993,0.19684,3.807355,0.35058117
all,call4,0.19644,0.1846397,0.05342999,0.19644,4.321928,0.10862915
mit,all,0.18133,0.17992938,0.010689996,0.18133,4.321928,0.037424903
