X var,Y var,MIC (strength),MIC-p^2 (nonlinearity),MAS (non-monotonicity),MEV (functionality),MCN (complexity),Linear regression (p)
all,rl,0.30228,-0.08989945,0.055189982,0.28937,4.4594316,0.62624234
mit,rl,0.24638,0.23942095,0.10991,0.22522,4.4594316,-0.08342092
mit,all,0.22994,0.15006647,0.037289992,0.21237,4.4594316,-0.28261906
all,call4,0.22133,0.15722573,0.103580005,0.20119,4.4594316,0.25318822
mit,call4,0.20433,0.20413923,0.11651,0.18495,4.4594316,-0.013811568
call4,rl,0.19701,-0.12362762,0.038389996,0.18768,4.4594316,0.5662487
