X var,Y var,MIC (strength),MIC-p^2 (nonlinearity),MAS (non-monotonicity),MEV (functionality),MCN (complexity),Linear regression (p)
call4,rl,0.26771,0.086179554,0.017239988,0.25459,4.807355,0.4260639
all,rl,0.22621,0.14549781,0.023359999,0.21495,4.807355,0.2840989
all,call4,0.22505,0.17416023,0.03171,0.21327,4.807355,0.22558762
mit,all,0.21198,0.1697317,0.014900006,0.19974,4.807355,0.2055439
mit,rl,0.20968,0.16734615,0.021579996,0.19735,4.807355,0.20575194
mit,call4,0.2096,0.18069068,0.03417,0.19654,4.807355,0.17002742
