X var,Y var,MIC (strength),MIC-p^2 (nonlinearity),MAS (non-monotonicity),MEV (functionality),MCN (complexity),Linear regression (p)
all,call4,0.2659,0.20872337,0.09347999,0.25273,4.321928,0.23911633
call4,rl,0.23679,0.09293392,0.058970004,0.22025,4.321928,0.37928364
all,rl,0.21754,0.14174429,0.024149999,0.20543,4.321928,0.27531022
mit,rl,0.21642,0.14920968,0.039519995,0.19472,4.321928,0.25924954
mit,call4,0.21214,0.11018094,0.066369995,0.19577,4.321928,0.31931028
mit,all,0.20429,0.07526183,0.04918,0.18508,4.321928,0.35920492
