X var,Y var,MIC (strength),MIC-p^2 (nonlinearity),MAS (non-monotonicity),MEV (functionality),MCN (complexity),Linear regression (p)
all,rl,0.29817,0.15340729,0.041419998,0.28724,4.807355,0.38047695
mit,rl,0.2568,0.25679624,0.06734,0.24227,4.807355,0.0019344946
mit,all,0.24868,0.07216258,0.051909998,0.23865,4.807355,-0.42013976
all,call4,0.21486,0.21475302,0.13299,0.20253,4.807355,-0.010343766
mit,call4,0.21032,0.20656301,0.14225999,0.19656,4.807355,-0.061294273
call4,rl,0.17104,0.14900656,0.07987,0.16044,4.807355,-0.14843667
