X var,Y var,MIC (strength),MIC-p^2 (nonlinearity),MAS (non-monotonicity),MEV (functionality),MCN (complexity),Linear regression (p)
mit,rl,0.26733,0.18392794,0.04768999,0.24831,4.4594316,0.28879413
all,call4,0.23529,0.23305972,0.015159994,0.21502,4.4594316,0.047225907
all,rl,0.21603,0.21319076,0.048259996,0.19975,4.4594316,0.053284474
call4,rl,0.19375,0.19073619,0.033300005,0.17999,4.4594316,0.054898135
mit,call4,0.18492,0.17615849,0.033929996,0.17281,4.4594316,0.093602926
mit,all,0.17901,0.17861979,0.01574,0.16338,4.4594316,0.01975378
