X var,Y var,MIC (strength),MIC-p^2 (nonlinearity),MAS (non-monotonicity),MEV (functionality),MCN (complexity),Linear regression (p)
mit,rl,0.27639,0.15568873,0.06540002,0.26241,4.321928,0.34742087
mit,call4,0.26945,0.187258,0.080740005,0.23971,4.321928,0.2866915
mit,all,0.25639,0.089429766,0.06231001,0.22756,4.321928,0.4086077
all,call4,0.23495,0.18475789,0.03196,0.21589,4.321928,0.22403598
all,rl,0.23322,0.088088125,0.03745,0.21536,4.321928,0.38096178
call4,rl,0.19393,0.139783,0.018630005,0.17714,4.321928,0.23269507
