X var,Y var,MIC (strength),MIC-p^2 (nonlinearity),MAS (non-monotonicity),MEV (functionality),MCN (complexity),Linear regression (p)
call4,rl,0.26509,0.22052054,0.09221999,0.24813,4.321928,0.21111478
all,rl,0.23221,0.22995159,0.06664999,0.211,4.321928,0.047522698
mit,rl,0.21142,0.2114063,0.054130003,0.19528,4.321928,0.0036996342
all,call4,0.20824,0.14159317,0.038200006,0.19463,4.321928,0.25816047
mit,call4,0.19688,0.18157105,0.042459995,0.18654,4.321928,0.12372935
mit,all,0.16494,0.16461034,0.018320002,0.15016,4.321928,0.018156366
