X var,Y var,MIC (strength),MIC-p^2 (nonlinearity),MAS (non-monotonicity),MEV (functionality),MCN (complexity),Linear regression (p)
call4,rl,0.26905,0.2237717,0.03489001,0.26905,4.321928,0.21278697
all,rl,0.26661,0.24411002,0.023780003,0.26661,4.321928,0.14999993
mit,all,0.25402,0.18420719,0.052770004,0.25402,4.321928,0.26422116
mit,rl,0.21473,0.21461022,0.026649997,0.21473,4.321928,-0.010944321
all,call4,0.21372,0.18539578,0.013889998,0.21372,4.321928,0.16829798
mit,call4,0.19371,0.19368482,0.016120002,0.19371,4.321928,-0.005018372
