X var,Y var,MIC (strength),MIC-p^2 (nonlinearity),MAS (non-monotonicity),MEV (functionality),MCN (complexity),Linear regression (p)
all,rl,0.45762,0.0044273436,0.049380004,0.43745,4.321928,0.67319584
mit,all,0.28437,0.28404653,0.06827,0.25754,4.321928,-0.017985571
all,call4,0.26119,0.18686485,0.11283,0.24156,4.321928,0.27262637
call4,rl,0.24702,0.12665716,0.029620007,0.2257,4.321928,0.34693348
mit,rl,0.23683,0.2367489,0.024209999,0.21329,4.321928,0.009005496
mit,call4,0.23321,0.22205333,0.11328,0.21557,4.321928,-0.10562508
