X var,Y var,MIC (strength),MIC-p^2 (nonlinearity),MAS (non-monotonicity),MEV (functionality),MCN (complexity),Linear regression (p)
all,rl,0.33918,-0.33242387,0.055219993,0.33918,4.321928,0.8195144
mit,all,0.22482,0.17540461,0.026200004,0.22482,4.321928,-0.22229573
mit,rl,0.22134,0.19232747,0.048490003,0.22134,4.321928,-0.17033067
call4,rl,0.16866,0.1684632,0.06888,0.16866,3.321928,-0.014028368
all,call4,0.16866,0.16806456,0.11629,0.16866,3.807355,-0.024401613
mit,call4,0.16866,0.14709833,0.10949,0.16866,4.169925,-0.14683889
