X var,Y var,MIC (strength),MIC-p^2 (nonlinearity),MAS (non-monotonicity),MEV (functionality),MCN (complexity),Linear regression (p)
all,rl,0.33685,-0.04939264,0.027740002,0.31749,4.4594316,0.6214842
mit,rl,0.23187,0.19697252,0.05671999,0.21165,4.4594316,-0.18680868
mit,all,0.20945,0.14471668,0.03959,0.19454,4.4594316,-0.25442746
call4,rl,0.20711,-0.029517695,0.06692,0.19616,4.4594316,0.48644394
mit,call4,0.20303,0.18264893,0.12206001,0.18409,4.4594316,-0.14276229
all,call4,0.18401,0.10947333,0.08221,0.17142,4.4594316,0.27301404
