X var,Y var,MIC (strength),MIC-p^2 (nonlinearity),MAS (non-monotonicity),MEV (functionality),MCN (complexity),Linear regression (p)
call4,rl,0.34817,0.18151051,0.05493,0.31187,4.0,0.4082395
mit,call4,0.29372,0.24450862,0.044710003,0.26899,4.0,0.22183637
all,call4,0.27463,0.2156018,0.057720006,0.24682,4.0,0.2429572
mit,rl,0.22048,0.19851056,0.021010004,0.1958,4.0,0.14822093
all,rl,0.20985,0.1874474,0.028889999,0.17863,4.0,0.14967495
mit,all,0.2028,0.18621571,0.01166001,0.18345,4.0,0.12877999
