X var,Y var,MIC (strength),MIC-p^2 (nonlinearity),MAS (non-monotonicity),MEV (functionality),MCN (complexity),Linear regression (p)
mit,rl,0.26995,0.26258612,0.043630004,0.26995,4.4594316,0.08581308
mit,all,0.22251,0.20173264,0.024470001,0.22251,4.4594316,0.14414352
call4,rl,0.2195,0.19617026,0.026360005,0.2195,4.4594316,0.15274078
all,call4,0.20364,0.18951607,0.025820002,0.20364,4.4594316,0.11884415
mit,call4,0.16757,0.15589564,0.014739998,0.16757,4.4594316,0.10804797
all,rl,0.16684,0.15340286,0.024090003,0.16684,4.4594316,0.11591867
