X var,Y var,MIC (strength),MIC-p^2 (nonlinearity),MAS (non-monotonicity),MEV (functionality),MCN (complexity),Linear regression (p)
mit,all,0.26159,0.23395224,0.043599997,0.24749,4.321928,0.1662461
mit,rl,0.24485,0.23288232,0.040750004,0.22596,4.321928,0.10939687
call4,rl,0.24433,0.19587046,0.022639997,0.22896,4.321928,0.2201353
mit,call4,0.23622,0.20998426,0.060790002,0.21792,4.321928,0.16197453
all,call4,0.22757,0.17649578,0.06461,0.2122,4.321928,0.22599606
all,rl,0.22691,0.21344543,0.04710999,0.20268,4.321928,0.11603697
