X var,Y var,MIC (strength),MIC-p^2 (nonlinearity),MAS (non-monotonicity),MEV (functionality),MCN (complexity),Linear regression (p)
all,rl,0.76653,-0.03335178,0.06816995,0.7502,4.321928,0.8943611
mit,rl,0.33995,0.339914,0.11496998,0.32278,4.321928,0.0060010916
all,call4,0.30952,0.096077815,0.12816001,0.28893,4.321928,0.46199805
mit,all,0.28708,0.2836447,0.056840003,0.26594,4.321928,-0.05861142
mit,call4,0.26648,0.22865753,0.16425,0.23988,4.321928,-0.19447999
call4,rl,0.24628,0.020374373,0.086229995,0.22844,4.321928,0.4752953
