X var,Y var,MIC (strength),MIC-p^2 (nonlinearity),MAS (non-monotonicity),MEV (functionality),MCN (complexity),Linear regression (p)
mit,call4,0.26925,0.21173945,0.052739993,0.25743,4.807355,0.23981357
mit,rl,0.25519,0.2167308,0.037570015,0.23973,4.807355,0.19611019
call4,rl,0.24033,0.07913743,0.024090007,0.23005,4.807355,0.40148795
mit,all,0.22693,0.21005662,0.015449997,0.21573,4.807355,0.12989762
all,rl,0.21559,0.15097329,0.016520001,0.20701,4.807355,0.25419816
all,call4,0.19926,0.1744956,0.025980003,0.18648,4.807355,0.15736711
