X var,Y var,MIC (strength),MIC-p^2 (nonlinearity),MAS (non-monotonicity),MEV (functionality),MCN (complexity),Linear regression (p)
all,call4,0.26518,0.2375095,0.041289985,0.26518,4.321928,0.1663445
all,rl,0.25031,0.22342801,0.026590005,0.25031,4.321928,0.16395727
call4,rl,0.245,0.19635966,0.03147,0.245,4.321928,0.22054555
mit,all,0.21524,0.16002478,0.04145,0.21524,4.321928,0.2349792
mit,rl,0.2087,0.20847899,0.033439994,0.2087,4.321928,-0.014866301
mit,call4,0.20314,0.2025551,0.03135,0.20314,4.321928,-0.024184844
