X var,Y var,MIC (strength),MIC-p^2 (nonlinearity),MAS (non-monotonicity),MEV (functionality),MCN (complexity),Linear regression (p)
all,rl,0.48844,-0.03273937,0.05795002,0.4767,4.807355,0.7219275
mit,rl,0.48829,0.3237535,0.06762001,0.47882,4.807355,-0.405631
call4,rl,0.31892,0.016798377,0.03316,0.31892,4.5849624,0.5496559
mit,all,0.27604,0.27391082,0.07520999,0.26428,4.807355,-0.046142966
all,call4,0.26717,0.0743494,0.046350002,0.25813,4.807355,0.43911344
mit,call4,0.17944,0.15975082,0.040340006,0.16868,4.807355,-0.14031814
