X var,Y var,MIC (strength),MIC-p^2 (nonlinearity),MAS (non-monotonicity),MEV (functionality),MCN (complexity),Linear regression (p)
call4,rl,0.2961,0.060217723,0.036570013,0.28467,4.807355,0.48567712
mit,rl,0.25272,0.18746766,0.05996999,0.2405,4.807355,0.25544536
all,rl,0.24699,0.15956725,0.057779998,0.23451,4.807355,0.29567337
mit,all,0.2246,0.16813494,0.020490006,0.21354,4.807355,0.23762377
mit,call4,0.22045,0.16458228,0.020710006,0.20825,4.807355,0.23636352
all,call4,0.17247,0.11890421,0.015600011,0.16089,4.807355,0.23144285
