X var,Y var,MIC (strength),MIC-p^2 (nonlinearity),MAS (non-monotonicity),MEV (functionality),MCN (complexity),Linear regression (p)
all,rl,0.30284,0.16843525,0.06473999,0.29144,4.807355,0.36661252
call4,rl,0.22711,0.2242458,0.13572,0.21234,4.807355,-0.05351825
mit,rl,0.22439,0.19318807,0.03185,0.21365,4.807355,-0.17664067
all,call4,0.22229,0.21244326,0.13374999,0.21293,4.807355,-0.09923073
mit,all,0.19956,0.18159989,0.043490008,0.18632,4.807355,-0.13401537
mit,call4,0.17041,0.16992247,0.12409001,0.16023,4.807355,-0.022080258
