X var,Y var,MIC (strength),MIC-p^2 (nonlinearity),MAS (non-monotonicity),MEV (functionality),MCN (complexity),Linear regression (p)
call4,rl,0.26992,0.24509615,0.06728999,0.26992,4.4594316,0.15755585
mit,call4,0.25034,0.24970171,0.08377002,0.25034,4.4594316,0.0252648
all,rl,0.23366,0.22955422,0.097950004,0.23366,4.4594316,0.06407639
mit,all,0.22612,0.21923457,0.056390002,0.22612,4.4594316,0.08297843
mit,rl,0.18979,0.18907894,0.034549996,0.18979,4.4594316,0.026665656
all,call4,0.17698,0.1762743,0.04438001,0.17698,4.4594316,0.026565086
