X var,Y var,MIC (strength),MIC-p^2 (nonlinearity),MAS (non-monotonicity),MEV (functionality),MCN (complexity),Linear regression (p)
all,call4,0.26705,0.20816088,0.04885,0.24655,4.321928,0.2426708
mit,all,0.24707,0.1325084,0.040930003,0.22533,4.321928,0.3384695
call4,rl,0.22756,0.082358286,0.034360006,0.20948,4.321928,0.38105342
mit,call4,0.22243,0.1769933,0.04427001,0.20434,4.321928,0.21315889
all,rl,0.22137,0.13336614,0.02426,0.20277,4.321928,0.29665443
mit,rl,0.21372,0.14712414,0.02579999,0.19226,4.321928,0.25806174
