X var,Y var,MIC (strength),MIC-p^2 (nonlinearity),MAS (non-monotonicity),MEV (functionality),MCN (complexity),Linear regression (p)
mit,all,0.302,0.2106171,0.094989985,0.302,4.321928,0.30229604
call4,rl,0.26253,0.14574143,0.039279997,0.26253,4.321928,0.3417434
all,rl,0.23844,0.17063364,0.016449995,0.23844,4.321928,0.26039654
mit,call4,0.23653,0.23283978,0.02375,0.23653,4.321928,0.060747266
all,call4,0.2026,0.13342789,0.014279999,0.2026,4.321928,0.2630059
mit,rl,0.1875,0.18086067,0.0133500025,0.1875,4.321928,0.08148207
