X var,Y var,MIC (strength),MIC-p^2 (nonlinearity),MAS (non-monotonicity),MEV (functionality),MCN (complexity),Linear regression (p)
all,call4,0.30523,0.2785222,0.08669999,0.28474,4.4594316,0.16342519
call4,rl,0.29839,0.19848034,0.0441,0.27763,4.4594316,0.3160849
all,rl,0.29743,0.25656784,0.06364001,0.26969,4.4594316,0.20214392
mit,rl,0.27526,0.1810875,0.05967,0.25895,4.4594316,0.30687538
mit,call4,0.22761,0.2127037,0.046870008,0.21,4.4594316,0.1220914
mit,all,0.22345,0.1982533,0.030560002,0.2047,4.4594316,0.15873471
