X var,Y var,MIC (strength),MIC-p^2 (nonlinearity),MAS (non-monotonicity),MEV (functionality),MCN (complexity),Linear regression (p)
all,rl,0.29321,0.22380556,0.093219995,0.2791,4.807355,0.26344723
call4,rl,0.24337,0.104057714,0.016900003,0.23264,4.807355,0.3732456
mit,call4,0.22326,0.20817277,0.053389996,0.20905,4.807355,0.12283007
all,call4,0.2178,0.18042138,0.027109995,0.20579,4.807355,0.1933355
mit,rl,0.21213,0.18644705,0.029009998,0.20024,4.807355,0.16025896
mit,all,0.19435,0.17254016,0.018849999,0.18578,4.807355,0.14768156
