X var,Y var,MIC (strength),MIC-p^2 (nonlinearity),MAS (non-monotonicity),MEV (functionality),MCN (complexity),Linear regression (p)
all,rl,0.33301,-0.33865157,0.080279976,0.33301,4.321928,0.8195496
mit,all,0.27568,0.24422939,0.08835001,0.27568,4.321928,-0.1773432
call4,rl,0.25922,0.25906345,0.12335001,0.25922,4.169925,-0.012511936
mit,rl,0.23919,0.22668937,0.051839992,0.23919,4.321928,-0.11180623
all,call4,0.21866,0.21782058,0.16337,0.21866,4.321928,-0.028972594
mit,call4,0.19979,0.17128828,0.11305,0.19979,4.321928,-0.16882454
