X var,Y var,MIC (strength),MIC-p^2 (nonlinearity),MAS (non-monotonicity),MEV (functionality),MCN (complexity),Linear regression (p)
all,rl,0.46629,-0.22165251,0.07635999,0.45606,4.807355,0.829423
mit,rl,0.28924,0.25976798,0.1195,0.27654,4.807355,-0.17167416
mit,call4,0.24634,0.24411495,0.20538001,0.23354,4.807355,0.047170486
mit,all,0.24548,0.2353227,0.048209995,0.23235,4.807355,-0.10078347
all,call4,0.18145,0.16095789,0.12632999,0.17195,4.807355,0.14315063
call4,rl,0.15345,0.14138815,0.08986,0.14546,4.807355,0.10982648
