X var,Y var,MIC (strength),MIC-p^2 (nonlinearity),MAS (non-monotonicity),MEV (functionality),MCN (complexity),Linear regression (p)
call4,rl,0.32556,-0.0478141,0.04038,0.31663,4.807355,0.61104345
all,rl,0.23583,0.15608135,0.04247,0.22208,4.807355,0.28239802
mit,all,0.22843,0.21119954,0.06763001,0.21631,4.807355,0.13126488
mit,rl,0.21697,0.19837111,0.04004,0.20327,4.807355,0.13637772
all,call4,0.21642,0.14444599,0.02426,0.20682,4.807355,0.2682797
mit,call4,0.18651,0.14169037,0.015009999,0.17569,4.807355,0.21170644
