X var,Y var,MIC (strength),MIC-p^2 (nonlinearity),MAS (non-monotonicity),MEV (functionality),MCN (complexity),Linear regression (p)
call4,rl,0.3719,0.18344587,0.12381999,0.35665,4.807355,0.43411303
all,rl,0.23693,0.14076746,0.032169998,0.22576,4.807355,0.31010085
mit,all,0.21687,0.16872044,0.016680002,0.20481,4.807355,0.21943006
mit,call4,0.21468,0.15885633,0.010810003,0.20172,4.807355,0.23627034
mit,rl,0.19098,0.13255228,0.024350002,0.18165,4.807355,0.24171828
all,call4,0.17291,0.1286043,0.018480003,0.16224,4.807355,0.21048921
