X var,Y var,MIC (strength),MIC-p^2 (nonlinearity),MAS (non-monotonicity),MEV (functionality),MCN (complexity),Linear regression (p)
call4,rl,0.3059,0.21896923,0.020119995,0.28551,4.4594316,0.29484025
all,rl,0.29647,0.26885515,0.07041998,0.27699,4.4594316,0.16617712
mit,rl,0.25246,0.138123,0.042040005,0.23494,4.4594316,0.33813754
mit,all,0.22834,0.2192457,0.051750004,0.20519,4.4594316,0.09536404
all,call4,0.19424,0.1713073,0.013439998,0.18008,4.4594316,0.15143551
mit,call4,0.18936,0.16325104,0.022319995,0.17296,4.4594316,0.16158266
