X var,Y var,MIC (strength),MIC-p^2 (nonlinearity),MAS (non-monotonicity),MEV (functionality),MCN (complexity),Linear regression (p)
all,rl,0.36259,0.23371802,0.085069984,0.36259,4.321928,0.35898742
mit,all,0.27033,0.21506345,0.10572001,0.27033,4.321928,0.2350884
mit,rl,0.20837,0.1949713,0.045629993,0.20837,4.321928,-0.115752794
call4,rl,0.18759,0.1470042,0.08138,0.18759,4.321928,0.20145918
mit,call4,0.17057,0.14264777,0.10738,0.17057,4.321928,-0.16709948
all,call4,0.15262,0.14982349,0.09776001,0.15262,4.321928,-0.052882094
