X var,Y var,MIC (strength),MIC-p^2 (nonlinearity),MAS (non-monotonicity),MEV (functionality),MCN (complexity),Linear regression (p)
all,rl,0.25653,0.17328763,0.06945999,0.25653,4.321928,0.28851753
call4,rl,0.25071,0.13478017,0.02012001,0.25071,4.321928,0.3404847
mit,rl,0.2343,0.21348105,0.0673,0.2343,4.321928,0.14428774
mit,all,0.22415,0.14648852,0.035259992,0.22415,4.321928,0.2786781
all,call4,0.21753,0.18150602,0.029969998,0.21753,4.321928,0.18979983
mit,call4,0.19953,0.1942365,0.0299,0.19953,4.321928,0.072756425
