X var,Y var,MIC (strength),MIC-p^2 (nonlinearity),MAS (non-monotonicity),MEV (functionality),MCN (complexity),Linear regression (p)
all,rl,0.62908,-0.11977893,0.063629985,0.57944,4.321928,0.86536634
mit,all,0.25638,0.21472795,0.021509998,0.23777,4.321928,-0.2040883
mit,rl,0.23593,0.20002544,0.035689995,0.21192,4.321928,-0.18948497
mit,call4,0.23309,0.18856427,0.16330001,0.21686,4.321928,-0.21101119
all,call4,0.18678,0.09390861,0.12593001,0.17586,4.321928,0.3047481
call4,rl,0.14608,0.0031992048,0.0715,0.13256,4.321928,0.37799576
