X var,Y var,MIC (strength),MIC-p^2 (nonlinearity),MAS (non-monotonicity),MEV (functionality),MCN (complexity),Linear regression (p)
call4,rl,0.2605,0.02130568,0.054460004,0.25436,4.807355,0.48907498
mit,rl,0.15588,0.056888476,0.03211999,0.1526,4.807355,0.3146292
mit,all,0.15027,0.051974438,0.03474,0.14489,4.807355,0.31352124
all,rl,0.1285,0.007438652,0.039120004,0.12456,4.807355,0.34793872
mit,call4,0.12839,0.035931252,0.0242,0.12362,4.807355,0.3040703
all,call4,0.12345,0.047045976,0.022580005,0.11819,4.807355,0.27641279
