X var,Y var,MIC (strength),MIC-p^2 (nonlinearity),MAS (non-monotonicity),MEV (functionality),MCN (complexity),Linear regression (p)
call4,rl,0.33192,0.20817743,0.019079983,0.31441,4.321928,0.3517706
mit,rl,0.25727,0.19395547,0.059000015,0.23955,4.321928,0.2516238
mit,all,0.23349,0.21422003,0.019529998,0.20498,4.321928,0.13881631
all,call4,0.18457,0.18312317,0.009739995,0.16452,4.321928,0.038037237
all,rl,0.1825,0.17872027,0.017949998,0.17156,4.321928,0.06147959
mit,call4,0.18023,0.17948432,0.030090004,0.16989,4.321928,0.027307145
