X var,Y var,MIC (strength),MIC-p^2 (nonlinearity),MAS (non-monotonicity),MEV (functionality),MCN (complexity),Linear regression (p)
call4,rl,0.38218,0.10575187,0.0988,0.36268,4.321928,0.52576435
mit,rl,0.29179,0.21937591,0.07522,0.26833,4.321928,0.26909867
mit,all,0.25453,0.14084962,0.04619,0.24069,4.321928,0.33716524
all,call4,0.23475,0.20751771,0.025059998,0.21377,4.321928,0.16502208
mit,call4,0.22981,0.21115173,0.049789995,0.21527,4.321928,0.13659526
all,rl,0.20319,0.15250823,0.01783,0.18439,4.321928,0.2251261
