X var,Y var,MIC (strength),MIC-p^2 (nonlinearity),MAS (non-monotonicity),MEV (functionality),MCN (complexity),Linear regression (p)
mit,all,0.55861,0.27100512,0.08561003,0.55861,4.4594316,0.5362881
all,rl,0.44368,0.38958788,0.08115998,0.44368,4.4594316,-0.23257712
mit,rl,0.26925,0.266064,0.06666,0.26925,4.4594316,-0.05644479
all,call4,0.17342,0.17260233,0.15445,0.17342,4.4594316,-0.028595058
mit,call4,0.17342,0.17090993,0.15237999,0.17342,4.4594316,-0.050100606
call4,rl,0.10714,0.08871272,0.07716,0.10714,3.807355,0.13574709
