X var,Y var,MIC (strength),MIC-p^2 (nonlinearity),MAS (non-monotonicity),MEV (functionality),MCN (complexity),Linear regression (p)
all,rl,0.60557,0.25053126,0.05315,0.59727,4.807355,0.5958513
mit,rl,0.29836,0.19234478,0.014390007,0.2862,4.807355,-0.32559976
mit,all,0.27745,0.22922216,0.051429987,0.26853,4.807355,-0.21960837
all,call4,0.19386,0.012499481,0.115399994,0.18364,4.807355,0.42586443
mit,call4,0.1787,0.17825311,0.1619,0.17,4.807355,0.021139566
call4,rl,0.15779,0.13880499,0.08907001,0.15278,4.807355,0.13778614
