X var,Y var,MIC (strength),MIC-p^2 (nonlinearity),MAS (non-monotonicity),MEV (functionality),MCN (complexity),Linear regression (p)
all,call4,0.28579,0.23299934,0.04767999,0.2546,4.321928,0.22976218
mit,call4,0.24797,0.22611998,0.04789,0.22866,4.321928,0.14781752
mit,all,0.2453,0.22224164,0.038730003,0.21829,4.321928,0.15184978
all,rl,0.24113,0.23077667,0.05382,0.22648,4.321928,0.1017513
call4,rl,0.22979,0.19990717,0.037449993,0.21778,4.321928,0.17286652
mit,rl,0.22308,0.21757276,0.017240003,0.20656,4.321928,0.07421067
