X var,Y var,MIC (strength),MIC-p^2 (nonlinearity),MAS (non-monotonicity),MEV (functionality),MCN (complexity),Linear regression (p)
call4,rl,0.25682,0.07016887,0.029640004,0.24827,4.807355,0.4320314
mit,rl,0.22939,0.19240034,0.028530002,0.21834,4.807355,0.19232696
all,call4,0.22936,0.19546077,0.06003,0.21351,4.807355,0.18411747
mit,call4,0.22746,0.16483846,0.02109,0.21186,4.807355,0.25024295
all,rl,0.21825,0.16553664,0.036120012,0.20566,4.807355,0.2295939
mit,all,0.21672,0.18701532,0.048189998,0.20185,4.807355,0.17235045
