X var,Y var,MIC (strength),MIC-p^2 (nonlinearity),MAS (non-monotonicity),MEV (functionality),MCN (complexity),Linear regression (p)
mit,all,0.27309,0.22836243,0.0969,0.25205,4.321928,0.21148896
all,rl,0.26683,0.19931068,0.025559992,0.24867,4.321928,0.2598448
mit,rl,0.24185,0.22543962,0.055690005,0.2162,4.321928,0.12810302
call4,rl,0.21808,0.16296095,0.017159998,0.19703,4.321928,0.23477446
all,call4,0.21605,0.1552047,0.017130002,0.195,4.321928,0.24666841
mit,call4,0.21293,0.19713448,0.03914,0.19861,4.321928,0.1256802
