X var,Y var,MIC (strength),MIC-p^2 (nonlinearity),MAS (non-monotonicity),MEV (functionality),MCN (complexity),Linear regression (p)
all,rl,0.49106,0.36459714,0.11457999,0.49106,4.321928,0.35561615
mit,all,0.25086,0.121887475,0.02960001,0.2382,4.4594316,-0.35912746
mit,rl,0.22477,0.17144376,0.03717999,0.20194,4.4594316,-0.23092474
all,call4,0.0897,0.07870332,0.061849996,0.0897,2.5849626,0.10486505
mit,call4,0.0897,0.0881031,0.081489995,0.0897,3.321928,-0.03996124
call4,rl,0.07833,-0.024960153,0.03138,0.07833,3.321928,0.32138786
