X var,Y var,MIC (strength),MIC-p^2 (nonlinearity),MAS (non-monotonicity),MEV (functionality),MCN (complexity),Linear regression (p)
all,rl,0.32257,0.016441405,0.11467999,0.30901,4.4594316,0.5532889
mit,rl,0.22156,0.21197897,0.105560005,0.20691,4.4594316,-0.097882695
mit,all,0.18041,0.15552449,0.06109,0.16531,4.4594316,-0.15775141
all,call4,0.0897,0.08678951,0.04102,0.0897,3.321928,0.053948916
mit,call4,0.0897,0.087149695,0.076529995,0.0897,3.321928,-0.050500542
call4,rl,0.07833,-0.052666627,0.027780004,0.07833,3.0,0.36193457
