X var,Y var,MIC (strength),MIC-p^2 (nonlinearity),MAS (non-monotonicity),MEV (functionality),MCN (complexity),Linear regression (p)
all,rl,0.31572,0.23521884,0.07881001,0.29725,4.321928,0.28372726
call4,rl,0.24814,0.20341149,0.041650005,0.23183,4.321928,0.2114912
mit,call4,0.24195,0.22379777,0.03656,0.22563,4.321928,0.13473025
mit,all,0.23269,0.2170667,0.03559,0.21418,4.321928,0.124993235
mit,rl,0.22437,0.22218463,0.028630003,0.20602,4.321928,0.046747994
all,call4,0.20855,0.114478976,0.01923,0.18866,4.321928,0.30671
