X var,Y var,MIC (strength),MIC-p^2 (nonlinearity),MAS (non-monotonicity),MEV (functionality),MCN (complexity),Linear regression (p)
all,rl,0.59007,0.017986774,0.06274003,0.57361,4.321928,0.75636184
mit,rl,0.45347,0.4251933,0.14543998,0.42448,4.321928,-0.16815668
mit,all,0.37955,0.32005942,0.09778002,0.35774,4.321928,-0.24390692
all,call4,0.28054,0.0123173,0.073099986,0.25511,4.321928,0.5179022
mit,call4,0.2634,0.1977862,0.12926999,0.23451,4.321928,-0.25615188
call4,rl,0.21981,0.02462238,0.031839997,0.2051,4.321928,0.44180042
