X var,Y var,MIC (strength),MIC-p^2 (nonlinearity),MAS (non-monotonicity),MEV (functionality),MCN (complexity),Linear regression (p)
all,rl,0.32951,-0.2607647,0.05126001,0.31885,4.807355,0.7682934
mit,rl,0.22754,0.20099778,0.041710004,0.21382,4.807355,-0.16291782
mit,call4,0.21007,0.19745007,0.10487,0.19925,4.807355,-0.11233848
mit,all,0.19914,0.19444013,0.0423,0.18808,4.807355,-0.06855558
call4,rl,0.18207,0.060329817,0.064780004,0.17342,4.807355,0.34891286
all,call4,0.15556,0.12411177,0.0922,0.14433,4.807355,0.17733648
