X var,Y var,MIC (strength),MIC-p^2 (nonlinearity),MAS (non-monotonicity),MEV (functionality),MCN (complexity),Linear regression (p)
mit,rl,0.24603,0.15364188,0.035479993,0.24603,4.321928,0.30395415
mit,all,0.2386,0.10100716,0.047059998,0.2386,4.321928,0.37093508
all,rl,0.23336,0.11048528,0.04579,0.23336,4.321928,0.35053492
call4,rl,0.23155,0.047889575,0.011629999,0.23155,4.321928,0.4285562
mit,call4,0.20775,0.06781022,0.03773001,0.20775,4.321928,0.37408525
all,call4,0.19888,0.12253673,0.028130002,0.19888,4.321928,0.27630287
