X var,Y var,MIC (strength),MIC-p^2 (nonlinearity),MAS (non-monotonicity),MEV (functionality),MCN (complexity),Linear regression (p)
all,rl,0.40107,-0.20811409,0.046049982,0.38972,4.807355,0.78050244
mit,call4,0.28096,0.21818571,0.09933999,0.27152,4.807355,-0.25054798
all,call4,0.22746,0.2274439,0.09979999,0.21751,4.807355,0.004012145
mit,all,0.19552,0.19541933,0.025140002,0.18609,4.807355,0.010033429
mit,rl,0.19166,0.14862022,0.022160009,0.18173,4.807355,-0.20746033
call4,rl,0.17067,0.16366348,0.098110005,0.1633,4.807355,0.08370501
