X var,Y var,MIC (strength),MIC-p^2 (nonlinearity),MAS (non-monotonicity),MEV (functionality),MCN (complexity),Linear regression (p)
mit,rl,0.25779,0.17161024,0.09329,0.25779,4.4594316,0.2935639
call4,rl,0.23096,0.043754265,0.013530001,0.23096,4.4594316,0.43267277
mit,call4,0.23085,0.10785293,0.060709998,0.23085,4.4594316,0.35070938
all,rl,0.20948,0.15300213,0.04675,0.20948,4.4594316,0.23765074
mit,all,0.20478,0.06939085,0.027359992,0.20478,4.4594316,0.36795264
all,call4,0.19168,0.12607594,0.017250001,0.19168,4.4594316,0.2561329
