X var,Y var,MIC (strength),MIC-p^2 (nonlinearity),MAS (non-monotonicity),MEV (functionality),MCN (complexity),Linear regression (p)
mit,all,0.26389,0.25930986,0.06480999,0.24139,4.321928,-0.0676767
mit,rl,0.17159,0.16945446,0.09104,0.14952,4.321928,-0.046211965
all,rl,0.16875,-0.5194801,0.036009997,0.15588,4.321928,0.82959634
mit,call4,0.09794,0.097312346,0.079119995,0.09794,3.321928,-0.025052972
call4,rl,0.04405,0.043998223,0.01134,0.04405,3.0,-0.007195803
all,call4,0.01423,0.013987029,0.0,0.01423,2.0,-0.015587523
