X var,Y var,MIC (strength),MIC-p^2 (nonlinearity),MAS (non-monotonicity),MEV (functionality),MCN (complexity),Linear regression (p)
call4,rl,0.32299,-0.13145936,0.022799999,0.31308,4.807355,0.6741286
all,call4,0.25568,0.08736242,0.05760999,0.23823,4.807355,0.41026524
all,rl,0.24465,0.055324465,0.038650006,0.23141,4.807355,0.43511555
mit,rl,0.21042,0.025607258,0.040559992,0.19838,4.807355,0.42989853
mit,all,0.17731,-0.0035714358,0.03012,0.16794,4.807355,0.42530158
mit,call4,0.17644,-0.0037680864,0.01749,0.16446,4.807355,0.42450923
