X var,Y var,MIC (strength),MIC-p^2 (nonlinearity),MAS (non-monotonicity),MEV (functionality),MCN (complexity),Linear regression (p)
mit,rl,0.21098,0.20138106,0.026610002,0.21098,4.4594316,0.09797417
call4,rl,0.20771,0.15950549,0.032980002,0.20771,4.4594316,0.21955524
mit,all,0.19031,0.17282666,0.018380001,0.19031,4.4594316,0.13222457
all,rl,0.16638,0.15801029,0.015599996,0.16638,4.4594316,0.09148611
all,call4,0.1624,0.1442011,0.010350004,0.1624,4.4594316,0.1349033
mit,call4,0.15992,0.13508525,0.025670007,0.15992,4.4594316,0.15759046
