X var,Y var,MIC (strength),MIC-p^2 (nonlinearity),MAS (non-monotonicity),MEV (functionality),MCN (complexity),Linear regression (p)
mit,all,0.36749,0.2593748,0.07641998,0.33356,4.0,0.32880875
call4,rl,0.34838,0.19797465,0.032139987,0.32133,4.0,0.3878213
mit,rl,0.26925,0.22730336,0.025570005,0.23287,4.0,0.20480883
all,rl,0.26135,0.2435784,0.035630003,0.23271,4.0,0.13331018
mit,call4,0.25643,0.22995451,0.01354,0.23184,4.0,0.16271289
all,call4,0.23752,0.1764664,0.022049993,0.21026,4.0,0.24709025
