X var,Y var,MIC (strength),MIC-p^2 (nonlinearity),MAS (non-monotonicity),MEV (functionality),MCN (complexity),Linear regression (p)
all,rl,0.2963,0.28046045,0.11318,0.2963,4.321928,0.12585524
call4,rl,0.2947,0.2560217,0.036290005,0.2947,4.321928,0.19666797
mit,all,0.28201,0.23639786,0.02623,0.28201,4.321928,0.21356997
all,call4,0.22949,0.21359247,0.018909998,0.22949,4.321928,0.12608539
mit,rl,0.21331,0.21300037,0.030379996,0.21331,4.321928,-0.017596325
mit,call4,0.19756,0.19752873,0.020860001,0.19756,4.321928,0.005591517
