X var,Y var,MIC (strength),MIC-p^2 (nonlinearity),MAS (non-monotonicity),MEV (functionality),MCN (complexity),Linear regression (p)
mit,rl,0.43014,0.36341184,0.10949999,0.43014,4.321928,-0.25831792
all,rl,0.42658,-0.15757227,0.05926001,0.42658,4.169925,0.76429856
call4,rl,0.36709,0.36076945,0.18182999,0.36709,4.0,0.07950184
mit,all,0.2733,0.23684707,0.089209996,0.2733,4.321928,-0.19092646
all,call4,0.24962,0.23868212,0.12897,0.24962,4.321928,0.104584366
mit,call4,0.24731,0.21815176,0.16938,0.24731,4.321928,-0.17075782
