X var,Y var,MIC (strength),MIC-p^2 (nonlinearity),MAS (non-monotonicity),MEV (functionality),MCN (complexity),Linear regression (p)
all,rl,0.42517,0.17417243,0.08927001,0.42517,4.321928,0.5009966
mit,rl,0.28258,0.2404871,0.070519984,0.28258,4.321928,0.2051655
call4,rl,0.26777,0.20785803,0.05224,0.26777,4.321928,0.24476922
all,call4,0.2489,0.24882609,0.095699996,0.2489,4.321928,-0.0085970275
mit,all,0.22162,0.21789026,0.033979997,0.22162,4.321928,0.061071515
mit,call4,0.21506,0.21338142,0.13566,0.21506,4.321928,0.040970445
