X var,Y var,MIC (strength),MIC-p^2 (nonlinearity),MAS (non-monotonicity),MEV (functionality),MCN (complexity),Linear regression (p)
call4,rl,0.32685,0.10408144,0.040859997,0.31699,4.807355,0.47198364
mit,rl,0.21846,0.15274191,0.017689988,0.20502,4.807355,0.2563554
mit,all,0.2165,0.16720022,0.018800005,0.20468,4.807355,0.22203553
all,rl,0.215,0.12504108,0.015820004,0.20379,4.807355,0.29993153
mit,call4,0.21317,0.14189318,0.02877,0.1984,4.807355,0.2669772
all,call4,0.17319,0.12551367,0.0124699995,0.1614,4.807355,0.2183491
