X var,Y var,MIC (strength),MIC-p^2 (nonlinearity),MAS (non-monotonicity),MEV (functionality),MCN (complexity),Linear regression (p)
mit,call4,0.27137,0.052288532,0.06482999,0.27137,3.5849626,-0.4680614
all,rl,0.26545,-0.37206328,0.04727,0.26545,4.169925,0.7984443
call4,rl,0.24378,0.1654245,0.048329994,0.24378,4.0,0.27992055
mit,rl,0.2244,0.034800977,0.02745001,0.2244,4.321928,-0.4354297
mit,all,0.179,0.018590659,0.03423,0.179,4.321928,-0.40051135
all,call4,0.13991,0.11939404,0.07019,0.13991,4.321928,0.14323393
