X var,Y var,MIC (strength),MIC-p^2 (nonlinearity),MAS (non-monotonicity),MEV (functionality),MCN (complexity),Linear regression (p)
all,rl,0.35129,-0.6086645,0.09441,0.33101,4.321928,0.9797727
mit,all,0.22587,0.21783207,0.049839996,0.20732,4.321928,0.08965446
mit,call4,0.22146,0.22122757,0.16023,0.20543,4.321928,-0.0152454665
mit,rl,0.19668,0.19640148,0.05027999,0.17576,4.321928,-0.016688768
all,call4,0.17518,-0.71642756,0.11231,0.15978,4.321928,0.94424975
call4,rl,0.14369,-0.79327965,0.08624001,0.12797,4.321928,0.9679719
