X var,Y var,MIC (strength),MIC-p^2 (nonlinearity),MAS (non-monotonicity),MEV (functionality),MCN (complexity),Linear regression (p)
call4,rl,0.3204,0.16592923,0.080699995,0.3067,4.807355,0.3930277
all,rl,0.23951,0.13803951,0.024379998,0.22844,4.807355,0.31854433
all,call4,0.22547,0.19909191,0.021870002,0.20792,4.807355,0.16241334
mit,all,0.22516,0.18523888,0.056240007,0.21118,4.807355,0.1998027
mit,rl,0.21241,0.16036917,0.038190007,0.20003,4.807355,0.22812459
mit,call4,0.19223,0.14478983,0.019940004,0.17873,4.807355,0.21780764
