X var,Y var,MIC (strength),MIC-p^2 (nonlinearity),MAS (non-monotonicity),MEV (functionality),MCN (complexity),Linear regression (p)
mit,call4,0.3146,0.2240848,0.10772999,0.28859,4.0,0.30085742
call4,rl,0.28151,0.04147637,0.05765,0.25124,4.0,0.48993227
all,call4,0.26306,0.1927777,0.079270005,0.23076,4.0,0.2651081
mit,rl,0.26191,0.12501954,0.035579994,0.23988,4.0,0.3699871
all,rl,0.25864,0.19566627,0.034989998,0.22854,4.0,0.25094566
mit,all,0.2427,0.16123235,0.03272999,0.22259,4.0,0.28542536
