X var,Y var,MIC (strength),MIC-p^2 (nonlinearity),MAS (non-monotonicity),MEV (functionality),MCN (complexity),Linear regression (p)
all,rl,0.29033,0.2237397,0.03801,0.27069,4.321928,0.25805095
call4,rl,0.25671,0.23524384,0.03904,0.23906,4.321928,0.14651331
mit,call4,0.23007,0.19745241,0.038609996,0.21318,4.321928,0.18060338
mit,rl,0.2103,0.21028367,0.017700002,0.19179,4.321928,-0.004040331
mit,all,0.20443,0.200932,0.025279999,0.17748,4.321928,0.05914389
all,call4,0.16778,0.07437231,0.027029999,0.15493,4.321928,0.30562672
