X var,Y var,MIC (strength),MIC-p^2 (nonlinearity),MAS (non-monotonicity),MEV (functionality),MCN (complexity),Linear regression (p)
call4,rl,0.40708,0.2988502,0.111910015,0.36355,4.0,0.32898295
all,call4,0.31259,0.25850028,0.08271,0.27894,4.0,0.23257197
mit,all,0.28953,0.19571027,0.041879997,0.25122,4.0,0.30630007
mit,rl,0.27724,0.2737869,0.026069999,0.24206,4.0,0.058763184
mit,call4,0.2723,0.2583612,0.07440001,0.24998,4.0,0.118062764
all,rl,0.20202,0.19258043,0.0077000037,0.17482,4.0,0.09715744
