X var,Y var,MIC (strength),MIC-p^2 (nonlinearity),MAS (non-monotonicity),MEV (functionality),MCN (complexity),Linear regression (p)
mit,all,0.24998,0.22016193,0.103970006,0.22773,4.321928,0.17267911
all,rl,0.24907,0.168152,0.039670005,0.22633,4.321928,0.2844609
call4,rl,0.23255,0.16892475,0.057469994,0.21218,4.321928,0.25224045
mit,call4,0.20479,0.18684022,0.044239998,0.18708,4.321928,0.13397679
mit,rl,0.18553,0.1800265,0.037080005,0.16488,4.321928,0.07418559
all,call4,0.18254,0.08267523,0.027850002,0.16467,4.321928,0.31601387
