X var,Y var,MIC (strength),MIC-p^2 (nonlinearity),MAS (non-monotonicity),MEV (functionality),MCN (complexity),Linear regression (p)
call4,rl,0.26844,-0.027819008,0.022440001,0.25639,4.807355,0.5442968
mit,rl,0.2269,0.08598566,0.023120001,0.21441,4.807355,0.37538558
all,rl,0.20494,0.048829168,0.032719992,0.19446,4.807355,0.39510864
mit,call4,0.20336,0.01598449,0.0155199915,0.19183,4.807355,0.43286893
all,call4,0.1992,0.028674453,0.030129999,0.18806,4.807355,0.4129474
mit,all,0.19628,-0.0022657663,0.032800004,0.18317,4.807355,0.44558474
