X var,Y var,MIC (strength),MIC-p^2 (nonlinearity),MAS (non-monotonicity),MEV (functionality),MCN (complexity),Linear regression (p)
call4,rl,0.26273,0.240629,0.027940005,0.26273,4.4594316,0.14866404
mit,rl,0.24957,0.24617445,0.051459998,0.24957,4.4594316,0.05827135
mit,call4,0.24669,0.2256066,0.07074,0.24669,4.4594316,0.14520124
mit,all,0.24002,0.2352622,0.03446001,0.24002,4.4594316,0.0689769
all,rl,0.19864,0.19860746,0.014990002,0.19864,4.4594316,0.0057051484
all,call4,0.19372,0.19146015,0.01199,0.19372,4.4594316,0.047537826
