X var,Y var,MIC (strength),MIC-p^2 (nonlinearity),MAS (non-monotonicity),MEV (functionality),MCN (complexity),Linear regression (p)
call4,rl,0.28961,0.07868548,0.030900002,0.27796,4.807355,0.4592652
all,rl,0.22991,0.14989525,0.027329996,0.21753,4.807355,0.2828688
mit,all,0.21837,0.16639197,0.018720001,0.20407,4.807355,0.22798692
all,call4,0.21395,0.15267305,0.034330003,0.20265,4.807355,0.2475418
mit,rl,0.20521,0.15660462,0.01607,0.19418,4.807355,0.22046629
mit,call4,0.20106,0.16257982,0.022339992,0.1888,4.807355,0.19616364
