X var,Y var,MIC (strength),MIC-p^2 (nonlinearity),MAS (non-monotonicity),MEV (functionality),MCN (complexity),Linear regression (p)
mit,all,0.28415,0.28192583,0.08111,0.26275,4.321928,-0.047161274
all,rl,0.27178,0.27173415,0.06944001,0.25154,4.321928,0.0067724288
call4,rl,0.2506,0.22182202,0.030440003,0.22711,4.321928,0.16964078
mit,call4,0.24918,0.24242467,0.031890005,0.22454,4.321928,0.082190886
mit,rl,0.22144,0.22099257,0.03182,0.19927,4.321928,-0.021152703
all,call4,0.21705,0.17146301,0.031979993,0.20036,4.321928,0.2135111
