X var,Y var,MIC (strength),MIC-p^2 (nonlinearity),MAS (non-monotonicity),MEV (functionality),MCN (complexity),Linear regression (p)
all,rl,0.33305,0.3126519,0.055020005,0.31995,4.807355,0.14282194
mit,rl,0.26301,0.17271297,0.046210006,0.25256,4.807355,0.30049464
all,call4,0.21151,0.20460096,0.09053,0.20011,4.807355,-0.083120614
call4,rl,0.20074,0.1396778,0.096669994,0.18933,4.807355,-0.24710765
mit,all,0.1947,0.19366543,0.025670007,0.1803,4.807355,-0.03216483
mit,call4,0.17733,0.16194016,0.08512,0.16571,4.807355,-0.12405583
