X var,Y var,MIC (strength),MIC-p^2 (nonlinearity),MAS (non-monotonicity),MEV (functionality),MCN (complexity),Linear regression (p)
call4,rl,0.34574,-0.04834965,0.07531999,0.33456,4.807355,0.6277656
mit,all,0.22408,0.20873025,0.03803,0.20811,4.807355,0.12389412
all,call4,0.2188,0.15164503,0.0441,0.20606,4.807355,0.25914276
mit,call4,0.20375,0.15423319,0.014839999,0.19108,4.807355,0.22252373
mit,rl,0.19923,0.17583221,0.01715,0.18481,4.807355,0.15296337
all,rl,0.19116,0.1111451,0.019209996,0.18307,4.807355,0.28286904
