X var,Y var,MIC (strength),MIC-p^2 (nonlinearity),MAS (non-monotonicity),MEV (functionality),MCN (complexity),Linear regression (p)
call4,rl,0.36115,-0.08723524,0.05877,0.34113,4.321928,0.66961575
all,rl,0.29027,0.01679504,0.047699988,0.26959,4.321928,0.5229483
mit,call4,0.24369,0.02054073,0.034940004,0.21362,4.321928,0.47238678
mit,all,0.24336,-0.14647995,0.047500007,0.22622,4.321928,0.62437165
mit,rl,0.2368,-0.077693716,0.051950008,0.21714,4.321928,0.5607974
all,call4,0.23422,0.057066843,0.038919996,0.22024,4.321928,0.42089567
