X var,Y var,MIC (strength),MIC-p^2 (nonlinearity),MAS (non-monotonicity),MEV (functionality),MCN (complexity),Linear regression (p)
all,rl,0.38142,0.13590904,0.050220013,0.38142,4.321928,0.4954906
call4,rl,0.27663,0.26953268,0.18417001,0.27663,4.321928,-0.08424562
mit,rl,0.22703,0.22614524,0.042620003,0.22703,4.321928,0.029744966
mit,all,0.22001,0.21801883,0.027289994,0.22001,4.321928,0.044622548
all,call4,0.18178,0.1768416,0.093779996,0.18178,4.321928,0.070273735
mit,call4,0.15206,0.15082178,0.06436,0.15206,4.321928,-0.035188533
