X var,Y var,MIC (strength),MIC-p^2 (nonlinearity),MAS (non-monotonicity),MEV (functionality),MCN (complexity),Linear regression (p)
call4,rl,0.3343,0.25300655,0.108150005,0.31763,4.321928,0.2851201
all,rl,0.26981,0.19341677,0.027879998,0.24071,4.321928,0.27639323
mit,rl,0.25796,0.24659777,0.032429993,0.23754,4.321928,0.106593706
mit,call4,0.23908,0.20869446,0.038980007,0.2143,4.321928,0.1743145
mit,all,0.23392,0.18980955,0.022249997,0.2141,4.321928,0.21002486
all,call4,0.22937,0.15480581,0.026600003,0.20823,4.321928,0.27306443
