X var,Y var,MIC (strength),MIC-p^2 (nonlinearity),MAS (non-monotonicity),MEV (functionality),MCN (complexity),Linear regression (p)
all,rl,0.56964,0.54143083,0.051809996,0.56964,4.4594316,0.16795573
mit,all,0.36859,0.36851045,0.09384999,0.36859,4.4594316,0.008918392
mit,rl,0.27125,0.19406214,0.040409982,0.27125,4.4594316,0.27782702
call4,rl,0.08318,0.076397695,0.06699,0.08318,3.321928,-0.08235476
all,call4,0.08318,0.08271967,0.058970004,0.08318,3.321928,-0.021455485
mit,call4,0.08318,0.06514376,0.047790002,0.08318,3.321928,-0.1342991
