X var,Y var,MIC (strength),MIC-p^2 (nonlinearity),MAS (non-monotonicity),MEV (functionality),MCN (complexity),Linear regression (p)
call4,rl,0.3363,0.15040335,0.038049996,0.32453,4.807355,0.43115732
mit,rl,0.28551,0.22923656,0.09282,0.27125,4.807355,0.23722026
all,rl,0.26883,0.17457035,0.054130003,0.25687,4.807355,0.30701733
mit,call4,0.22811,0.17969443,0.03424999,0.21537,4.807355,0.22003539
mit,all,0.223,0.17843446,0.033309996,0.2108,4.807355,0.21110554
all,call4,0.19057,0.1550902,0.016430005,0.17982,4.807355,0.18836081
