X var,Y var,MIC (strength),MIC-p^2 (nonlinearity),MAS (non-monotonicity),MEV (functionality),MCN (complexity),Linear regression (p)
all,call4,0.25827,0.21079442,0.026489995,0.23564,4.321928,0.2178889
call4,rl,0.24788,0.12796995,0.031620003,0.22257,4.321928,0.3462803
mit,all,0.23,0.16131234,0.052150004,0.21724,4.321928,0.2620833
mit,call4,0.22264,0.21146847,0.077379994,0.2028,4.321928,0.10569539
mit,rl,0.20988,0.17793646,0.02899,0.19258,4.321928,0.17872752
all,rl,0.18963,0.105292685,0.015599996,0.17162,4.321928,0.29040888
