X var,Y var,MIC (strength),MIC-p^2 (nonlinearity),MAS (non-monotonicity),MEV (functionality),MCN (complexity),Linear regression (p)
mit,all,0.28677,-0.040808022,0.10453999,0.26348,4.321928,0.5723443
call4,rl,0.28155,-0.10920361,0.040180005,0.25779,4.321928,0.6251029
mit,rl,0.27135,-0.038120925,0.05881001,0.24562,4.321928,0.5563011
all,rl,0.25001,0.034026295,0.018560007,0.22547,4.321928,0.46474048
mit,call4,0.23531,-0.026866063,0.03006,0.21712,4.321928,0.5120313
all,call4,0.21198,0.05753936,0.019169994,0.19466,4.321928,0.39298937
