X var,Y var,MIC (strength),MIC-p^2 (nonlinearity),MAS (non-monotonicity),MEV (functionality),MCN (complexity),Linear regression (p)
call4,rl,0.35845,-0.097269565,0.051719993,0.34762,4.807355,0.67507005
all,call4,0.27726,0.22171038,0.026639998,0.26201,4.807355,0.23568967
mit,all,0.22811,0.21604148,0.041089997,0.21661,4.807355,0.10985686
all,rl,0.21893,0.133619,0.040020004,0.20646,4.807355,0.2920805
mit,call4,0.19896,0.16176407,0.032430008,0.18575,4.807355,0.19286247
mit,rl,0.19494,0.19150089,0.023070008,0.18181,4.807355,0.05864393
