X var,Y var,MIC (strength),MIC-p^2 (nonlinearity),MAS (non-monotonicity),MEV (functionality),MCN (complexity),Linear regression (p)
call4,rl,0.33575,0.0896927,0.0246,0.32286,4.807355,0.49604166
all,call4,0.21315,0.15705004,0.048150003,0.20132,4.807355,0.2368543
mit,call4,0.20988,0.1443981,0.03948,0.19413,4.807355,0.25589433
mit,rl,0.20939,0.13633311,0.015610002,0.19581,4.807355,0.27029037
mit,all,0.20437,0.13963339,0.02352,0.1918,4.807355,0.2544339
all,rl,0.19959,0.10563436,0.027469993,0.18898,4.807355,0.30652183
