X var,Y var,MIC (strength),MIC-p^2 (nonlinearity),MAS (non-monotonicity),MEV (functionality),MCN (complexity),Linear regression (p)
all,rl,0.57193,-0.21436709,0.07177001,0.57193,4.169925,0.88673395
mit,rl,0.34671,0.26570058,0.075090006,0.33498,4.807355,-0.2846215
mit,call4,0.26819,-7.5775385E-4,0.032179996,0.25398,4.807355,-0.5186017
call4,rl,0.25379,0.17509632,0.042249992,0.2431,4.807355,0.28052393
all,call4,0.23642,0.22830802,0.04899001,0.22484,4.807355,0.09006659
mit,all,0.20344,0.19305386,0.026749998,0.19131,4.807355,-0.10191238
