X var,Y var,MIC (strength),MIC-p^2 (nonlinearity),MAS (non-monotonicity),MEV (functionality),MCN (complexity),Linear regression (p)
call4,rl,0.34216,-0.031145215,0.04575999,0.33095,4.807355,0.61098707
all,call4,0.2231,0.16078036,0.035610005,0.21152,4.807355,0.24963905
all,rl,0.21767,0.13537467,0.01737,0.20525,4.807355,0.28687164
mit,all,0.2102,0.17150038,0.023869991,0.20076,4.807355,0.19672216
mit,call4,0.20826,0.16861252,0.020790003,0.19618,4.807355,0.19911674
mit,rl,0.20731,0.18380226,0.023559995,0.19619,4.807355,0.15332234
