X var,Y var,MIC (strength),MIC-p^2 (nonlinearity),MAS (non-monotonicity),MEV (functionality),MCN (complexity),Linear regression (p)
call4,rl,0.30796,0.19206762,0.073410004,0.27103,4.0,0.3404297
mit,call4,0.25667,0.22768661,0.049200006,0.23165,4.0,0.17024505
all,call4,0.24769,0.18774702,0.021500006,0.22573,4.0,0.24483258
mit,all,0.23661,0.20188142,0.043789998,0.21548,4.0,0.18635604
all,rl,0.2306,0.20657103,0.054790005,0.21059,4.0,0.15501282
mit,rl,0.2059,0.19697869,0.040859997,0.17673,4.0,0.09445266
