X var,Y var,MIC (strength),MIC-p^2 (nonlinearity),MAS (non-monotonicity),MEV (functionality),MCN (complexity),Linear regression (p)
mit,all,0.39268,0.31107962,0.11857998,0.3551,4.0,0.2856578
call4,rl,0.38601,0.23375031,0.113000005,0.36197,4.0,0.39020467
mit,rl,0.29697,0.28144544,0.03851001,0.28171,4.0,0.12459759
mit,call4,0.28651,0.2646417,0.093949996,0.2688,4.0,0.14787935
all,call4,0.2621,0.18178225,0.03278,0.23224,4.0,0.2834039
all,rl,0.20754,0.19221267,0.02437,0.18568,4.0,0.123803586
