X var,Y var,MIC (strength),MIC-p^2 (nonlinearity),MAS (non-monotonicity),MEV (functionality),MCN (complexity),Linear regression (p)
all,rl,0.44211,0.1633423,0.07872,0.44211,4.321928,0.52798456
mit,all,0.23401,0.2319238,0.056140006,0.23401,4.321928,0.04567491
mit,rl,0.22694,0.2246274,0.038790002,0.22694,4.321928,0.048089538
call4,rl,0.21321,0.19954503,0.16539,0.21321,4.321928,-0.11689731
all,call4,0.20798,0.2051324,0.17744,0.20798,4.321928,-0.053362973
mit,call4,0.20631,0.20410289,0.16417,0.20631,4.321928,0.046979915
