X var,Y var,MIC (strength),MIC-p^2 (nonlinearity),MAS (non-monotonicity),MEV (functionality),MCN (complexity),Linear regression (p)
call4,rl,0.30445,0.051076055,0.035079986,0.2893,4.321928,0.50336266
mit,rl,0.28211,0.16698441,0.037190005,0.26535,4.321928,0.33930165
mit,all,0.26628,0.20187232,0.03735,0.2422,4.321928,0.25378665
all,rl,0.23806,0.20253932,0.03485,0.21608,4.321928,0.1884693
mit,call4,0.23031,0.18861859,0.023300007,0.2117,4.321928,0.20418473
all,call4,0.22035,0.18377365,0.026840001,0.20238,4.321928,0.19124945
