X var,Y var,MIC (strength),MIC-p^2 (nonlinearity),MAS (non-monotonicity),MEV (functionality),MCN (complexity),Linear regression (p)
mit,all,0.26147,-0.024135709,0.04153,0.24055,4.4594316,0.5344209
mit,rl,0.24542,-0.10764383,0.03891,0.23207,4.4594316,0.59419173
mit,call4,0.23735,-0.097298756,0.01828,0.21713,4.4594316,0.57848835
call4,rl,0.21758,-0.18569662,0.044540003,0.20228,4.4594316,0.63504064
all,call4,0.21209,-0.08894862,0.01946,0.19235,4.4594316,0.5486699
all,rl,0.20031,-0.039153665,0.021130003,0.18536,4.4594316,0.48935026
