X var,Y var,MIC (strength),MIC-p^2 (nonlinearity),MAS (non-monotonicity),MEV (functionality),MCN (complexity),Linear regression (p)
mit,all,0.25947,0.2248474,0.049279995,0.23799,4.4594316,0.18607146
all,call4,0.25761,0.24427208,0.06955999,0.24002,4.4594316,0.11548989
call4,rl,0.2546,0.20369597,0.016829997,0.23842,4.4594316,0.2256192
all,rl,0.22343,0.16982108,0.028000005,0.2104,4.4594316,0.23153597
mit,call4,0.2033,0.19968988,0.039389998,0.19038,4.4594316,0.060084213
mit,rl,0.20126,0.15552707,0.06902,0.1865,4.4594316,0.2138526
