X var,Y var,MIC (strength),MIC-p^2 (nonlinearity),MAS (non-monotonicity),MEV (functionality),MCN (complexity),Linear regression (p)
call4,rl,0.28792,0.19808623,0.021740004,0.27413,4.807355,0.29972282
all,call4,0.27301,0.23805778,0.03176999,0.25892,4.807355,0.1869551
mit,all,0.23463,0.21512057,0.023509994,0.22185,4.807355,0.13967618
mit,rl,0.23438,0.20814933,0.04868999,0.22351,4.807355,0.16195889
all,rl,0.23103,0.17838183,0.0181,0.21996,4.807355,0.22945188
mit,call4,0.21048,0.19840924,0.025800005,0.19621,4.807355,0.10986702
