X var,Y var,MIC (strength),MIC-p^2 (nonlinearity),MAS (non-monotonicity),MEV (functionality),MCN (complexity),Linear regression (p)
call4,rl,0.37006,0.2840375,0.06786001,0.35609,4.4594316,0.29329592
all,rl,0.26946,0.25183627,0.06328001,0.24788,4.4594316,0.13275433
all,call4,0.24386,0.23149109,0.043869987,0.22436,4.4594316,0.11121566
mit,rl,0.23743,0.14132807,0.03232,0.22226,4.4594316,0.31000313
mit,all,0.20418,0.19302268,0.033309996,0.18895,4.4594316,0.105628185
mit,call4,0.19536,0.18180722,0.01696001,0.17711,4.4594316,0.11641645
