X var,Y var,MIC (strength),MIC-p^2 (nonlinearity),MAS (non-monotonicity),MEV (functionality),MCN (complexity),Linear regression (p)
all,rl,0.4611,0.042034417,0.05615002,0.4611,4.321928,0.64735276
mit,call4,0.33164,0.2243138,0.17781,0.33164,4.321928,-0.3276068
mit,rl,0.27211,0.22485684,0.052480005,0.27211,4.321928,-0.21737789
mit,all,0.22303,0.15591428,0.029210001,0.22303,4.321928,-0.25906703
call4,rl,0.21454,0.2130384,0.11976001,0.21454,4.321928,0.03875052
all,call4,0.18159,0.18055877,0.12531,0.18159,4.321928,-0.032112762
