X var,Y var,MIC (strength),MIC-p^2 (nonlinearity),MAS (non-monotonicity),MEV (functionality),MCN (complexity),Linear regression (p)
all,rl,0.64141,0.12754601,0.13517001,0.64141,4.321928,0.71684307
call4,rl,0.30344,0.26947358,0.22692001,0.30344,4.321928,-0.1842998
mit,all,0.27426,0.27019906,0.074650005,0.27426,4.321928,-0.063725576
mit,rl,0.23025,0.23024954,0.037130006,0.23025,4.321928,6.758621E-4
mit,call4,0.21403,0.18804501,0.13759999,0.21403,4.321928,-0.1611986
all,call4,0.15757,0.14506656,0.09988001,0.15757,4.321928,-0.11181879
