X var,Y var,MIC (strength),MIC-p^2 (nonlinearity),MAS (non-monotonicity),MEV (functionality),MCN (complexity),Linear regression (p)
all,rl,0.26871,0.26094928,0.087060004,0.26871,4.4594316,0.088094875
all,call4,0.25391,0.24190834,0.07200001,0.25391,4.4594316,0.10955207
call4,rl,0.22308,0.16945153,0.036019996,0.22308,4.4594316,0.23157819
mit,all,0.2179,0.18641047,0.04372999,0.2179,4.4594316,0.17745286
mit,rl,0.20878,0.196264,0.041029997,0.20878,4.4594316,0.11187496
mit,call4,0.2041,0.17551588,0.01856,0.2041,4.4594316,0.1690684
