X var,Y var,MIC (strength),MIC-p^2 (nonlinearity),MAS (non-monotonicity),MEV (functionality),MCN (complexity),Linear regression (p)
call4,rl,0.37706,-0.070349455,0.074939996,0.36434,4.807355,0.6688867
mit,all,0.23064,0.2248448,0.03532,0.21617,4.807355,0.076126136
mit,call4,0.21407,0.17812689,0.048080012,0.20152,4.807355,0.18958671
all,call4,0.20381,0.14485252,0.01709,0.19018,4.807355,0.24281162
mit,rl,0.1962,0.18809906,0.014459997,0.18476,4.807355,0.09000526
all,rl,0.19535,0.12303298,0.019080006,0.18244,4.807355,0.26891825
