X var,Y var,MIC (strength),MIC-p^2 (nonlinearity),MAS (non-monotonicity),MEV (functionality),MCN (complexity),Linear regression (p)
call4,rl,0.32876,-0.082543254,0.07929,0.32876,4.4594316,0.6413293
all,rl,0.259,-7.1790814E-4,0.07181001,0.259,4.4594316,0.50962526
mit,all,0.25598,-0.13424984,0.04257001,0.25598,4.4594316,0.6246838
mit,rl,0.24397,-0.09195301,0.039670005,0.24397,4.4594316,0.57958865
mit,call4,0.18864,-0.16670278,0.016290002,0.18864,4.4594316,0.59610635
all,call4,0.17981,-0.07430281,0.021460004,0.17981,4.4594316,0.50409603
