X var,Y var,MIC (strength),MIC-p^2 (nonlinearity),MAS (non-monotonicity),MEV (functionality),MCN (complexity),Linear regression (p)
all,rl,0.38601,0.12348193,0.09044999,0.37339,4.807355,0.51237494
all,call4,0.26926,0.25732714,0.15862,0.25935,4.807355,-0.10923754
mit,rl,0.23633,0.1830801,0.029220007,0.22642,4.807355,-0.23075938
call4,rl,0.23199,0.22609241,0.14361,0.21912,4.807355,-0.076795705
mit,all,0.20792,0.20312414,0.020610005,0.19619,4.807355,0.06925222
mit,call4,0.15559,0.15095285,0.11954,0.14607,4.807355,-0.068096586
