X var,Y var,MIC (strength),MIC-p^2 (nonlinearity),MAS (non-monotonicity),MEV (functionality),MCN (complexity),Linear regression (p)
call4,rl,0.34499,0.16127647,0.086899996,0.33361,4.807355,0.42861813
all,rl,0.21825,0.1337651,0.023940012,0.20491,4.807355,0.29066288
mit,call4,0.21133,0.15151739,0.014650002,0.20151,4.807355,0.24456617
mit,rl,0.20903,0.14930153,0.013140008,0.19455,4.807355,0.2443941
mit,all,0.20576,0.15177907,0.024729997,0.19465,4.807355,0.23233797
all,call4,0.19257,0.1441003,0.02567,0.18217,4.807355,0.22015837
