X var,Y var,MIC (strength),MIC-p^2 (nonlinearity),MAS (non-monotonicity),MEV (functionality),MCN (complexity),Linear regression (p)
call4,rl,0.26701,0.26349726,0.035919994,0.24619,4.321928,0.059268463
all,call4,0.2639,0.23370191,0.028390005,0.24024,4.321928,0.17377602
mit,call4,0.26188,0.26122668,0.04039,0.23884,4.321928,0.025560249
mit,all,0.24408,0.21651398,0.013740003,0.22099,4.321928,0.16603021
mit,rl,0.23089,0.22877684,0.032649994,0.20681,4.321928,0.04596915
all,rl,0.22262,0.17574817,0.016310006,0.19975,4.321928,0.21649903
