X var,Y var,MIC (strength),MIC-p^2 (nonlinearity),MAS (non-monotonicity),MEV (functionality),MCN (complexity),Linear regression (p)
all,call4,0.3334,0.23687199,0.032950014,0.2912,4.0,0.3106896
mit,call4,0.29594,0.20823692,0.03937,0.27712,4.0,0.29614708
mit,rl,0.28738,0.24580517,0.029619992,0.25963,4.0,0.2038991
call4,rl,0.28356,0.09914443,0.03637001,0.25418,4.0,0.42943636
all,rl,0.2588,0.21856877,0.04232,0.23124,4.0,0.20057724
mit,all,0.23412,0.16851637,0.029399991,0.21369,4.0,0.25613204
