X var,Y var,MIC (strength),MIC-p^2 (nonlinearity),MAS (non-monotonicity),MEV (functionality),MCN (complexity),Linear regression (p)
call4,rl,0.33847,0.15691438,0.046079993,0.31897,4.4594316,0.42609346
all,rl,0.28037,0.22455224,0.03346999,0.25714,4.4594316,0.23625779
mit,rl,0.25933,0.17263588,0.051620007,0.24558,4.4594316,0.29443866
mit,all,0.24828,0.2055186,0.049899995,0.23153,4.4594316,0.20678832
mit,call4,0.24495,0.2220645,0.013260003,0.2207,4.4594316,0.15127954
all,call4,0.22278,0.20363913,0.048079997,0.20391,4.4594316,0.13835055
