X var,Y var,MIC (strength),MIC-p^2 (nonlinearity),MAS (non-monotonicity),MEV (functionality),MCN (complexity),Linear regression (p)
call4,rl,0.33794,-0.089628875,0.05196999,0.32701,4.807355,0.6538875
mit,rl,0.26454,0.25747454,0.081909984,0.25289,4.807355,0.08405613
all,call4,0.25596,0.19864157,0.052219987,0.24153,4.807355,0.23941267
mit,call4,0.23814,0.20548758,0.03445001,0.22283,4.807355,0.18069983
all,rl,0.20321,0.12876391,0.019229993,0.19237,4.807355,0.2728481
mit,all,0.18906,0.16876107,0.027109995,0.17669,4.807355,0.14247428
