X var,Y var,MIC (strength),MIC-p^2 (nonlinearity),MAS (non-monotonicity),MEV (functionality),MCN (complexity),Linear regression (p)
all,call4,0.28556,-0.038417876,0.09902002,0.2679,4.321928,0.56919056
all,rl,0.28253,-0.0029105246,0.08527,0.26221,4.321928,0.53426635
mit,call4,0.2463,-0.09207161,0.022179998,0.22491,4.321928,0.58169717
mit,all,0.2238,-0.16675758,0.022650003,0.20114,4.321928,0.62494606
mit,rl,0.20993,-0.13533121,0.01741001,0.18913,4.321928,0.5875893
call4,rl,0.19566,-0.07173726,0.030310005,0.18175,4.321928,0.5171047
