X var,Y var,MIC (strength),MIC-p^2 (nonlinearity),MAS (non-monotonicity),MEV (functionality),MCN (complexity),Linear regression (p)
all,rl,0.24372,0.21209127,0.027669996,0.24372,4.321928,0.17784467
all,call4,0.21695,0.19054613,0.039540008,0.21695,4.321928,0.16249269
mit,all,0.21194,0.19016331,0.017729998,0.21194,4.321928,0.14756927
mit,rl,0.20769,0.20277496,0.020800002,0.20769,4.321928,0.07010733
call4,rl,0.20157,0.1631813,0.027759999,0.20157,4.321928,0.19593033
mit,call4,0.18067,0.18059884,0.016459987,0.18067,4.321928,0.008435131
