X var,Y var,MIC (strength),MIC-p^2 (nonlinearity),MAS (non-monotonicity),MEV (functionality),MCN (complexity),Linear regression (p)
all,rl,0.26181,0.20223393,0.03024,0.25067,4.807355,0.24408212
mit,rl,0.24603,0.21619686,0.012869999,0.23386,4.807355,0.17272274
mit,all,0.22184,0.22162437,0.018339999,0.2084,4.807355,-0.014684128
call4,rl,0.21342,0.2097776,0.13800001,0.20121,4.807355,-0.060352445
all,call4,0.19296,0.19217958,0.14818,0.1806,4.807355,0.027935842
mit,call4,0.19055,0.18924357,0.14181,0.17952,4.807355,-0.036144514
