X var,Y var,MIC (strength),MIC-p^2 (nonlinearity),MAS (non-monotonicity),MEV (functionality),MCN (complexity),Linear regression (p)
call4,rl,0.24955,-0.011590973,0.03654,0.23808,4.807355,0.5110195
all,rl,0.24387,0.101067334,0.037200004,0.23041,4.807355,0.3778924
mit,call4,0.20352,0.050100863,0.021870002,0.19153,4.807355,0.39168754
mit,all,0.20331,0.05403854,0.019199997,0.19232,4.807355,0.38635665
all,call4,0.1989,0.06112005,0.018830001,0.18789,4.807355,0.3711872
mit,rl,0.19657,0.100530684,0.028140001,0.18232,4.807355,0.3099021
