X var,Y var,MIC (strength),MIC-p^2 (nonlinearity),MAS (non-monotonicity),MEV (functionality),MCN (complexity),Linear regression (p)
call4,rl,0.24888,-0.15142298,0.018579997,0.23305,4.807355,0.632695
mit,call4,0.2203,-0.15016465,0.027730003,0.20435,4.807355,0.6086581
all,rl,0.2145,-0.025461912,0.027050003,0.1988,4.807355,0.48985907
mit,rl,0.20834,-0.08253069,0.03929001,0.19622,4.807355,0.5393243
all,call4,0.20794,-0.09566428,0.025179997,0.19398,4.807355,0.551003
mit,all,0.20447,-0.17841546,0.025029995,0.19425,4.807355,0.6187774
