X var,Y var,MIC (strength),MIC-p^2 (nonlinearity),MAS (non-monotonicity),MEV (functionality),MCN (complexity),Linear regression (p)
call4,rl,0.30364,0.122787595,0.052709997,0.29261,4.807355,0.42526746
mit,call4,0.25397,0.20305824,0.07886,0.2407,4.807355,0.22563633
mit,rl,0.23254,0.1787162,0.024140004,0.21897,4.807355,0.23199956
mit,all,0.21057,0.16757701,0.018179998,0.19692,4.807355,0.2073475
all,rl,0.20993,0.121634655,0.018600002,0.19961,4.807355,0.29714534
all,call4,0.19211,0.14861163,0.012869999,0.18074,4.807355,0.20856261
