X var,Y var,MIC (strength),MIC-p^2 (nonlinearity),MAS (non-monotonicity),MEV (functionality),MCN (complexity),Linear regression (p)
call4,rl,0.25328,0.19246331,0.09802002,0.23528,4.0,0.24661045
all,call4,0.23532,0.20446119,0.047480002,0.21627,4.0,0.1756668
mit,all,0.22625,0.21191178,0.025150001,0.21252,4.0,0.119742274
mit,rl,0.219,0.21887352,0.05805999,0.18942,4.0,-0.011246192
all,rl,0.21753,0.20779516,0.026940003,0.18297,4.0,0.098665304
mit,call4,0.19278,0.16163719,0.021709993,0.16662,4.0,0.17647326
