X var,Y var,MIC (strength),MIC-p^2 (nonlinearity),MAS (non-monotonicity),MEV (functionality),MCN (complexity),Linear regression (p)
all,rl,0.35208,0.09865922,0.053659976,0.34248,4.807355,0.50340915
call4,rl,0.32668,0.17272875,0.11568001,0.31791,4.807355,0.39236623
all,call4,0.30957,0.25284404,0.12688002,0.29715,4.807355,0.23817216
mit,call4,0.23998,0.20378742,0.14809,0.22937,4.807355,-0.1902435
mit,rl,0.22261,0.21501528,0.08141999,0.21173,4.807355,-0.08714772
mit,all,0.19843,0.17370749,0.049040005,0.18481,4.807355,0.15723394
