X var,Y var,MIC (strength),MIC-p^2 (nonlinearity),MAS (non-monotonicity),MEV (functionality),MCN (complexity),Linear regression (p)
call4,rl,0.32535,0.1371813,0.02685,0.3066,4.4594316,0.43378416
all,call4,0.25205,0.22329602,0.05870001,0.23302,4.4594316,0.16957001
mit,all,0.23605,0.1880098,0.06069,0.22009,4.4594316,0.21918072
all,rl,0.22443,0.17637786,0.019089997,0.20512,4.4594316,0.21920797
mit,rl,0.22379,0.12930815,0.02093,0.20756,4.4594316,0.307379
mit,call4,0.21258,0.1875458,0.039399996,0.20223,4.4594316,0.15822196
