X var,Y var,MIC (strength),MIC-p^2 (nonlinearity),MAS (non-monotonicity),MEV (functionality),MCN (complexity),Linear regression (p)
call4,rl,0.27561,0.14579763,0.060030006,0.26539,4.807355,0.36029485
mit,rl,0.22469,0.18479809,0.029300004,0.21376,4.807355,0.19972959
all,call4,0.21386,0.19037178,0.027539998,0.20289,4.807355,0.15325868
all,rl,0.20452,0.14347053,0.011810005,0.19368,4.807355,0.24708192
mit,call4,0.19597,0.10037403,0.016519997,0.18481,4.807355,0.30918598
mit,all,0.18681,0.16805553,0.026749998,0.1751,4.807355,0.13694698
