X var,Y var,MIC (strength),MIC-p^2 (nonlinearity),MAS (non-monotonicity),MEV (functionality),MCN (complexity),Linear regression (p)
all,call4,0.28251,0.18040809,0.03955999,0.2639,4.321928,0.3195339
all,rl,0.26828,0.21018974,0.08268,0.24245,4.321928,0.24101919
call4,rl,0.25219,0.21841553,0.02087,0.23521,4.321928,0.18377832
mit,all,0.23122,0.20255041,0.03307999,0.20825,4.321928,0.16932097
mit,call4,0.2077,0.20277356,0.021989994,0.19468,4.321928,0.07018859
mit,rl,0.19163,0.18971531,0.013860002,0.17153,4.321928,0.043757275
