X var,Y var,MIC (strength),MIC-p^2 (nonlinearity),MAS (non-monotonicity),MEV (functionality),MCN (complexity),Linear regression (p)
all,rl,0.60607,0.16268784,0.14259997,0.58573,4.321928,0.6658695
all,call4,0.23313,0.16846064,0.10428999,0.21541,4.321928,0.2543017
mit,all,0.23083,0.1769204,0.052939996,0.20842,4.321928,-0.23218441
mit,rl,0.21352,0.19808099,0.025150001,0.19448,4.321928,-0.12425385
call4,rl,0.20563,0.035321563,0.110070005,0.19065,4.321928,0.41268444
mit,call4,0.19975,0.19311142,0.08709001,0.17824,4.321928,-0.08147751
