X var,Y var,MIC (strength),MIC-p^2 (nonlinearity),MAS (non-monotonicity),MEV (functionality),MCN (complexity),Linear regression (p)
call4,rl,0.38316,0.22037587,0.13377,0.37184,4.807355,0.40346515
all,rl,0.2328,0.12924609,0.020960003,0.22231,4.807355,0.32179794
mit,call4,0.23002,0.16948643,0.062989995,0.21717,4.807355,0.24603571
mit,rl,0.22534,0.1667667,0.06578,0.21333,4.807355,0.2420192
mit,all,0.19735,0.15318689,0.0129700005,0.186,4.807355,0.21015018
all,call4,0.1965,0.16511394,0.026050001,0.18359,4.807355,0.17716113
