X var,Y var,MIC (strength),MIC-p^2 (nonlinearity),MAS (non-monotonicity),MEV (functionality),MCN (complexity),Linear regression (p)
call4,rl,0.3181,0.07572208,0.067389995,0.28498,4.0,0.49231893
mit,all,0.29119,0.13293397,0.07876,0.26268,4.0,0.39781407
mit,call4,0.25511,0.08686483,0.032069996,0.22352,4.0,0.410177
all,call4,0.24654,0.16058573,0.059650004,0.22405,4.0,0.29317957
all,rl,0.23944,0.15008062,0.055649996,0.20628,4.0,0.29893038
mit,rl,0.19305,-0.0011512488,0.016790003,0.17651,4.0,0.4406827
