X var,Y var,MIC (strength),MIC-p^2 (nonlinearity),MAS (non-monotonicity),MEV (functionality),MCN (complexity),Linear regression (p)
call4,rl,0.33208,0.29404205,0.057740003,0.31684,4.4594316,0.1950332
mit,rl,0.30489,0.19895539,0.015030004,0.27917,4.4594316,0.325476
all,call4,0.21914,0.21587431,0.020180002,0.20106,4.4594316,0.057146113
all,rl,0.21867,0.2119645,0.053610004,0.20663,4.4594316,0.08188709
mit,call4,0.19616,0.18506892,0.026199996,0.1772,4.4594316,0.10531421
mit,all,0.19168,0.18974763,0.026869997,0.17638,4.4594316,0.043958776
