X var,Y var,MIC (strength),MIC-p^2 (nonlinearity),MAS (non-monotonicity),MEV (functionality),MCN (complexity),Linear regression (p)
mit,rl,0.24619,0.22173646,0.026580006,0.2343,4.807355,0.15637626
call4,rl,0.24582,0.08844209,0.020440012,0.23573,4.807355,0.39670885
mit,call4,0.22949,0.18798503,0.042809993,0.21706,4.807355,0.20372769
mit,all,0.2209,0.19849223,0.059990004,0.20759,4.807355,0.14969224
all,rl,0.20542,0.16387592,0.02832,0.19465,4.807355,0.20382366
all,call4,0.19931,0.16672692,0.032850012,0.18885,4.807355,0.18050788
