X var,Y var,MIC (strength),MIC-p^2 (nonlinearity),MAS (non-monotonicity),MEV (functionality),MCN (complexity),Linear regression (p)
call4,rl,0.35944,0.1687639,0.07578999,0.32607,4.0,0.43666473
all,call4,0.30343,0.26031333,0.07364,0.27558,4.0,0.20764548
mit,rl,0.30001,0.2751606,0.06963,0.27064,4.0,0.15763687
all,rl,0.26461,0.24294369,0.07074,0.23641,4.0,0.14719479
mit,call4,0.26149,0.24440755,0.02832,0.22892,4.0,0.13069981
mit,all,0.24999,0.1897822,0.030970007,0.21989,4.0,0.24537276
