X var,Y var,MIC (strength),MIC-p^2 (nonlinearity),MAS (non-monotonicity),MEV (functionality),MCN (complexity),Linear regression (p)
all,rl,0.30483,-0.43316358,0.042759985,0.29597,4.807355,0.85906553
mit,all,0.25572,0.25568774,0.02373001,0.242,4.807355,-0.005679827
mit,call4,0.22102,0.21018724,0.11717,0.20798,4.807355,-0.10408056
call4,rl,0.19954,-0.52181536,0.08722,0.18913,4.807355,0.84932643
all,call4,0.19126,-0.46862453,0.06378999,0.18048,4.807355,0.81233275
mit,rl,0.18882,0.17156327,0.03373,0.18099,4.807355,-0.1313649
