X var,Y var,MIC (strength),MIC-p^2 (nonlinearity),MAS (non-monotonicity),MEV (functionality),MCN (complexity),Linear regression (p)
all,call4,0.27073,0.258507,0.044279993,0.27073,4.321928,0.11055756
mit,rl,0.26426,0.263175,0.044929996,0.26426,4.321928,-0.03293912
call4,rl,0.25467,0.24429439,0.02663,0.25467,4.321928,0.10186074
mit,all,0.23225,0.16323984,0.02364999,0.23225,4.321928,0.26269788
mit,call4,0.22153,0.220988,0.020319998,0.22153,4.321928,-0.023280755
all,rl,0.22087,0.21617785,0.014679998,0.22087,4.321928,0.06849929
