X var,Y var,MIC (strength),MIC-p^2 (nonlinearity),MAS (non-monotonicity),MEV (functionality),MCN (complexity),Linear regression (p)
call4,rl,0.27634,0.24321966,0.04072,0.27634,4.4594316,0.18198997
mit,call4,0.23332,0.23299362,0.017590001,0.23332,4.4594316,0.018065808
all,call4,0.2296,0.2259385,0.0768,0.2296,4.4594316,0.060510326
all,rl,0.21739,0.21407272,0.029680002,0.21739,4.4594316,0.05759584
mit,all,0.20566,0.19305077,0.026869997,0.20566,4.4594316,0.1122908
mit,rl,0.20516,0.19560502,0.03204,0.20516,4.4594316,0.097749576
