X var,Y var,MIC (strength),MIC-p^2 (nonlinearity),MAS (non-monotonicity),MEV (functionality),MCN (complexity),Linear regression (p)
call4,rl,0.26391,0.11843243,0.03458999,0.25165,4.807355,0.38141522
mit,rl,0.2365,0.19214766,0.024480008,0.22582,4.807355,0.21059996
all,rl,0.22023,0.1390909,0.042840004,0.20803,4.807355,0.28484926
mit,call4,0.20978,0.17012145,0.027409986,0.19809,4.807355,0.19914454
mit,all,0.20956,0.14547475,0.017909989,0.19804,4.807355,0.25315067
all,call4,0.19169,0.13437395,0.018109992,0.17685,4.807355,0.2394077
