X var,Y var,MIC (strength),MIC-p^2 (nonlinearity),MAS (non-monotonicity),MEV (functionality),MCN (complexity),Linear regression (p)
all,rl,0.27842,0.020225167,0.049099997,0.25239,4.321928,0.50812876
mit,rl,0.23927,-0.06952506,0.036700003,0.22391,4.321928,0.5556933
mit,all,0.23836,-0.103789374,0.03214,0.22247,4.321928,0.58493537
all,call4,0.2301,-0.040273458,0.048120007,0.20632,4.321928,0.51997447
call4,rl,0.22132,1.9325316E-4,0.02696,0.20759,4.321928,0.47024116
mit,call4,0.218,-0.049206942,0.047989994,0.20033,4.321928,0.5169206
