X var,Y var,MIC (strength),MIC-p^2 (nonlinearity),MAS (non-monotonicity),MEV (functionality),MCN (complexity),Linear regression (p)
call4,rl,0.25755,-0.06813541,0.02831,0.2454,4.807355,0.57068855
all,rl,0.23777,0.029993951,0.026050001,0.2266,4.807355,0.45582458
mit,rl,0.22596,0.032664657,0.019109994,0.21323,4.807355,0.43965366
mit,all,0.21079,0.020441681,0.018479995,0.19794,4.807355,0.43628925
mit,call4,0.21013,0.010177642,0.011979997,0.19442,4.807355,0.44716033
all,call4,0.16818,0.036028594,0.018109996,0.15843,4.807355,0.36352634
