X var,Y var,MIC (strength),MIC-p^2 (nonlinearity),MAS (non-monotonicity),MEV (functionality),MCN (complexity),Linear regression (p)
all,rl,0.3848,0.333531,0.11430001,0.35914,4.4594316,0.22642659
mit,call4,0.26987,0.26889065,0.22268002,0.25125,4.4594316,-0.03129476
call4,rl,0.2343,0.07754643,0.10848001,0.22328,4.4594316,0.39592117
all,call4,0.23306,0.2325271,0.17782,0.20946,4.4594316,-0.023084486
mit,all,0.22035,0.14752167,0.05696,0.20115,4.4594316,-0.26986724
mit,rl,0.20617,0.20291531,0.06695999,0.18663,4.4594316,-0.057049766
