X var,Y var,MIC (strength),MIC-p^2 (nonlinearity),MAS (non-monotonicity),MEV (functionality),MCN (complexity),Linear regression (p)
all,rl,0.45606,-0.1865161,0.029339999,0.44348,4.321928,0.80160844
mit,rl,0.22938,0.21231446,0.02628,0.21874,4.321928,-0.13063514
mit,all,0.22489,0.21140806,0.0316,0.20387,4.321928,-0.11611174
mit,call4,0.19029,0.16355008,0.12818,0.17086,4.321928,-0.1635235
all,call4,0.15433,0.029261395,0.08745,0.13956,4.321928,0.3536504
call4,rl,0.15024,-0.06472829,0.10603,0.13091,4.321928,0.46364674
