X var,Y var,MIC (strength),MIC-p^2 (nonlinearity),MAS (non-monotonicity),MEV (functionality),MCN (complexity),Linear regression (p)
call4,rl,0.31212,0.21508184,0.06980999,0.31212,4.4594316,0.31150946
mit,call4,0.22916,0.21516445,0.05310999,0.22916,4.4594316,0.11830279
all,rl,0.22613,0.21557078,0.044689998,0.22613,4.4594316,0.10275803
mit,all,0.21828,0.1859267,0.03622,0.21828,4.4594316,0.17987023
mit,rl,0.19242,0.1710269,0.027919993,0.19242,4.4594316,0.14626382
all,call4,0.18607,0.17431046,0.011550002,0.18607,4.4594316,0.10844136
