X var,Y var,MIC (strength),MIC-p^2 (nonlinearity),MAS (non-monotonicity),MEV (functionality),MCN (complexity),Linear regression (p)
all,rl,0.17542,0.14113693,0.03372,0.17542,4.321928,0.1851569
mit,all,0.1494,0.1260428,0.022629991,0.1494,4.321928,0.1528306
call4,rl,0.14526,0.10375063,0.026829999,0.14526,4.321928,0.2037385
mit,rl,0.13305,0.12868185,0.040090002,0.13305,4.321928,0.06609193
mit,call4,0.1323,0.13222437,0.01512,0.1323,4.321928,0.008696854
all,call4,0.12131,0.09219176,0.043699995,0.10704,4.3923173,0.17064068
