X var,Y var,MIC (strength),MIC-p^2 (nonlinearity),MAS (non-monotonicity),MEV (functionality),MCN (complexity),Linear regression (p)
mit,call4,0.25411,0.23426874,0.07945001,0.22771,4.321928,0.14085904
call4,rl,0.23747,0.17110534,0.02228,0.21741,4.321928,0.2576134
mit,all,0.23735,0.2294107,0.10396001,0.21392,4.321928,0.08910281
mit,rl,0.23538,0.23305118,0.02899,0.21849,4.321928,0.048257805
all,rl,0.22343,0.17502007,0.040519997,0.20989,4.321928,0.22002256
all,call4,0.218,0.16873056,0.056659997,0.19671,4.321928,0.22196719
