X var,Y var,MIC (strength),MIC-p^2 (nonlinearity),MAS (non-monotonicity),MEV (functionality),MCN (complexity),Linear regression (p)
call4,rl,0.381,0.19753957,0.11693001,0.36574,4.807355,0.42832282
all,rl,0.23473,0.13683075,0.028449997,0.22224,4.807355,0.31288856
mit,rl,0.22909,0.17321014,0.04084,0.21483,4.807355,0.23638922
all,call4,0.22205,0.18454966,0.028369993,0.20966,4.807355,0.19365005
mit,all,0.209,0.16473083,0.036900014,0.1978,4.807355,0.2104024
mit,call4,0.19872,0.14673635,0.015889999,0.18735,4.807355,0.22799921
