X var,Y var,MIC (strength),MIC-p^2 (nonlinearity),MAS (non-monotonicity),MEV (functionality),MCN (complexity),Linear regression (p)
call4,rl,0.30645,-0.003603667,0.016760021,0.2962,4.807355,0.5568246
all,rl,0.245,0.16186823,0.03136,0.23624,4.807355,0.28832582
mit,rl,0.21662,0.18880174,0.04089,0.20386,4.807355,0.16678807
mit,call4,0.21655,0.18404524,0.039129987,0.20352,4.807355,0.18029076
mit,all,0.20182,0.16234376,0.024119996,0.19064,4.807355,0.1986863
all,call4,0.19995,0.140904,0.018969998,0.1875,4.807355,0.24299382
