X var,Y var,MIC (strength),MIC-p^2 (nonlinearity),MAS (non-monotonicity),MEV (functionality),MCN (complexity),Linear regression (p)
call4,rl,0.36413,0.16020569,0.028870001,0.34149,4.4594316,0.45157978
mit,all,0.27867,0.22419769,0.06778002,0.26049,4.4594316,0.23339307
mit,rl,0.25345,0.15518764,0.044870004,0.22973,4.4594316,0.31346828
mit,call4,0.24783,0.22050928,0.06232001,0.22558,4.4594316,0.16528982
all,call4,0.22677,0.19316378,0.020050004,0.21169,4.4594316,0.18332
all,rl,0.21051,0.1590276,0.034840003,0.19424,4.4594316,0.22689733
