X var,Y var,MIC (strength),MIC-p^2 (nonlinearity),MAS (non-monotonicity),MEV (functionality),MCN (complexity),Linear regression (p)
call4,rl,0.25107,0.04295841,0.04491,0.23945,4.807355,0.4561925
mit,call4,0.24521,0.17238247,0.039299995,0.2312,4.807355,0.26986575
mit,rl,0.22987,0.18098938,0.039920002,0.2208,4.807355,0.22108962
all,call4,0.22697,0.1897271,0.05032,0.21288,4.807355,0.19298421
all,rl,0.21042,0.14721781,0.020769998,0.20128,4.807355,0.25140047
mit,all,0.20734,0.17337865,0.03215,0.19701,4.807355,0.18428607
