X var,Y var,MIC (strength),MIC-p^2 (nonlinearity),MAS (non-monotonicity),MEV (functionality),MCN (complexity),Linear regression (p)
call4,rl,0.28992,0.19288638,0.01933001,0.27787,4.4594316,0.3115022
all,call4,0.25954,0.24636205,0.027389988,0.24631,4.4594316,0.11479526
mit,rl,0.2538,0.16305104,0.012419999,0.23595,4.4594316,0.3012457
mit,call4,0.23726,0.22410917,0.028670006,0.22123,4.4594316,0.11467706
all,rl,0.22874,0.20681182,0.04987,0.21427,4.4594316,0.14808169
mit,all,0.21328,0.18948624,0.03497,0.19589,4.4594316,0.15425232
