X var,Y var,MIC (strength),MIC-p^2 (nonlinearity),MAS (non-monotonicity),MEV (functionality),MCN (complexity),Linear regression (p)
all,rl,0.47991,-0.05299446,0.093819976,0.46427,4.807355,0.73000306
mit,rl,0.3685,0.31913018,0.027209997,0.35384,4.807355,-0.22219317
all,call4,0.25501,0.16344787,0.1347,0.24062,4.807355,-0.30259237
call4,rl,0.21614,0.16583577,0.14384,0.20439,4.807355,-0.22428606
mit,all,0.1899,0.17635655,0.020540006,0.1783,4.807355,-0.116376296
mit,call4,0.18434,0.17442098,0.10857,0.17259,4.807355,-0.099594295
