X var,Y var,MIC (strength),MIC-p^2 (nonlinearity),MAS (non-monotonicity),MEV (functionality),MCN (complexity),Linear regression (p)
call4,rl,0.25516,0.14001888,0.044520006,0.24585,4.807355,0.3393245
mit,rl,0.24789,0.23608515,0.027520001,0.23384,4.807355,0.10865014
mit,all,0.24751,0.23581703,0.037469998,0.23247,4.807355,0.10813404
all,call4,0.22134,0.20936377,0.04333,0.2106,4.807355,0.109435976
all,rl,0.21328,0.17612444,0.04185,0.20127,4.807355,0.19275779
mit,call4,0.21265,0.14912781,0.022349998,0.19979,4.807355,0.2520361
