X var,Y var,MIC (strength),MIC-p^2 (nonlinearity),MAS (non-monotonicity),MEV (functionality),MCN (complexity),Linear regression (p)
call4,rl,0.29402,0.10612674,0.09503999,0.27539,4.321928,0.43346655
mit,all,0.25054,-0.06485629,0.059430003,0.23207,4.321928,0.5616015
all,call4,0.24551,0.023178712,0.046969995,0.23242,4.321928,0.4715202
mit,rl,0.24147,-0.010461405,0.02861999,0.22337,4.321928,0.5019277
mit,call4,0.21684,-0.049135417,0.029420003,0.19955,4.321928,0.51572806
all,rl,0.21515,-0.015337631,0.03491,0.19607,4.321928,0.48009127
