X var,Y var,MIC (strength),MIC-p^2 (nonlinearity),MAS (non-monotonicity),MEV (functionality),MCN (complexity),Linear regression (p)
all,rl,0.29852,-0.5885793,0.03414999,0.28921,4.807355,0.9418595
all,call4,0.22772,-0.51521224,0.109050006,0.21375,4.807355,0.8619352
mit,all,0.21605,0.21187855,0.029809996,0.20376,4.807355,-0.064586736
mit,rl,0.19671,0.18398868,0.010420002,0.18309,4.807355,-0.11278886
mit,call4,0.18771,0.17850931,0.093490005,0.1778,4.807355,-0.095920205
call4,rl,0.17349,-0.670254,0.05675,0.1657,4.807355,0.9185554
