X var,Y var,MIC (strength),MIC-p^2 (nonlinearity),MAS (non-monotonicity),MEV (functionality),MCN (complexity),Linear regression (p)
all,rl,0.32101,0.23995098,0.10361001,0.30405,4.4594316,0.28470862
mit,rl,0.18968,0.17564629,0.06407,0.17308,4.4594316,0.11846393
mit,all,0.17456,0.1487023,0.017889999,0.16394,4.4594316,-0.1608033
call4,rl,0.15649,0.062117763,0.10095,0.15649,4.169925,0.30720064
all,call4,0.15649,0.15500519,0.12976,0.15649,4.169925,0.038533248
mit,call4,0.15649,0.15514527,0.12539999,0.15649,4.169925,0.03667051
