X var,Y var,MIC (strength),MIC-p^2 (nonlinearity),MAS (non-monotonicity),MEV (functionality),MCN (complexity),Linear regression (p)
all,rl,0.25647,-0.48205242,0.06223999,0.25647,4.321928,0.8593733
mit,rl,0.24054,0.23891914,0.09944999,0.24054,4.321928,-0.040259805
mit,all,0.22348,0.21807456,0.03001,0.22348,4.321928,-0.0735217
mit,call4,0.16866,0.16527158,0.10749,0.16866,3.807355,-0.05821013
all,call4,0.13831,0.13786618,0.11089,0.13831,3.807355,-0.021066856
call4,rl,0.13587,0.13574606,0.073429994,0.13587,4.169925,-0.011132823
