X var,Y var,MIC (strength),MIC-p^2 (nonlinearity),MAS (non-monotonicity),MEV (functionality),MCN (complexity),Linear regression (p)
call4,rl,0.30197,-0.17524067,0.04336001,0.29054,4.807355,0.69080436
all,rl,0.26019,-0.03675139,0.01470001,0.24401,4.807355,0.5449233
mit,all,0.21207,-0.14678796,0.019950002,0.19965,4.807355,0.59904754
mit,rl,0.20156,-0.124541834,0.0064499974,0.18963,4.807355,0.57105327
mit,call4,0.19244,-0.24109766,0.014180005,0.17937,4.807355,0.65843576
all,call4,0.18385,-0.10255669,0.022040002,0.17198,4.807355,0.5351698
