X var,Y var,MIC (strength),MIC-p^2 (nonlinearity),MAS (non-monotonicity),MEV (functionality),MCN (complexity),Linear regression (p)
all,rl,0.39798,0.13163146,0.02915001,0.39798,4.321928,0.5160897
mit,rl,0.27255,0.22497101,0.11712998,0.27255,4.321928,-0.21812606
call4,rl,0.22468,0.13250566,0.0678,0.22468,4.321928,0.30360228
mit,call4,0.21852,0.13142052,0.07782,0.21852,4.321928,-0.2951262
mit,all,0.19697,0.19686104,0.037929997,0.19697,4.321928,-0.010438284
all,call4,0.17399,0.16971853,0.06527,0.17399,4.321928,0.0653564
