X var,Y var,MIC (strength),MIC-p^2 (nonlinearity),MAS (non-monotonicity),MEV (functionality),MCN (complexity),Linear regression (p)
all,rl,0.48326,0.30609876,0.059509993,0.48326,4.4594316,-0.42090526
mit,all,0.44398,0.11390707,0.04108998,0.44398,4.4594316,0.57451975
mit,rl,0.30596,0.27957824,0.081,0.30596,4.4594316,-0.16242465
mit,call4,0.19981,0.1418801,0.11986,0.19981,4.4594316,-0.24068631
all,call4,0.18945,0.172066,0.101849996,0.18945,4.321928,-0.1318484
call4,rl,0.15891,0.1570041,0.12077001,0.15891,4.4594316,0.04365668
