X var,Y var,MIC (strength),MIC-p^2 (nonlinearity),MAS (non-monotonicity),MEV (functionality),MCN (complexity),Linear regression (p)
all,rl,0.43729,-0.34840024,0.124479994,0.43729,4.321928,0.8863917
all,call4,0.27398,0.26670006,0.16187999,0.27398,4.321928,0.08532244
mit,rl,0.25569,0.24344683,0.093530014,0.25569,4.321928,-0.110648915
mit,call4,0.23765,0.22278325,0.13800001,0.23765,4.321928,-0.12192931
mit,all,0.23684,0.20969893,0.04841,0.23684,4.321928,-0.16474546
call4,rl,0.22269,0.22000779,0.06545,0.22269,4.321928,0.051790044
