X var,Y var,MIC (strength),MIC-p^2 (nonlinearity),MAS (non-monotonicity),MEV (functionality),MCN (complexity),Linear regression (p)
call4,rl,0.37224,0.16895603,0.05821,0.34154,4.0,0.45087025
mit,all,0.31311,0.19996297,0.07167001,0.29495,4.0,0.33637333
mit,call4,0.26626,0.19738247,0.010959998,0.2358,4.0,0.2624453
all,call4,0.25843,0.18561488,0.017290011,0.22658,4.0,0.26984277
all,rl,0.25054,0.20899048,0.022339985,0.22471,4.0,0.20383693
mit,rl,0.24569,0.15100546,0.03637,0.21709,4.0,0.30770853
