X var,Y var,MIC (strength),MIC-p^2 (nonlinearity),MAS (non-monotonicity),MEV (functionality),MCN (complexity),Linear regression (p)
all,rl,0.44444,0.06611785,0.14410001,0.44076,4.4594316,0.615079
all,call4,0.30832,0.21429658,0.21930999,0.28853,4.4594316,0.30663237
call4,rl,0.28999,0.060583204,0.11589001,0.27518,4.4594316,0.4789643
mit,all,0.26412,0.23196088,0.06648001,0.23771,4.4594316,0.1793297
mit,rl,0.22747,0.14056998,0.028609991,0.20854,4.4594316,0.2947881
mit,call4,0.21313,0.1754778,0.15351999,0.19228,4.4594316,0.19404171
