X var,Y var,MIC (strength),MIC-p^2 (nonlinearity),MAS (non-monotonicity),MEV (functionality),MCN (complexity),Linear regression (p)
call4,rl,0.25242,0.16264096,0.04325001,0.24069,4.4594316,0.2996315
all,call4,0.24734,0.22808385,0.06664999,0.23142,4.4594316,0.13876651
all,rl,0.24289,0.20662934,0.028159998,0.22762,4.4594316,0.19042234
mit,rl,0.24024,0.1505351,0.02144,0.23,4.4594316,0.29950774
mit,call4,0.23204,0.21732973,0.034390002,0.21641,4.4594316,0.12128595
mit,all,0.20028,0.1775123,0.023259997,0.18359,4.4594316,0.15088965
