X var,Y var,MIC (strength),MIC-p^2 (nonlinearity),MAS (non-monotonicity),MEV (functionality),MCN (complexity),Linear regression (p)
all,rl,0.48826,-0.33277217,0.03680998,0.47309,4.321928,0.90610826
mit,call4,0.24131,0.23775299,0.15773,0.21838,4.321928,-0.05964072
mit,all,0.21655,0.19859982,0.024119988,0.19434,4.321928,0.13397826
mit,rl,0.19296,0.19057742,0.021110002,0.1763,4.321928,-0.04881164
all,call4,0.18411,-0.2776785,0.08943,0.16935,4.321928,0.67955023
call4,rl,0.16566,-0.40820226,0.07377999,0.15483,4.321928,0.75753695
