X var,Y var,MIC (strength),MIC-p^2 (nonlinearity),MAS (non-monotonicity),MEV (functionality),MCN (complexity),Linear regression (p)
mit,all,0.29123,0.20575702,0.051259995,0.27071,4.321928,0.29235762
call4,rl,0.28996,0.25430346,0.01676999,0.26586,4.321928,0.18882942
mit,call4,0.2588,0.24498504,0.045520008,0.23985,4.321928,0.11753702
mit,rl,0.24968,0.2410866,0.06647,0.22836,4.321928,0.09270053
all,call4,0.24331,0.12718031,0.038859993,0.22812,4.321928,0.34077808
all,rl,0.2197,0.1736488,0.027769998,0.20186,4.321928,0.21459539
