X var,Y var,MIC (strength),MIC-p^2 (nonlinearity),MAS (non-monotonicity),MEV (functionality),MCN (complexity),Linear regression (p)
call4,rl,0.33102,0.11640617,0.025920004,0.31383,4.4594316,0.46326432
all,call4,0.26068,0.22910619,0.08097999,0.24325,4.4594316,0.1776902
mit,rl,0.25812,0.16215178,0.0145799965,0.23949,4.4594316,0.30978736
mit,all,0.22609,0.17691839,0.02994001,0.21242,4.4594316,0.22174671
mit,call4,0.22191,0.1931345,0.04077001,0.20903,4.4594316,0.16963342
all,rl,0.20697,0.1648524,0.023600012,0.18945,4.4594316,0.20522577
