X var,Y var,MIC (strength),MIC-p^2 (nonlinearity),MAS (non-monotonicity),MEV (functionality),MCN (complexity),Linear regression (p)
all,rl,0.54588,0.40029544,0.05061999,0.54588,4.4594316,-0.3815555
mit,all,0.48799,0.31439987,0.13384,0.48799,4.4594316,0.41664147
mit,rl,0.29193,0.26586434,0.06724998,0.29193,4.4594316,-0.1614486
call4,rl,0.14549,0.13384837,0.124510005,0.14549,4.169925,-0.107896395
all,call4,0.14549,0.13623886,0.09206001,0.14549,3.807355,-0.09618292
mit,call4,0.14549,0.09131056,0.067260005,0.14549,3.321928,-0.2327648
