X var,Y var,MIC (strength),MIC-p^2 (nonlinearity),MAS (non-monotonicity),MEV (functionality),MCN (complexity),Linear regression (p)
all,rl,0.2846,0.28451213,0.100370005,0.26508,4.321928,0.009372762
call4,rl,0.25612,0.21979336,0.0137299895,0.23619,4.321928,0.19059546
all,call4,0.24466,0.20225772,0.02204001,0.22155,4.321928,0.20591816
mit,call4,0.24053,0.2288022,0.03643,0.22166,4.321928,0.10829491
mit,all,0.22961,0.22287056,0.02448,0.21577,4.321928,0.08209412
mit,rl,0.19711,0.19704632,0.013279997,0.17827,4.321928,-0.007979623
