X var,Y var,MIC (strength),MIC-p^2 (nonlinearity),MAS (non-monotonicity),MEV (functionality),MCN (complexity),Linear regression (p)
all,rl,0.45053,-0.1130802,0.058270007,0.43823,4.807355,0.75073975
mit,rl,0.35526,0.32429647,0.046299994,0.34232,4.807355,-0.17596458
mit,call4,0.33938,0.15421383,0.19526,0.32844,4.807355,-0.43030939
all,call4,0.28312,0.24412909,0.19089001,0.26966,4.807355,-0.19746119
mit,all,0.26626,0.23771441,0.08224001,0.2544,4.807355,0.16895439
call4,rl,0.26137,0.2558278,0.20927,0.25021,4.807355,-0.074445866
