X var,Y var,MIC (strength),MIC-p^2 (nonlinearity),MAS (non-monotonicity),MEV (functionality),MCN (complexity),Linear regression (p)
all,rl,0.42931,-0.25375453,0.045000017,0.42106,4.321928,0.82647717
mit,all,0.15041,0.14994645,0.019599997,0.13636,4.321928,0.021530164
mit,call4,0.149,0.12846036,0.041690003,0.14076,4.321928,-0.14331658
mit,rl,0.13164,0.1116721,0.026030004,0.12107,4.321928,-0.14130783
call4,rl,0.11326,-0.15972966,0.020690002,0.11326,4.169925,0.5224841
all,call4,0.10949,-0.04507669,0.03958,0.10549,4.321928,0.3931497
