X var,Y var,MIC (strength),MIC-p^2 (nonlinearity),MAS (non-monotonicity),MEV (functionality),MCN (complexity),Linear regression (p)
call4,rl,0.30736,0.16507925,0.028190002,0.28522,4.321928,0.3772012
mit,call4,0.25005,0.24944365,0.03767,0.23111,4.321928,0.024624206
mit,rl,0.24451,0.20430574,0.017140001,0.22505,4.321928,0.20051
mit,all,0.24086,0.1547209,0.04502,0.2214,4.321928,0.29349464
all,rl,0.23505,0.20872147,0.016450003,0.21702,4.321928,0.16226064
all,call4,0.22859,0.2252037,0.043699995,0.2084,4.321928,0.05819199
