X var,Y var,MIC (strength),MIC-p^2 (nonlinearity),MAS (non-monotonicity),MEV (functionality),MCN (complexity),Linear regression (p)
all,rl,0.46702,-0.009416789,0.06862,0.45282,4.807355,0.690244
mit,all,0.26883,0.26749763,0.08,0.25928,4.807355,-0.03650166
mit,rl,0.26873,0.23243316,0.07610001,0.26726,4.807355,-0.19051734
all,call4,0.25722,0.23649968,0.13451001,0.24276,4.807355,-0.14394556
mit,call4,0.23911,0.187428,0.13231,0.2245,4.807355,0.22733673
call4,rl,0.20983,0.20606071,0.09017,0.19838,4.807355,-0.06139458
