X var,Y var,MIC (strength),MIC-p^2 (nonlinearity),MAS (non-monotonicity),MEV (functionality),MCN (complexity),Linear regression (p)
all,rl,0.43613,-0.083198905,0.073549986,0.43613,4.169925,0.7206448
mit,all,0.29531,0.18416154,0.03165999,0.28122,4.4594316,-0.33338934
mit,rl,0.2665,0.21607856,0.040330008,0.24615,4.4594316,-0.22454718
mit,call4,0.24113,0.18426122,0.13411,0.22791,4.4594316,-0.23847176
call4,rl,0.21792,0.052448526,0.0652,0.2114,4.4594316,0.40678185
all,call4,0.21163,0.161995,0.0915,0.20384,4.4594316,0.22278915
