X var,Y var,MIC (strength),MIC-p^2 (nonlinearity),MAS (non-monotonicity),MEV (functionality),MCN (complexity),Linear regression (p)
all,rl,0.28078,0.18505597,0.040519983,0.28078,4.321928,0.309393
call4,rl,0.26091,0.1513324,0.019670002,0.26091,4.321928,0.3310251
all,call4,0.22838,0.17380929,0.03385,0.22838,4.321928,0.23360375
mit,rl,0.20267,0.19122729,0.027909994,0.20267,4.321928,0.106970556
mit,call4,0.19923,0.19118312,0.013169996,0.19923,4.321928,0.08970439
mit,all,0.19031,0.10688735,0.016350001,0.19031,4.321928,0.2888298
