X var,Y var,MIC (strength),MIC-p^2 (nonlinearity),MAS (non-monotonicity),MEV (functionality),MCN (complexity),Linear regression (p)
call4,rl,0.27243,-0.11722681,0.04648,0.27243,4.4594316,0.62422496
mit,all,0.25346,-0.1774114,0.07872999,0.25346,4.4594316,0.65640795
all,call4,0.22376,-0.018088937,0.05901,0.22376,4.4594316,0.49178138
mit,rl,0.22068,-0.06480047,0.018069997,0.22068,4.4594316,0.5343037
mit,call4,0.22062,-0.15711865,0.01675,0.22062,4.4594316,0.6146045
all,rl,0.21584,0.021497801,0.025920004,0.21584,4.4594316,0.4408426
