X var,Y var,MIC (strength),MIC-p^2 (nonlinearity),MAS (non-monotonicity),MEV (functionality),MCN (complexity),Linear regression (p)
all,rl,0.31241,0.25639352,0.12667,0.28876,4.321928,0.23667797
call4,rl,0.28179,0.2655064,0.052609995,0.26134,4.321928,0.12760718
mit,all,0.24882,0.24530935,0.029880002,0.2328,4.321928,0.05925072
mit,call4,0.21492,0.20382361,0.053880006,0.1964,4.321928,0.10533936
all,call4,0.18389,0.09829707,0.029940002,0.16837,4.321928,0.2925627
mit,rl,0.18321,0.18310592,0.038899995,0.16527,4.321928,-0.010202078
