X var,Y var,MIC (strength),MIC-p^2 (nonlinearity),MAS (non-monotonicity),MEV (functionality),MCN (complexity),Linear regression (p)
all,call4,0.31691,0.18533327,0.12483999,0.3007,4.807355,0.36273506
call4,rl,0.25035,-0.08439264,0.022770002,0.2392,4.807355,0.5785695
mit,all,0.24588,0.09343906,0.013809994,0.2309,4.807355,0.39043686
all,rl,0.2372,0.064388886,0.055109993,0.22699,4.807355,0.41570556
mit,call4,0.20404,0.058615968,0.0196,0.19182,4.807355,0.38134503
mit,rl,0.20309,0.041248396,0.03474,0.19348,4.807355,0.4022954
