X var,Y var,MIC (strength),MIC-p^2 (nonlinearity),MAS (non-monotonicity),MEV (functionality),MCN (complexity),Linear regression (p)
all,rl,0.38053,0.18352449,0.03942001,0.38053,4.321928,0.44385302
all,call4,0.32651,0.32239535,0.20033002,0.32651,4.321928,-0.06414557
call4,rl,0.2714,0.2698099,0.09866001,0.2714,4.321928,0.03987623
mit,all,0.26496,0.17800449,0.067799985,0.26496,4.321928,-0.29488218
mit,call4,0.23203,0.1982693,0.08148001,0.23203,4.321928,-0.18374087
mit,rl,0.22983,0.056590676,0.01856,0.22983,4.321928,-0.41622028
