X var,Y var,MIC (strength),MIC-p^2 (nonlinearity),MAS (non-monotonicity),MEV (functionality),MCN (complexity),Linear regression (p)
all,call4,0.29889,0.1957359,0.04038,0.28083,4.321928,0.3211761
mit,rl,0.23079,0.22986127,0.036510006,0.21311,4.321928,-0.03047499
call4,rl,0.21719,0.20429598,0.033669993,0.19465,4.321928,0.113551855
all,rl,0.21609,0.21608984,0.010949999,0.19736,4.321928,3.8667885E-4
mit,call4,0.20891,0.18414105,0.03887999,0.19667,4.321928,0.15738155
mit,all,0.19631,0.19565709,0.022749998,0.18124,4.321928,-0.025552075
