X var,Y var,MIC (strength),MIC-p^2 (nonlinearity),MAS (non-monotonicity),MEV (functionality),MCN (complexity),Linear regression (p)
mit,all,0.61418,0.1905899,0.0388,0.61418,4.4594316,0.650838
all,rl,0.40829,0.30811954,0.06882998,0.40829,4.4594316,-0.31649718
mit,rl,0.30083,0.2792659,0.0867,0.30083,4.4594316,-0.14684717
mit,call4,0.26092,0.12063964,0.13413998,0.26092,4.4594316,-0.37454018
all,call4,0.24045,0.19948757,0.15092,0.24045,4.4594316,-0.20239177
call4,rl,0.17564,0.16865644,0.15401,0.17564,4.4594316,-0.0835677
