X var,Y var,MIC (strength),MIC-p^2 (nonlinearity),MAS (non-monotonicity),MEV (functionality),MCN (complexity),Linear regression (p)
call4,rl,0.27314,0.23591624,0.03279002,0.27314,4.4594316,0.19293463
mit,call4,0.23505,0.21150506,0.031179994,0.23505,4.4594316,0.15344359
all,call4,0.22738,0.22378288,0.04259999,0.22738,4.4594316,0.059975892
mit,rl,0.21972,0.20975894,0.044410005,0.21972,4.4594316,0.099805176
mit,all,0.20284,0.1938331,0.015669994,0.20284,4.4594316,0.094904736
all,rl,0.20068,0.20028634,0.019189999,0.20068,4.4594316,0.019840786
