X var,Y var,MIC (strength),MIC-p^2 (nonlinearity),MAS (non-monotonicity),MEV (functionality),MCN (complexity),Linear regression (p)
all,call4,0.3228,0.28051874,0.09188001,0.29667,4.321928,0.20562409
call4,rl,0.30053,0.2669171,0.08985999,0.28051,4.321928,0.1833381
all,rl,0.285,0.28477418,0.034130007,0.24681,4.321928,0.015026947
mit,rl,0.23424,0.23366992,0.03706999,0.21315,4.321928,-0.0238761
mit,call4,0.21951,0.20929475,0.034750007,0.20305,4.321928,0.10107054
mit,all,0.20506,0.19776703,0.028219998,0.18314,4.321928,0.0853989
