X var,Y var,MIC (strength),MIC-p^2 (nonlinearity),MAS (non-monotonicity),MEV (functionality),MCN (complexity),Linear regression (p)
all,rl,0.51257,0.47558814,0.03955999,0.51257,4.321928,-0.19230677
mit,all,0.42636,0.35712484,0.09237,0.42636,4.4594316,0.26312578
mit,rl,0.237,0.23539297,0.02565001,0.237,4.4594316,-0.040087838
mit,call4,0.2149,0.16951805,0.14547,0.2149,4.4594316,-0.21303038
all,call4,0.1941,0.18063721,0.13960001,0.1941,4.4594316,-0.11602927
call4,rl,0.15985,0.14964904,0.10794,0.15985,4.4594316,0.100999825
