X var,Y var,MIC (strength),MIC-p^2 (nonlinearity),MAS (non-monotonicity),MEV (functionality),MCN (complexity),Linear regression (p)
all,rl,0.36352,0.04465854,0.04009001,0.35502,4.807355,0.5646782
mit,rl,0.24461,0.21396974,0.018780008,0.23487,4.807355,-0.1750436
mit,all,0.21659,0.10504456,0.026000004,0.20592,4.807355,0.3339842
mit,call4,0.19947,0.19506513,0.16408,0.1866,4.807355,-0.06636926
call4,rl,0.19405,0.18652348,0.1591,0.18775,4.807355,0.08675547
all,call4,0.17956,0.17924848,0.1277,0.17072,4.807355,-0.017649895
