X var,Y var,MIC (strength),MIC-p^2 (nonlinearity),MAS (non-monotonicity),MEV (functionality),MCN (complexity),Linear regression (p)
call4,rl,0.29306,0.28611222,0.06233999,0.27648,4.321928,0.08335337
mit,call4,0.28932,0.28798148,0.10797,0.26285,4.321928,0.036585525
all,call4,0.25892,0.2142797,0.019439995,0.2389,4.321928,0.21128255
all,rl,0.25546,0.2060646,0.044880003,0.23249,4.321928,0.22225076
mit,all,0.22569,0.20854168,0.028510004,0.20679,4.321928,0.13095164
mit,rl,0.20318,0.20283195,0.027520001,0.18276,4.321928,0.018656181
