X var,Y var,MIC (strength),MIC-p^2 (nonlinearity),MAS (non-monotonicity),MEV (functionality),MCN (complexity),Linear regression (p)
call4,rl,0.33371,0.18123615,0.027440012,0.30609,4.0,0.39047903
all,rl,0.29997,0.28454712,0.08602001,0.26932,4.0,0.12418885
mit,rl,0.27968,0.26542723,0.06990002,0.25481,4.0,0.119385
mit,all,0.27337,0.14562489,0.055260003,0.24457,4.0,0.35741448
all,call4,0.26761,0.21427564,0.07587999,0.24564,4.0,0.23094235
mit,call4,0.25625,0.24227615,0.029059991,0.22532,4.0,0.118211016
