X var,Y var,MIC (strength),MIC-p^2 (nonlinearity),MAS (non-monotonicity),MEV (functionality),MCN (complexity),Linear regression (p)
all,rl,0.68982,0.29380983,0.038950026,0.68069,4.807355,0.6292934
mit,all,0.46898,0.39055055,0.02662,0.45812,4.807355,-0.28005257
mit,rl,0.44175,0.24356784,0.032739997,0.44175,4.169925,-0.44517654
all,call4,0.32722,0.21906736,0.15356,0.31496,4.807355,0.32886568
call4,rl,0.20726,0.17134225,0.11091,0.20218,4.807355,0.1895198
mit,call4,0.20243,0.19891745,0.16229999,0.19284,4.807355,0.05926677
