X var,Y var,MIC (strength),MIC-p^2 (nonlinearity),MAS (non-monotonicity),MEV (functionality),MCN (complexity),Linear regression (p)
all,rl,0.5925,0.042625368,0.13920999,0.57073,4.321928,0.7415353
mit,rl,0.32411,0.30737647,0.062260002,0.30179,4.321928,-0.12935813
all,call4,0.2984,-0.06488407,0.10008001,0.28002,4.321928,0.6027305
mit,all,0.2787,0.21598732,0.03964001,0.26123,4.321928,-0.25042498
call4,rl,0.24554,-0.031095475,0.08894999,0.2251,4.321928,0.52596146
mit,call4,0.22211,0.14036009,0.06062001,0.20518,4.321928,-0.28591943
