X var,Y var,MIC (strength),MIC-p^2 (nonlinearity),MAS (non-monotonicity),MEV (functionality),MCN (complexity),Linear regression (p)
mit,rl,0.43311,0.3397887,0.15465999,0.41181,4.321928,-0.30548534
mit,all,0.37072,0.32667947,0.03508,0.35007,4.321928,-0.20985833
all,rl,0.27872,0.07263005,0.068249986,0.26053,4.321928,0.4539713
