X var,Y var,MIC (strength),MIC-p^2 (nonlinearity),MAS (non-monotonicity),MEV (functionality),MCN (complexity),Linear regression (p)
all,call4,0.28164,0.19782117,0.05856,0.2597,4.321928,0.2895148
call4,rl,0.27843,0.2136186,0.053120002,0.26258,4.321928,0.25458086
all,rl,0.24985,0.24047329,0.062419996,0.23124,4.321928,0.09683344
mit,call4,0.24033,0.22445172,0.035479993,0.21314,4.321928,0.126009
mit,rl,0.237,0.23368265,0.025450002,0.22115,4.321928,0.057596482
mit,all,0.21944,0.21926975,0.02166,0.20169,4.321928,0.0130478
