X var,Y var,MIC (strength),MIC-p^2 (nonlinearity),MAS (non-monotonicity),MEV (functionality),MCN (complexity),Linear regression (p)
call4,rl,0.37355,6.9123507E-4,0.056919992,0.36269,4.807355,0.61062163
all,call4,0.22866,0.15617259,0.012289997,0.21632,4.807355,0.26923487
mit,call4,0.2175,0.16610524,0.026189998,0.20685,4.807355,0.22670414
all,rl,0.21448,0.13605095,0.026259996,0.19977,4.807355,0.28005186
mit,rl,0.21005,0.18671063,0.029470004,0.19672,4.807355,0.1527723
mit,all,0.20779,0.18765254,0.022929996,0.19529,4.807355,0.14190651
