X var,Y var,MIC (strength),MIC-p^2 (nonlinearity),MAS (non-monotonicity),MEV (functionality),MCN (complexity),Linear regression (p)
all,rl,0.31783,-0.17530456,0.017080009,0.30597,4.807355,0.7022354
mit,all,0.25235,0.25178283,0.02012001,0.23773,4.807355,0.023815302
mit,rl,0.21398,0.17187068,0.040260002,0.20479,4.807355,-0.20520559
mit,call4,0.21013,0.16611803,0.061000004,0.19684,4.807355,-0.2097903
all,call4,0.19937,0.044352353,0.07317999,0.1872,4.807355,0.3937228
call4,rl,0.16761,-0.12265156,0.027570002,0.16089,4.807355,0.5387593
