X var,Y var,MIC (strength),MIC-p^2 (nonlinearity),MAS (non-monotonicity),MEV (functionality),MCN (complexity),Linear regression (p)
call4,rl,0.27722,0.15851754,0.018590003,0.26455,4.807355,0.34453225
all,rl,0.24671,0.17224875,0.024609998,0.23717,4.807355,0.2728759
mit,call4,0.22937,0.20063888,0.034219995,0.21571,4.807355,0.16950257
mit,all,0.22021,0.19206728,0.022709996,0.20369,4.807355,0.16775793
mit,rl,0.21808,0.18376116,0.028039992,0.2039,4.807355,0.18525343
all,call4,0.21049,0.1809902,0.02956,0.19835,4.807355,0.17175506
