X var,Y var,MIC (strength),MIC-p^2 (nonlinearity),MAS (non-monotonicity),MEV (functionality),MCN (complexity),Linear regression (p)
all,rl,0.2929,0.2157104,0.08835,0.27833,4.807355,0.27783015
call4,rl,0.26925,0.110550374,0.050840005,0.25966,4.807355,0.39837122
all,call4,0.23627,0.19061606,0.043050006,0.22405,4.807355,0.21366782
mit,all,0.22541,0.18545361,0.036060005,0.2142,4.807355,0.19989096
mit,call4,0.20058,0.17357309,0.031609997,0.19043,4.807355,0.1643378
mit,rl,0.18535,0.14146943,0.016899996,0.17586,4.807355,0.20947689
