X var,Y var,MIC (strength),MIC-p^2 (nonlinearity),MAS (non-monotonicity),MEV (functionality),MCN (complexity),Linear regression (p)
call4,rl,0.28068,-0.14131454,0.048720002,0.28068,4.321928,0.64961106
mit,rl,0.24285,0.0026786625,0.023699999,0.24285,4.321928,0.4900728
all,rl,0.23782,-0.07645294,0.053320006,0.23782,4.321928,0.5606005
all,call4,0.22312,-0.021438763,0.025969997,0.22312,4.321928,0.49452883
mit,call4,0.22113,-0.03439991,0.031509995,0.22113,4.321928,0.50549966
mit,all,0.21501,-0.09570409,0.036510006,0.21501,4.321928,0.55741733
