X var,Y var,MIC (strength),MIC-p^2 (nonlinearity),MAS (non-monotonicity),MEV (functionality),MCN (complexity),Linear regression (p)
call4,rl,0.28181,0.16044077,0.048949987,0.28181,4.321928,0.34838083
mit,all,0.24058,0.17368054,0.046780005,0.24058,4.321928,0.25864932
all,rl,0.22615,0.12726204,0.037190005,0.22615,4.321928,0.31446457
mit,rl,0.22431,0.2069723,0.04802999,0.22431,4.321928,0.1316727
all,call4,0.20263,0.16453065,0.012900002,0.20263,4.321928,0.19519055
mit,call4,0.202,0.19760527,0.04061,0.202,4.321928,0.06629286
