X var,Y var,MIC (strength),MIC-p^2 (nonlinearity),MAS (non-monotonicity),MEV (functionality),MCN (complexity),Linear regression (p)
all,rl,0.35599,-0.34008497,0.14276999,0.34778,4.807355,0.83431107
mit,rl,0.23704,0.2145256,0.11009,0.22525,4.807355,-0.15004802
mit,all,0.21318,0.20754205,0.06976001,0.20143,4.807355,-0.075086355
mit,call4,0.13585,0.13579942,0.1156,0.13585,4.4594316,0.0071115275
all,call4,0.11303,-0.3973664,0.06384,0.11303,4.0,0.7144203
call4,rl,0.06445,-0.42049655,0.008200005,0.06445,3.0,0.69638103
