X var,Y var,MIC (strength),MIC-p^2 (nonlinearity),MAS (non-monotonicity),MEV (functionality),MCN (complexity),Linear regression (p)
all,rl,0.50049,-0.13454396,0.11339,0.50049,4.0,0.7968902
mit,rl,0.30993,0.2188209,0.023829997,0.29839,4.807355,-0.30184284
mit,all,0.25742,0.2573429,0.05229999,0.24734,4.807355,-0.008781175
all,call4,0.2554,0.25159997,0.121429995,0.23905,4.807355,0.06164449
mit,call4,0.23676,0.13317475,0.0423,0.22532,4.807355,-0.32184663
call4,rl,0.23585,0.17188749,0.090330005,0.22419,4.807355,0.2529081
