X var,Y var,MIC (strength),MIC-p^2 (nonlinearity),MAS (non-monotonicity),MEV (functionality),MCN (complexity),Linear regression (p)
call4,rl,0.27501,0.15084049,0.0667,0.25629,4.321928,0.35237694
all,rl,0.2653,0.09861797,0.078820005,0.24275,4.321928,0.4082671
all,call4,0.23811,0.06301212,0.016719997,0.21412,4.321928,0.418447
mit,all,0.23511,-0.0016593635,0.022719994,0.21336,4.321928,0.48658952
mit,call4,0.22226,0.061425284,0.044430003,0.19985,4.321928,0.40104204
mit,rl,0.1843,0.060078636,0.019639999,0.16442,4.321928,0.35245052
