X var,Y var,MIC (strength),MIC-p^2 (nonlinearity),MAS (non-monotonicity),MEV (functionality),MCN (complexity),Linear regression (p)
call4,rl,0.35743,-0.11258137,0.046920016,0.34456,4.807355,0.68557376
mit,all,0.22621,0.19837564,0.02598001,0.21612,4.807355,0.16683632
mit,call4,0.21427,0.18638945,0.036019996,0.20348,4.807355,0.1669747
all,call4,0.20801,0.16512169,0.00959,0.19747,4.807355,0.20709494
all,rl,0.19997,0.12141761,0.016110003,0.18713,4.807355,0.280272
mit,rl,0.19102,0.18820737,0.022879995,0.17952,4.807355,0.053034123
