X var,Y var,MIC (strength),MIC-p^2 (nonlinearity),MAS (non-monotonicity),MEV (functionality),MCN (complexity),Linear regression (p)
all,rl,0.23966,0.18423867,0.035559997,0.22443,4.807355,0.23541734
call4,rl,0.23777,0.111517504,0.027589992,0.22632,4.807355,0.35532027
all,call4,0.20789,0.15886188,0.01647,0.19576,4.807355,0.22142296
mit,rl,0.20539,0.18314028,0.013910003,0.19165,4.807355,0.14916342
mit,call4,0.20353,0.1968873,0.014239997,0.18835,4.807355,0.08150272
mit,all,0.20111,0.177973,0.014970005,0.19089,4.807355,0.15210854
