X var,Y var,MIC (strength),MIC-p^2 (nonlinearity),MAS (non-monotonicity),MEV (functionality),MCN (complexity),Linear regression (p)
all,call4,0.36031,0.27516815,0.075820014,0.33974,4.321928,0.29179075
all,rl,0.2718,0.25335762,0.09305002,0.25165,4.321928,0.13580278
mit,call4,0.24063,0.23529479,0.026270002,0.2232,4.321928,0.07304254
call4,rl,0.20818,0.15949157,0.024810001,0.18969,4.321928,0.22065453
mit,all,0.19693,0.19582452,0.014569998,0.17777,4.321928,-0.033248805
mit,rl,0.19477,0.19454317,0.025539994,0.17848,4.321928,0.015060585
