X var,Y var,MIC (strength),MIC-p^2 (nonlinearity),MAS (non-monotonicity),MEV (functionality),MCN (complexity),Linear regression (p)
call4,rl,0.34309,-0.08397126,0.04483998,0.3338,4.807355,0.65349925
all,call4,0.21831,0.15269509,0.017999992,0.2056,4.807355,0.25615406
mit,rl,0.20854,0.20123939,0.03730999,0.19855,4.807355,0.08544351
all,rl,0.20595,0.13096431,0.017299995,0.19287,4.807355,0.27383515
mit,call4,0.20512,0.16955689,0.021399997,0.19168,4.807355,0.18858182
mit,all,0.20069,0.19287609,0.037070006,0.18634,4.807355,0.08839637
