X var,Y var,MIC (strength),MIC-p^2 (nonlinearity),MAS (non-monotonicity),MEV (functionality),MCN (complexity),Linear regression (p)
call4,rl,0.33372,0.27234092,0.08083999,0.30209,4.321928,0.24774802
all,rl,0.27878,0.2071543,0.029140003,0.25512,4.321928,0.2676298
all,call4,0.2467,0.1962635,0.029349998,0.22559,4.321928,0.22458072
mit,rl,0.24511,0.23072481,0.016549997,0.22621,4.321928,0.11993829
mit,call4,0.21187,0.18416458,0.018580005,0.19468,4.321928,0.16644944
mit,all,0.20349,0.16052964,0.045769997,0.18653,4.321928,0.20726882
