X var,Y var,MIC (strength),MIC-p^2 (nonlinearity),MAS (non-monotonicity),MEV (functionality),MCN (complexity),Linear regression (p)
call4,rl,0.26062,0.14735658,0.045539998,0.26062,4.4594316,0.3365463
mit,all,0.22104,0.18865025,0.033260003,0.22104,4.4594316,0.17997149
all,rl,0.21208,0.18830815,0.045260012,0.21208,4.4594316,0.15418121
mit,call4,0.21137,0.20043212,0.045450002,0.21137,4.4594316,0.104584314
all,call4,0.21015,0.19601062,0.033790007,0.21015,4.4594316,0.118909165
mit,rl,0.16323,0.15425971,0.016040001,0.16323,4.4594316,0.09471162
