X var,Y var,MIC (strength),MIC-p^2 (nonlinearity),MAS (non-monotonicity),MEV (functionality),MCN (complexity),Linear regression (p)
all,rl,0.23288,-0.033842742,0.038259998,0.22814,4.807355,0.5164521
mit,rl,0.18517,0.10186667,0.054199994,0.17825,4.807355,-0.28862315
mit,all,0.15784,0.121743485,0.05916,0.14554,4.807355,0.18999082
mit,call4,0.15288,0.08786445,0.03052,0.14476,4.807355,-0.25498146
all,call4,0.09662,0.080581665,0.023680001,0.08996,4.807355,-0.12664255
call4,rl,0.0887,0.06677723,0.02228,0.08631,4.807355,0.14806339
