X var,Y var,MIC (strength),MIC-p^2 (nonlinearity),MAS (non-monotonicity),MEV (functionality),MCN (complexity),Linear regression (p)
all,call4,0.32992,0.29340026,0.049059987,0.30861,4.321928,0.19110139
mit,call4,0.26313,0.25929767,0.078640014,0.24298,4.321928,0.06190595
call4,rl,0.25246,0.2224232,0.03565,0.22687,4.321928,0.17331128
all,rl,0.24671,0.24615906,0.039130002,0.23218,4.321928,0.023472048
mit,rl,0.24518,0.2438074,0.023110002,0.21907,4.321928,-0.03704852
mit,all,0.23804,0.23603347,0.050679997,0.2214,4.321928,-0.04479428
