X var,Y var,MIC (strength),MIC-p^2 (nonlinearity),MAS (non-monotonicity),MEV (functionality),MCN (complexity),Linear regression (p)
call4,rl,0.33486,0.055933088,0.012569994,0.31466,4.4594316,0.5281353
mit,rl,0.29931,0.10819046,0.093449995,0.27586,4.4594316,0.4371722
all,rl,0.22849,0.11572179,0.018720001,0.2131,4.4594316,0.33580977
mit,call4,0.22542,0.12217926,0.032050014,0.21069,4.4594316,0.32131097
mit,all,0.20656,0.0981341,0.03125,0.19332,4.4594316,0.32928088
all,call4,0.18057,0.08421433,0.035070002,0.16816,4.4594316,0.3104121
