X var,Y var,MIC (strength),MIC-p^2 (nonlinearity),MAS (non-monotonicity),MEV (functionality),MCN (complexity),Linear regression (p)
call4,rl,0.33138,0.29844087,0.10968001,0.30672,4.321928,0.18149142
all,rl,0.29369,0.23118633,0.09157999,0.27171,4.321928,0.25000733
mit,all,0.25096,0.22439325,0.04113999,0.22126,4.321928,0.16299306
mit,rl,0.24142,0.23923929,0.035140008,0.22233,4.321928,0.046698075
all,call4,0.23609,0.14604524,0.038729995,0.21767,4.321928,0.3000746
mit,call4,0.23596,0.22913553,0.074080005,0.21613,4.321928,0.08261041
