X var,Y var,MIC (strength),MIC-p^2 (nonlinearity),MAS (non-monotonicity),MEV (functionality),MCN (complexity),Linear regression (p)
call4,rl,0.28576,0.17510238,0.06822002,0.26886,4.321928,0.33265236
all,rl,0.23517,0.23146726,0.028760001,0.21445,4.321928,0.060850184
mit,all,0.21476,0.17321315,0.037070006,0.19408,4.321928,0.20383044
mit,call4,0.19827,0.16776508,0.04068999,0.18073,4.321928,0.17465654
all,call4,0.19145,0.15798774,0.03588,0.17594,4.321928,0.18292691
mit,rl,0.18419,0.13718304,0.022929996,0.17001,4.321928,0.21681088
