X var,Y var,MIC (strength),MIC-p^2 (nonlinearity),MAS (non-monotonicity),MEV (functionality),MCN (complexity),Linear regression (p)
all,rl,0.06321,0.06320636,0.02008,0.06049,4.3923173,0.0019080857
all,call4,0.05484,0.041817866,0.015359998,0.0473,3.9068906,-0.11411455
mit,rl,0.04211,0.04010504,0.016569998,0.04211,4.0,0.044776753
mit,all,0.04076,0.027527276,0.0157,0.04076,4.0,0.11503357
mit,call4,0.03902,0.03878849,0.025999997,0.03902,3.5849626,-0.01521539
call4,rl,0.02648,0.019139372,0.01166,0.02648,3.5849626,-0.085677475
