X var,Y var,MIC (strength),MIC-p^2 (nonlinearity),MAS (non-monotonicity),MEV (functionality),MCN (complexity),Linear regression (p)
all,rl,0.26447,0.22338018,0.069600016,0.24133,4.321928,0.20270628
call4,rl,0.25335,0.24141951,0.045299992,0.23015,4.321928,0.109226756
mit,call4,0.22938,0.22544858,0.045839995,0.20912,4.321928,0.062701024
mit,all,0.22211,0.21327114,0.033529997,0.19497,4.321928,0.094015256
all,call4,0.2187,0.16164085,0.021420002,0.19982,4.321928,0.23887056
mit,rl,0.19854,0.19853349,0.02533,0.18009,4.321928,-0.0025514814
