X var,Y var,MIC (strength),MIC-p^2 (nonlinearity),MAS (non-monotonicity),MEV (functionality),MCN (complexity),Linear regression (p)
all,rl,0.09709,0.09557971,0.05814,0.09635,4.321928,-0.03886237
call4,rl,0.08524,0.08506745,0.04983,0.08044,4.321928,-0.013135727
mit,call4,0.07123,0.047172695,0.01779,0.07123,3.321928,0.15510418
mit,rl,0.07114,0.07003033,0.03689,0.07035,4.321928,-0.033311665
mit,all,0.04343,0.04089336,0.0063899998,0.03523,4.169925,0.05036505
all,call4,0.03282,0.01945024,0.00306,0.02302,3.9068906,0.11562768
