X var,Y var,MIC (strength),MIC-p^2 (nonlinearity),MAS (non-monotonicity),MEV (functionality),MCN (complexity),Linear regression (p)
call4,rl,0.28316,0.1954434,0.035830006,0.27115,4.807355,0.29616988
all,rl,0.23212,0.1574194,0.055590004,0.22251,4.807355,0.27331412
all,call4,0.22591,0.20753391,0.018740006,0.21454,4.807355,0.13555843
mit,all,0.21777,0.19157702,0.02003999,0.20388,4.807355,0.16184247
mit,call4,0.20183,0.17456181,0.020549998,0.19125,4.807355,0.16513082
mit,rl,0.201,0.16567558,0.021899998,0.19008,4.807355,0.18794791
