X var,Y var,MIC (strength),MIC-p^2 (nonlinearity),MAS (non-monotonicity),MEV (functionality),MCN (complexity),Linear regression (p)
all,rl,0.49651,-0.25988635,0.10631001,0.49651,4.5849624,0.8697105
mit,rl,0.32223,0.20884621,0.04098001,0.31402,4.807355,-0.33672512
mit,call4,0.27881,0.019075632,0.059919998,0.26458,4.807355,-0.5096414
call4,rl,0.26048,0.18008384,0.049359992,0.24991,4.807355,0.28354213
all,call4,0.24331,0.23846403,0.105450004,0.2322,4.807355,0.069613084
mit,all,0.24072,0.23450394,0.043630004,0.23165,4.807355,-0.07884202
