X var,Y var,MIC (strength),MIC-p^2 (nonlinearity),MAS (non-monotonicity),MEV (functionality),MCN (complexity),Linear regression (p)
call4,rl,0.33415,0.3196895,0.07658,0.31259,4.321928,0.120251715
all,call4,0.27577,0.20579591,0.05543001,0.2478,4.321928,0.26452616
all,rl,0.26014,0.19287829,0.03258,0.24436,4.321928,0.25934863
mit,rl,0.2472,0.24685952,0.04109001,0.23022,4.321928,0.018452
mit,all,0.2119,0.20698607,0.023509994,0.19661,4.321928,0.07009937
mit,call4,0.20198,0.18943381,0.021310002,0.18725,4.321928,0.112009756
