X var,Y var,MIC (strength),MIC-p^2 (nonlinearity),MAS (non-monotonicity),MEV (functionality),MCN (complexity),Linear regression (p)
mit,rl,0.08082,0.07913447,0.03288,0.08082,4.0,-0.041055243
mit,call4,0.04601,0.019819276,0.011390001,0.04601,4.0,0.16183548
all,rl,0.0454,0.03732898,0.0072799996,0.0454,4.169925,0.08983887
mit,all,0.04457,0.04456241,0.01945,0.03566,4.169925,0.002754839
all,call4,0.04076,0.033159785,0.010089999,0.04076,3.321928,0.08717921
call4,rl,0.04017,0.03871053,0.011119999,0.03984,4.321928,0.038203
