X var,Y var,MIC (strength),MIC-p^2 (nonlinearity),MAS (non-monotonicity),MEV (functionality),MCN (complexity),Linear regression (p)
call4,rl,0.28246,0.18049327,0.026579998,0.26528,4.4594316,0.31932232
all,rl,0.25962,0.22251812,0.039090008,0.23746,4.4594316,0.1926185
mit,rl,0.25957,0.14929175,0.04214999,0.24416,4.4594316,0.3320817
all,call4,0.20794,0.178887,0.034830004,0.18723,4.4594316,0.1704494
mit,call4,0.2042,0.17206573,0.030650005,0.18755,4.4594316,0.17926033
mit,all,0.19122,0.17904483,0.016259998,0.1738,4.4594316,0.11034118
