X var,Y var,MIC (strength),MIC-p^2 (nonlinearity),MAS (non-monotonicity),MEV (functionality),MCN (complexity),Linear regression (p)
call4,rl,0.31653,0.19449526,0.07160999,0.30286,4.807355,0.3493347
mit,all,0.24082,0.2117971,0.010760002,0.22479,4.807355,0.1703611
all,rl,0.2169,0.1490232,0.026999995,0.20526,4.807355,0.26053178
mit,rl,0.20909,0.17193036,0.027789995,0.19716,4.807355,0.19276835
all,call4,0.19978,0.16460931,0.02516,0.18732,4.807355,0.1875385
mit,call4,0.19811,0.16870004,0.017109998,0.18799,4.807355,0.17149334
