X var,Y var,MIC (strength),MIC-p^2 (nonlinearity),MAS (non-monotonicity),MEV (functionality),MCN (complexity),Linear regression (p)
all,rl,0.29349,0.22582439,0.07094999,0.27297,4.321928,0.26012614
call4,rl,0.28414,0.27462953,0.056789994,0.259,4.321928,0.09752165
all,call4,0.27301,0.20469329,0.06466,0.25707,4.321928,0.26137465
mit,call4,0.25463,0.23097682,0.058459997,0.23328,4.321928,0.15379593
mit,rl,0.24247,0.24210742,0.095359996,0.22413,4.321928,0.019041304
mit,all,0.22951,0.2252458,0.034919992,0.20814,4.321928,0.06530078
