X var,Y var,MIC (strength),MIC-p^2 (nonlinearity),MAS (non-monotonicity),MEV (functionality),MCN (complexity),Linear regression (p)
call4,rl,0.27662,0.19999552,0.07601,0.27662,4.4594316,0.27681127
all,rl,0.21822,0.21443512,0.038730003,0.21822,4.4594316,0.061521407
mit,call4,0.21415,0.17671555,0.022479996,0.21415,4.4594316,0.19347982
mit,rl,0.21353,0.1932394,0.048920006,0.21353,4.4594316,0.14244507
mit,all,0.21162,0.17895958,0.04061,0.21162,4.4594316,0.18072194
all,call4,0.19253,0.17976569,0.020120002,0.19253,4.4594316,0.11297929
