X var,Y var,MIC (strength),MIC-p^2 (nonlinearity),MAS (non-monotonicity),MEV (functionality),MCN (complexity),Linear regression (p)
call4,rl,0.24967,-0.18798801,0.018069997,0.23834,4.807355,0.66155726
all,call4,0.24472,-0.093976125,0.05567999,0.22966,4.807355,0.58197606
all,rl,0.23936,-0.030737728,0.024319999,0.22414,4.807355,0.5197093
mit,all,0.22609,-0.20101209,0.045399994,0.21443,4.807355,0.6535305
mit,rl,0.21329,-0.13746622,0.019779995,0.2014,4.807355,0.5922468
mit,call4,0.20932,-0.19678225,0.019559994,0.19843,4.807355,0.6372615
