X var,Y var,MIC (strength),MIC-p^2 (nonlinearity),MAS (non-monotonicity),MEV (functionality),MCN (complexity),Linear regression (p)
call4,rl,0.37842,0.14649661,0.06726001,0.36311,4.321928,0.48158425
all,rl,0.23793,0.191831,0.020600006,0.21603,4.321928,0.2147068
mit,all,0.23007,0.13543844,0.042569995,0.21029,4.321928,0.3076224
mit,rl,0.21668,0.15493442,0.026130006,0.19628,4.321928,0.24848658
mit,call4,0.20536,0.200652,0.030609995,0.19269,4.321928,0.06861476
all,call4,0.18084,0.17062186,0.039909996,0.16545,4.321928,0.101084836
