X var,Y var,MIC (strength),MIC-p^2 (nonlinearity),MAS (non-monotonicity),MEV (functionality),MCN (complexity),Linear regression (p)
all,call4,0.26687,0.15473285,0.08369,0.24347,4.321928,0.33486885
mit,rl,0.22759,0.2258975,0.012370005,0.20973,4.321928,0.04113982
all,rl,0.21983,0.15906174,0.0312,0.20443,4.321928,0.24651219
call4,rl,0.21271,0.17446283,0.035449997,0.19228,4.321928,0.19556883
mit,call4,0.21092,0.20128934,0.032900006,0.18943,4.321928,0.09813592
mit,all,0.18648,0.1640804,0.030890003,0.17136,4.321928,0.14966495
