X var,Y var,MIC (strength),MIC-p^2 (nonlinearity),MAS (non-monotonicity),MEV (functionality),MCN (complexity),Linear regression (p)
mit,all,0.27242,0.24642435,0.059059992,0.25254,4.321928,0.16123165
call4,rl,0.26365,0.23373812,0.026710004,0.2422,4.321928,0.17295052
mit,rl,0.24702,0.23666859,0.07818,0.22265,4.321928,0.10174194
all,rl,0.22407,0.21568145,0.055869997,0.20794,4.321928,0.09158904
mit,call4,0.22176,0.19645241,0.03982,0.20396,4.321928,0.1590836
all,call4,0.21566,0.1608077,0.021980003,0.20126,4.321928,0.2342057
