X var,Y var,MIC (strength),MIC-p^2 (nonlinearity),MAS (non-monotonicity),MEV (functionality),MCN (complexity),Linear regression (p)
call4,rl,0.27209,0.2262156,0.05330001,0.27209,4.4594316,0.21418305
mit,call4,0.25823,0.233209,0.025309995,0.25823,4.4594316,0.15818027
mit,rl,0.25064,0.2373455,0.06649001,0.25064,4.4594316,0.11530181
mit,all,0.22874,0.21821216,0.03215,0.22874,4.4594316,0.10260532
all,call4,0.2185,0.21447232,0.06948,0.2185,4.4594316,0.06346403
all,rl,0.20274,0.20186979,0.02722001,0.20274,4.4594316,0.029499272
