X var,Y var,MIC (strength),MIC-p^2 (nonlinearity),MAS (non-monotonicity),MEV (functionality),MCN (complexity),Linear regression (p)
call4,rl,0.18858,0.15423325,0.078150004,0.18858,4.4594316,0.18532877
all,rl,0.17529,0.16805471,0.08346,0.17529,4.4594316,0.08506047
mit,rl,0.15575,0.14367887,0.060760006,0.15575,4.4594316,0.109868675
all,call4,0.14317,0.13891396,0.021030001,0.14317,4.4594316,0.06523836
mit,call4,0.13598,0.13309155,0.019139998,0.13598,4.4594316,-0.053744204
mit,all,0.10029,0.0873676,0.03375,0.10029,4.4594316,0.113676734
