X var,Y var,MIC (strength),MIC-p^2 (nonlinearity),MAS (non-monotonicity),MEV (functionality),MCN (complexity),Linear regression (p)
all,rl,0.59153,-0.047043264,0.088670015,0.57582,4.4594316,0.7991078
all,call4,0.26377,0.048061058,0.112590015,0.25472,4.4594316,0.4644448
mit,call4,0.24574,0.19384414,0.16150999,0.22868,4.4594316,-0.22780663
mit,rl,0.24446,0.18737867,0.07846001,0.22931,4.4594316,-0.238917
mit,all,0.24425,0.1548833,0.037509993,0.22845,4.4594316,-0.29894263
call4,rl,0.24337,-0.020681292,0.06846,0.23908,4.4594316,0.5138592
