X var,Y var,MIC (strength),MIC-p^2 (nonlinearity),MAS (non-monotonicity),MEV (functionality),MCN (complexity),Linear regression (p)
mit,rl,0.2493,0.21330173,0.049930006,0.23393,4.321928,0.18973209
call4,rl,0.23619,0.08227268,0.038940012,0.22365,4.321928,0.392323
mit,call4,0.20283,0.19982973,0.019490004,0.19308,4.321928,0.054774825
all,call4,0.19677,0.19479781,0.025059998,0.17757,4.321928,0.044409294
mit,all,0.19265,0.18289573,0.015170008,0.18058,4.321928,0.09876369
all,rl,0.19149,0.17951159,0.042779997,0.17874,4.321928,0.109445885
