X var,Y var,MIC (strength),MIC-p^2 (nonlinearity),MAS (non-monotonicity),MEV (functionality),MCN (complexity),Linear regression (p)
call4,rl,0.24267,0.21763845,0.047299996,0.24267,4.4594316,0.15821363
mit,call4,0.17216,0.17155582,0.052149996,0.17216,4.4594316,-0.024580112
all,rl,0.16664,0.1574606,0.04733,0.16664,4.4594316,0.09580916
mit,rl,0.16389,0.16275997,0.020789998,0.16389,4.4594316,0.033615846
mit,all,0.15937,0.15605184,0.03327,0.15937,4.4594316,0.057603516
all,call4,0.14113,0.13266522,0.022069998,0.14113,4.4594316,0.092004254
