X var,Y var,MIC (strength),MIC-p^2 (nonlinearity),MAS (non-monotonicity),MEV (functionality),MCN (complexity),Linear regression (p)
all,rl,0.40007,-0.05757308,0.045999974,0.39272,4.807355,0.6764932
mit,call4,0.26243,0.24718818,0.13045001,0.25344,4.807355,-0.12345783
mit,all,0.23679,0.22472937,0.055710003,0.22266,4.807355,-0.10982092
mit,rl,0.21908,0.19856866,0.03959,0.21108,4.807355,-0.1432178
all,call4,0.20539,0.19633213,0.11331,0.1946,4.807355,-0.09517291
call4,rl,0.16588,0.16525494,0.08004999,0.15712,4.807355,0.025001306
