X var,Y var,MIC (strength),MIC-p^2 (nonlinearity),MAS (non-monotonicity),MEV (functionality),MCN (complexity),Linear regression (p)
call4,rl,0.35654,-0.0828518,0.03914,0.34426,4.807355,0.66286635
all,call4,0.22094,0.18573903,0.021919996,0.20683,4.807355,0.18761922
all,rl,0.21439,0.13624667,0.018539995,0.201,4.807355,0.27954128
mit,rl,0.20347,0.20142259,0.013209999,0.19283,4.807355,0.045248408
mit,all,0.20143,0.16369984,0.017130002,0.19145,4.807355,0.19424254
mit,call4,0.19885,0.17777158,0.013170004,0.18473,4.807355,0.14518408
