X var,Y var,MIC (strength),MIC-p^2 (nonlinearity),MAS (non-monotonicity),MEV (functionality),MCN (complexity),Linear regression (p)
call4,rl,0.28861,0.27989855,0.036870018,0.27009,4.321928,0.09333525
all,call4,0.27307,0.21644583,0.10445,0.25584,4.321928,0.23795836
mit,all,0.24892,0.23137216,0.062479988,0.2303,4.321928,0.13246824
all,rl,0.23199,0.22420584,0.0141,0.20547,4.321928,0.08822785
mit,rl,0.22821,0.21973598,0.07508999,0.21437,4.321928,0.09205449
mit,call4,0.22252,0.20847811,0.030880004,0.20236,4.321928,0.11849848
