X var,Y var,MIC (strength),MIC-p^2 (nonlinearity),MAS (non-monotonicity),MEV (functionality),MCN (complexity),Linear regression (p)
all,rl,0.48506,0.20437461,0.0102699995,0.48506,4.321928,0.5297975
mit,rl,0.22844,0.16225824,0.034690008,0.22844,4.321928,-0.25725818
mit,all,0.22438,0.2181628,0.042470008,0.22438,4.321928,-0.0788492
all,call4,0.21462,0.20848313,0.13718,0.21462,4.321928,0.07833815
mit,call4,0.20981,0.14525223,0.09810001,0.20981,4.321928,-0.2540822
call4,rl,0.18071,0.09266339,0.0603,0.18071,4.321928,0.2967265
