X var,Y var,MIC (strength),MIC-p^2 (nonlinearity),MAS (non-monotonicity),MEV (functionality),MCN (complexity),Linear regression (p)
call4,rl,0.24941,0.19986384,0.032910004,0.24941,4.4594316,0.22258969
mit,all,0.23417,0.22595446,0.03656,0.23417,4.4594316,0.09063967
all,rl,0.21892,0.21149407,0.032720007,0.21892,4.4594316,0.086173885
mit,rl,0.20789,0.20251581,0.020809993,0.20789,4.4594316,0.07330884
all,call4,0.20383,0.20121324,0.043510005,0.20383,4.4594316,0.05115438
mit,call4,0.18147,0.1799424,0.02251,0.18147,4.4594316,0.039084524
