X var,Y var,MIC (strength),MIC-p^2 (nonlinearity),MAS (non-monotonicity),MEV (functionality),MCN (complexity),Linear regression (p)
mit,rl,0.37004,0.31069294,0.07664001,0.32998,4.0,0.24361253
call4,rl,0.32666,0.122632414,0.06432,0.29435,4.0,0.45169413
mit,all,0.2799,0.17913628,0.06069,0.25624,4.0,0.31743303
all,rl,0.27777,0.24040104,0.02109,0.23274,4.0,0.19331054
mit,call4,0.26744,0.22319873,0.026169986,0.23603,4.0,0.21033607
all,call4,0.24257,0.18212026,0.05572001,0.21684,4.0,0.24586527
