X var,Y var,MIC (strength),MIC-p^2 (nonlinearity),MAS (non-monotonicity),MEV (functionality),MCN (complexity),Linear regression (p)
call4,rl,0.23828,0.12509239,0.019310012,0.2281,4.807355,0.33643368
all,call4,0.23523,0.20767963,0.034919992,0.22431,4.807355,0.16598304
mit,all,0.19809,0.1761595,0.019529998,0.18467,4.807355,0.14808953
all,rl,0.19216,0.12820189,0.02891,0.18352,4.807355,0.2528994
mit,rl,0.19194,0.16440898,0.012840003,0.18036,4.807355,0.16592471
mit,call4,0.16586,0.15268391,0.010430001,0.15446,4.807355,0.114787124
