X var,Y var,MIC (strength),MIC-p^2 (nonlinearity),MAS (non-monotonicity),MEV (functionality),MCN (complexity),Linear regression (p)
call4,rl,0.35081,0.2781794,0.03442,0.3331,4.4594316,0.26950064
mit,all,0.29606,0.26870474,0.035930008,0.27378,4.4594316,0.16539425
mit,call4,0.23385,0.21508877,0.050560005,0.21893,4.4594316,0.13697167
mit,rl,0.22551,0.18357588,0.0146699995,0.21025,4.4594316,0.20477822
all,rl,0.21305,0.198423,0.01845999,0.19248,4.4594316,0.12094211
all,call4,0.2035,0.19131425,0.022319995,0.18982,4.4594316,0.11038909
