X var,Y var,MIC (strength),MIC-p^2 (nonlinearity),MAS (non-monotonicity),MEV (functionality),MCN (complexity),Linear regression (p)
mit,rl,0.24426,0.22644238,0.0247,0.22883,4.807355,0.13348266
call4,rl,0.22746,0.108223654,0.043119997,0.21866,4.807355,0.34530616
mit,call4,0.20339,0.13091439,0.053849995,0.19287,4.807355,0.26921293
all,rl,0.18088,0.13477346,0.019009992,0.17171,4.807355,0.21472433
mit,all,0.16409,0.14490268,0.010329999,0.15535,4.807355,0.13851829
all,call4,0.14883,0.13073601,0.023719996,0.14066,4.807355,0.1345139
