X var,Y var,MIC (strength),MIC-p^2 (nonlinearity),MAS (non-monotonicity),MEV (functionality),MCN (complexity),Linear regression (p)
all,rl,0.45289,-0.002388358,0.060450017,0.45289,4.169925,0.6747432
mit,all,0.24276,0.23990625,0.020499997,0.2205,4.321928,0.05342051
mit,rl,0.21713,0.20932399,0.06852001,0.19697,4.321928,-0.08835166
mit,call4,0.19924,0.19773829,0.16485,0.191,4.321928,-0.03875195
call4,rl,0.18693,0.18521766,0.14835,0.16604,4.321928,0.041380335
all,call4,0.17754,0.17038125,0.14579001,0.16649,4.321928,0.0846094
