X var,Y var,MIC (strength),MIC-p^2 (nonlinearity),MAS (non-monotonicity),MEV (functionality),MCN (complexity),Linear regression (p)
all,rl,0.49309,0.12179452,0.08357999,0.49309,4.321928,0.6093402
mit,all,0.41045,0.2785712,0.09885001,0.41045,4.321928,-0.36315125
mit,rl,0.41041,0.3591255,0.12891999,0.41041,4.321928,-0.22646077
all,call4,0.35305,0.31996426,0.17421,0.35305,4.321928,0.18189481
call4,rl,0.33792,0.20460714,0.11861001,0.33792,4.321928,0.36512035
mit,call4,0.30208,0.16642451,0.11378999,0.30208,4.321928,-0.3683144
