X var,Y var,MIC (strength),MIC-p^2 (nonlinearity),MAS (non-monotonicity),MEV (functionality),MCN (complexity),Linear regression (p)
call4,rl,0.36968,0.2154382,0.070630014,0.34356,4.0,0.3927363
mit,call4,0.33409,0.31554842,0.050309986,0.30225,4.0,0.13616744
mit,all,0.30304,0.18458225,0.046440005,0.27413,4.0,0.34417692
mit,rl,0.29749,0.2631578,0.057889998,0.26851,4.0,0.18528949
all,call4,0.29299,0.23373222,0.05916001,0.26765,4.0,0.24342918
all,rl,0.2474,0.22696869,0.059150003,0.22576,4.0,0.14293814
