X var,Y var,MIC (strength),MIC-p^2 (nonlinearity),MAS (non-monotonicity),MEV (functionality),MCN (complexity),Linear regression (p)
mit,rl,0.28727,0.2852065,0.11164001,0.26372,4.321928,0.04542606
call4,rl,0.24954,0.23407602,0.038440004,0.23195,4.321928,0.12435422
all,call4,0.24263,0.13264108,0.029530004,0.22776,4.321928,0.3316458
all,rl,0.22346,0.18430059,0.03839001,0.20695,4.321928,0.19788738
mit,call4,0.20214,0.19733429,0.020390004,0.18644,4.321928,0.06932327
mit,all,0.18323,0.14215882,0.017300002,0.16883,4.321928,0.20266025
