X var,Y var,MIC (strength),MIC-p^2 (nonlinearity),MAS (non-monotonicity),MEV (functionality),MCN (complexity),Linear regression (p)
all,rl,0.55219,0.32262617,0.039950013,0.55219,4.4594316,-0.47912818
mit,all,0.45396,0.16095838,0.08385,0.45396,4.4594316,0.54129624
mit,rl,0.27623,0.23833978,0.0792,0.27623,4.4594316,-0.1946541
mit,call4,0.27145,0.076312274,0.12425001,0.27145,4.4594316,-0.44174397
all,call4,0.24544,0.16966733,0.14924002,0.24544,4.4594316,-0.27526835
call4,rl,0.18933,0.17642637,0.114939995,0.18933,4.4594316,0.11359415
