X var,Y var,MIC (strength),MIC-p^2 (nonlinearity),MAS (non-monotonicity),MEV (functionality),MCN (complexity),Linear regression (p)
call4,rl,0.31057,-0.048892647,0.021060005,0.30002,4.807355,0.59955204
mit,rl,0.25205,0.22507402,0.066110015,0.23515,4.807355,0.1642437
all,rl,0.23904,0.15184493,0.038670003,0.22408,4.807355,0.29528812
all,call4,0.2199,0.15877688,0.019749999,0.20735,4.807355,0.2472309
mit,call4,0.21348,0.17495775,0.020089999,0.20103,4.807355,0.19627085
mit,all,0.19061,0.15037185,0.01817,0.179,4.807355,0.20059453
