X var,Y var,MIC (strength),MIC-p^2 (nonlinearity),MAS (non-monotonicity),MEV (functionality),MCN (complexity),Linear regression (p)
all,rl,0.52085,-0.306881,0.03683999,0.51128,4.807355,0.90979725
mit,call4,0.29694,0.18255764,0.0987,0.28383,4.807355,-0.3382046
mit,rl,0.23377,0.17764476,0.012389988,0.22201,4.807355,-0.23690768
all,call4,0.22657,0.22566552,0.102139995,0.21052,4.807355,0.030074421
call4,rl,0.21386,0.2048779,0.056940004,0.20374,4.807355,0.09477401
mit,all,0.20182,0.18733002,0.038610004,0.19206,4.807355,-0.12037433
