X var,Y var,MIC (strength),MIC-p^2 (nonlinearity),MAS (non-monotonicity),MEV (functionality),MCN (complexity),Linear regression (p)
call4,rl,0.35331,0.15889284,0.034240007,0.32899,4.0,0.4409276
mit,all,0.34788,0.23654208,0.049129993,0.30568,4.0,0.3336734
mit,call4,0.28609,0.24039331,0.04773,0.26184,4.0,0.21376781
all,call4,0.25573,0.16739449,0.03711,0.22082,4.0,0.2972129
mit,rl,0.23775,0.17247674,0.018249996,0.21268,4.0,0.2554863
all,rl,0.19327,0.15503573,0.013120003,0.16791,4.0,0.19553585
