X var,Y var,MIC (strength),MIC-p^2 (nonlinearity),MAS (non-monotonicity),MEV (functionality),MCN (complexity),Linear regression (p)
all,rl,0.63287,0.17556831,0.034750044,0.62158,4.807355,0.67624086
mit,rl,0.47288,0.36305392,0.07124001,0.46378,4.807355,-0.33140022
mit,all,0.39622,0.36658406,0.047560006,0.38629,4.807355,-0.17215095
all,call4,0.33492,0.09634364,0.08984999,0.32285,4.807355,0.48844278
call4,rl,0.23574,0.1016801,0.06386,0.22838,4.807355,0.36614192
mit,call4,0.22806,0.22668137,0.07576001,0.21726,4.807355,-0.03713003
