X var,Y var,MIC (strength),MIC-p^2 (nonlinearity),MAS (non-monotonicity),MEV (functionality),MCN (complexity),Linear regression (p)
all,rl,0.317,0.2562449,0.050100006,0.29042,4.4594316,0.24648553
call4,rl,0.2749,0.1156078,0.039479986,0.26237,4.4594316,0.39911425
mit,rl,0.25576,0.18028727,0.036830008,0.23742,4.4594316,0.27472302
mit,all,0.23401,0.19435072,0.028400004,0.21291,4.4594316,0.19914636
all,call4,0.22131,0.20770814,0.012660012,0.20278,4.4594316,0.116627045
mit,call4,0.21299,0.19667989,0.00928,0.19719,4.4594316,0.12771104
