X var,Y var,MIC (strength),MIC-p^2 (nonlinearity),MAS (non-monotonicity),MEV (functionality),MCN (complexity),Linear regression (p)
all,rl,0.41371,0.18490155,0.06890002,0.41124,4.4594316,0.47833925
mit,all,0.29661,0.15431343,0.031199992,0.28095,4.4594316,-0.37722218
mit,rl,0.24441,0.17534056,0.052619994,0.22553,4.4594316,-0.26281062
all,call4,0.05055,0.04352014,0.02216,0.05055,2.5849626,0.08384425
mit,call4,0.05055,0.04917107,0.04112,0.05055,2.5849626,-0.037133895
call4,rl,0.03919,0.037749123,0.023700003,0.03919,2.5849626,0.037958894
