X var,Y var,MIC (strength),MIC-p^2 (nonlinearity),MAS (non-monotonicity),MEV (functionality),MCN (complexity),Linear regression (p)
call4,rl,0.30656,0.1188283,0.04574001,0.2963,4.807355,0.43328017
mit,rl,0.22187,0.16103911,0.039550006,0.2114,4.807355,0.24663919
all,rl,0.21782,0.124385625,0.01444,0.20271,4.807355,0.30567038
mit,call4,0.21104,0.15314811,0.032149993,0.19948,4.807355,0.24060734
mit,all,0.20077,0.1520176,0.012290001,0.18803,4.807355,0.22079949
all,call4,0.19598,0.1560598,0.022420004,0.18535,4.807355,0.19980039
