X var,Y var,MIC (strength),MIC-p^2 (nonlinearity),MAS (non-monotonicity),MEV (functionality),MCN (complexity),Linear regression (p)
mit,rl,0.28507,-0.09733209,0.032440007,0.27004,4.4594316,0.6183867
call4,rl,0.27107,-0.18424928,0.029680006,0.25804,4.4594316,0.6747735
all,rl,0.24646,0.0017190725,0.05701001,0.22594,4.4594316,0.49471298
mit,call4,0.21676,-0.110308126,0.014909998,0.19745,4.4594316,0.5718987
all,call4,0.20568,-0.09207605,0.031959996,0.19455,4.4594316,0.5456703
mit,all,0.20096,-0.08221997,0.039869994,0.18301,4.4594316,0.5321466
