X var,Y var,MIC (strength),MIC-p^2 (nonlinearity),MAS (non-monotonicity),MEV (functionality),MCN (complexity),Linear regression (p)
call4,rl,0.28892,0.20703793,0.07628998,0.27126,4.321928,0.2861504
mit,rl,0.27033,0.25436956,0.08056001,0.24129,4.321928,0.12633464
all,rl,0.2693,0.18460916,0.02595,0.24436,4.321928,0.29101694
all,call4,0.2362,0.1607692,0.057510003,0.21375,4.321928,0.2746467
mit,call4,0.23478,0.19923659,0.021949992,0.20936,4.321928,0.18852961
mit,all,0.21834,0.17874427,0.009279996,0.1959,4.321928,0.19898675
