X var,Y var,MIC (strength),MIC-p^2 (nonlinearity),MAS (non-monotonicity),MEV (functionality),MCN (complexity),Linear regression (p)
all,rl,0.38458,-9.922981E-4,0.078439996,0.36728,4.321928,0.6209447
mit,call4,0.2558,0.2556392,0.15814,0.23966,4.321928,-0.012680907
mit,all,0.25146,0.23630969,0.040110007,0.23417,4.321928,-0.12308655
mit,rl,0.23823,0.23031786,0.08823,0.22519,4.321928,-0.08895024
all,call4,0.21618,0.20873022,0.16995999,0.19538,4.321928,-0.086312056
call4,rl,0.19567,0.19541559,0.16312999,0.18475,4.321928,0.01595014
