X var,Y var,MIC (strength),MIC-p^2 (nonlinearity),MAS (non-monotonicity),MEV (functionality),MCN (complexity),Linear regression (p)
all,call4,0.10335,0.093522795,0.018299997,0.10052,4.807355,0.09913226
all,rl,0.09905,0.0799349,0.02428,0.09639,4.807355,0.13825735
mit,rl,0.09632,0.08888156,0.041400004,0.09269,4.807355,0.08624639
mit,call4,0.09341,0.09340101,0.015349999,0.08864,4.807355,0.0029990936
mit,all,0.09153,0.08106302,0.021780003,0.08938,4.807355,0.10230827
call4,rl,0.08857,0.034393005,0.021990001,0.08638,4.807355,0.23275952
