X var,Y var,MIC (strength),MIC-p^2 (nonlinearity),MAS (non-monotonicity),MEV (functionality),MCN (complexity),Linear regression (p)
call4,rl,0.27663,0.13316256,0.0396,0.24366,4.0,0.37877098
all,call4,0.27119,0.25900537,0.100979984,0.24559,4.0,0.11038393
mit,all,0.25666,0.2416992,0.05173002,0.22445,4.0,0.12231438
mit,call4,0.24755,0.2333935,0.076859996,0.2144,4.0,0.11898104
all,rl,0.24088,0.22906354,0.035630003,0.19942,4.0,0.10870352
mit,rl,0.22853,0.13128832,0.015249997,0.20734,4.0,0.311836
