X var,Y var,MIC (strength),MIC-p^2 (nonlinearity),MAS (non-monotonicity),MEV (functionality),MCN (complexity),Linear regression (p)
all,rl,0.29546,0.15740241,0.10323998,0.27152,4.0,0.371561
call4,rl,0.29214,0.12151252,0.043680012,0.26256,4.0,0.4130708
all,call4,0.28064,0.07294738,0.09887001,0.263,4.0,0.45573306
mit,call4,0.27275,0.023688957,0.057140008,0.24627,4.0,0.49906015
mit,rl,0.26117,0.13678598,0.067870006,0.22393,4.0,0.3526812
mit,all,0.2152,-0.028284028,0.035630003,0.1946,4.0,0.49344102
