X var,Y var,MIC (strength),MIC-p^2 (nonlinearity),MAS (non-monotonicity),MEV (functionality),MCN (complexity),Linear regression (p)
all,rl,0.2854,0.19613686,0.07199,0.26935,4.807355,0.29876938
call4,rl,0.24479,0.034993187,0.019339994,0.23453,4.807355,0.45803583
all,call4,0.22587,0.1648508,0.01004,0.21187,4.807355,0.24702065
mit,rl,0.21129,0.166938,0.021619998,0.19985,4.807355,0.21059914
mit,call4,0.20716,0.17523396,0.03621,0.19077,4.807355,0.17867859
mit,all,0.20354,0.1554999,0.011859998,0.19045,4.807355,0.2191805
