X var,Y var,MIC (strength),MIC-p^2 (nonlinearity),MAS (non-monotonicity),MEV (functionality),MCN (complexity),Linear regression (p)
call4,rl,0.30669,0.17531724,0.026520014,0.27701,4.0,0.36245382
mit,call4,0.29835,0.26537612,0.07108,0.25783,4.0,0.18158714
mit,rl,0.26258,0.24837188,0.11349,0.23342,4.0,0.11919781
all,rl,0.25404,0.23213127,0.038770005,0.23161,4.0,0.148016
mit,all,0.21464,0.20069315,0.04191,0.19323,4.0,0.11809681
all,call4,0.21177,0.18340118,0.033379994,0.1836,4.0,0.16843045
