X var,Y var,MIC (strength),MIC-p^2 (nonlinearity),MAS (non-monotonicity),MEV (functionality),MCN (complexity),Linear regression (p)
call4,rl,0.28149,0.2186142,0.05094999,0.28149,4.321928,0.25075045
all,rl,0.27665,0.22474806,0.06067002,0.27665,4.321928,0.22782
mit,all,0.23209,0.19188668,0.031010002,0.23209,4.321928,0.20050766
all,call4,0.23093,0.21181263,0.020449996,0.23093,4.321928,0.13826558
mit,call4,0.18406,0.18243204,0.018679999,0.18406,4.321928,0.04034808
mit,rl,0.17444,0.17392847,0.038569994,0.17444,4.321928,0.022616882
