X var,Y var,MIC (strength),MIC-p^2 (nonlinearity),MAS (non-monotonicity),MEV (functionality),MCN (complexity),Linear regression (p)
call4,rl,0.28684,0.23472261,0.08181,0.28684,4.4594316,0.2282923
mit,call4,0.24885,0.24714005,0.043579996,0.24885,4.4594316,0.04135152
all,rl,0.21871,0.2100587,0.065840006,0.21871,4.4594316,0.093012385
mit,all,0.21782,0.20855308,0.020510003,0.21782,4.4594316,0.096264906
all,call4,0.19647,0.19405413,0.04042001,0.19647,4.4594316,0.049151603
mit,rl,0.18637,0.18208402,0.030839995,0.18637,4.4594316,0.06546738
