X var,Y var,MIC (strength),MIC-p^2 (nonlinearity),MAS (non-monotonicity),MEV (functionality),MCN (complexity),Linear regression (p)
call4,rl,0.14859,0.12933135,0.05854,0.14859,4.4594316,0.13877556
all,rl,0.14312,0.14256673,0.081350006,0.14312,4.4594316,-0.023522021
mit,rl,0.12244,0.12225532,0.053329997,0.12244,4.4594316,-0.013589879
mit,call4,0.06038,0.06023321,0.012529999,0.05717,4.3923173,0.012115781
all,call4,0.05761,0.054245356,0.029889999,0.05611,4.3923173,0.05800555
mit,all,0.03596,0.026622422,0.01854,0.03185,4.3923173,-0.09663114
