X var,Y var,MIC (strength),MIC-p^2 (nonlinearity),MAS (non-monotonicity),MEV (functionality),MCN (complexity),Linear regression (p)
call4,rl,0.2864,0.25144303,0.052820012,0.26888,4.321928,0.18696785
mit,all,0.27935,0.18790698,0.026900023,0.25669,4.321928,0.3023955
mit,call4,0.27164,0.2567365,0.06341,0.24921,4.321928,0.12207997
all,rl,0.25351,0.20358416,0.02239,0.23811,4.321928,0.22344092
all,call4,0.20917,0.07999024,0.017890006,0.19343,4.321928,0.35941586
mit,rl,0.20207,0.19396263,0.022359997,0.18656,4.321928,0.09004091
