X var,Y var,MIC (strength),MIC-p^2 (nonlinearity),MAS (non-monotonicity),MEV (functionality),MCN (complexity),Linear regression (p)
call4,rl,0.33854,0.19165689,0.01918,0.31795,4.321928,0.3832533
mit,all,0.26447,0.17796484,0.06040001,0.24487,4.321928,0.29411763
mit,rl,0.25455,0.20832907,0.03632,0.23658,4.321928,0.21499056
all,rl,0.23599,0.19959596,0.030139998,0.21976,4.321928,0.19077222
all,call4,0.23307,0.23165126,0.06508,0.21354,4.321928,0.037666135
mit,call4,0.21641,0.21636756,0.031639993,0.19801,4.321928,0.0065141814
