X var,Y var,MIC (strength),MIC-p^2 (nonlinearity),MAS (non-monotonicity),MEV (functionality),MCN (complexity),Linear regression (p)
all,rl,0.42074,-0.31468445,0.100140005,0.39863,4.321928,0.8575689
mit,all,0.21874,0.21250665,0.06462,0.20067,4.321928,-0.078951605
all,call4,0.20052,0.2004309,0.14764999,0.18369,4.321928,-0.009438973
mit,rl,0.1885,0.17633861,0.055649996,0.17197,4.321928,-0.110278666
mit,call4,0.17004,0.15698035,0.122789994,0.14751,4.321928,0.11427881
call4,rl,0.11095,0.110930406,0.07428,0.10228,4.321928,-0.0044264067
