X var,Y var,MIC (strength),MIC-p^2 (nonlinearity),MAS (non-monotonicity),MEV (functionality),MCN (complexity),Linear regression (p)
mit,all,0.28222,0.11100222,0.043270007,0.25556,4.0,0.4137847
call4,rl,0.27883,-9.7233057E-4,0.049280003,0.25874,4.0,0.52896345
mit,rl,0.26847,0.13239782,0.060739994,0.24785,4.0,0.36887962
all,rl,0.23218,0.14144261,0.032889992,0.20872,4.0,0.30122647
all,call4,0.21955,0.08943856,0.022579998,0.18574,4.0,0.36070964
mit,call4,0.21755,0.08085109,0.02319999,0.19369,4.0,0.36972815
