X var,Y var,MIC (strength),MIC-p^2 (nonlinearity),MAS (non-monotonicity),MEV (functionality),MCN (complexity),Linear regression (p)
all,rl,0.28771,0.24890876,0.014679998,0.28771,4.321928,0.19698034
call4,rl,0.27951,0.21132451,0.035919994,0.27951,4.321928,0.26112348
mit,all,0.26071,0.20271324,0.02391,0.26071,4.321928,0.24082518
mit,rl,0.24635,0.24613129,0.028070003,0.24635,4.321928,0.014789406
mit,call4,0.24217,0.241596,0.06066999,0.24217,4.321928,0.02395853
all,call4,0.22423,0.1895278,0.02228,0.22423,4.321928,0.18628529
