X var,Y var,MIC (strength),MIC-p^2 (nonlinearity),MAS (non-monotonicity),MEV (functionality),MCN (complexity),Linear regression (p)
mit,call4,0.30479,0.29297295,0.082729995,0.28054,4.0,0.10870624
all,call4,0.2892,0.23498996,0.04574001,0.25354,4.0,0.23283052
mit,all,0.26503,0.1982824,0.06544,0.23466,4.0,0.25835556
call4,rl,0.24939,0.17351866,0.02252999,0.23125,4.0,0.27544755
mit,rl,0.22874,0.2275603,0.032199994,0.1956,4.0,0.034346834
all,rl,0.20264,0.18533081,0.040979996,0.18169,4.0,0.13156438
