X var,Y var,MIC (strength),MIC-p^2 (nonlinearity),MAS (non-monotonicity),MEV (functionality),MCN (complexity),Linear regression (p)
all,rl,0.42935,-0.12402496,0.104389995,0.42935,4.321928,0.7438918
mit,call4,0.32751,0.26079428,0.15454,0.32751,4.321928,-0.25829384
mit,rl,0.26733,0.14233497,0.042060003,0.26733,4.321928,-0.35354635
call4,rl,0.25877,0.24656406,0.14791998,0.25877,4.321928,0.11048048
all,call4,0.23861,0.23827873,0.14888,0.23861,4.321928,-0.01820071
mit,all,0.23662,0.14920452,0.029259995,0.23662,4.321928,-0.2956611
