X var,Y var,MIC (strength),MIC-p^2 (nonlinearity),MAS (non-monotonicity),MEV (functionality),MCN (complexity),Linear regression (p)
call4,rl,0.28331,0.08063163,0.032989994,0.26983,4.807355,0.45019814
all,rl,0.23816,0.14958133,0.025800005,0.22615,4.807355,0.2976217
mit,all,0.23561,0.16742046,0.023359999,0.22239,4.807355,0.26113126
mit,rl,0.22689,0.1680641,0.024269998,0.21475,4.807355,0.2425405
mit,call4,0.21598,0.16617605,0.022819996,0.203,4.807355,0.22316796
all,call4,0.18866,0.12728928,0.03485,0.17586,4.807355,0.24773113
