X var,Y var,MIC (strength),MIC-p^2 (nonlinearity),MAS (non-monotonicity),MEV (functionality),MCN (complexity),Linear regression (p)
mit,rl,0.25022,0.018265635,0.03505999,0.23729,4.321928,0.4816164
all,rl,0.23855,0.08574326,0.055850014,0.21984,4.321928,0.39090502
all,call4,0.23495,0.119889915,0.031489998,0.21592,4.321928,0.3392051
call4,rl,0.22529,0.11861122,0.049879998,0.21032,4.321928,0.32661718
mit,call4,0.21374,0.11076959,0.07546,0.19921,4.321928,0.32089004
mit,all,0.1823,0.12702148,0.026140004,0.16702,4.321928,0.23511386
