X var,Y var,MIC (strength),MIC-p^2 (nonlinearity),MAS (non-monotonicity),MEV (functionality),MCN (complexity),Linear regression (p)
all,call4,0.27688,0.14144123,0.025689997,0.25284,4.321928,0.36802006
all,rl,0.25976,0.11193372,0.03711,0.24169,4.321928,0.38448182
mit,all,0.23891,0.16499043,0.050850004,0.21804,4.321928,0.27188155
mit,rl,0.23501,0.0699126,0.044870004,0.22256,4.321928,0.4063218
call4,rl,0.23411,0.118398994,0.032429993,0.21109,4.321928,0.3401632
mit,call4,0.23192,0.14332128,0.045200005,0.21167,4.321928,0.29765537
