X var,Y var,MIC (strength),MIC-p^2 (nonlinearity),MAS (non-monotonicity),MEV (functionality),MCN (complexity),Linear regression (p)
all,rl,0.28168,0.1093265,0.07443999,0.26248,4.321928,0.41515478
mit,rl,0.25331,0.053520426,0.04395999,0.23186,4.321928,0.44697827
all,call4,0.2513,0.1658447,0.028419994,0.23374,4.321928,0.2923274
call4,rl,0.2468,0.16362509,0.043080002,0.22182,4.321928,0.28840062
mit,call4,0.23026,0.1654979,0.067499995,0.20563,4.321928,0.25448397
mit,all,0.21402,0.14469492,0.037949994,0.19126,4.321928,0.26329654
