X var,Y var,MIC (strength),MIC-p^2 (nonlinearity),MAS (non-monotonicity),MEV (functionality),MCN (complexity),Linear regression (p)
all,rl,0.45015,0.06223038,0.102780014,0.43898,4.807355,0.62283194
mit,call4,0.23754,0.20113215,0.16226,0.22501,4.807355,0.19080842
mit,rl,0.23355,0.22960393,0.02454,0.22313,4.807355,-0.062817685
all,call4,0.21531,0.21444726,0.118370004,0.20405,4.807355,-0.02937264
mit,all,0.21346,0.21203996,0.03221,0.20242,4.807355,0.037683334
call4,rl,0.18679,0.18676923,0.09757,0.17602,4.807355,0.004557492
