X var,Y var,MIC (strength),MIC-p^2 (nonlinearity),MAS (non-monotonicity),MEV (functionality),MCN (complexity),Linear regression (p)
call4,rl,0.35977,-0.018998384,0.10813001,0.34985,4.807355,0.6154416
mit,all,0.23699,0.22197762,0.07749,0.22262,4.807355,0.12252502
all,call4,0.2132,0.14825311,0.023159996,0.19897,4.807355,0.25484678
all,rl,0.21141,0.12859817,0.030589998,0.1991,4.807355,0.28777045
mit,call4,0.19468,0.14598846,0.045710012,0.18062,4.807355,0.22066161
mit,rl,0.17974,0.15685394,0.025710002,0.16827,4.807355,0.15128136
