X var,Y var,MIC (strength),MIC-p^2 (nonlinearity),MAS (non-monotonicity),MEV (functionality),MCN (complexity),Linear regression (p)
all,rl,0.43175,-0.14255446,0.051889986,0.43175,3.807355,0.7578288
mit,rl,0.35886,0.21520247,0.12580998,0.33678,4.4594316,-0.3790218
mit,all,0.29685,0.14460234,0.06238,0.27978,4.4594316,-0.39018926
mit,call4,0.23258,0.14209276,0.13019001,0.2108,4.4594316,-0.30081096
call4,rl,0.20095,-0.11011496,0.048979998,0.20095,3.5849626,0.557732
all,call4,0.18803,0.077015825,0.06717,0.17978,4.4594316,0.3331879
