X var,Y var,MIC (strength),MIC-p^2 (nonlinearity),MAS (non-monotonicity),MEV (functionality),MCN (complexity),Linear regression (p)
call4,rl,0.30599,0.1486717,0.045729995,0.29703,4.807355,0.3966337
mit,all,0.25757,0.20664907,0.067719996,0.24439,4.807355,0.22565666
all,rl,0.23061,0.13389876,0.029090002,0.21967,4.807355,0.31098428
mit,rl,0.20365,0.14520094,0.020659998,0.1922,4.807355,0.2417624
mit,call4,0.20237,0.13771626,0.022289999,0.18895,4.807355,0.254271
all,call4,0.19415,0.15632811,0.03621,0.18233,4.807355,0.1944785
