X var,Y var,MIC (strength),MIC-p^2 (nonlinearity),MAS (non-monotonicity),MEV (functionality),MCN (complexity),Linear regression (p)
all,rl,0.2843,0.13610917,0.08496,0.27237,4.4594316,0.3849556
mit,rl,0.2748,0.10753782,0.027380005,0.25825,4.4594316,0.408977
mit,call4,0.26891,0.16332957,0.031260014,0.25155,4.4594316,0.3249314
call4,rl,0.24477,0.07486194,0.034600005,0.22107,4.4594316,0.41219905
mit,all,0.21803,0.07329437,0.013080001,0.1988,4.4594316,0.38044137
all,call4,0.21762,0.14462775,0.043610007,0.20532,4.4594316,0.27017078
