X var,Y var,MIC (strength),MIC-p^2 (nonlinearity),MAS (non-monotonicity),MEV (functionality),MCN (complexity),Linear regression (p)
call4,rl,0.28711,0.12121184,0.04602,0.27464,4.807355,0.407306
mit,rl,0.23071,0.17040703,0.02798,0.21997,4.807355,0.24556665
mit,call4,0.22886,0.13470578,0.039910004,0.21886,4.807355,0.3068456
all,call4,0.22295,0.18444794,0.020559996,0.20893,4.807355,0.19621938
all,rl,0.22167,0.13780889,0.044870004,0.20877,4.807355,0.28958783
mit,all,0.21459,0.1837983,0.05060999,0.20224,4.807355,0.17547566
