X var,Y var,MIC (strength),MIC-p^2 (nonlinearity),MAS (non-monotonicity),MEV (functionality),MCN (complexity),Linear regression (p)
all,rl,0.31647,-0.09067866,0.042500004,0.31378,4.4594316,0.638082
mit,all,0.24548,0.21371071,0.05533001,0.22831,4.4594316,-0.17823942
mit,call4,0.23012,0.21551956,0.13556,0.21569,4.4594316,0.12083231
call4,rl,0.20813,-0.081293255,0.05408001,0.203,4.4594316,0.53798074
all,call4,0.18472,0.06904674,0.08418,0.17312,4.4594316,0.3401077
mit,rl,0.18226,0.17998868,0.064330004,0.16882,4.4594316,0.0476584
