X var,Y var,MIC (strength),MIC-p^2 (nonlinearity),MAS (non-monotonicity),MEV (functionality),MCN (complexity),Linear regression (p)
all,rl,0.45951,0.12946615,0.041040003,0.43923,4.321928,0.5744944
call4,rl,0.27883,0.25222585,0.13902,0.25197,4.321928,0.16310781
all,call4,0.23767,0.23078997,0.115100004,0.21794,4.321928,0.08294592
mit,all,0.23449,0.23391286,0.030259997,0.21042,4.321928,-0.024024075
mit,rl,0.224,0.22336443,0.019130006,0.20764,4.321928,-0.025210835
mit,call4,0.19285,0.17521235,0.08785,0.17464,4.321928,-0.13280678
