X var,Y var,MIC (strength),MIC-p^2 (nonlinearity),MAS (non-monotonicity),MEV (functionality),MCN (complexity),Linear regression (p)
call4,rl,0.36911,0.071079105,0.043689996,0.34854,4.321928,0.54592204
mit,rl,0.25509,0.16093534,0.05087,0.23781,4.321928,0.3068463
mit,all,0.25087,0.17216378,0.021410003,0.22587,4.321928,0.28054628
all,call4,0.24478,0.20707028,0.027130008,0.22458,4.321928,0.19418994
all,rl,0.24274,0.19762918,0.052990004,0.23079,4.321928,0.21239308
mit,call4,0.2043,0.16750574,0.027510002,0.18781,4.321928,0.1918183
