X var,Y var,MIC (strength),MIC-p^2 (nonlinearity),MAS (non-monotonicity),MEV (functionality),MCN (complexity),Linear regression (p)
call4,rl,0.25969,0.08231616,0.018179998,0.24694,4.807355,0.42115772
all,call4,0.23173,0.17853405,0.020170003,0.22021,4.807355,0.23064247
mit,rl,0.22269,0.17200893,0.043830007,0.20898,4.807355,0.22512455
mit,call4,0.22168,0.1906413,0.042999998,0.21086,4.807355,0.17617802
all,rl,0.21728,0.13099891,0.028780006,0.20467,4.807355,0.29373643
mit,all,0.19475,0.14864923,0.014559999,0.18236,4.807355,0.21471089
