X var,Y var,MIC (strength),MIC-p^2 (nonlinearity),MAS (non-monotonicity),MEV (functionality),MCN (complexity),Linear regression (p)
call4,rl,0.32819,0.12558569,0.036529988,0.2954,4.0,0.4501159
all,call4,0.31967,0.25183648,0.096230015,0.29392,4.0,0.2604487
mit,rl,0.31134,0.261782,0.076230004,0.26637,4.0,0.22261629
mit,all,0.28058,0.19222996,0.03365001,0.25425,4.0,0.29723737
all,rl,0.23984,0.2019256,0.04489,0.2141,4.0,0.1947162
mit,call4,0.21596,0.1769284,0.029080003,0.1955,4.0,0.19756417
