X var,Y var,MIC (strength),MIC-p^2 (nonlinearity),MAS (non-monotonicity),MEV (functionality),MCN (complexity),Linear regression (p)
call4,rl,0.29543,-0.049844176,0.026239991,0.28482,4.807355,0.58760035
all,call4,0.2272,0.1659028,0.047059998,0.21433,4.807355,0.24758272
mit,rl,0.22038,0.19419469,0.022279993,0.2041,4.807355,0.16181873
mit,call4,0.20988,0.17295212,0.013349995,0.19836,4.807355,0.19216628
all,rl,0.20672,0.121442825,0.02132,0.19665,4.807355,0.29202256
mit,all,0.19474,0.15454268,0.014109999,0.17863,4.807355,0.20049267
