X var,Y var,MIC (strength),MIC-p^2 (nonlinearity),MAS (non-monotonicity),MEV (functionality),MCN (complexity),Linear regression (p)
call4,rl,0.36049,0.20352677,0.046140015,0.33313,4.0,0.39618585
mit,all,0.33252,0.2605346,0.045480013,0.29599,4.0,0.26830092
mit,rl,0.32424,0.29930243,0.07359001,0.29749,4.0,0.15791634
mit,call4,0.31117,0.28255832,0.06649999,0.27222,4.0,0.16914989
all,call4,0.2803,0.19474772,0.027679995,0.25131,4.0,0.2924932
all,rl,0.23519,0.20946196,0.026539996,0.21222,4.0,0.16039966
