X var,Y var,MIC (strength),MIC-p^2 (nonlinearity),MAS (non-monotonicity),MEV (functionality),MCN (complexity),Linear regression (p)
all,rl,0.45143,-0.2897695,0.035349995,0.44063,4.807355,0.8609294
mit,rl,0.29597,0.19937932,0.04630001,0.28478,4.807355,-0.3107904
mit,call4,0.22509,0.07736702,0.039409995,0.21435,4.807355,-0.38434747
call4,rl,0.21838,0.17148586,0.06507,0.20479,4.807355,0.21655056
all,call4,0.21247,0.20890354,0.1279,0.20224,4.807355,0.059719842
mit,all,0.19957,0.18200344,0.030369997,0.1854,4.807355,-0.13253888
