X var,Y var,MIC (strength),MIC-p^2 (nonlinearity),MAS (non-monotonicity),MEV (functionality),MCN (complexity),Linear regression (p)
all,rl,0.40739,0.13907185,0.079869986,0.39543,4.321928,0.51799434
mit,all,0.39966,0.39935198,0.06967001,0.37528,4.321928,0.017550047
mit,rl,0.27376,0.116044685,0.026150003,0.25467,4.321928,-0.39713386
call4,rl,0.22375,0.21952465,0.13653,0.21834,4.321928,-0.06500263
all,call4,0.21724,0.20019984,0.14313,0.21056,4.321928,-0.13053796
mit,call4,0.20467,0.20319764,0.17859,0.18856,4.321928,-0.03837124
