X var,Y var,MIC (strength),MIC-p^2 (nonlinearity),MAS (non-monotonicity),MEV (functionality),MCN (complexity),Linear regression (p)
call4,rl,0.3223,0.10110827,0.03603998,0.31035,4.807355,0.47031024
mit,call4,0.2262,0.14753869,0.03678,0.21374,4.807355,0.28046623
all,rl,0.21864,0.12537628,0.033669993,0.20659,4.807355,0.3053911
mit,rl,0.21605,0.14617266,0.026880004,0.20493,4.807355,0.26434323
mit,all,0.20909,0.15403974,0.02002,0.19604,4.807355,0.23462789
all,call4,0.18325,0.1319246,0.015529998,0.16934,4.807355,0.2265511
