X var,Y var,MIC (strength),MIC-p^2 (nonlinearity),MAS (non-monotonicity),MEV (functionality),MCN (complexity),Linear regression (p)
mit,all,0.31279,0.038414,0.09776001,0.29222,4.321928,0.52380913
call4,rl,0.26838,-0.03393373,0.023200005,0.2467,4.321928,0.5498306
all,call4,0.23986,0.033917293,0.031729996,0.22255,4.321928,0.4538091
all,rl,0.22128,-0.09292625,0.026519999,0.20442,4.321928,0.56054103
mit,rl,0.21081,-0.16143131,0.028720006,0.19372,4.321928,0.6101158
mit,call4,0.20907,-0.016454473,0.009780005,0.18393,4.321928,0.47489417
