X var,Y var,MIC (strength),MIC-p^2 (nonlinearity),MAS (non-monotonicity),MEV (functionality),MCN (complexity),Linear regression (p)
all,call4,0.28489,-0.0140993595,0.07303999,0.2632,4.321928,0.5467992
mit,all,0.27982,-0.09829226,0.080249995,0.25532,4.321928,0.61490834
mit,rl,0.24409,-0.081714734,0.021370009,0.22241,4.321928,0.5707931
mit,call4,0.23758,-0.13869151,0.028809994,0.21957,4.321928,0.61340976
all,rl,0.22474,-0.047436833,0.018229999,0.20439,4.321928,0.5217057
call4,rl,0.21085,-0.016081795,0.03238,0.19038,4.321928,0.47637358
