X var,Y var,MIC (strength),MIC-p^2 (nonlinearity),MAS (non-monotonicity),MEV (functionality),MCN (complexity),Linear regression (p)
call4,rl,0.37281,0.24826169,0.05573,0.35561,4.321928,0.35291404
mit,call4,0.27605,0.27591962,0.06295,0.25392,4.321928,0.011418652
all,call4,0.26428,0.26303375,0.04773,0.23317,4.321928,0.035302017
mit,rl,0.2575,0.21752028,0.03209,0.23564,4.321928,0.19994926
mit,all,0.25655,0.21712102,0.036529996,0.23374,4.321928,0.19856735
all,rl,0.25108,0.22786027,0.033820003,0.23185,4.321928,0.15238023
