X var,Y var,MIC (strength),MIC-p^2 (nonlinearity),MAS (non-monotonicity),MEV (functionality),MCN (complexity),Linear regression (p)
all,rl,0.29284,0.20150775,0.06606001,0.29284,4.321928,0.30221227
all,call4,0.28291,0.23343195,0.09687999,0.28291,4.321928,0.2224366
mit,rl,0.24528,0.23176412,0.046159998,0.24528,4.321928,0.116257824
mit,all,0.24434,0.16861115,0.06927,0.24434,4.321928,0.27518874
call4,rl,0.24164,0.12996437,0.029440008,0.24164,4.321928,0.33417904
mit,call4,0.21226,0.20365119,0.03741,0.21226,4.321928,0.0927836
