X var,Y var,MIC (strength),MIC-p^2 (nonlinearity),MAS (non-monotonicity),MEV (functionality),MCN (complexity),Linear regression (p)
mit,all,0.1972,0.18870762,0.08197,0.1972,4.321928,0.09215411
mit,rl,0.17244,0.16942726,0.060200006,0.17244,4.321928,0.05488845
all,rl,0.16036,0.13305247,0.028889999,0.16036,4.321928,0.16524988
all,call4,0.15918,0.1451576,0.035459995,0.15918,4.321928,0.11841619
mit,call4,0.12164,0.12038655,0.015999995,0.12164,4.321928,-0.03540405
call4,rl,0.11982,0.09915759,0.030500002,0.11982,4.321928,0.14374425
