X var,Y var,MIC (strength),MIC-p^2 (nonlinearity),MAS (non-monotonicity),MEV (functionality),MCN (complexity),Linear regression (p)
all,rl,0.52566,-0.004047811,0.05587998,0.51508,4.807355,0.72781026
mit,call4,0.27701,0.2077742,0.107659996,0.2634,4.807355,-0.26312694
mit,all,0.26928,0.268446,0.033620007,0.25656,4.807355,-0.028878639
mit,rl,0.26041,0.2349422,0.084340006,0.24828,4.807355,-0.1595864
call4,rl,0.24155,0.23481137,0.08641,0.23076,4.807355,0.08208914
all,call4,0.20406,0.20287712,0.101,0.19263,4.807355,-0.034393076
