X var,Y var,MIC (strength),MIC-p^2 (nonlinearity),MAS (non-monotonicity),MEV (functionality),MCN (complexity),Linear regression (p)
all,rl,0.43943,-0.19000739,0.05359,0.43943,3.5849626,0.7933709
mit,rl,0.39849,0.21180402,0.117960006,0.3828,4.4594316,-0.43207175
mit,all,0.31029,0.16272779,0.027290002,0.29333,4.4594316,-0.3841383
mit,call4,0.18634,0.14920461,0.13603,0.18634,3.807355,-0.19270544
call4,rl,0.17069,-0.041260526,0.078830004,0.17069,4.321928,0.46038085
all,call4,0.16362,0.13819146,0.113019995,0.15447,4.4594316,0.15946327
