X var,Y var,MIC (strength),MIC-p^2 (nonlinearity),MAS (non-monotonicity),MEV (functionality),MCN (complexity),Linear regression (p)
mit,rl,0.26001,0.24653794,0.07460001,0.26001,4.4594316,0.11606925
mit,call4,0.25357,0.2277637,0.08531,0.25357,4.4594316,0.16064338
call4,rl,0.24451,0.19197729,0.036299996,0.24451,4.4594316,0.22920014
all,rl,0.23617,0.23232943,0.021259993,0.23617,4.4594316,0.061972346
mit,all,0.22921,0.20384583,0.049679995,0.22921,4.4594316,0.15926135
all,call4,0.20248,0.19374457,0.029240005,0.20248,4.4594316,0.0934635
