X var,Y var,MIC (strength),MIC-p^2 (nonlinearity),MAS (non-monotonicity),MEV (functionality),MCN (complexity),Linear regression (p)
mit,call4,0.24865,0.19897565,0.043850005,0.24865,4.4594316,0.22287744
call4,rl,0.22519,0.121454805,0.036609992,0.22519,4.4594316,0.32207948
all,rl,0.22325,0.21769325,0.051919997,0.22325,4.4594316,0.07454358
mit,all,0.2164,0.18416604,0.045939997,0.2164,4.4594316,0.17953815
all,call4,0.20026,0.18572566,0.01737,0.20026,4.4594316,0.12055844
mit,rl,0.19408,0.15688737,0.017340004,0.19408,4.4594316,0.19285391
