X var,Y var,MIC (strength),MIC-p^2 (nonlinearity),MAS (non-monotonicity),MEV (functionality),MCN (complexity),Linear regression (p)
all,rl,0.34686,0.08168718,0.054820016,0.33405,4.807355,0.5149493
mit,rl,0.25096,0.24757455,0.042589992,0.23364,4.807355,0.058184583
mit,all,0.21935,0.15640691,0.057239994,0.20736,4.807355,-0.2508846
mit,call4,0.0897,0.079762265,0.07171,0.0897,3.807355,-0.099688195
all,call4,0.07455,0.062790364,0.025410004,0.07455,3.0,-0.108441874
call4,rl,0.0463,0.039163478,0.00931,0.0463,3.321928,-0.08447795
