X var,Y var,MIC (strength),MIC-p^2 (nonlinearity),MAS (non-monotonicity),MEV (functionality),MCN (complexity),Linear regression (p)
all,rl,0.33524,0.13671714,0.014280006,0.33524,4.321928,0.44555905
mit,all,0.2437,0.22503461,0.038250014,0.2437,4.321928,0.13662134
call4,rl,0.23454,0.058779255,0.07423,0.23454,4.321928,0.4192383
mit,call4,0.22344,0.16594362,0.06775001,0.22344,4.321928,-0.23978405
mit,rl,0.21437,0.18583746,0.0129400045,0.21437,4.321928,-0.16891578
all,call4,0.20719,0.17328659,0.10035001,0.20719,4.321928,0.18412882
