X var,Y var,MIC (strength),MIC-p^2 (nonlinearity),MAS (non-monotonicity),MEV (functionality),MCN (complexity),Linear regression (p)
call4,rl,0.28875,-0.2094065,0.02929999,0.27813,4.807355,0.705802
all,rl,0.24088,-0.04645519,0.053910002,0.23037,4.807355,0.53603655
mit,all,0.22417,-0.1168012,0.021040007,0.21369,4.807355,0.5839274
mit,rl,0.2035,-0.11874989,0.008720003,0.18934,4.807355,0.5676706
all,call4,0.2029,-0.067871734,0.035579994,0.19178,4.807355,0.5203573
mit,call4,0.19031,-0.24128506,0.019080002,0.17858,4.807355,0.65695894
