X var,Y var,MIC (strength),MIC-p^2 (nonlinearity),MAS (non-monotonicity),MEV (functionality),MCN (complexity),Linear regression (p)
all,rl,0.6866,0.014964819,0.13729,0.67452,4.807355,0.8195335
call4,rl,0.50201,0.367898,0.16926998,0.48704,4.807355,0.36621305
all,call4,0.42057,0.29523155,0.098719984,0.40759,4.807355,0.35403168
mit,call4,0.25514,0.24370958,0.15822001,0.24426,4.807355,0.106913194
mit,rl,0.25181,0.25163668,0.066800006,0.23841,4.807355,-0.013165998
mit,all,0.24864,0.21810877,0.040189996,0.23501,4.807355,0.17473187
