X var,Y var,MIC (strength),MIC-p^2 (nonlinearity),MAS (non-monotonicity),MEV (functionality),MCN (complexity),Linear regression (p)
mit,rl,0.30421,-7.00444E-4,0.10987,0.30421,4.321928,0.55218697
all,rl,0.29364,-0.06131363,0.044019997,0.29364,4.321928,0.59577984
call4,rl,0.26308,-0.1363765,0.050410002,0.26308,4.321928,0.6320257
all,call4,0.2425,-0.13672692,0.044410005,0.2425,4.321928,0.61581403
mit,all,0.22165,-0.13018146,0.019440003,0.22165,4.321928,0.59315383
mit,call4,0.22101,-0.058992267,0.04344,0.22101,4.321928,0.5291524
