X var,Y var,MIC (strength),MIC-p^2 (nonlinearity),MAS (non-monotonicity),MEV (functionality),MCN (complexity),Linear regression (p)
call4,rl,0.3145,0.04007715,0.049740016,0.30244,4.807355,0.52385384
all,rl,0.23137,0.14795977,0.034490004,0.2193,4.807355,0.28880832
mit,call4,0.21981,0.17579451,0.05539,0.20963,4.807355,0.20979866
mit,rl,0.2149,0.18364492,0.031910002,0.20335,4.807355,0.17679109
all,call4,0.21044,0.12624937,0.023200005,0.19897,4.807355,0.2901562
mit,all,0.17879,0.15470453,0.016939998,0.16801,4.807355,0.15519497
