X var,Y var,MIC (strength),MIC-p^2 (nonlinearity),MAS (non-monotonicity),MEV (functionality),MCN (complexity),Linear regression (p)
all,rl,0.44233,-0.09386867,0.11394,0.42965,4.321928,0.7322559
mit,all,0.33726,0.32935247,0.021720022,0.31896,4.321928,-0.088924274
mit,call4,0.31779,0.25485757,0.14002,0.29898,4.321928,-0.25086337
mit,rl,0.2981,0.23630592,0.14655,0.27974,4.321928,-0.24858414
all,call4,0.25905,0.23931903,0.15146002,0.23703,4.321928,-0.140467
call4,rl,0.21446,0.21369961,0.13724,0.19553,4.321928,-0.02757519
