X var,Y var,MIC (strength),MIC-p^2 (nonlinearity),MAS (non-monotonicity),MEV (functionality),MCN (complexity),Linear regression (p)
call4,rl,0.37916,0.13569093,0.09718999,0.35639,4.321928,0.49342585
mit,all,0.27542,0.17488429,0.06279001,0.25372,4.321928,0.31707367
mit,rl,0.22441,0.15703787,0.025909998,0.20792,4.321928,0.25956142
mit,call4,0.22391,0.21461837,0.038469996,0.20378,4.321928,0.09639311
all,rl,0.22017,0.17403765,0.01439999,0.20157,4.321928,0.21478444
all,call4,0.17402,0.15664937,0.042459995,0.1574,4.321928,0.13179775
