X var,Y var,MIC (strength),MIC-p^2 (nonlinearity),MAS (non-monotonicity),MEV (functionality),MCN (complexity),Linear regression (p)
all,rl,0.36586,-0.19179803,0.033329993,0.34722,4.321928,0.746765
mit,all,0.29945,0.29172602,0.035130024,0.27299,4.321928,-0.08788621
mit,rl,0.2229,0.20198527,0.033900008,0.20338,4.321928,-0.14461929
call4,rl,0.18701,0.1850752,0.15523,0.16879,4.321928,0.043986455
mit,call4,0.1774,0.17288038,0.13143998,0.16034,4.321928,-0.06722803
all,call4,0.15876,0.156835,0.10899,0.1441,4.321928,-0.043874644
