X var,Y var,MIC (strength),MIC-p^2 (nonlinearity),MAS (non-monotonicity),MEV (functionality),MCN (complexity),Linear regression (p)
mit,all,0.32316,0.29563466,0.08129999,0.29219,4.321928,0.16590764
call4,rl,0.264,0.23431955,0.028339997,0.23249,4.321928,0.17228013
mit,rl,0.24623,0.23573938,0.041710004,0.2243,4.321928,0.10242372
all,rl,0.23967,0.22997473,0.01659,0.2175,4.321928,0.09846452
mit,call4,0.21648,0.19474323,0.01692,0.20239,4.321928,0.14743395
all,call4,0.19787,0.14918283,0.07683,0.17951,4.321928,0.22065172
