X var,Y var,MIC (strength),MIC-p^2 (nonlinearity),MAS (non-monotonicity),MEV (functionality),MCN (complexity),Linear regression (p)
call4,rl,0.34158,-0.06267437,0.023479998,0.33157,4.807355,0.63581
all,rl,0.23896,0.16124007,0.034370005,0.22487,4.807355,0.27878293
all,call4,0.22658,0.17112917,0.044269994,0.21354,4.807355,0.23547998
mit,call4,0.22302,0.18670471,0.045190006,0.20668,4.807355,0.19056572
mit,rl,0.20712,0.19189793,0.0122500025,0.19677,4.807355,0.12337774
mit,all,0.18647,0.15066904,0.009779997,0.17713,4.807355,0.18921141
