X var,Y var,MIC (strength),MIC-p^2 (nonlinearity),MAS (non-monotonicity),MEV (functionality),MCN (complexity),Linear regression (p)
call4,rl,0.26419,0.14789344,0.01733999,0.25087,4.807355,0.3410228
all,rl,0.22869,0.17925118,0.028800003,0.21498,4.807355,0.2223484
all,call4,0.21463,0.1804851,0.024750002,0.20369,4.807355,0.18478338
mit,call4,0.21274,0.19826104,0.048979998,0.20128,4.807355,0.12032855
mit,rl,0.20711,0.1833909,0.046949998,0.19366,4.807355,0.15401009
mit,all,0.19211,0.17867771,0.03363,0.18161,4.807355,0.115897804
