X var,Y var,MIC (strength),MIC-p^2 (nonlinearity),MAS (non-monotonicity),MEV (functionality),MCN (complexity),Linear regression (p)
all,rl,0.5214,0.08504856,0.06654999,0.50732,4.321928,0.660569
call4,rl,0.32546,0.24326734,0.14491,0.31089,4.321928,0.2866926
all,call4,0.25412,0.17529467,0.08436999,0.23827,4.321928,0.2807585
mit,all,0.25176,0.24158825,0.035899997,0.22939,4.321928,-0.10085515
mit,call4,0.2251,0.17382634,0.091189995,0.21022,4.321928,-0.22643687
mit,rl,0.20876,0.20561787,0.020730004,0.19174,4.321928,-0.056054603
