X var,Y var,MIC (strength),MIC-p^2 (nonlinearity),MAS (non-monotonicity),MEV (functionality),MCN (complexity),Linear regression (p)
call4,rl,0.35083,0.1764293,0.03738001,0.33623,4.4594316,0.4176131
mit,all,0.25322,0.20920958,0.030780002,0.23614,4.4594316,0.2097866
all,rl,0.24469,0.20635012,0.021200001,0.22992,4.4594316,0.19580573
all,call4,0.21781,0.18859895,0.023289993,0.19837,4.4594316,0.17091241
mit,call4,0.21691,0.19257188,0.03396,0.19819,4.4594316,0.15600681
mit,rl,0.21151,0.11948386,0.040309995,0.19565,4.4594316,0.3033581
