X var,Y var,MIC (strength),MIC-p^2 (nonlinearity),MAS (non-monotonicity),MEV (functionality),MCN (complexity),Linear regression (p)
all,rl,0.36726,-0.0806008,0.07068002,0.34851,4.0,0.669224
mit,rl,0.3568,0.27411067,0.107279986,0.33196,4.0,-0.28755748
mit,all,0.30901,0.23871875,0.023110002,0.28298,4.0,-0.26512498
mit,call4,0.12923,0.107777074,0.09082999,0.12923,3.321928,0.14646815
all,call4,0.0824,0.072377875,0.051920004,0.0824,3.321928,-0.10011058
call4,rl,0.06002,0.053871606,0.03101,0.06002,3.321928,-0.07841169
