X var,Y var,MIC (strength),MIC-p^2 (nonlinearity),MAS (non-monotonicity),MEV (functionality),MCN (complexity),Linear regression (p)
all,rl,0.30176,0.25580075,0.07148999,0.27921,4.4594316,0.21438102
call4,rl,0.27716,0.18231213,0.034270003,0.25849,4.4594316,0.3079738
mit,all,0.23375,0.2076461,0.055140004,0.21812,4.4594316,0.161567
all,call4,0.22958,0.2092806,0.06625,0.2104,4.4594316,0.14247599
mit,rl,0.21145,0.13603574,0.027050003,0.19806,4.4594316,0.27461657
mit,call4,0.2091,0.19547564,0.017420001,0.19298,4.4594316,0.11672339
