X var,Y var,MIC (strength),MIC-p^2 (nonlinearity),MAS (non-monotonicity),MEV (functionality),MCN (complexity),Linear regression (p)
call4,rl,0.27549,-0.07902655,0.032509997,0.25845,4.4594316,0.5954129
all,rl,0.25096,0.014636338,0.03712,0.23713,4.4594316,0.4861313
mit,rl,0.25047,-0.050819427,0.02465,0.23522,4.4594316,0.5488984
mit,all,0.24003,0.0076325685,0.050680004,0.22516,4.4594316,0.48207617
all,call4,0.23382,0.05238864,0.02982001,0.21711,4.4594316,0.4259476
mit,call4,0.22283,-0.007982224,0.03476,0.20624,4.4594316,0.4804292
