X var,Y var,MIC (strength),MIC-p^2 (nonlinearity),MAS (non-monotonicity),MEV (functionality),MCN (complexity),Linear regression (p)
all,rl,0.62114,0.5474505,0.052210003,0.62114,4.4594316,-0.27145815
mit,all,0.37594,0.18281762,0.055050015,0.37594,4.4594316,0.4394569
mit,rl,0.22798,0.21847971,0.02742,0.22798,4.4594316,-0.09746943
call4,rl,0.11563,0.11357151,0.096200004,0.11563,3.807355,0.04537064
all,call4,0.11563,0.10795781,0.097550005,0.11563,3.807355,-0.08759105
mit,call4,0.11563,0.08769782,0.07515,0.11563,3.807355,-0.16712925
