X var,Y var,MIC (strength),MIC-p^2 (nonlinearity),MAS (non-monotonicity),MEV (functionality),MCN (complexity),Linear regression (p)
mit,all,0.31671,0.25861856,0.12184,0.31671,4.321928,0.24102166
call4,rl,0.26543,0.24211691,0.025940001,0.26543,4.321928,0.15268625
all,call4,0.25678,0.24152167,0.05516,0.25678,4.321928,0.12352462
mit,call4,0.23631,0.23623,0.04200001,0.23631,4.321928,-0.008944481
all,rl,0.23544,0.22616248,0.018639997,0.23544,4.321928,0.096319914
mit,rl,0.21942,0.21853238,0.055229995,0.21942,4.321928,-0.029792825
