X var,Y var,MIC (strength),MIC-p^2 (nonlinearity),MAS (non-monotonicity),MEV (functionality),MCN (complexity),Linear regression (p)
mit,all,0.33248,0.30268133,0.13721001,0.28357,4.0,0.17262295
call4,rl,0.29654,0.15560028,0.08302,0.2737,4.0,0.37541938
mit,rl,0.26473,0.25089496,0.045780003,0.23794,4.0,0.11762245
mit,call4,0.25018,0.218139,0.06243001,0.22615,4.0,0.17900003
all,call4,0.20934,0.1642145,0.032299995,0.1873,4.0,0.21242765
all,rl,0.19959,0.16840851,0.031460002,0.18057,4.0,0.1765828
