X var,Y var,MIC (strength),MIC-p^2 (nonlinearity),MAS (non-monotonicity),MEV (functionality),MCN (complexity),Linear regression (p)
all,rl,0.58381,0.57606095,0.052060008,0.58381,4.4594316,0.08802855
mit,all,0.30499,0.30410326,0.02884999,0.30499,4.4594316,-0.029778244
mit,rl,0.23323,0.157383,0.030170001,0.23323,4.4594316,0.27540335
all,call4,0.08318,0.08297697,0.067940004,0.08318,3.321928,-0.014248935
mit,call4,0.08318,0.07027065,0.056860004,0.08318,3.321928,-0.11361934
call4,rl,0.04504,0.044992466,0.02809,0.04504,3.0,-0.006894541
