X var,Y var,MIC (strength),MIC-p^2 (nonlinearity),MAS (non-monotonicity),MEV (functionality),MCN (complexity),Linear regression (p)
call4,rl,0.3361,0.24775696,0.11274001,0.31646,4.4594316,0.2972256
all,rl,0.26845,0.23141372,0.046249986,0.25282,4.4594316,0.19244808
mit,rl,0.23355,0.12984051,0.028240003,0.21021,4.4594316,0.32203957
all,call4,0.22542,0.20139281,0.021049999,0.20669,4.4594316,0.15500706
mit,all,0.2165,0.20672664,0.016770005,0.20049,4.4594316,0.09886027
mit,call4,0.21329,0.18054874,0.032850012,0.19289,4.4594316,0.18094547
