X var,Y var,MIC (strength),MIC-p^2 (nonlinearity),MAS (non-monotonicity),MEV (functionality),MCN (complexity),Linear regression (p)
mit,all,0.50397,0.20050734,0.049840003,0.50397,4.4594316,0.5508745
all,rl,0.40425,0.3815908,0.11392,0.40425,4.4594316,-0.1505297
mit,rl,0.32717,0.32715544,0.11175001,0.32717,4.4594316,-0.0038159764
call4,rl,0.14549,0.14299704,0.12719001,0.14549,4.169925,0.049929585
all,call4,0.14549,0.1324914,0.110360004,0.14549,3.807355,-0.11401145
mit,call4,0.14549,0.10986454,0.09206001,0.14549,4.169925,-0.1887471
