X var,Y var,MIC (strength),MIC-p^2 (nonlinearity),MAS (non-monotonicity),MEV (functionality),MCN (complexity),Linear regression (p)
all,rl,0.28957,0.19643566,0.047969997,0.28957,4.321928,0.3051792
all,call4,0.27315,0.22604975,0.09273,0.27315,4.321928,0.21702592
mit,all,0.24152,0.16750188,0.027019992,0.24152,4.321928,0.27206272
call4,rl,0.23921,0.13208564,0.016120002,0.23921,4.321928,0.32729858
mit,rl,0.21903,0.20583,0.016299993,0.21903,4.321928,0.11489127
mit,call4,0.21699,0.20745999,0.048180006,0.21699,4.321928,0.09762175
