X var,Y var,MIC (strength),MIC-p^2 (nonlinearity),MAS (non-monotonicity),MEV (functionality),MCN (complexity),Linear regression (p)
all,rl,0.29447,0.20262516,0.032460004,0.28305,4.807355,0.30305916
mit,rl,0.25293,0.2378185,0.041500002,0.2388,4.807355,-0.12292883
mit,all,0.2093,-0.13738765,0.021480002,0.19472,4.807355,0.58880186
all,call4,0.19093,0.18655393,0.15037,0.18358,4.807355,-0.06615191
call4,rl,0.15789,0.15675208,0.1349,0.15008,4.807355,-0.033733133
mit,call4,0.15635,0.15590632,0.13398,0.14809,4.807355,-0.02106367
