X var,Y var,MIC (strength),MIC-p^2 (nonlinearity),MAS (non-monotonicity),MEV (functionality),MCN (complexity),Linear regression (p)
mit,call4,0.24575,-0.08830349,0.042250007,0.2208,4.0,0.5779736
all,call4,0.24288,0.08169921,0.062800005,0.21341,4.0,0.40147328
call4,rl,0.24215,-0.0037358105,0.048949994,0.21301,4.0,0.49586874
mit,all,0.24171,-0.042720854,0.051779993,0.21938,4.0,0.5333206
mit,rl,0.23059,0.0022502095,0.028970003,0.20224,4.0,0.47784913
all,rl,0.20401,0.06725921,0.015899993,0.17675,4.0,0.3697983
