X var,Y var,MIC (strength),MIC-p^2 (nonlinearity),MAS (non-monotonicity),MEV (functionality),MCN (complexity),Linear regression (p)
call4,rl,0.28358,0.13556743,0.06637001,0.28358,4.4594316,0.38472402
mit,call4,0.21807,0.20487674,0.029399998,0.21807,4.4594316,0.11486193
mit,all,0.21644,0.18148753,0.04448001,0.21644,4.4594316,0.18695584
all,rl,0.20835,0.18614542,0.016570002,0.20835,4.4594316,0.149012
mit,rl,0.20591,0.19194141,0.019459993,0.20591,4.4594316,0.118188746
all,call4,0.18963,0.1728199,0.02409,0.18963,4.4594316,0.12965377
