X var,Y var,MIC (strength),MIC-p^2 (nonlinearity),MAS (non-monotonicity),MEV (functionality),MCN (complexity),Linear regression (p)
all,rl,0.51864,-0.04277414,0.071969986,0.50796,4.4594316,0.74927574
mit,all,0.43302,0.28325403,0.18451,0.41676,4.4594316,-0.38699606
mit,rl,0.40967,0.23047765,0.107219994,0.393,4.4594316,-0.42331117
call4,rl,0.25132,-0.09006801,0.055940002,0.24505,4.4594316,0.5842842
all,call4,0.24867,0.20340832,0.17501,0.23783,4.4594316,0.21274792
mit,call4,0.22413,0.18067506,0.1661,0.20381,4.4594316,-0.2084585
