X var,Y var,MIC (strength),MIC-p^2 (nonlinearity),MAS (non-monotonicity),MEV (functionality),MCN (complexity),Linear regression (p)
call4,rl,0.2831,0.21809581,0.08682001,0.26113,4.0,0.2549592
mit,call4,0.26494,0.22791347,0.039109997,0.24486,4.0,0.19242279
all,call4,0.26404,0.21992227,0.02239,0.23102,4.0,0.21004218
mit,rl,0.24767,0.24757709,0.054199994,0.23311,4.0,0.0096389325
mit,all,0.21173,0.20360495,0.038640007,0.17231,4.0,0.090139076
all,rl,0.20591,0.20382139,0.016440004,0.18063,4.0,0.04570127
