X var,Y var,MIC (strength),MIC-p^2 (nonlinearity),MAS (non-monotonicity),MEV (functionality),MCN (complexity),Linear regression (p)
call4,rl,0.35267,-0.09790164,0.069380015,0.34329,4.807355,0.67124635
all,call4,0.2546,0.2037772,0.0889,0.24516,4.807355,0.22543912
all,rl,0.23021,0.15506046,0.03896001,0.21512,4.807355,0.2741342
mit,rl,0.20937,0.20371217,0.019510001,0.1988,4.807355,0.07521858
mit,call4,0.19949,0.16659237,0.03752,0.19064,4.807355,0.18137701
mit,all,0.17627,0.15821818,0.00922,0.16548,4.807355,0.13435706
