X var,Y var,MIC (strength),MIC-p^2 (nonlinearity),MAS (non-monotonicity),MEV (functionality),MCN (complexity),Linear regression (p)
all,rl,0.33196,0.2717984,0.06002,0.31311,4.807355,0.2452786
mit,all,0.2287,0.1963532,0.024419993,0.21503,4.807355,0.17985217
mit,rl,0.19537,0.14629398,0.0154899955,0.18425,4.807355,-0.22153108
call4,rl,0.18997,0.18874323,0.13804,0.17507,4.807355,-0.035025142
all,call4,0.18461,0.18229613,0.12774,0.17328,4.807355,-0.048102714
mit,call4,0.16551,0.1626901,0.10282,0.15488,4.807355,-0.05310262
