X var,Y var,MIC (strength),MIC-p^2 (nonlinearity),MAS (non-monotonicity),MEV (functionality),MCN (complexity),Linear regression (p)
call4,rl,0.18949,-0.081019506,0.026009992,0.18917,4.807355,0.5201053
mit,call4,0.1341,0.117670685,0.052290007,0.13008,4.807355,0.1281769
all,rl,0.10341,0.06774837,0.033560004,0.10035,4.807355,0.18884288
mit,all,0.10091,0.09696851,0.0133799985,0.09675,4.807355,0.06278132
mit,rl,0.09422,0.09341969,0.033919998,0.08646,4.7548876,0.028289614
all,call4,0.09194,0.055097505,0.012309998,0.08841,4.807355,0.19194399
