X var,Y var,MIC (strength),MIC-p^2 (nonlinearity),MAS (non-monotonicity),MEV (functionality),MCN (complexity),Linear regression (p)
mit,all,0.3151,0.283798,0.08317001,0.28359,4.321928,0.17692369
call4,rl,0.25827,0.22226621,0.03091,0.24437,4.321928,0.18974663
mit,rl,0.23256,0.23253444,0.023100004,0.21035,4.321928,-0.0050557186
all,call4,0.22698,0.21163173,0.033430003,0.20918,4.321928,0.12388816
mit,call4,0.20792,0.1938034,0.03634,0.18499,4.321928,0.11881332
all,rl,0.20076,0.20060425,0.018790007,0.18271,4.321928,-0.012480756
