X var,Y var,MIC (strength),MIC-p^2 (nonlinearity),MAS (non-monotonicity),MEV (functionality),MCN (complexity),Linear regression (p)
all,call4,0.31248,0.24015516,0.060650006,0.29696,4.321928,0.2689328
all,rl,0.21493,0.19921336,0.027009994,0.19651,4.321928,0.12536603
mit,rl,0.20333,0.2021313,0.034430005,0.18842,4.321928,0.034622077
mit,all,0.18938,0.18930711,0.041820005,0.17451,4.321928,-0.008537515
call4,rl,0.16837,0.13225713,0.009709999,0.15299,4.321928,0.19003385
mit,call4,0.16512,0.16453426,0.050000004,0.15223,4.321928,0.024202198
