X var,Y var,MIC (strength),MIC-p^2 (nonlinearity),MAS (non-monotonicity),MEV (functionality),MCN (complexity),Linear regression (p)
call4,rl,0.28284,0.146949,0.07842001,0.28284,4.4594316,0.368634
mit,all,0.24275,0.20813179,0.027429998,0.24275,4.4594316,0.18605968
all,rl,0.22818,0.21169569,0.030490011,0.22818,4.4594316,0.1283913
mit,call4,0.2277,0.21468613,0.036599994,0.2277,4.4594316,0.11407835
mit,rl,0.21199,0.19255832,0.014280006,0.21199,4.4594316,0.13939759
all,call4,0.19306,0.17884013,0.025530003,0.19306,4.4594316,0.1192471
