X var,Y var,MIC (strength),MIC-p^2 (nonlinearity),MAS (non-monotonicity),MEV (functionality),MCN (complexity),Linear regression (p)
mit,all,0.32377,0.29632244,0.07325998,0.31058,4.321928,0.16567302
all,call4,0.22671,0.18169755,0.06349,0.20381,4.321928,0.21216139
mit,rl,0.22162,0.21645148,0.015390001,0.19959,4.321928,0.07189238
call4,rl,0.22146,0.18531157,0.014929995,0.2075,4.321928,0.1901274
all,rl,0.21976,0.21564992,0.024360001,0.20612,4.321928,0.064109914
mit,call4,0.19533,0.1720301,0.024980005,0.17749,4.321928,0.15264302
