X var,Y var,MIC (strength),MIC-p^2 (nonlinearity),MAS (non-monotonicity),MEV (functionality),MCN (complexity),Linear regression (p)
call4,rl,0.24209,0.07706912,0.023929998,0.23044,4.807355,0.40622762
all,rl,0.22533,0.15192121,0.02398999,0.21443,4.807355,0.27094054
all,call4,0.19945,0.15179405,0.036380008,0.18838,4.807355,0.21830243
mit,rl,0.19688,0.15552934,0.03716001,0.18632,4.807355,0.20334862
mit,all,0.18163,0.14201224,0.008960001,0.17243,4.807355,0.19904211
mit,call4,0.17701,0.1467694,0.05358,0.16641,4.807355,0.17389823
