X var,Y var,MIC (strength),MIC-p^2 (nonlinearity),MAS (non-monotonicity),MEV (functionality),MCN (complexity),Linear regression (p)
mit,rl,0.26348,0.25304985,0.058800012,0.26348,4.4594316,0.10212809
call4,rl,0.24479,0.21502025,0.034600005,0.24479,4.4594316,0.17253911
all,rl,0.24047,0.23724902,0.06084001,0.24047,4.4594316,0.05675372
mit,all,0.23862,0.22680065,0.021619998,0.23862,4.4594316,0.108716846
all,call4,0.19839,0.1975065,0.014410004,0.19839,4.4594316,0.029723888
mit,call4,0.16316,0.15937823,0.021699995,0.16316,4.4594316,0.061496016
