X var,Y var,MIC (strength),MIC-p^2 (nonlinearity),MAS (non-monotonicity),MEV (functionality),MCN (complexity),Linear regression (p)
all,rl,0.34648,0.11157805,0.07044999,0.33154,4.807355,0.48466685
mit,rl,0.24145,0.22158249,0.028840002,0.22863,4.807355,0.14095215
mit,all,0.22682,0.12584977,0.013280004,0.2174,4.807355,-0.31775814
all,call4,0.19725,0.19724862,0.16835,0.17756,4.807355,-0.0011684599
call4,rl,0.17554,0.16172653,0.1409,0.16286,4.807355,-0.11753073
mit,call4,0.1671,0.1651647,0.13798,0.15471,4.807355,-0.043992016
