X var,Y var,MIC (strength),MIC-p^2 (nonlinearity),MAS (non-monotonicity),MEV (functionality),MCN (complexity),Linear regression (p)
mit,call4,0.30595,0.2678717,0.10523999,0.27024,4.0,0.19513656
call4,rl,0.28741,0.11721881,0.09349999,0.26641,4.0,0.41254234
all,call4,0.23891,0.14218494,0.044310004,0.22232,4.0,0.31100652
mit,rl,0.23308,0.21045598,0.10457,0.20611,4.0,0.1504128
mit,all,0.20938,0.14570439,0.040000007,0.19257,4.0,0.25234026
all,rl,0.20832,0.1750298,0.07966001,0.18105,4.0,0.18245603
