X var,Y var,MIC (strength),MIC-p^2 (nonlinearity),MAS (non-monotonicity),MEV (functionality),MCN (complexity),Linear regression (p)
call4,rl,0.30038,-0.068176955,0.028150007,0.28996,4.807355,0.6070889
all,call4,0.22995,0.16052872,0.04297,0.2179,4.807355,0.26347917
all,rl,0.22527,0.1545065,0.03795,0.21455,4.807355,0.2660141
mit,call4,0.2094,0.17908578,0.034050003,0.19726,4.807355,0.17410982
mit,rl,0.20484,0.20013729,0.055670008,0.19616,4.807355,0.06857641
mit,all,0.20166,0.19584015,0.041989997,0.18964,4.807355,0.076288
