X var,Y var,MIC (strength),MIC-p^2 (nonlinearity),MAS (non-monotonicity),MEV (functionality),MCN (complexity),Linear regression (p)
all,rl,0.42213,0.004612714,0.07165998,0.42213,4.321928,0.6461558
mit,all,0.35584,0.2982912,0.11754,0.35584,4.321928,-0.23989332
mit,rl,0.34736,0.314957,0.13825999,0.34736,4.321928,-0.18000828
mit,call4,0.22519,0.15283857,0.10792,0.22519,4.321928,-0.2689822
call4,rl,0.21325,0.15952605,0.07859999,0.21325,4.321928,0.23178427
all,call4,0.19567,0.1955164,0.13394,0.19567,4.321928,0.012393335
