X var,Y var,MIC (strength),MIC-p^2 (nonlinearity),MAS (non-monotonicity),MEV (functionality),MCN (complexity),Linear regression (p)
call4,rl,0.33912,0.1979359,0.053509995,0.3235,4.321928,0.37574473
mit,call4,0.30699,0.30282456,0.15402,0.28263,4.321928,0.064540274
all,call4,0.24202,0.23622687,0.05116999,0.22574,4.321928,0.0761126
mit,rl,0.23766,0.18331197,0.030670002,0.22209,4.321928,0.23312667
mit,all,0.22855,0.21609336,0.043119997,0.21052,4.321928,0.11160934
all,rl,0.2099,0.20905368,0.04844001,0.19502,4.321928,0.029091697
