X var,Y var,MIC (strength),MIC-p^2 (nonlinearity),MAS (non-monotonicity),MEV (functionality),MCN (complexity),Linear regression (p)
all,rl,0.33575,0.02656132,0.034949988,0.33508,4.4594316,0.5560474
mit,all,0.30083,0.2696535,0.019760013,0.27969,4.4594316,0.17656867
call4,rl,0.30078,0.08489284,0.13583,0.28885,4.4594316,0.4646366
mit,rl,0.29749,0.20574707,0.047639996,0.28574,4.4594316,0.30289096
mit,call4,0.25966,0.22314273,0.18965,0.24359,4.4594316,0.19109493
all,call4,0.21226,0.11653883,0.11328999,0.20116,4.4594316,0.30938837
