X var,Y var,MIC (strength),MIC-p^2 (nonlinearity),MAS (non-monotonicity),MEV (functionality),MCN (complexity),Linear regression (p)
all,rl,0.32716,-0.08390981,0.019279987,0.31182,4.4594316,0.64114726
all,call4,0.26906,0.18138048,0.14760998,0.25558,4.4594316,0.29610726
mit,all,0.23668,0.13999408,0.05606,0.22531,4.4594316,-0.3109436
call4,rl,0.21495,-0.10668668,0.04964,0.20161,4.4594316,0.5671302
mit,call4,0.21445,0.21146639,0.14587,0.1988,4.4594316,-0.054622494
mit,rl,0.20393,0.19308935,0.034920007,0.18326,4.4594316,-0.10411844
