X var,Y var,MIC (strength),MIC-p^2 (nonlinearity),MAS (non-monotonicity),MEV (functionality),MCN (complexity),Linear regression (p)
call4,rl,0.30559,0.17636926,0.052700013,0.2934,4.807355,0.35947287
all,rl,0.2285,0.15977766,0.029139996,0.21573,4.807355,0.26214945
all,call4,0.22437,0.18814382,0.047530003,0.2131,4.807355,0.19033177
mit,all,0.21729,0.18649814,0.029459998,0.20549,4.807355,0.1754761
mit,rl,0.20825,0.17243455,0.010690004,0.19861,4.807355,0.1892497
mit,call4,0.20463,0.17613997,0.0147899985,0.19592,4.807355,0.16878994
