X var,Y var,MIC (strength),MIC-p^2 (nonlinearity),MAS (non-monotonicity),MEV (functionality),MCN (complexity),Linear regression (p)
call4,rl,0.3591,0.122932225,0.066440016,0.33555,4.321928,0.48597097
mit,all,0.24747,0.152678,0.044189997,0.2251,4.321928,0.3078831
mit,rl,0.23275,0.17642024,0.01737,0.21119,4.321928,0.23733892
all,call4,0.23185,0.20413925,0.029599994,0.21337,4.321928,0.16646545
all,rl,0.22532,0.19265476,0.050809994,0.20551,4.321928,0.18073525
mit,call4,0.21797,0.19856524,0.041470006,0.19835,4.321928,0.13930096
