X var,Y var,MIC (strength),MIC-p^2 (nonlinearity),MAS (non-monotonicity),MEV (functionality),MCN (complexity),Linear regression (p)
call4,rl,0.3168,-0.1831671,0.046279997,0.30333,4.807355,0.7070835
all,rl,0.26981,0.0056762993,0.07092999,0.25167,4.807355,0.5139394
mit,rl,0.22195,-0.15883034,0.027759999,0.2132,4.807355,0.617074
all,call4,0.21701,-0.0989352,0.018560007,0.20532,4.807355,0.56209004
mit,call4,0.21029,-0.21919866,0.045430005,0.19589,4.807355,0.65535384
mit,all,0.18938,-0.23736028,0.022650003,0.1766,4.807355,0.6532536
