X var,Y var,MIC (strength),MIC-p^2 (nonlinearity),MAS (non-monotonicity),MEV (functionality),MCN (complexity),Linear regression (p)
call4,rl,0.29248,0.15261528,0.047120005,0.27992,4.807355,0.3739849
all,rl,0.23287,0.15604675,0.025450006,0.2212,4.807355,0.2771701
mit,rl,0.22599,0.18963596,0.041480005,0.21426,4.807355,0.19066735
mit,call4,0.21569,0.13274966,0.01049,0.20306,4.807355,0.28799364
mit,all,0.21304,0.16480896,0.043819994,0.20257,4.807355,0.21961567
all,call4,0.20343,0.16734052,0.024310004,0.19041,4.807355,0.1899723
