X var,Y var,MIC (strength),MIC-p^2 (nonlinearity),MAS (non-monotonicity),MEV (functionality),MCN (complexity),Linear regression (p)
call4,rl,0.29143,-0.19528306,0.021990001,0.27418,4.807355,0.6976482
all,rl,0.24575,-0.059503093,0.033319995,0.23376,4.807355,0.55249715
mit,rl,0.21615,-0.15622537,0.01922001,0.20303,4.807355,0.6102257
mit,all,0.20633,-0.10986224,0.011460006,0.19129,4.807355,0.56230974
mit,call4,0.20192,-0.1083819,0.034280002,0.18894,4.807355,0.5570475
all,call4,0.19457,-0.07024345,0.009779997,0.18334,4.807355,0.5146003
