X var,Y var,MIC (strength),MIC-p^2 (nonlinearity),MAS (non-monotonicity),MEV (functionality),MCN (complexity),Linear regression (p)
all,rl,0.39624,0.037415743,0.093490005,0.38314,4.807355,0.5990194
all,call4,0.28327,0.24542448,0.19240999,0.27124,4.807355,-0.19453926
mit,rl,0.22494,0.20576012,0.01968,0.21394,4.807355,0.13849144
mit,call4,0.22415,0.21041928,0.15704,0.21169,4.807355,-0.11717818
call4,rl,0.21727,0.15473476,0.13614,0.20903,4.807355,-0.25007045
mit,all,0.17908,0.12763254,0.01805,0.16905,4.807355,-0.2268203
