X var,Y var,MIC (strength),MIC-p^2 (nonlinearity),MAS (non-monotonicity),MEV (functionality),MCN (complexity),Linear regression (p)
call4,rl,0.38153,0.3417524,0.07288998,0.36523,4.4594316,0.19944313
mit,rl,0.24258,0.14057046,0.014240004,0.22397,4.4594316,0.3193893
mit,call4,0.24161,0.22441983,0.053880006,0.22079,4.4594316,0.13111128
all,rl,0.22248,0.21325913,0.036140002,0.2061,4.4594316,0.096025325
all,call4,0.21882,0.21488114,0.019170001,0.19838,4.4594316,0.062760375
mit,all,0.19612,0.19182642,0.016449999,0.18241,4.4594316,0.06552536
