X var,Y var,MIC (strength),MIC-p^2 (nonlinearity),MAS (non-monotonicity),MEV (functionality),MCN (complexity),Linear regression (p)
call4,rl,0.25961,0.2142337,0.04218,0.25961,4.4594316,0.21301714
all,rl,0.23749,0.2346965,0.061749995,0.23749,4.4594316,0.052853663
mit,rl,0.23407,0.22095935,0.01748,0.23407,4.4594316,0.11450178
mit,all,0.21856,0.20592122,0.028750002,0.21856,4.4594316,0.11242233
mit,call4,0.21688,0.2083806,0.015819997,0.21688,4.4594316,0.09219219
all,call4,0.19541,0.19269212,0.015759997,0.19541,4.4594316,0.052133296
