X var,Y var,MIC (strength),MIC-p^2 (nonlinearity),MAS (non-monotonicity),MEV (functionality),MCN (complexity),Linear regression (p)
call4,rl,0.28267,-0.04908058,0.03908001,0.27213,4.807355,0.5759779
all,rl,0.24658,0.18763661,0.057439998,0.23663,4.807355,0.2427826
mit,rl,0.18936,0.18576385,0.016149998,0.18046,4.807355,0.059967846
all,call4,0.1884,0.12099883,0.0244,0.17905,4.807355,0.25961736
mit,call4,0.1842,0.16378054,0.039320003,0.1722,4.807355,0.1428967
mit,all,0.17483,0.17099872,0.021940008,0.16597,4.807355,0.061897323
