X var,Y var,MIC (strength),MIC-p^2 (nonlinearity),MAS (non-monotonicity),MEV (functionality),MCN (complexity),Linear regression (p)
call4,rl,0.24978,0.21744388,0.02792,0.24978,4.4594316,0.17982246
mit,rl,0.21796,0.21177323,0.043510005,0.21796,4.4594316,0.07865605
mit,all,0.21722,0.212921,0.04243,0.21722,4.4594316,0.06556671
mit,call4,0.21334,0.21313456,0.04394999,0.21334,4.4594316,0.014333437
all,rl,0.20453,0.1974367,0.025909998,0.20453,4.4594316,0.08422174
all,call4,0.19651,0.19594587,0.018859997,0.19651,4.4594316,0.023751456
