X var,Y var,MIC (strength),MIC-p^2 (nonlinearity),MAS (non-monotonicity),MEV (functionality),MCN (complexity),Linear regression (p)
call4,rl,0.29989,0.22878698,0.042439997,0.29989,4.321928,0.2666515
all,rl,0.26667,0.22386056,0.019440003,0.26667,4.321928,0.20690441
mit,all,0.24832,0.20646316,0.016790003,0.24832,4.321928,0.20458943
all,call4,0.22229,0.19180425,0.03674,0.22229,4.321928,0.17460167
mit,call4,0.21776,0.21770872,0.04965,0.21776,4.321928,0.0071604834
mit,rl,0.19665,0.19545399,0.024049997,0.19665,4.321928,0.0345835
