X var,Y var,MIC (strength),MIC-p^2 (nonlinearity),MAS (non-monotonicity),MEV (functionality),MCN (complexity),Linear regression (p)
mit,rl,0.26194,-0.039099544,0.09689,0.26194,4.4594316,0.5486707
call4,rl,0.25499,-0.11118719,0.05143,0.25499,4.4594316,0.6051258
mit,call4,0.23526,-0.13493545,0.030859992,0.23526,4.4594316,0.6084369
all,rl,0.22576,0.0017424375,0.024100006,0.22576,4.4594316,0.47330493
mit,all,0.21932,-0.19137523,0.050699994,0.21932,4.4594316,0.6408551
all,call4,0.20524,-0.041228563,0.031619996,0.20524,4.4594316,0.496456
