X var,Y var,MIC (strength),MIC-p^2 (nonlinearity),MAS (non-monotonicity),MEV (functionality),MCN (complexity),Linear regression (p)
all,rl,0.3688,0.09397867,0.080630004,0.36837,4.4594316,0.52423406
call4,rl,0.33237,-0.1173062,0.10359998,0.33237,4.169925,0.670579
mit,call4,0.22172,0.22171696,0.14003,0.20274,4.4594316,-0.0017445
all,call4,0.22134,0.1128256,0.049359992,0.22134,4.321928,0.32941523
mit,all,0.21741,0.0668951,0.013099998,0.20312,4.4594316,-0.3879625
mit,rl,0.21627,0.1992562,0.08879,0.19936,4.4594316,-0.13043697
