X var,Y var,MIC (strength),MIC-p^2 (nonlinearity),MAS (non-monotonicity),MEV (functionality),MCN (complexity),Linear regression (p)
call4,rl,0.36464,0.17386179,0.035890013,0.34894,4.4594316,0.43678164
mit,all,0.2788,0.22560877,0.050899997,0.26016,4.4594316,0.23063228
mit,rl,0.25149,0.1544482,0.03812,0.22991,4.4594316,0.31151533
all,rl,0.23761,0.1974198,0.03243999,0.21703,4.4594316,0.2004749
mit,call4,0.23454,0.20596614,0.05682999,0.22544,4.4594316,0.16903801
all,call4,0.18693,0.1471033,0.013939999,0.16718,4.4594316,0.19956629
