X var,Y var,MIC (strength),MIC-p^2 (nonlinearity),MAS (non-monotonicity),MEV (functionality),MCN (complexity),Linear regression (p)
all,rl,0.20427,0.14254269,0.06142001,0.19283,4.321928,0.24844982
call4,rl,0.19496,0.14209662,0.03916,0.18264,4.321928,0.22992037
mit,rl,0.19265,0.1922945,0.03758,0.16854,4.321928,0.018855063
all,call4,0.19236,0.115883544,0.040309995,0.1757,4.321928,0.27654377
mit,call4,0.16497,0.14268956,0.027420003,0.14731,4.321928,0.14926632
mit,all,0.1548,0.14920509,0.05174,0.14711,4.321928,0.074799076
