X var,Y var,MIC (strength),MIC-p^2 (nonlinearity),MAS (non-monotonicity),MEV (functionality),MCN (complexity),Linear regression (p)
call4,rl,0.36457,-0.12621638,0.06343,0.35479,4.807355,0.70056146
all,rl,0.24254,0.16634998,0.045819998,0.22847,4.807355,0.2760254
mit,call4,0.23779,0.20378937,0.026789993,0.22416,4.807355,0.18439262
all,call4,0.23757,0.1773809,0.017780006,0.22517,4.807355,0.24533467
mit,rl,0.19836,0.19494307,0.024690002,0.1874,4.807355,0.058454458
mit,all,0.18656,0.1792351,0.023670003,0.17318,4.807355,0.08558568
