X var,Y var,MIC (strength),MIC-p^2 (nonlinearity),MAS (non-monotonicity),MEV (functionality),MCN (complexity),Linear regression (p)
all,rl,0.26519,0.18492308,0.043259993,0.24618,4.321928,0.28331417
call4,rl,0.25436,0.18201551,0.04015,0.23701,4.321928,0.2689693
mit,rl,0.24989,0.24130672,0.07962,0.22826,4.321928,0.092645995
mit,call4,0.24275,0.2184334,0.056810006,0.21908,4.321928,0.15593782
all,call4,0.22914,0.14204887,0.03305,0.20986,4.321928,0.29511207
mit,all,0.20723,0.17112921,0.03564,0.1888,4.321928,0.19000208
