X var,Y var,MIC (strength),MIC-p^2 (nonlinearity),MAS (non-monotonicity),MEV (functionality),MCN (complexity),Linear regression (p)
mit,rl,0.32529,0.2902041,0.09891999,0.29182,4.321928,-0.18731229
mit,all,0.27373,0.25612813,0.017409995,0.24862,4.321928,-0.13267212
all,rl,0.26679,0.2372161,0.027270004,0.2495,4.321928,0.17197065
