X var,Y var,MIC (strength),MIC-p^2 (nonlinearity),MAS (non-monotonicity),MEV (functionality),MCN (complexity),Linear regression (p)
call4,rl,0.35967,-0.020251393,0.037170023,0.34744,4.807355,0.61637765
mit,rl,0.22728,0.20329294,0.03535001,0.21091,4.807355,0.15487757
all,rl,0.20704,0.12453782,0.025309995,0.19723,4.807355,0.28723192
all,call4,0.19619,0.13649677,0.018520001,0.18355,4.807355,0.24432199
mit,call4,0.18701,0.14685377,0.018849999,0.17532,4.807355,0.20039019
mit,all,0.1813,0.13863741,0.011300005,0.16842,4.807355,0.20654926
