X var,Y var,MIC (strength),MIC-p^2 (nonlinearity),MAS (non-monotonicity),MEV (functionality),MCN (complexity),Linear regression (p)
all,call4,0.27277,0.18861234,0.07825999,0.25511,4.321928,0.29009938
mit,all,0.25863,0.17047073,0.026350006,0.2357,4.321928,0.29691628
call4,rl,0.25541,0.23552407,0.05193998,0.22758,4.321928,0.14101742
mit,rl,0.25466,0.2489027,0.037589997,0.23869,4.321928,0.07587701
all,rl,0.24882,0.21707767,0.031749994,0.22793,4.321928,0.17816378
mit,call4,0.22031,0.20707189,0.008680001,0.20597,4.321928,0.115057014
