X var,Y var,MIC (strength),MIC-p^2 (nonlinearity),MAS (non-monotonicity),MEV (functionality),MCN (complexity),Linear regression (p)
call4,rl,0.3272,0.14876273,0.092439994,0.30512,4.0,0.42241836
all,call4,0.29854,0.23319,0.08666,0.2705,4.0,0.25563645
mit,call4,0.27593,0.20765054,0.037940003,0.24668,4.0,0.26130337
mit,rl,0.24857,0.21138401,0.032449998,0.22182,4.0,0.19283667
all,rl,0.23978,0.21052036,0.0335,0.2109,4.0,0.1710545
mit,all,0.18952,0.15722054,0.02455999,0.16161,4.0,0.17972049
