X var,Y var,MIC (strength),MIC-p^2 (nonlinearity),MAS (non-monotonicity),MEV (functionality),MCN (complexity),Linear regression (p)
call4,rl,0.28791,0.19377947,0.028300017,0.26599,4.4594316,0.306807
mit,rl,0.27095,0.14803222,0.05693999,0.25464,4.4594316,0.3505963
all,rl,0.26198,0.23359025,0.04384999,0.24728,4.4594316,0.16849257
all,call4,0.22702,0.19580725,0.016440004,0.20889,4.4594316,0.17667128
mit,all,0.2233,0.2132668,0.04852,0.20301,4.4594316,0.1001658
mit,call4,0.19614,0.16716062,0.016429998,0.17663,4.4594316,0.17023332
