X var,Y var,MIC (strength),MIC-p^2 (nonlinearity),MAS (non-monotonicity),MEV (functionality),MCN (complexity),Linear regression (p)
mit,all,0.52932,0.2892362,0.13944,0.52932,4.4594316,0.4899835
all,rl,0.5008,0.3936519,0.035050005,0.5008,4.4594316,-0.32733488
mit,rl,0.27963,0.2795337,0.09729999,0.27963,4.4594316,-0.00981322
all,call4,0.14549,0.1366215,0.11984,0.14549,3.807355,-0.09417274
mit,call4,0.14549,0.1260195,0.109850004,0.14549,4.169925,-0.13953678
call4,rl,0.10735,0.10401195,0.09785,0.10735,4.0,0.05777584
