X var,Y var,MIC (strength),MIC-p^2 (nonlinearity),MAS (non-monotonicity),MEV (functionality),MCN (complexity),Linear regression (p)
call4,rl,0.23685,-0.045594722,0.03317,0.22557,4.807355,0.5314553
all,rl,0.21096,0.028382167,0.042490005,0.20081,4.807355,0.42729127
mit,call4,0.20473,-0.0064507127,0.03587,0.19121,4.807355,0.45954403
all,call4,0.19594,0.049864456,0.03941,0.18488,4.807355,0.3821983
mit,rl,0.18784,-0.055476308,0.026780002,0.17715,4.807355,0.49327102
mit,all,0.18667,-0.038157597,0.013939999,0.17457,4.807355,0.4741599
