X var,Y var,MIC (strength),MIC-p^2 (nonlinearity),MAS (non-monotonicity),MEV (functionality),MCN (complexity),Linear regression (p)
call4,rl,0.37265,-0.11455694,0.045520008,0.35803,4.807355,0.6980021
all,call4,0.23228,0.18114841,0.047000006,0.21946,4.807355,0.22612295
mit,all,0.23192,0.21580209,0.050970003,0.21855,4.807355,0.12695636
all,rl,0.22727,0.15015408,0.03226,0.21441,4.807355,0.27769753
mit,rl,0.20729,0.20365185,0.021840006,0.19378,4.807355,0.060317002
mit,call4,0.1733,0.13710645,0.0146099925,0.16256,4.807355,0.19024605
