X var,Y var,MIC (strength),MIC-p^2 (nonlinearity),MAS (non-monotonicity),MEV (functionality),MCN (complexity),Linear regression (p)
call4,rl,0.26095,0.2470463,0.06351,0.24388,4.4594316,0.1179139
mit,all,0.22651,0.22642852,0.07389,0.20822,4.4594316,0.009026466
all,call4,0.21952,0.21837981,0.060389996,0.20074,4.4594316,0.033766694
mit,rl,0.2045,0.05960171,0.024550006,0.19221,4.4594316,0.38065508
mit,call4,0.19412,0.1649217,0.0625,0.18029,4.4594316,0.1708751
all,rl,0.18857,0.17581205,0.04509999,0.17834,4.4594316,0.11295104
