X var,Y var,MIC (strength),MIC-p^2 (nonlinearity),MAS (non-monotonicity),MEV (functionality),MCN (complexity),Linear regression (p)
all,rl,0.51341,-0.06660128,0.10714996,0.50126,4.807355,0.7615847
mit,rl,0.36212,0.24923792,0.053660005,0.34839,4.807355,-0.33597928
all,call4,0.24372,0.19079813,0.05539,0.23014,4.807355,-0.23004754
mit,call4,0.22975,0.19535667,0.13387,0.21806,4.807355,-0.18545443
mit,all,0.20742,0.20726009,0.015130002,0.19686,4.807355,-0.012645758
call4,rl,0.18355,0.15912487,0.06258,0.1702,4.807355,-0.15628543
