X var,Y var,MIC (strength),MIC-p^2 (nonlinearity),MAS (non-monotonicity),MEV (functionality),MCN (complexity),Linear regression (p)
call4,rl,0.37061,-0.045693994,0.07368001,0.35717,4.807355,0.6452162
all,rl,0.23642,0.15952946,0.03198999,0.22691,4.807355,0.27729145
all,call4,0.23154,0.1692361,0.022239998,0.218,4.807355,0.2496075
mit,all,0.20706,0.19250874,0.022080004,0.19382,4.807355,0.12062855
mit,rl,0.20428,0.18889742,0.033529997,0.18908,4.807355,0.12402656
mit,call4,0.1994,0.15342543,0.026899993,0.1873,4.807355,0.21441679
