X var,Y var,MIC (strength),MIC-p^2 (nonlinearity),MAS (non-monotonicity),MEV (functionality),MCN (complexity),Linear regression (p)
call4,rl,0.21015,-0.0316841,0.032390006,0.21015,4.4594316,0.4917663
mit,call4,0.20093,-0.03493388,0.040340006,0.20093,4.4594316,0.4856582
mit,rl,0.19622,0.039639324,0.03945999,0.19622,4.4594316,0.39570275
mit,all,0.19474,0.024204195,0.016619995,0.19474,4.4594316,0.4129598
all,rl,0.19117,0.03773594,0.061440006,0.19117,4.4594316,0.39170662
all,call4,0.17447,0.044505566,0.02375,0.17447,4.4594316,0.36050582
