X var,Y var,MIC (strength),MIC-p^2 (nonlinearity),MAS (non-monotonicity),MEV (functionality),MCN (complexity),Linear regression (p)
call4,rl,0.34061,-0.10053566,0.059080005,0.329,4.807355,0.66418797
all,rl,0.22372,0.15102482,0.032960005,0.21413,4.807355,0.26962045
all,call4,0.22242,0.16518213,0.021069996,0.2093,4.807355,0.2392444
mit,call4,0.18511,0.14246199,0.0121200085,0.17459,4.807355,0.20651397
mit,rl,0.17794,0.16778673,0.013819993,0.16626,4.807355,0.100763395
mit,all,0.16273,0.14816037,0.011220001,0.15048,4.807355,0.120704696
