X var,Y var,MIC (strength),MIC-p^2 (nonlinearity),MAS (non-monotonicity),MEV (functionality),MCN (complexity),Linear regression (p)
mit,all,0.62801,0.17464551,0.03470999,0.62801,4.4594316,0.67332345
all,rl,0.38734,0.24509269,0.04024002,0.38734,4.4594316,-0.37715688
mit,rl,0.36124,0.33556452,0.123980016,0.36124,4.4594316,-0.16023567
all,call4,0.2551,0.20628145,0.114620015,0.2551,4.4594316,-0.2209492
mit,call4,0.25321,0.13250503,0.16452001,0.25321,4.4594316,-0.34742624
call4,rl,0.16705,0.16567555,0.15212001,0.16705,4.4594316,0.037073635
