X var,Y var,MIC (strength),MIC-p^2 (nonlinearity),MAS (non-monotonicity),MEV (functionality),MCN (complexity),Linear regression (p)
call4,rl,0.306,0.13181968,0.04385999,0.29365,4.807355,0.41734916
all,rl,0.2353,0.17059718,0.021720007,0.22336,4.807355,0.2543675
mit,rl,0.23489,0.19184501,0.01848,0.22472,4.807355,0.20747285
mit,call4,0.21758,0.15243328,0.01396,0.20508,4.807355,0.2552386
all,call4,0.20339,0.17791894,0.019230008,0.19122,4.807355,0.15959655
mit,all,0.19427,0.1740418,0.018259995,0.18241,4.807355,0.1422259
