X var,Y var,MIC (strength),MIC-p^2 (nonlinearity),MAS (non-monotonicity),MEV (functionality),MCN (complexity),Linear regression (p)
all,rl,0.37345,0.08026576,0.109430015,0.36201,4.807355,0.5414649
mit,rl,0.27197,0.24283534,0.02734001,0.25829,4.807355,-0.17068876
mit,call4,0.27017,0.22091362,0.15378001,0.25939,4.807355,-0.2219378
mit,all,0.22616,0.21068846,0.058119997,0.21428,4.807355,-0.12438469
all,call4,0.19432,0.16450965,0.07333999,0.18489,4.807355,-0.1726567
call4,rl,0.15867,0.13278659,0.034050003,0.14878,4.807355,-0.1608832
