X var,Y var,MIC (strength),MIC-p^2 (nonlinearity),MAS (non-monotonicity),MEV (functionality),MCN (complexity),Linear regression (p)
all,rl,0.51505,0.5150222,0.09127,0.51505,4.4594316,0.005272395
mit,all,0.32958,0.31578976,0.07639,0.32958,4.4594316,0.11743189
mit,rl,0.19038,0.18723053,0.0123,0.19038,4.4594316,-0.056120273
all,call4,0.17516,0.17512612,0.1412,0.17516,4.4594316,-0.0058216625
mit,call4,0.17509,0.15743846,0.12488,0.17509,4.4594316,-0.13285913
call4,rl,0.15146,0.15136227,0.10117,0.15146,4.4594316,0.009886191
