X var,Y var,MIC (strength),MIC-p^2 (nonlinearity),MAS (non-monotonicity),MEV (functionality),MCN (complexity),Linear regression (p)
call4,rl,0.28048,-0.15878144,0.02764,0.28048,4.321928,0.662768
all,rl,0.26292,-0.09105128,0.049459994,0.26292,4.321928,0.59495485
mit,rl,0.24804,-0.04432045,0.027090013,0.24804,4.321928,0.54070365
mit,call4,0.21562,-0.051291898,0.014660001,0.21562,4.321928,0.5166352
all,call4,0.21138,-0.056000173,0.044840008,0.21138,4.321928,0.5170882
mit,all,0.20276,-0.16177212,0.020660006,0.20276,4.321928,0.60376495
