X var,Y var,MIC (strength),MIC-p^2 (nonlinearity),MAS (non-monotonicity),MEV (functionality),MCN (complexity),Linear regression (p)
all,rl,0.26753,-0.11128828,0.060599998,0.26753,4.321928,0.61548215
call4,rl,0.26651,-0.17184353,0.034609996,0.26651,4.321928,0.66208273
mit,rl,0.23276,-0.06843223,0.040030003,0.23276,4.321928,0.5488098
mit,call4,0.21821,-0.07716192,0.03023,0.21821,4.321928,0.5434813
mit,all,0.20969,-0.14172256,0.029760003,0.20969,4.321928,0.5928006
all,call4,0.19214,-0.10444151,0.024820007,0.19214,4.321928,0.544593
