X var,Y var,MIC (strength),MIC-p^2 (nonlinearity),MAS (non-monotonicity),MEV (functionality),MCN (complexity),Linear regression (p)
all,rl,0.43494,-0.10324779,0.030089974,0.42303,4.807355,0.73361284
call4,rl,0.40589,0.050004303,0.107549995,0.39905,4.807355,0.59656155
all,call4,0.36813,0.1745199,0.13787,0.35617,4.807355,0.44001147
mit,rl,0.26205,0.2538349,0.10118,0.25087,4.807355,-0.090637155
mit,call4,0.23633,0.21396284,0.16905999,0.22245,4.807355,-0.14955658
mit,all,0.21234,0.19790749,0.02696,0.2005,4.807355,0.12013538
