X var,Y var,MIC (strength),MIC-p^2 (nonlinearity),MAS (non-monotonicity),MEV (functionality),MCN (complexity),Linear regression (p)
call4,rl,0.30599,0.17224632,0.06387001,0.29368,4.807355,0.36570984
mit,call4,0.24482,0.22550653,0.042940006,0.22936,4.807355,0.13897291
all,rl,0.24128,0.18187284,0.024689995,0.22829,4.807355,0.24373585
mit,all,0.20028,0.17787006,0.014080003,0.18841,4.807355,0.14969946
mit,rl,0.19792,0.16928822,0.024209991,0.18584,4.807355,0.16920926
all,call4,0.18564,0.14586481,0.010960005,0.17627,4.807355,0.1994372
