X var,Y var,MIC (strength),MIC-p^2 (nonlinearity),MAS (non-monotonicity),MEV (functionality),MCN (complexity),Linear regression (p)
call4,rl,0.27451,0.24290934,0.022330001,0.25374,4.321928,0.17776573
mit,call4,0.25269,0.24134314,0.030940004,0.22849,4.321928,0.10652158
all,rl,0.24379,0.19417347,0.03634,0.21814,4.321928,0.22274768
mit,rl,0.23194,0.22530702,0.046450004,0.212,4.321928,0.081443176
mit,all,0.22331,0.14840111,0.021630004,0.20626,4.321928,0.27369487
all,call4,0.20848,0.08728902,0.03132,0.19115,4.321928,0.34812495
