X var,Y var,MIC (strength),MIC-p^2 (nonlinearity),MAS (non-monotonicity),MEV (functionality),MCN (complexity),Linear regression (p)
all,rl,0.28767,0.24478835,0.07469,0.27273,4.321928,0.2070788
mit,call4,0.26243,0.25959218,0.03942001,0.24283,4.321928,0.053271454
all,call4,0.26188,0.18064481,0.019639999,0.24266,4.321928,0.28501788
call4,rl,0.25751,0.24565274,0.040370002,0.23907,4.321928,0.10889111
mit,all,0.24478,0.19479723,0.036889993,0.22612,4.321928,0.22356828
mit,rl,0.23851,0.23555784,0.032849997,0.21271,4.321928,0.05433374
