X var,Y var,MIC (strength),MIC-p^2 (nonlinearity),MAS (non-monotonicity),MEV (functionality),MCN (complexity),Linear regression (p)
all,rl,0.29068,0.02785486,0.09651001,0.28209,4.807355,0.51266474
mit,rl,0.24182,0.19402887,0.15043999,0.23053,4.807355,-0.21861182
mit,all,0.23292,0.23005304,0.07535,0.21693,4.807355,-0.053544145
mit,call4,0.08998,0.08827009,0.07473,0.08998,3.807355,0.04135103
all,call4,0.08237,-0.19121169,0.05681,0.08237,3.5849626,0.52305037
call4,rl,0.03846,-0.0057839826,0.020460002,0.03846,3.5849626,0.21034254
