X var,Y var,MIC (strength),MIC-p^2 (nonlinearity),MAS (non-monotonicity),MEV (functionality),MCN (complexity),Linear regression (p)
call4,rl,0.303,0.064622134,0.03073001,0.28947,4.807355,0.48823956
mit,rl,0.26093,0.19394335,0.051630005,0.24852,4.807355,0.2588178
all,rl,0.21574,0.12533009,0.011079997,0.20385,4.807355,0.3006824
mit,call4,0.20699,0.15004992,0.022289999,0.19534,4.807355,0.23862122
mit,all,0.20338,0.14079137,0.014229998,0.19123,4.807355,0.2501772
all,call4,0.19914,0.14457035,0.026480004,0.18618,4.807355,0.23360145
