X var,Y var,MIC (strength),MIC-p^2 (nonlinearity),MAS (non-monotonicity),MEV (functionality),MCN (complexity),Linear regression (p)
all,rl,0.5078,-0.12416148,0.094419986,0.50545,4.807355,0.79496
mit,rl,0.30854,0.23898153,0.055419996,0.2997,4.807355,-0.26373938
mit,call4,0.28603,0.14992481,0.058689997,0.27501,4.807355,-0.36892435
call4,rl,0.2731,0.26803797,0.10158999,0.26167,4.807355,0.07114792
all,call4,0.24999,0.24452817,0.13693,0.24031,4.807355,-0.07390414
mit,all,0.2133,0.21328992,0.03914001,0.20337,4.807355,-0.0031770302
