X var,Y var,MIC (strength),MIC-p^2 (nonlinearity),MAS (non-monotonicity),MEV (functionality),MCN (complexity),Linear regression (p)
all,rl,0.27791,-0.3677739,0.027539998,0.25838,4.321928,0.8035446
mit,all,0.22553,0.21398918,0.046279997,0.20532,4.321928,-0.10742819
mit,rl,0.2085,0.20354216,0.027219996,0.18927,4.321928,-0.07041194
mit,call4,0.17678,0.17200308,0.1155,0.1674,4.321928,-0.0691153
all,call4,0.17405,0.17290016,0.11107,0.16386,4.321928,-0.033909462
call4,rl,0.13261,0.13249324,0.0645,0.1272,4.321928,0.010805209
