X var,Y var,MIC (strength),MIC-p^2 (nonlinearity),MAS (non-monotonicity),MEV (functionality),MCN (complexity),Linear regression (p)
mit,call4,0.27432,0.2555858,0.087390006,0.25091,4.321928,0.13687298
all,rl,0.26779,0.17546868,0.023560002,0.24966,4.321928,0.3038442
all,call4,0.2555,0.1531324,0.040609986,0.2354,4.321928,0.31994936
mit,rl,0.2472,0.23156407,0.07188,0.22718,4.321928,0.12504369
call4,rl,0.24166,0.1662711,0.041079998,0.22298,4.321928,0.27457038
mit,all,0.20875,0.16334903,0.01735,0.19305,4.321928,0.213075
