X var,Y var,MIC (strength),MIC-p^2 (nonlinearity),MAS (non-monotonicity),MEV (functionality),MCN (complexity),Linear regression (p)
all,call4,0.20876,0.01664479,0.014370002,0.19405,4.807355,0.4383095
mit,rl,0.19828,0.09710383,0.036000013,0.18696,4.807355,0.31808203
call4,rl,0.19557,-0.003956482,0.013690002,0.18639,4.807355,0.44668388
mit,call4,0.19262,0.02653639,0.022149995,0.18122,4.807355,0.40753356
all,rl,0.19083,0.027736187,0.02183,0.17807,4.807355,0.40384877
mit,all,0.15847,-0.041850924,0.009630002,0.14778,4.807355,0.44757226
