X var,Y var,MIC (strength),MIC-p^2 (nonlinearity),MAS (non-monotonicity),MEV (functionality),MCN (complexity),Linear regression (p)
all,rl,0.30114,-0.36732566,0.030399993,0.28553,4.321928,0.8175975
mit,all,0.29207,0.2779368,0.027400002,0.27146,4.321928,-0.11888318
mit,rl,0.2002,0.18512678,0.024919998,0.18997,4.321928,-0.12277308
mit,call4,0.16918,0.16610613,0.10788001,0.14911,4.321928,-0.055442497
call4,rl,0.16856,0.16075282,0.09608,0.15654,4.321928,0.088358246
all,call4,0.13855,0.13828447,0.09821,0.12616,4.321928,-0.016294917
