X var,Y var,MIC (strength),MIC-p^2 (nonlinearity),MAS (non-monotonicity),MEV (functionality),MCN (complexity),Linear regression (p)
mit,all,0.24563,0.05932735,0.028889999,0.22814,4.321928,0.4316279
all,call4,0.24096,0.1602639,0.035339996,0.22418,4.321928,0.28407058
all,rl,0.23755,0.084325776,0.06208001,0.21876,4.321928,0.39143866
mit,rl,0.21331,0.092196964,0.022,0.19731,4.321928,0.34801298
mit,call4,0.20586,0.100561075,0.02079001,0.18232,4.321928,0.32449797
call4,rl,0.1874,0.11686511,0.06357,0.17277,4.321928,0.26558405
