X var,Y var,MIC (strength),MIC-p^2 (nonlinearity),MAS (non-monotonicity),MEV (functionality),MCN (complexity),Linear regression (p)
all,rl,0.55284,0.09375441,0.087060004,0.55284,4.321928,0.67755854
mit,call4,0.40007,0.27710652,0.112430006,0.40007,4.321928,-0.3506615
all,call4,0.28957,0.28948915,0.15342,0.28957,4.321928,0.008991391
mit,all,0.2739,0.21158643,0.02742,0.2739,4.321928,-0.24962687
mit,rl,0.26018,0.17816587,0.034770004,0.26018,4.321928,-0.2863811
call4,rl,0.24932,0.24863526,0.13219,0.24932,4.321928,0.026167596
