X var,Y var,MIC (strength),MIC-p^2 (nonlinearity),MAS (non-monotonicity),MEV (functionality),MCN (complexity),Linear regression (p)
call4,rl,0.25544,0.23664379,0.03531,0.25544,4.4594316,0.13709928
mit,all,0.21713,0.20489362,0.035170004,0.21713,4.4594316,0.11061823
mit,call4,0.20326,0.1977841,0.020630002,0.20326,4.4594316,0.07399943
mit,rl,0.19914,0.19341363,0.016010001,0.19914,4.4594316,0.07567274
all,call4,0.19352,0.18939064,0.01893,0.19352,4.4594316,0.06426006
all,rl,0.19312,0.19187778,0.041210003,0.19312,4.4594316,0.03524505
