X var,Y var,MIC (strength),MIC-p^2 (nonlinearity),MAS (non-monotonicity),MEV (functionality),MCN (complexity),Linear regression (p)
mit,all,0.37251,0.35591665,0.08457002,0.35958,4.321928,-0.12881514
mit,rl,0.37209,0.22998822,0.041150004,0.37209,4.169925,-0.3769639
all,rl,0.30717,-0.2117903,0.043060005,0.29626,4.321928,0.720389
mit,call4,0.09794,0.09039236,0.07741,0.09794,3.321928,-0.08687714
all,call4,0.0805,0.07719999,0.05924,0.0805,3.321928,-0.057445746
call4,rl,0.04449,0.04388693,0.031,0.04449,3.321928,-0.024557445
