X var,Y var,MIC (strength),MIC-p^2 (nonlinearity),MAS (non-monotonicity),MEV (functionality),MCN (complexity),Linear regression (p)
all,rl,0.40154,0.29261726,0.16539001,0.35741,4.0,0.3300345
mit,call4,0.30587,0.30429754,0.24631,0.27713,4.0,0.039654322
mit,rl,0.24736,0.1931041,0.06454,0.22173,4.0,-0.23292896
all,call4,0.23196,0.22764081,0.20334,0.20439,4.0,0.06572059
call4,rl,0.21128,0.17989364,0.17468,0.17865,4.0,0.17716196
mit,all,0.19556,0.13170718,0.020329997,0.16875,4.0,-0.25269115
