X var,Y var,MIC (strength),MIC-p^2 (nonlinearity),MAS (non-monotonicity),MEV (functionality),MCN (complexity),Linear regression (p)
call4,rl,0.28545,0.25487646,0.06492001,0.28545,4.4594316,0.17485292
all,rl,0.25488,0.24639595,0.06665,0.25488,4.4594316,0.09210898
mit,call4,0.2109,0.21084207,0.02042,0.2109,4.4594316,-0.007610371
all,call4,0.20315,0.19977616,0.04417999,0.20315,4.4594316,0.058084853
mit,rl,0.18505,0.18051653,0.01777,0.18505,4.4594316,0.067331
mit,all,0.16797,0.16106537,0.009169996,0.16797,4.4594316,0.08309413
