X var,Y var,MIC (strength),MIC-p^2 (nonlinearity),MAS (non-monotonicity),MEV (functionality),MCN (complexity),Linear regression (p)
call4,rl,0.27518,0.091279805,0.029190004,0.26221,4.807355,0.42883587
mit,rl,0.24469,0.19333601,0.037469998,0.22814,4.807355,0.2266142
all,call4,0.23631,0.18218772,0.04728,0.22206,4.807355,0.23264197
all,rl,0.23146,0.15378505,0.03128,0.21967,4.807355,0.27870226
mit,call4,0.20452,0.16560347,0.051009998,0.19211,4.807355,0.19727273
mit,all,0.1971,0.1477729,0.03137,0.1845,4.807355,0.22209705
