X var,Y var,MIC (strength),MIC-p^2 (nonlinearity),MAS (non-monotonicity),MEV (functionality),MCN (complexity),Linear regression (p)
call4,rl,0.3638,0.2937919,0.10516,0.34989,4.807355,0.26459044
all,rl,0.2462,0.16424033,0.024059996,0.23125,4.807355,0.28628597
mit,call4,0.22037,0.17876795,0.026250005,0.21055,4.807355,0.20396578
mit,all,0.21323,0.18875842,0.02628,0.20187,4.807355,0.15643395
mit,rl,0.19299,0.15501338,0.009259999,0.18092,4.807355,0.1948759
all,call4,0.18034,0.16417696,0.031289995,0.16926,4.807355,0.127134
