X var,Y var,MIC (strength),MIC-p^2 (nonlinearity),MAS (non-monotonicity),MEV (functionality),MCN (complexity),Linear regression (p)
all,rl,0.53679,0.22860852,0.06525001,0.51825,4.321928,0.555141
mit,rl,0.30527,0.29490355,0.12599002,0.28713,4.321928,-0.10181565
mit,all,0.28369,0.25884223,0.077470005,0.25703,4.321928,-0.15763175
mit,call4,0.26373,0.257063,0.16210999,0.23982,4.321928,0.08165167
all,call4,0.22539,0.20454799,0.12659,0.2023,4.321928,0.14436764
call4,rl,0.18159,0.13868365,0.074750006,0.16957,4.321928,0.20713851
