X var,Y var,MIC (strength),MIC-p^2 (nonlinearity),MAS (non-monotonicity),MEV (functionality),MCN (complexity),Linear regression (p)
call4,rl,0.30515,0.15443216,0.027030006,0.29354,4.321928,0.38822395
all,call4,0.297,0.29085904,0.07903999,0.26872,4.321928,0.078364134
mit,all,0.2653,0.23793054,0.022470012,0.2443,4.321928,0.16543719
mit,rl,0.24404,0.20417288,0.03135001,0.22609,4.321928,0.19966751
mit,call4,0.21349,0.21064362,0.0255,0.18539,4.321928,0.05335145
all,rl,0.19463,0.17928168,0.022259995,0.17909,4.321928,0.12388832
