X var,Y var,MIC (strength),MIC-p^2 (nonlinearity),MAS (non-monotonicity),MEV (functionality),MCN (complexity),Linear regression (p)
call4,rl,0.22808,0.13950744,0.030090004,0.22808,4.4594316,0.29761142
mit,call4,0.22322,0.18488353,0.05001001,0.22322,4.4594316,0.195797
all,rl,0.21245,0.20149195,0.028090008,0.21245,4.4594316,0.104680695
mit,all,0.21051,0.17666727,0.034989998,0.21051,4.4594316,0.18396392
mit,rl,0.20546,0.17634502,0.013049997,0.20546,4.4594316,0.1706311
all,call4,0.19665,0.18382207,0.031400003,0.19665,4.4594316,0.11326043
