X var,Y var,MIC (strength),MIC-p^2 (nonlinearity),MAS (non-monotonicity),MEV (functionality),MCN (complexity),Linear regression (p)
all,rl,0.28988,0.11032136,0.052860007,0.28988,4.321928,0.4237436
mit,all,0.2812,0.093725726,0.094,0.2812,4.321928,0.43298298
call4,rl,0.24166,-0.026340395,0.038099997,0.24166,4.321928,0.51768756
all,call4,0.21361,0.065101415,0.016520001,0.21361,4.321928,0.3853681
mit,rl,0.21133,0.14065546,0.042779997,0.21133,4.321928,0.26584682
mit,call4,0.19775,0.12874314,0.045880005,0.19775,4.321928,0.26269156
