X var,Y var,MIC (strength),MIC-p^2 (nonlinearity),MAS (non-monotonicity),MEV (functionality),MCN (complexity),Linear regression (p)
call4,rl,0.2889,0.22967282,0.022700012,0.2889,4.321928,0.24336632
all,rl,0.27964,0.24982284,0.060080007,0.27964,4.321928,0.17267641
mit,all,0.26616,0.20775372,0.041010007,0.26616,4.321928,0.24167393
mit,rl,0.25895,0.25889912,0.06385,0.25895,4.321928,0.007132713
all,call4,0.25436,0.2252577,0.033540003,0.25436,4.321928,0.17059396
mit,call4,0.21958,0.21936427,0.011980005,0.21958,4.321928,0.014687466
