X var,Y var,MIC (strength),MIC-p^2 (nonlinearity),MAS (non-monotonicity),MEV (functionality),MCN (complexity),Linear regression (p)
mit,all,0.54273,0.17636704,0.116379976,0.54273,4.4594316,0.6052792
all,rl,0.41932,-0.010997593,0.049789995,0.41932,4.4594316,-0.65598595
mit,rl,0.29798,0.23093563,0.03460002,0.29798,4.4594316,-0.25892928
all,call4,0.29546,0.20716831,0.18103999,0.29546,4.4594316,-0.29713917
mit,call4,0.22596,0.07292318,0.046949998,0.22596,4.4594316,-0.3911992
call4,rl,0.15926,0.15458404,0.106520005,0.15926,4.4594316,0.06838105
