X var,Y var,MIC (strength),MIC-p^2 (nonlinearity),MAS (non-monotonicity),MEV (functionality),MCN (complexity),Linear regression (p)
all,rl,0.3944,0.10700154,0.11102,0.3944,4.169925,0.53609556
all,call4,0.33145,0.26018363,0.20716,0.32231,4.4594316,0.2669576
mit,rl,0.29603,0.19219685,0.04525003,0.2848,4.4594316,-0.32223156
call4,rl,0.2518,-0.061532706,0.08670001,0.24658,4.4594316,0.5597613
mit,call4,0.24057,0.15449214,0.15013999,0.2258,4.4594316,-0.29339027
mit,all,0.23518,0.12572603,0.019089997,0.22175,4.4594316,-0.3308383
