X var,Y var,MIC (strength),MIC-p^2 (nonlinearity),MAS (non-monotonicity),MEV (functionality),MCN (complexity),Linear regression (p)
call4,rl,0.35458,0.21344213,0.076790005,0.34009,4.807355,0.3756832
all,rl,0.24869,0.15347272,0.032680005,0.23522,4.807355,0.30857298
mit,call4,0.2155,0.16563293,0.018480003,0.2017,4.807355,0.22330935
mit,all,0.214,0.17436925,0.039859995,0.20104,4.807355,0.19907473
mit,rl,0.18725,0.1361227,0.009220004,0.17595,4.807355,0.22611347
all,call4,0.17759,0.14833951,0.03006,0.16545,4.807355,0.17102772
