X var,Y var,MIC (strength),MIC-p^2 (nonlinearity),MAS (non-monotonicity),MEV (functionality),MCN (complexity),Linear regression (p)
call4,rl,0.34192,0.19362755,0.019059986,0.3265,4.4594316,0.38508758
mit,all,0.25837,0.21864517,0.042409994,0.24145,4.4594316,0.19931093
all,rl,0.24349,0.21472603,0.05404,0.22492,4.4594316,0.16959944
mit,rl,0.23017,0.14411753,0.015440002,0.21102,4.4594316,0.293347
mit,call4,0.20681,0.1849292,0.023649998,0.19275,4.4594316,0.14792156
all,call4,0.19072,0.16410697,0.026369996,0.17866,4.4594316,0.16313502
