X var,Y var,MIC (strength),MIC-p^2 (nonlinearity),MAS (non-monotonicity),MEV (functionality),MCN (complexity),Linear regression (p)
call4,rl,0.28846,-0.18137628,0.07284999,0.28846,4.321928,0.685446
all,rl,0.25815,-0.1237517,0.07867,0.25815,4.321928,0.617982
all,call4,0.25705,-0.044025898,0.055809997,0.25705,4.321928,0.54870385
mit,all,0.24385,-0.12455675,0.03835,0.24385,4.321928,0.6069652
mit,rl,0.22906,-0.07199067,0.029429987,0.22906,4.321928,0.54868084
mit,call4,0.19922,-0.109411806,0.016319998,0.19922,4.321928,0.5555464
