X var,Y var,MIC (strength),MIC-p^2 (nonlinearity),MAS (non-monotonicity),MEV (functionality),MCN (complexity),Linear regression (p)
call4,rl,0.28493,0.2044506,0.050799996,0.27147,4.4594316,0.2836889
all,rl,0.26446,0.24492896,0.09997,0.24689,4.4594316,0.1397535
mit,call4,0.20579,0.1849658,0.06471999,0.19408,4.4594316,0.14430588
mit,rl,0.19672,0.08040175,0.02911,0.18695,4.4594316,0.34105462
all,call4,0.18902,0.16877711,0.035010003,0.17605,4.4594316,0.14227751
mit,all,0.14302,0.13513748,0.008200005,0.13063,4.4594316,0.0887836
