X var,Y var,MIC (strength),MIC-p^2 (nonlinearity),MAS (non-monotonicity),MEV (functionality),MCN (complexity),Linear regression (p)
call4,rl,0.33428,0.24333675,0.020689994,0.31475,4.4594316,0.301568
mit,rl,0.28666,0.19289207,0.01726,0.26792,4.4594316,0.30621547
all,call4,0.24175,0.23068081,0.031550005,0.22172,4.4594316,0.10521025
all,rl,0.22427,0.20408663,0.039560005,0.20838,4.4594316,0.14206816
mit,all,0.21226,0.20030221,0.026269995,0.19793,4.4594316,0.10935163
mit,call4,0.21019,0.1942383,0.01235,0.19429,4.4594316,0.1263
