X var,Y var,MIC (strength),MIC-p^2 (nonlinearity),MAS (non-monotonicity),MEV (functionality),MCN (complexity),Linear regression (p)
all,rl,0.36072,-0.17723432,0.08847001,0.3375,4.321928,0.7334537
mit,all,0.28514,0.2721759,0.109999985,0.2686,4.321928,-0.113859974
mit,rl,0.23268,0.21942636,0.05746001,0.20737,4.321928,-0.11512439
mit,call4,0.20824,0.20472102,0.13588,0.19519,4.321928,-0.059320975
all,call4,0.17202,0.16996898,0.12445,0.15163,4.321928,-0.04528832
call4,rl,0.1552,0.15518357,0.09942,0.13975,4.321928,0.004053961
