X var,Y var,MIC (strength),MIC-p^2 (nonlinearity),MAS (non-monotonicity),MEV (functionality),MCN (complexity),Linear regression (p)
all,rl,0.2008,0.16718793,0.08933,0.18244,4.321928,0.18333597
call4,rl,0.17759,0.11194399,0.017850004,0.15906,4.321928,0.25621477
mit,all,0.17752,0.16637102,0.06857001,0.15698,4.321928,0.1055888
mit,rl,0.15096,0.14638792,0.035839997,0.13906,4.321928,0.06761715
mit,call4,0.11148,0.0917706,0.01069,0.10614,4.321928,0.14039017
all,call4,0.09345,0.06324178,0.024910003,0.0864,4.321928,0.17380513
