X var,Y var,MIC (strength),MIC-p^2 (nonlinearity),MAS (non-monotonicity),MEV (functionality),MCN (complexity),Linear regression (p)
mit,call4,0.27267,0.2637081,0.08163001,0.24909,4.0,0.09466724
mit,rl,0.20187,0.20155875,0.06001,0.17865,4.0,0.01764189
call4,rl,0.19115,0.1649134,0.035400003,0.18002,4.0,0.16197713
mit,all,0.16385,0.12033209,0.018699996,0.14583,4.0,0.20860945
all,rl,0.15658,0.13037862,0.030089997,0.14734,4.0,0.16186841
all,call4,0.14148,0.12032871,0.040699996,0.13509,4.0,0.14543483
