X var,Y var,MIC (strength),MIC-p^2 (nonlinearity),MAS (non-monotonicity),MEV (functionality),MCN (complexity),Linear regression (p)
mit,all,0.19312,-0.07666671,0.015809998,0.1841,4.807355,0.51940995
call4,rl,0.19273,-0.013238013,0.02566,0.18105,4.807355,0.45383698
all,call4,0.19215,-0.02064477,0.034730002,0.18163,4.807355,0.46129683
mit,call4,0.17751,-0.030788392,0.025329992,0.16534,4.807355,0.45639718
mit,rl,0.1736,0.011510834,0.017230004,0.16235,4.807355,0.402603
all,rl,0.16846,-0.0030986369,0.01354,0.15815,4.807355,0.41419637
