X var,Y var,MIC (strength),MIC-p^2 (nonlinearity),MAS (non-monotonicity),MEV (functionality),MCN (complexity),Linear regression (p)
call4,rl,0.27952,0.22090085,0.033710003,0.27952,4.4594316,0.24211393
mit,call4,0.23433,0.22568503,0.046989992,0.23433,4.4594316,0.0929783
mit,all,0.23362,0.21881415,0.048270002,0.23362,4.4594316,0.12167928
all,rl,0.22454,0.22035083,0.06108001,0.22454,4.4594316,0.064723775
all,call4,0.22406,0.22058749,0.025220007,0.22406,4.4594316,0.058927935
mit,rl,0.19553,0.18113081,0.01924,0.19553,4.4594316,0.119996585
