X var,Y var,MIC (strength),MIC-p^2 (nonlinearity),MAS (non-monotonicity),MEV (functionality),MCN (complexity),Linear regression (p)
call4,rl,0.24001,0.12136115,0.027309999,0.22796,4.807355,0.3444544
all,call4,0.22078,0.18095185,0.030099995,0.20555,4.807355,0.19956991
mit,call4,0.2183,0.20244254,0.013230003,0.20346,4.807355,0.12592639
all,rl,0.21727,0.15320754,0.027689993,0.20574,4.807355,0.2531056
mit,all,0.21258,0.17470244,0.027399994,0.20167,4.807355,0.19462156
mit,rl,0.18205,0.14286907,0.011599999,0.16989,4.807355,0.19794175
