X var,Y var,MIC (strength),MIC-p^2 (nonlinearity),MAS (non-monotonicity),MEV (functionality),MCN (complexity),Linear regression (p)
call4,rl,0.32501,0.08785884,0.042040005,0.30952,4.321928,0.4869817
mit,all,0.29882,0.19655375,0.101539984,0.28062,4.321928,0.31979093
mit,rl,0.24144,0.1711429,0.01918,0.22305,4.321928,0.26513597
all,call4,0.23561,0.20832062,0.043939993,0.21592,4.321928,0.16519494
mit,call4,0.23363,0.21991402,0.05122,0.21452,4.321928,0.11711528
all,rl,0.20692,0.159891,0.025820002,0.1904,4.321928,0.21686172
