X var,Y var,MIC (strength),MIC-p^2 (nonlinearity),MAS (non-monotonicity),MEV (functionality),MCN (complexity),Linear regression (p)
call4,rl,0.36416,0.100613534,0.04604,0.3471,4.807355,0.5133678
all,rl,0.21957,0.13242172,0.034360006,0.20889,4.807355,0.29520887
mit,all,0.20564,0.1350539,0.03722,0.19172,4.807355,0.26568046
mit,call4,0.20329,0.13622451,0.035799995,0.19135,4.807355,0.25897005
mit,rl,0.19522,0.1185998,0.020419993,0.18367,4.807355,0.27680352
all,call4,0.17535,0.11726776,0.013270006,0.16408,4.807355,0.24100256
