X var,Y var,MIC (strength),MIC-p^2 (nonlinearity),MAS (non-monotonicity),MEV (functionality),MCN (complexity),Linear regression (p)
all,rl,0.46824,0.36149007,0.050199986,0.45585,4.807355,0.32672605
mit,all,0.41961,0.40027702,0.06465,0.41061,4.807355,-0.13904302
mit,rl,0.39242,0.2252882,0.13637,0.38266,4.807355,-0.40881756
mit,call4,0.17351,0.17310785,0.15258,0.16533,4.807355,0.02005361
all,call4,0.17101,0.045357734,0.12399,0.15968,4.807355,0.35447463
call4,rl,0.09463,0.077684864,0.057450004,0.09311,4.807355,0.1301735
