X var,Y var,MIC (strength),MIC-p^2 (nonlinearity),MAS (non-monotonicity),MEV (functionality),MCN (complexity),Linear regression (p)
all,call4,0.30993,0.23583686,0.110530004,0.29058,4.321928,0.27220052
call4,rl,0.29906,0.2641215,0.044759996,0.2706,4.321928,0.18691836
mit,rl,0.27309,0.27039725,0.05260001,0.2408,4.321928,0.05189168
mit,all,0.26744,0.2673783,0.056909993,0.24809,4.321928,0.00785522
all,rl,0.22988,0.22489808,0.05236,0.2159,4.321928,0.0705827
mit,call4,0.22632,0.21757591,0.052179992,0.2096,4.321928,0.09350986
