X var,Y var,MIC (strength),MIC-p^2 (nonlinearity),MAS (non-monotonicity),MEV (functionality),MCN (complexity),Linear regression (p)
call4,rl,0.25241,0.21999593,0.031680003,0.25241,4.321928,0.18003905
all,call4,0.25017,0.24207744,0.050759986,0.25017,4.321928,0.08995863
all,rl,0.24844,0.21142095,0.022080004,0.24844,4.321928,0.19240333
mit,all,0.24677,0.214986,0.03661999,0.24677,4.321928,0.17828065
mit,rl,0.18676,0.18609498,0.04254,0.18676,4.321928,-0.025787713
mit,call4,0.1698,0.16822806,0.019919999,0.1698,4.321928,0.03964774
