X var,Y var,MIC (strength),MIC-p^2 (nonlinearity),MAS (non-monotonicity),MEV (functionality),MCN (complexity),Linear regression (p)
all,call4,0.25591,0.24650604,0.08533001,0.24095,4.321928,0.0969741
call4,rl,0.20743,0.19245577,0.03102,0.18798,4.321928,0.12236927
all,rl,0.20183,0.20082265,0.08736,0.18521,4.321928,-0.031738684
mit,rl,0.19029,0.18941474,0.035010003,0.17303,4.321928,-0.02958487
mit,call4,0.15872,0.15760872,0.023109999,0.14636,4.321928,0.033335924
mit,all,0.14571,0.13748038,0.015469998,0.13634,4.321928,-0.09071727
