X var,Y var,MIC (strength),MIC-p^2 (nonlinearity),MAS (non-monotonicity),MEV (functionality),MCN (complexity),Linear regression (p)
all,rl,0.35379,0.17842762,0.069299996,0.35379,4.321928,0.4187629
mit,rl,0.30573,0.22197345,0.07733999,0.30573,4.321928,-0.28940722
mit,all,0.28092,0.1487409,0.03486,0.28092,4.321928,-0.36356443
mit,call4,0.16866,0.14595789,0.12493,0.16866,4.169925,-0.15067223
all,call4,0.13116,0.12670746,0.11394001,0.13116,4.169925,-0.06672731
call4,rl,0.10757,0.10369486,0.09143,0.10757,4.169925,-0.062250614
