X var,Y var,MIC (strength),MIC-p^2 (nonlinearity),MAS (non-monotonicity),MEV (functionality),MCN (complexity),Linear regression (p)
mit,all,0.2753,0.2552679,0.06327,0.25617,4.321928,0.1415348
call4,rl,0.26268,0.21611547,0.038110003,0.24514,4.321928,0.21578814
all,rl,0.24607,0.24523404,0.034300007,0.22626,4.321928,-0.028912887
all,call4,0.21026,0.19650154,0.018530004,0.19408,4.321928,0.117296495
mit,call4,0.19907,0.19025053,0.023549996,0.18567,4.321928,0.09391209
mit,rl,0.1917,0.18982898,0.027669996,0.17236,4.321928,-0.043255243
