X var,Y var,MIC (strength),MIC-p^2 (nonlinearity),MAS (non-monotonicity),MEV (functionality),MCN (complexity),Linear regression (p)
call4,rl,0.29381,0.1745629,0.02678001,0.27274,4.0,0.34532174
mit,rl,0.2865,0.27938065,0.08253001,0.25745,4.0,0.08437622
mit,call4,0.2729,0.25269756,0.11172998,0.25356,4.0,0.14213523
all,rl,0.25,0.2208018,0.028690003,0.22118,4.0,0.17087479
all,call4,0.24164,0.1805875,0.011889994,0.21995,4.0,0.24708804
mit,all,0.24087,0.20565125,0.05177,0.21187,4.0,0.18766658
