X var,Y var,MIC (strength),MIC-p^2 (nonlinearity),MAS (non-monotonicity),MEV (functionality),MCN (complexity),Linear regression (p)
call4,rl,0.27264,0.07899931,0.030130014,0.25927,4.807355,0.44004622
mit,rl,0.24003,0.20125242,0.037650004,0.22522,4.807355,0.19692028
all,rl,0.22952,0.17164351,0.02533999,0.21658,4.807355,0.24057531
all,call4,0.21168,0.18131341,0.04058999,0.19914,4.807355,0.17426011
mit,call4,0.20634,0.13746363,0.01743,0.19431,4.807355,0.26244307
mit,all,0.18255,0.15767674,0.030890003,0.17045,4.807355,0.15771258
