X var,Y var,MIC (strength),MIC-p^2 (nonlinearity),MAS (non-monotonicity),MEV (functionality),MCN (complexity),Linear regression (p)
all,rl,0.26508,0.2253013,0.08402,0.25446,4.807355,0.19944602
mit,all,0.23063,-0.026529238,0.042039998,0.21987,4.807355,0.5071087
mit,rl,0.18205,0.14414462,0.038159996,0.17082,4.807355,-0.19469304
call4,rl,0.1636,0.16356975,0.118599996,0.15652,4.807355,-0.005499405
mit,call4,0.15735,0.15427579,0.13679,0.14765,4.807355,-0.055445615
all,call4,0.14659,0.14464442,0.103089996,0.13772,4.807355,-0.044108566
