X var,Y var,MIC (strength),MIC-p^2 (nonlinearity),MAS (non-monotonicity),MEV (functionality),MCN (complexity),Linear regression (p)
all,rl,0.26555,0.24905415,0.045100003,0.24704,4.4594316,0.12843612
all,call4,0.25454,0.24911991,0.044880003,0.23929,4.4594316,0.073621295
call4,rl,0.23691,0.1925035,0.01698,0.22076,4.4594316,0.21072851
mit,rl,0.22929,0.11520308,0.03874,0.21397,4.4594316,0.33776754
mit,call4,0.21166,0.19031657,0.016439997,0.19313,4.4594316,0.1460939
mit,all,0.1939,0.19097015,0.017729998,0.17998,4.4594316,0.054128155
