X var,Y var,MIC (strength),MIC-p^2 (nonlinearity),MAS (non-monotonicity),MEV (functionality),MCN (complexity),Linear regression (p)
call4,rl,0.27112,-0.04016605,0.018690005,0.25909,4.807355,0.5579302
mit,rl,0.25971,0.13535759,0.079300016,0.24365,4.807355,0.3526364
all,rl,0.23904,0.10808036,0.022950009,0.2273,4.807355,0.36188346
mit,call4,0.21683,0.07371803,0.015880004,0.20298,4.807355,0.37830144
mit,all,0.19572,0.06282154,0.019299999,0.18534,4.807355,0.3645524
all,call4,0.18857,0.07285761,0.010290001,0.17703,4.807355,0.34016523
