X var,Y var,MIC (strength),MIC-p^2 (nonlinearity),MAS (non-monotonicity),MEV (functionality),MCN (complexity),Linear regression (p)
all,rl,0.31982,0.18437299,0.12590998,0.29998,4.4594316,0.36803123
call4,rl,0.23386,0.10067761,0.044170007,0.21561,4.4594316,0.36494163
all,call4,0.23014,0.17666687,0.033360004,0.20916,4.4594316,0.23124257
mit,rl,0.22985,0.11705289,0.08438,0.21227,4.4594316,0.3358528
mit,all,0.22471,0.13070662,0.039089993,0.21057,4.4594316,0.3065997
mit,call4,0.22021,0.1456235,0.023269996,0.20336,4.4594316,0.2731053
