X var,Y var,MIC (strength),MIC-p^2 (nonlinearity),MAS (non-monotonicity),MEV (functionality),MCN (complexity),Linear regression (p)
all,rl,0.24813,0.059819087,0.042640008,0.23689,4.807355,0.43394804
mit,all,0.21712,0.04836461,0.0343,0.20611,4.807355,0.4107985
mit,call4,0.21059,0.082180545,0.022569992,0.2013,4.807355,0.35834265
call4,rl,0.20952,-0.022259802,0.022919998,0.20046,4.807355,0.48143515
mit,rl,0.19765,0.030096605,0.015179999,0.18554,4.807355,0.40933287
all,call4,0.17837,0.08003653,0.026449993,0.16771,4.807355,0.31358168
