X var,Y var,MIC (strength),MIC-p^2 (nonlinearity),MAS (non-monotonicity),MEV (functionality),MCN (complexity),Linear regression (p)
call4,rl,0.17967,0.08161155,0.04099001,0.17519,4.321928,0.31314287
mit,call4,0.15976,0.106393605,0.038999997,0.15,4.321928,0.23101167
all,call4,0.15939,-0.008101791,0.022419997,0.14769,4.321928,0.40925762
mit,all,0.14248,0.029053181,0.03638,0.1274,4.321928,0.33678898
all,rl,0.14213,0.04330937,0.016850002,0.13412,4.321928,0.3143575
mit,rl,0.11563,0.076661326,0.020559996,0.11135,4.321928,0.19740485
