X var,Y var,MIC (strength),MIC-p^2 (nonlinearity),MAS (non-monotonicity),MEV (functionality),MCN (complexity),Linear regression (p)
call4,rl,0.26936,0.13347776,0.056280002,0.25819,4.807355,0.3686221
all,rl,0.26405,0.15912914,0.04686001,0.25003,4.807355,0.3239149
mit,all,0.22256,0.18500136,0.04074,0.21096,4.807355,0.19380054
mit,rl,0.20855,0.15332687,0.02928,0.19712,4.807355,0.23499602
mit,call4,0.20393,0.15626961,0.013860002,0.19033,4.807355,0.21831262
all,call4,0.20177,0.18126854,0.023549989,0.18988,4.807355,0.14318329
