X var,Y var,MIC (strength),MIC-p^2 (nonlinearity),MAS (non-monotonicity),MEV (functionality),MCN (complexity),Linear regression (p)
call4,rl,0.35102,-0.035544068,0.08781001,0.3108,4.0,0.6217428
mit,call4,0.31138,-0.16308355,0.090590015,0.29528,4.0,0.68881315
mit,all,0.26045,-0.14328587,0.0639,0.24163,4.0,0.63540214
mit,rl,0.2376,-0.04264176,0.019610003,0.21944,4.0,0.52937865
all,call4,0.22805,-0.059372485,0.006969996,0.20497,4.0,0.536118
all,rl,0.22042,-2.3284554E-4,0.031980008,0.19264,4.0,0.469737
