X var,Y var,MIC (strength),MIC-p^2 (nonlinearity),MAS (non-monotonicity),MEV (functionality),MCN (complexity),Linear regression (p)
all,rl,0.50534,-0.20842874,0.057850003,0.49888,4.807355,0.84484833
mit,call4,0.281,0.10071452,0.09900999,0.27117,4.807355,-0.42460036
all,call4,0.26698,0.2665722,0.17212999,0.2544,4.807355,-0.020193428
mit,rl,0.26333,0.18694791,0.06467001,0.24873,4.807355,-0.27637312
mit,all,0.25307,0.25096485,0.06576,0.24093,4.807355,-0.04588201
call4,rl,0.20262,0.19680335,0.08892,0.19537,4.807355,0.07626697
