X var,Y var,MIC (strength),MIC-p^2 (nonlinearity),MAS (non-monotonicity),MEV (functionality),MCN (complexity),Linear regression (p)
all,rl,0.27828,0.18338203,0.028269991,0.27828,4.321928,0.3080551
all,call4,0.24656,0.24443586,0.12698,0.24656,4.321928,-0.046088405
mit,all,0.22469,0.2031721,0.02035001,0.22469,4.321928,-0.1466898
mit,rl,0.22424,0.21632707,0.039179996,0.22424,4.321928,-0.088954635
mit,call4,0.20701,0.1030107,0.056830004,0.20701,4.321928,0.32248923
call4,rl,0.18164,0.16743134,0.04613,0.18164,4.321928,0.11920007
