X var,Y var,MIC (strength),MIC-p^2 (nonlinearity),MAS (non-monotonicity),MEV (functionality),MCN (complexity),Linear regression (p)
call4,rl,0.23064,0.009560242,0.034179993,0.23064,4.321928,0.47019118
mit,all,0.20815,0.008031979,0.033990003,0.20815,4.321928,0.44734553
all,rl,0.19558,0.021645129,0.037030004,0.19558,4.321928,0.417055
all,call4,0.19164,0.06291111,0.030619994,0.19164,4.321928,0.3587881
mit,rl,0.17802,0.07545547,0.03734,0.17802,4.321928,0.32025698
mit,call4,0.15304,0.03645654,0.042470008,0.15304,4.321928,0.3414432
