X var,Y var,MIC (strength),MIC-p^2 (nonlinearity),MAS (non-monotonicity),MEV (functionality),MCN (complexity),Linear regression (p)
mit,all,0.32102,0.286064,0.11546001,0.2982,4.321928,0.18696524
call4,rl,0.26658,0.20841838,0.06940998,0.24747,4.321928,0.24116716
all,rl,0.24332,0.23393081,0.036239997,0.22261,4.321928,0.09689783
mit,rl,0.22441,0.2137201,0.034800008,0.20692,4.321928,0.10339194
all,call4,0.21677,0.16987008,0.05459,0.19262,4.321928,0.2165639
mit,call4,0.19739,0.1664844,0.034199998,0.18171,4.321928,0.17579989
