X var,Y var,MIC (strength),MIC-p^2 (nonlinearity),MAS (non-monotonicity),MEV (functionality),MCN (complexity),Linear regression (p)
call4,rl,0.30219,-0.017238557,0.044129997,0.28701,4.4594316,0.5651801
all,rl,0.27612,0.11820938,0.09186001,0.25786,4.4594316,0.3973797
mit,rl,0.276,0.047844365,0.071190014,0.26467,4.4594316,0.4776564
mit,all,0.21425,0.05198373,0.018560007,0.20221,4.4594316,0.40282288
all,call4,0.2142,0.09956465,0.057820007,0.19581,4.4594316,0.33857843
mit,call4,0.19676,0.04941784,0.036229998,0.18419,4.4594316,0.38385174
