X var,Y var,MIC (strength),MIC-p^2 (nonlinearity),MAS (non-monotonicity),MEV (functionality),MCN (complexity),Linear regression (p)
all,rl,0.45856,0.046244115,0.065319985,0.45856,4.321928,0.6421183
mit,rl,0.43455,0.3542704,0.17154998,0.43455,4.321928,-0.28333655
mit,all,0.39371,0.37687707,0.15401,0.39371,4.321928,-0.12974174
call4,rl,0.25964,0.14901942,0.08302,0.25964,4.321928,0.33259672
mit,call4,0.23512,0.17501512,0.108830005,0.23512,4.321928,-0.24516295
all,call4,0.21685,0.13951258,0.067540005,0.21685,4.321928,0.27809605
