X var,Y var,MIC (strength),MIC-p^2 (nonlinearity),MAS (non-monotonicity),MEV (functionality),MCN (complexity),Linear regression (p)
all,rl,0.38766,-0.19518283,0.04993999,0.38766,4.321928,0.76344144
mit,call4,0.32963,0.2797329,0.12305002,0.32963,4.321928,-0.22337654
mit,all,0.25928,0.17280923,0.064799994,0.25928,4.321928,-0.29405913
call4,rl,0.23378,0.22230308,0.10091999,0.23378,4.321928,0.107130386
mit,rl,0.21346,0.18476386,0.015550002,0.21346,4.321928,-0.16939932
all,call4,0.19475,0.19267564,0.06120999,0.19475,4.321928,0.045545157
