X var,Y var,MIC (strength),MIC-p^2 (nonlinearity),MAS (non-monotonicity),MEV (functionality),MCN (complexity),Linear regression (p)
call4,rl,0.40059,0.19537652,0.037169993,0.37296,4.0,0.45300496
mit,all,0.39426,0.2651512,0.05201,0.37461,4.0,0.3593171
mit,rl,0.30286,0.21356899,0.07856999,0.27004,4.0,0.298816
mit,call4,0.26415,0.19040449,0.020689994,0.24136,4.0,0.27156124
all,call4,0.26332,0.1721721,0.017930001,0.22862,4.0,0.30190712
all,rl,0.25742,0.21705663,0.023400009,0.22972,4.0,0.2009064
