X var,Y var,MIC (strength),MIC-p^2 (nonlinearity),MAS (non-monotonicity),MEV (functionality),MCN (complexity),Linear regression (p)
all,rl,0.26083,0.22796865,0.04525,0.26083,4.321928,0.18127696
all,call4,0.25427,0.2457844,0.03999999,0.25427,4.321928,0.092117205
call4,rl,0.25182,0.20716633,0.021559998,0.25182,4.321928,0.21131414
mit,all,0.2435,0.21199654,0.02126,0.2435,4.321928,0.17749211
mit,call4,0.21148,0.21064678,0.050450012,0.21148,4.321928,0.028865764
mit,rl,0.20822,0.20820886,0.041339993,0.20822,4.321928,-0.003337741
