X var,Y var,MIC (strength),MIC-p^2 (nonlinearity),MAS (non-monotonicity),MEV (functionality),MCN (complexity),Linear regression (p)
mit,call4,0.22162,0.19715348,0.08220999,0.20712,4.0,0.15641774
mit,all,0.20988,0.19838221,0.055030003,0.19529,4.0,0.107227676
call4,rl,0.20478,0.14755836,0.04512,0.20478,3.5849626,0.23921043
all,rl,0.15207,0.14864267,0.017020002,0.13956,4.0,0.05854342
all,call4,0.1464,0.08438972,0.011,0.14497,4.0,0.24901864
mit,rl,0.13691,0.13673423,0.032629997,0.12697,4.0,0.013257793
