X var,Y var,MIC (strength),MIC-p^2 (nonlinearity),MAS (non-monotonicity),MEV (functionality),MCN (complexity),Linear regression (p)
mit,all,0.27003,0.17278779,0.06461,0.26261,4.807355,0.3118368
all,rl,0.22087,0.09955719,0.029390007,0.21206,4.807355,0.3482999
mit,rl,0.20578,0.13454288,0.0401,0.19442,4.807355,-0.2669028
mit,call4,0.19809,0.17481889,0.13122001,0.18831,4.807355,-0.15254873
call4,rl,0.18389,0.17230421,0.09718,0.17514,4.807355,0.10763732
all,call4,0.17298,0.16053104,0.114099994,0.16087,4.807355,-0.111574836
