X var,Y var,MIC (strength),MIC-p^2 (nonlinearity),MAS (non-monotonicity),MEV (functionality),MCN (complexity),Linear regression (p)
all,rl,0.23995,0.083483756,0.06745,0.22599,4.807355,0.39555815
call4,rl,0.23202,0.15398158,0.022499997,0.21797,4.807355,0.2793536
mit,all,0.22887,0.054551214,0.045799997,0.21712,4.807355,0.417515
mit,call4,0.22757,0.16794461,0.053519994,0.21502,4.807355,0.2441831
all,call4,0.21574,0.14600947,0.029599994,0.20061,4.807355,0.26406536
mit,rl,0.20038,0.023532212,0.02019,0.18931,4.807355,0.42053273
