X var,Y var,MIC (strength),MIC-p^2 (nonlinearity),MAS (non-monotonicity),MEV (functionality),MCN (complexity),Linear regression (p)
all,call4,0.24832,0.24498463,0.09557,0.23368,4.4594316,0.057752654
mit,rl,0.24172,0.14412099,0.04264,0.22611,4.4594316,0.31240842
mit,all,0.23705,0.23696369,0.041309997,0.21781,4.4594316,-0.009290405
all,rl,0.23336,0.23083104,0.024430007,0.21378,4.4594316,0.05028885
mit,call4,0.2305,0.22143388,0.059269994,0.21437,4.4594316,0.09521618
call4,rl,0.22415,0.22025463,0.018700004,0.20303,4.4594316,0.062412925
