X var,Y var,MIC (strength),MIC-p^2 (nonlinearity),MAS (non-monotonicity),MEV (functionality),MCN (complexity),Linear regression (p)
call4,rl,0.24819,0.17879066,0.022689998,0.24819,4.4594316,0.26343754
mit,rl,0.23318,0.21056394,0.062330008,0.23318,4.4594316,0.15038636
mit,call4,0.22583,0.19439113,0.018370003,0.22583,4.4594316,0.1773101
all,call4,0.21524,0.2080041,0.022279996,0.21524,4.4594316,0.08506412
mit,all,0.19192,0.171463,0.031419992,0.19192,4.4594316,0.14302795
all,rl,0.17394,0.17143773,0.010019995,0.17394,4.4594316,0.050022736
