X var,Y var,MIC (strength),MIC-p^2 (nonlinearity),MAS (non-monotonicity),MEV (functionality),MCN (complexity),Linear regression (p)
mit,call4,0.25669,0.054852158,0.012529999,0.24092,4.321928,0.44926366
all,call4,0.25371,-0.0070198476,0.020260006,0.2347,4.321928,0.51061714
mit,all,0.24087,-0.019536436,0.028059997,0.21882,4.321928,0.51030034
call4,rl,0.23941,0.048282355,0.038729995,0.21537,4.321928,0.43718147
mit,rl,0.22059,0.051659554,0.025189996,0.19871,4.321928,0.4110115
all,rl,0.21167,0.020143017,0.009959996,0.19335,4.321928,0.43763795
