X var,Y var,MIC (strength),MIC-p^2 (nonlinearity),MAS (non-monotonicity),MEV (functionality),MCN (complexity),Linear regression (p)
all,rl,0.45415,-0.07538566,0.07161999,0.45415,4.0,0.727692
mit,call4,0.27766,0.2589064,0.18012002,0.2534,4.321928,0.1369438
mit,all,0.26551,0.24878973,0.06365,0.24535,4.321928,-0.12930687
all,call4,0.2096,0.2015726,0.1635,0.19215,4.321928,-0.08959578
mit,rl,0.20706,0.20257926,0.10406999,0.18781,4.321928,-0.06693833
call4,rl,0.13022,0.117347606,0.080709994,0.11986,4.321928,-0.11345657
