X var,Y var,MIC (strength),MIC-p^2 (nonlinearity),MAS (non-monotonicity),MEV (functionality),MCN (complexity),Linear regression (p)
mit,rl,0.32425,0.28527895,0.13720001,0.29593,4.0,0.1974109
call4,rl,0.30035,0.093694285,0.030310005,0.26715,4.0,0.45459402
mit,all,0.26931,0.2013901,0.042290002,0.24269,4.0,0.26061445
mit,call4,0.23917,0.22244817,0.091680005,0.21613,4.0,0.12931293
all,call4,0.22018,0.17779197,0.029519998,0.19375,4.0,0.20588356
all,rl,0.21007,0.1851756,0.03188,0.18985,4.0,0.15777959
