X var,Y var,MIC (strength),MIC-p^2 (nonlinearity),MAS (non-monotonicity),MEV (functionality),MCN (complexity),Linear regression (p)
call4,rl,0.28358,-0.1596666,0.045609996,0.27376,4.807355,0.66576767
mit,all,0.21876,-0.14854892,0.034040004,0.20579,4.807355,0.60606015
mit,rl,0.21216,-0.09842478,0.021559998,0.19788,4.807355,0.55730134
all,rl,0.20829,-0.056933686,0.01854001,0.20049,4.807355,0.51499873
all,call4,0.2008,-0.09556258,0.023110002,0.18817,4.807355,0.54439193
mit,call4,0.20045,-0.1972427,0.025979996,0.1883,4.807355,0.6306288
