X var,Y var,MIC (strength),MIC-p^2 (nonlinearity),MAS (non-monotonicity),MEV (functionality),MCN (complexity),Linear regression (p)
all,call4,0.30547,0.22400711,0.050749987,0.29235,4.321928,0.28541702
mit,call4,0.27521,0.25818512,0.03679,0.25106,4.321928,0.13047941
mit,all,0.25566,0.25466684,0.027560003,0.22892,4.321928,-0.03151433
call4,rl,0.21772,0.16048583,0.018629998,0.20414,4.321928,0.23923662
all,rl,0.21601,0.19939122,0.026979998,0.19826,4.321928,0.12891385
mit,rl,0.20907,0.2089951,0.027620003,0.18873,4.321928,-0.008653905
