X var,Y var,MIC (strength),MIC-p^2 (nonlinearity),MAS (non-monotonicity),MEV (functionality),MCN (complexity),Linear regression (p)
all,rl,0.56451,0.0548051,0.036799997,0.56451,4.321928,0.7139362
mit,rl,0.30521,0.30306578,0.054890007,0.30521,4.321928,-0.046305735
mit,all,0.30037,0.30027658,0.06903002,0.30037,4.321928,0.009666243
mit,call4,0.26224,0.14295381,0.08413999,0.26224,4.321928,-0.3453783
call4,rl,0.20043,0.13998859,0.036970004,0.20043,4.321928,0.24584837
all,call4,0.17936,0.17896158,0.096030004,0.17936,4.321928,-0.019960554
