X var,Y var,MIC (strength),MIC-p^2 (nonlinearity),MAS (non-monotonicity),MEV (functionality),MCN (complexity),Linear regression (p)
call4,rl,0.26654,0.07536429,0.024869993,0.25384,4.807355,0.43723643
all,rl,0.24128,0.15446138,0.034860007,0.23065,4.807355,0.29465
all,call4,0.22723,0.17323652,0.026000008,0.21442,4.807355,0.23236498
mit,all,0.22267,0.17625067,0.020700008,0.20746,4.807355,0.21545146
mit,call4,0.205,0.17448296,0.0318,0.18937,4.807355,0.17469129
mit,rl,0.19408,0.1460335,0.02076,0.18038,4.807355,0.2191951
