X var,Y var,MIC (strength),MIC-p^2 (nonlinearity),MAS (non-monotonicity),MEV (functionality),MCN (complexity),Linear regression (p)
call4,rl,0.35835,0.0830794,0.054399997,0.34195,4.321928,0.5246624
mit,all,0.29557,0.17812918,0.07900998,0.26899,4.321928,0.34269637
all,rl,0.26155,0.19865122,0.05427,0.24346,4.321928,0.25079632
mit,rl,0.25116,0.17176698,0.07165,0.2261,4.321928,0.28176767
mit,call4,0.20639,0.1930736,0.024059996,0.18805,4.321928,0.115396656
all,call4,0.20252,0.18305662,0.04376,0.18492,4.321928,0.13951118
