X var,Y var,MIC (strength),MIC-p^2 (nonlinearity),MAS (non-monotonicity),MEV (functionality),MCN (complexity),Linear regression (p)
all,rl,0.30914,-0.16043743,0.053340003,0.29211,4.4594316,0.6852572
mit,all,0.24564,0.1605969,0.042559996,0.2223,4.4594316,-0.29162148
call4,rl,0.22257,0.12537959,0.110520005,0.20866,4.4594316,0.31175378
mit,call4,0.22099,0.21896371,0.17325,0.19828,4.4594316,-0.045014318
mit,rl,0.2117,0.17224637,0.055560008,0.1882,4.4594316,-0.19862941
all,call4,0.20816,0.14039421,0.1138,0.1975,4.4594316,0.26031864
