X var,Y var,MIC (strength),MIC-p^2 (nonlinearity),MAS (non-monotonicity),MEV (functionality),MCN (complexity),Linear regression (p)
call4,rl,0.26632,-0.12500039,0.029909983,0.25466,4.807355,0.62555605
mit,all,0.22746,-0.04965344,0.05754,0.21232,4.807355,0.52641565
all,rl,0.22391,-0.03184551,0.024580002,0.21598,4.807355,0.50572276
all,call4,0.22154,0.0136296,0.039389998,0.20579,4.807355,0.45597193
mit,call4,0.20501,-0.049179614,0.032810003,0.19452,4.807355,0.5041722
mit,rl,0.19238,-0.11184718,0.014720008,0.1798,4.807355,0.5515679
