X var,Y var,MIC (strength),MIC-p^2 (nonlinearity),MAS (non-monotonicity),MEV (functionality),MCN (complexity),Linear regression (p)
mit,all,0.29754,0.27715814,0.12676,0.27604,4.4594316,-0.14276512
all,rl,0.24639,0.06035903,0.041500002,0.23854,4.4594316,0.43131307
mit,rl,0.22635,0.21125872,0.12566999,0.20751,4.4594316,-0.12284651
mit,call4,0.18861,0.18548791,0.16392,0.17139,4.4594316,-0.055875704
all,call4,0.16968,0.15074271,0.11532,0.16418,4.4594316,0.13761282
call4,rl,0.13774,0.09593032,0.0739,0.13657,4.4594316,0.20447415
