X var,Y var,MIC (strength),MIC-p^2 (nonlinearity),MAS (non-monotonicity),MEV (functionality),MCN (complexity),Linear regression (p)
mit,all,0.23137,0.22929323,0.13992,0.23137,4.321928,0.0455717
all,rl,0.17387,0.1476807,0.1064,0.17387,4.321928,0.16183108
mit,rl,0.14853,0.14332515,0.111250006,0.14853,4.321928,-0.07214471
mit,call4,0.09454,0.07733861,0.07067,0.09454,3.321928,-0.13115406
all,call4,0.07785,0.03919317,0.04615,0.07785,3.321928,0.1966134
call4,rl,0.02858,0.028579595,0.008890001,0.02858,2.5849626,-6.371877E-4
