X var,Y var,MIC (strength),MIC-p^2 (nonlinearity),MAS (non-monotonicity),MEV (functionality),MCN (complexity),Linear regression (p)
call4,rl,0.26532,0.20383714,0.042099997,0.26532,4.321928,0.24795738
all,rl,0.2611,0.20516565,0.037770003,0.2611,4.321928,0.2365044
mit,all,0.25849,0.21691729,0.047779992,0.25849,4.321928,0.20389386
mit,call4,0.25745,0.25500998,0.098030016,0.25745,4.321928,0.049396828
mit,rl,0.23881,0.23754144,0.03231001,0.23881,4.321928,0.035616975
all,call4,0.23396,0.21279405,0.012029998,0.23396,4.321928,0.14548524
