X var,Y var,MIC (strength),MIC-p^2 (nonlinearity),MAS (non-monotonicity),MEV (functionality),MCN (complexity),Linear regression (p)
all,call4,0.30827,0.24353996,0.07582,0.29305,4.321928,0.254421
call4,rl,0.30018,0.29439384,0.038039982,0.28166,4.321928,0.076066725
mit,call4,0.25084,0.23899694,0.058750004,0.2266,4.321928,0.10882585
mit,all,0.24442,0.22845316,0.04953,0.23217,4.321928,0.12636001
all,rl,0.24427,0.23241287,0.019330002,0.22361,4.321928,0.10889044
mit,rl,0.24392,0.224764,0.029809996,0.22717,4.321928,0.1384052
