X var,Y var,MIC (strength),MIC-p^2 (nonlinearity),MAS (non-monotonicity),MEV (functionality),MCN (complexity),Linear regression (p)
all,rl,0.26786,0.20090587,0.036129996,0.26786,4.321928,0.25875494
call4,rl,0.25521,0.13097833,0.043280005,0.25521,4.321928,0.35246515
mit,rl,0.24027,0.236495,0.039680004,0.24027,4.321928,0.061441038
all,call4,0.23408,0.17683963,0.017879993,0.23408,4.321928,0.2392496
mit,call4,0.23408,0.22825268,0.057970002,0.23408,4.321928,0.07633693
mit,all,0.23102,0.13269979,0.027050003,0.23102,4.321928,0.31356055
