X var,Y var,MIC (strength),MIC-p^2 (nonlinearity),MAS (non-monotonicity),MEV (functionality),MCN (complexity),Linear regression (p)
all,rl,0.3298,-0.20638323,0.046430007,0.32525,4.807355,0.7322453
mit,rl,0.20749,0.16827846,0.06323999,0.19692,4.807355,-0.19801904
mit,call4,0.20288,0.19963549,0.14445,0.18843,4.807355,0.056960598
all,call4,0.18004,0.12961866,0.11483,0.17057,4.807355,0.22454697
mit,all,0.17852,0.1729915,0.051699996,0.16871,4.807355,-0.074353844
call4,rl,0.16881,0.13636604,0.09413999,0.16196,4.807355,0.18012203
