X var,Y var,MIC (strength),MIC-p^2 (nonlinearity),MAS (non-monotonicity),MEV (functionality),MCN (complexity),Linear regression (p)
all,rl,0.43018,-0.11579138,0.038759977,0.41704,4.807355,0.73889875
mit,call4,0.22043,0.17926803,0.13032001,0.21048,4.807355,-0.20288414
mit,all,0.21836,0.20706736,0.05211,0.2054,4.807355,0.106266886
mit,rl,0.20513,0.20012145,0.06647,0.19182,4.807355,-0.07077105
all,call4,0.1848,0.18405992,0.095529996,0.17564,4.807355,0.027204549
call4,rl,0.15268,0.14689526,0.047509998,0.14568,4.807355,0.07605748
