X var,Y var,MIC (strength),MIC-p^2 (nonlinearity),MAS (non-monotonicity),MEV (functionality),MCN (complexity),Linear regression (p)
all,rl,0.43987,0.09787986,0.116020024,0.43987,4.321928,0.58479923
mit,call4,0.2467,0.17015672,0.12364,0.2467,4.321928,-0.27666458
mit,rl,0.24033,0.19858482,0.057689995,0.24033,4.321928,-0.20431633
mit,all,0.19278,0.17271543,0.015840001,0.19278,4.321928,-0.14164947
call4,rl,0.19076,0.16742401,0.07232,0.19076,4.321928,0.15276124
all,call4,0.18439,0.18403743,0.13475999,0.18439,4.321928,0.018776448
