X var,Y var,MIC (strength),MIC-p^2 (nonlinearity),MAS (non-monotonicity),MEV (functionality),MCN (complexity),Linear regression (p)
call4,rl,0.29931,0.2189813,0.048700005,0.27878,4.4594316,0.2834232
mit,rl,0.25495,0.14953004,0.017309994,0.23405,4.4594316,0.32468438
all,rl,0.24698,0.21050517,0.01128,0.22987,4.4594316,0.19098383
mit,call4,0.22097,0.19124658,0.023949996,0.20303,4.4594316,0.17240481
all,call4,0.21495,0.19413152,0.040179998,0.19746,4.4594316,0.14428607
mit,all,0.20569,0.19454993,0.01586999,0.18771,4.4594316,0.10554647
