X var,Y var,MIC (strength),MIC-p^2 (nonlinearity),MAS (non-monotonicity),MEV (functionality),MCN (complexity),Linear regression (p)
call4,rl,0.30949,0.055042177,0.010619998,0.28979,4.4594316,0.5044282
mit,all,0.26715,0.13529794,0.046460018,0.24562,4.4594316,0.36311442
all,rl,0.24141,0.08205293,0.049610004,0.22721,4.4594316,0.39919552
mit,rl,0.23574,0.048353344,0.018519998,0.22082,4.4594316,0.4328818
mit,call4,0.21994,0.1033159,0.023100004,0.20093,4.4594316,0.34150273
all,call4,0.21942,0.12580845,0.03474,0.20488,4.4594316,0.30596006
