X var,Y var,MIC (strength),MIC-p^2 (nonlinearity),MAS (non-monotonicity),MEV (functionality),MCN (complexity),Linear regression (p)
all,rl,0.29143,0.16910307,0.09109999,0.27031,4.321928,0.34975266
mit,all,0.26432,0.26431283,0.04746999,0.24234,4.321928,0.0026730043
mit,rl,0.25465,0.18309802,0.089619994,0.23295,4.321928,-0.26749203
mit,call4,0.17033,0.16977926,0.14622,0.17033,4.169925,0.023467861
all,call4,0.09454,0.08855189,0.06923,0.09454,4.0,-0.077382885
call4,rl,0.05232,0.051623356,0.02897,0.05232,3.321928,-0.026394008
