X var,Y var,MIC (strength),MIC-p^2 (nonlinearity),MAS (non-monotonicity),MEV (functionality),MCN (complexity),Linear regression (p)
call4,rl,0.30649,-0.16750053,0.039430007,0.29437,4.807355,0.6884697
mit,rl,0.25502,-0.10522741,0.044949993,0.24234,4.807355,0.60020614
all,rl,0.24023,-0.011579037,0.032470003,0.22609,4.807355,0.5018058
mit,all,0.21497,-0.1800755,0.040829986,0.2012,4.807355,0.62852645
all,call4,0.19315,-0.11056431,0.017649993,0.18164,4.807355,0.5511028
mit,call4,0.18642,-0.18969783,0.019660003,0.17393,4.807355,0.61328447
