X var,Y var,MIC (strength),MIC-p^2 (nonlinearity),MAS (non-monotonicity),MEV (functionality),MCN (complexity),Linear regression (p)
mit,all,0.33093,0.30146146,0.055109993,0.30131,4.0,0.171664
call4,rl,0.32242,0.16120699,0.050550014,0.28556,4.0,0.4015134
mit,call4,0.27377,0.2209466,0.029499993,0.24812,4.0,0.22983344
all,rl,0.24862,0.21378897,0.07592,0.22683,4.0,0.18663073
all,call4,0.24025,0.20927013,0.041530013,0.20773,4.0,0.176011
mit,rl,0.2262,0.19632107,0.033810005,0.19567,4.0,0.17285523
