X var,Y var,MIC (strength),MIC-p^2 (nonlinearity),MAS (non-monotonicity),MEV (functionality),MCN (complexity),Linear regression (p)
all,call4,0.31537,0.3006464,0.08854999,0.31537,4.4594316,0.121340826
mit,rl,0.25741,0.2504576,0.046430007,0.25741,4.4594316,0.08338092
call4,rl,0.24905,0.18050164,0.016510002,0.24905,4.4594316,0.26181743
mit,call4,0.23107,0.21970657,0.035860002,0.23107,4.4594316,0.10659939
mit,all,0.22325,0.19574395,0.027660012,0.22325,4.4594316,0.1658495
all,rl,0.209,0.18984087,0.031120002,0.209,4.4594316,0.13841653
