X var,Y var,MIC (strength),MIC-p^2 (nonlinearity),MAS (non-monotonicity),MEV (functionality),MCN (complexity),Linear regression (p)
all,rl,0.49556,0.10090101,0.07885,0.48215,4.807355,0.6282189
mit,rl,0.37957,0.30326056,0.07862002,0.37064,4.807355,-0.27624163
mit,all,0.25509,0.25401357,0.042359993,0.24502,4.807355,-0.032808933
all,call4,0.17743,0.16622585,0.15809001,0.16325,4.807355,0.10584964
mit,call4,0.16536,0.14721236,0.13644001,0.15755,4.807355,0.13471323
call4,rl,0.11435,0.1015343,0.09466,0.11435,4.4594316,0.11320644
