X var,Y var,MIC (strength),MIC-p^2 (nonlinearity),MAS (non-monotonicity),MEV (functionality),MCN (complexity),Linear regression (p)
call4,rl,0.27888,0.1552966,0.0854,0.26607,4.807355,0.35154432
all,call4,0.2276,0.18177342,0.017850004,0.21382,4.807355,0.21407141
all,rl,0.22169,0.16505185,0.03136,0.21143,4.807355,0.23798771
mit,all,0.20722,0.18297479,0.043210007,0.19546,4.807355,0.15570877
mit,rl,0.20217,0.1797094,0.01794,0.19024,4.807355,0.1498686
mit,call4,0.20154,0.19591518,0.031099997,0.18929,4.807355,0.074998744
