X var,Y var,MIC (strength),MIC-p^2 (nonlinearity),MAS (non-monotonicity),MEV (functionality),MCN (complexity),Linear regression (p)
call4,rl,0.21631,0.17065394,0.049439996,0.21631,4.321928,0.21367276
mit,all,0.2029,0.1243101,0.02956,0.2029,4.321928,0.2803389
all,rl,0.19138,0.14955804,0.025319993,0.19138,4.321928,0.20450418
mit,call4,0.18124,0.17976743,0.054430008,0.18124,4.321928,0.038374133
all,call4,0.16763,0.15612881,0.035960004,0.16763,4.321928,0.107243635
mit,rl,0.16474,0.15211359,0.03288,0.16474,4.321928,0.11236728
