X var,Y var,MIC (strength),MIC-p^2 (nonlinearity),MAS (non-monotonicity),MEV (functionality),MCN (complexity),Linear regression (p)
call4,rl,0.31974,0.2609439,0.083519995,0.29288,4.321928,0.24247912
mit,call4,0.31053,0.28272438,0.07653001,0.28903,4.321928,0.16675024
all,rl,0.29354,0.20963666,0.04673001,0.27338,4.321928,0.28966075
mit,all,0.23161,0.19105683,0.019779995,0.21567,4.321928,0.20137817
mit,rl,0.22647,0.21204162,0.043249995,0.20591,4.321928,0.12011821
all,call4,0.22297,0.17078003,0.034499988,0.20535,4.321928,0.22845122
