X var,Y var,MIC (strength),MIC-p^2 (nonlinearity),MAS (non-monotonicity),MEV (functionality),MCN (complexity),Linear regression (p)
call4,rl,0.29964,0.25745478,0.05978,0.27695,4.321928,0.20539041
all,rl,0.25797,0.25375488,0.086619996,0.24134,4.321928,0.064923994
mit,rl,0.24189,0.24114026,0.026500002,0.22604,4.321928,0.027381426
mit,all,0.23825,0.23811178,0.07015,0.21818,4.321928,0.0117570385
all,call4,0.23466,0.16043228,0.021789998,0.22069,4.321928,0.27244765
mit,call4,0.20885,0.19648623,0.019149996,0.19059,4.321928,0.111192465
