X var,Y var,MIC (strength),MIC-p^2 (nonlinearity),MAS (non-monotonicity),MEV (functionality),MCN (complexity),Linear regression (p)
call4,rl,0.30844,-0.030711591,0.07414,0.29268,4.321928,0.58236724
all,rl,0.16859,0.07541044,0.013739988,0.16105,4.321928,0.30525327
mit,all,0.16676,9.796023E-4,0.0488,0.15643,4.321928,0.40716138
mit,call4,0.14829,0.10604225,0.043869995,0.13617,4.321928,0.20554255
mit,rl,0.13014,0.018156655,0.018020004,0.12487,4.321928,0.33463913
all,call4,0.12604,0.07605901,0.019789997,0.11963,4.321928,0.22356427
