X var,Y var,MIC (strength),MIC-p^2 (nonlinearity),MAS (non-monotonicity),MEV (functionality),MCN (complexity),Linear regression (p)
mit,rl,0.21176,0.12543923,0.020560004,0.19992,4.321928,0.29380396
call4,rl,0.18265,0.08148491,0.04197,0.17083,4.321928,0.3180646
mit,call4,0.15693,0.1193033,0.06625,0.14288,4.321928,0.19397603
mit,all,0.15217,0.14650162,0.02962,0.13994,4.321928,0.07528872
all,rl,0.14467,0.14210336,0.01816,0.13587,4.321928,-0.05066193
all,call4,0.11283,0.10277071,0.0251,0.10792,4.321928,0.10029602
