X var,Y var,MIC (strength),MIC-p^2 (nonlinearity),MAS (non-monotonicity),MEV (functionality),MCN (complexity),Linear regression (p)
mit,rl,0.25511,0.24109678,0.048469998,0.23821,4.321928,0.1183774
all,rl,0.251,0.23713242,0.01828,0.23119,4.321928,0.117760666
all,call4,0.24739,0.19123179,0.033319995,0.22369,4.321928,0.23697725
call4,rl,0.2369,0.21972069,0.014979996,0.22125,4.321928,0.13106984
mit,all,0.23658,0.22032477,0.045980006,0.21358,4.321928,0.127496
mit,call4,0.22429,0.20867765,0.033649996,0.20895,4.321928,0.12494938
