X var,Y var,MIC (strength),MIC-p^2 (nonlinearity),MAS (non-monotonicity),MEV (functionality),MCN (complexity),Linear regression (p)
all,call4,0.27894,0.23081538,0.07368,0.26232,4.321928,0.21937323
call4,rl,0.2782,0.26345065,0.03926,0.26165,4.321928,0.121446945
all,rl,0.24207,0.23812254,0.041910008,0.2177,4.321928,0.062828876
mit,rl,0.21666,0.21343091,0.032789998,0.19405,4.321928,0.05682507
mit,call4,0.21282,0.19847457,0.035799995,0.19561,4.321928,0.119772375
mit,all,0.18801,0.16866536,0.025020003,0.16863,4.321928,0.13908504
