X var,Y var,MIC (strength),MIC-p^2 (nonlinearity),MAS (non-monotonicity),MEV (functionality),MCN (complexity),Linear regression (p)
all,call4,0.24942,0.2045752,0.035390005,0.23368,4.321928,0.21176592
call4,rl,0.23984,0.20375927,0.021379992,0.21981,4.321928,0.18994929
all,rl,0.23224,0.23166327,0.03203,0.21296,4.321928,0.024015281
mit,all,0.22519,0.21869853,0.033220008,0.20672,4.321928,0.08056967
mit,call4,0.22487,0.21175408,0.037619993,0.20755,4.321928,0.11452473
mit,rl,0.21919,0.21907432,0.027940005,0.19723,4.321928,-0.010755349
