X var,Y var,MIC (strength),MIC-p^2 (nonlinearity),MAS (non-monotonicity),MEV (functionality),MCN (complexity),Linear regression (p)
call4,rl,0.26565,0.13003485,0.038760006,0.25661,4.807355,0.36825964
all,rl,0.22201,0.14327653,0.01888001,0.2099,4.807355,0.28059486
all,call4,0.21409,0.16444291,0.015330005,0.19878,4.807355,0.22281627
mit,rl,0.21278,0.17976359,0.035270005,0.19796,4.807355,0.18170418
mit,call4,0.21034,0.17588249,0.017169997,0.1984,4.807355,0.18562733
mit,all,0.19645,0.15002114,0.01625,0.18749,4.807355,0.21547358
