X var,Y var,MIC (strength),MIC-p^2 (nonlinearity),MAS (non-monotonicity),MEV (functionality),MCN (complexity),Linear regression (p)
all,rl,0.4182,-0.051574647,0.015899986,0.40635,4.807355,0.6854011
mit,rl,0.26373,0.24936587,0.107559994,0.25033,4.807355,0.11985041
mit,all,0.26182,0.20503661,0.015940003,0.2448,4.807355,-0.23829265
all,call4,0.20969,0.1945503,0.14572,0.19807,4.807355,-0.12304348
mit,call4,0.17886,0.1780879,0.13389999,0.1692,4.807355,0.027786542
call4,rl,0.16892,0.15011078,0.12174,0.15737,4.807355,-0.13714671
