X var,Y var,MIC (strength),MIC-p^2 (nonlinearity),MAS (non-monotonicity),MEV (functionality),MCN (complexity),Linear regression (p)
call4,rl,0.37004,0.23225288,0.026610002,0.34318,4.321928,0.37119687
mit,all,0.30285,0.27970603,0.08519001,0.27039,4.321928,0.15213144
mit,rl,0.27447,0.23500893,0.025360003,0.2482,4.321928,0.19864811
mit,call4,0.23169,0.2301522,0.046150006,0.21107,4.321928,0.039214883
all,rl,0.21165,0.19415046,0.031289995,0.19448,4.321928,0.13228579
all,call4,0.21083,0.20780541,0.020159997,0.1959,4.321928,0.054996345
