X var,Y var,MIC (strength),MIC-p^2 (nonlinearity),MAS (non-monotonicity),MEV (functionality),MCN (complexity),Linear regression (p)
all,rl,0.26004,0.09283598,0.062279984,0.24457,4.807355,0.40890586
call4,rl,0.22972,-0.014760107,0.029250003,0.21911,4.807355,0.4944493
mit,rl,0.2292,0.01929541,0.020240009,0.21764,4.807355,0.45815346
mit,all,0.21358,9.6710026E-4,0.04722999,0.19903,4.807355,0.46109965
all,call4,0.20775,0.082108125,0.050669998,0.19655,4.807355,0.35445997
mit,call4,0.18093,-0.0038502812,0.02268,0.17106,4.807355,0.42986077
