X var,Y var,MIC (strength),MIC-p^2 (nonlinearity),MAS (non-monotonicity),MEV (functionality),MCN (complexity),Linear regression (p)
all,rl,0.4388,0.18376958,0.046030015,0.41996,4.321928,0.50500536
mit,all,0.34106,0.16555355,0.045540005,0.32095,4.321928,-0.4189349
all,call4,0.20533,0.1976009,0.14996,0.18754,4.321928,-0.0879153
mit,rl,0.18951,0.17864853,0.050260007,0.16943,4.321928,-0.104218416
call4,rl,0.18646,0.1623369,0.12204,0.17327,4.321928,-0.15531613
mit,call4,0.181,0.18076314,0.14547999,0.16577,4.321928,-0.0153899025
