X var,Y var,MIC (strength),MIC-p^2 (nonlinearity),MAS (non-monotonicity),MEV (functionality),MCN (complexity),Linear regression (p)
all,rl,0.50784,-0.121709466,0.08385998,0.49836,4.807355,0.79344153
mit,all,0.27434,0.24872522,0.08768,0.26032,4.807355,0.16004618
mit,rl,0.25743,0.252575,0.047390014,0.24497,4.807355,0.0696777
mit,call4,0.20199,0.1535162,0.15906999,0.1918,4.807355,-0.22016765
call4,rl,0.17629,0.16980487,0.14828001,0.16585,4.807355,-0.08053031
all,call4,0.17435,0.16636848,0.15057999,0.16708,4.807355,-0.08933928
