X var,Y var,MIC (strength),MIC-p^2 (nonlinearity),MAS (non-monotonicity),MEV (functionality),MCN (complexity),Linear regression (p)
call4,rl,0.31646,-0.09416792,0.031760007,0.30423,4.807355,0.64080256
mit,rl,0.23031,0.13103428,0.05369,0.22,4.807355,0.31508046
all,call4,0.21408,0.09696804,0.012370005,0.20152,4.807355,0.34221625
all,rl,0.20236,0.061777204,0.02775,0.19454,4.807355,0.37494373
mit,call4,0.19303,0.08177139,0.017220005,0.18273,4.807355,0.3335545
mit,all,0.17138,0.06601398,0.012010001,0.16192,4.807355,0.32460132
