X var,Y var,MIC (strength),MIC-p^2 (nonlinearity),MAS (non-monotonicity),MEV (functionality),MCN (complexity),Linear regression (p)
mit,all,0.259,0.024354964,0.03278,0.259,4.321928,0.48440173
all,call4,0.24491,0.10569419,0.08872999,0.24491,4.321928,0.37311634
all,rl,0.24004,0.025461242,0.07161,0.24004,4.321928,0.46322647
call4,rl,0.23603,-0.028411463,0.035259992,0.23603,4.321928,0.5142387
mit,call4,0.23352,0.048723444,0.022599995,0.23352,4.321928,0.4298797
mit,rl,0.19241,0.02385147,0.025410011,0.19241,4.321928,0.41055882
