X var,Y var,MIC (strength),MIC-p^2 (nonlinearity),MAS (non-monotonicity),MEV (functionality),MCN (complexity),Linear regression (p)
all,rl,0.33365,0.10213953,0.11259,0.33365,4.321928,0.48115534
mit,rl,0.27939,0.2507282,0.14667001,0.27939,4.321928,-0.16929798
mit,call4,0.23339,0.1897481,0.13291001,0.23339,4.321928,-0.20890646
mit,all,0.20613,0.20528962,0.058290005,0.20613,4.321928,-0.028989278
all,call4,0.17828,0.17652225,0.10735,0.17828,4.321928,-0.041925363
call4,rl,0.15597,0.1554266,0.07520001,0.15597,4.321928,0.023310997
