X var,Y var,MIC (strength),MIC-p^2 (nonlinearity),MAS (non-monotonicity),MEV (functionality),MCN (complexity),Linear regression (p)
call4,rl,0.33269,0.08496,0.041310012,0.32076,4.807355,0.49772483
mit,all,0.24015,0.17027387,0.030699998,0.22627,4.807355,0.26434094
mit,rl,0.22711,0.15467985,0.017329998,0.2094,4.807355,0.2691285
all,rl,0.22407,0.13467713,0.01591,0.21386,4.807355,0.2989864
mit,call4,0.20324,0.14243709,0.019180004,0.19486,4.807355,0.24658248
all,call4,0.19104,0.13256977,0.011189997,0.17869,4.807355,0.24180616
