X var,Y var,MIC (strength),MIC-p^2 (nonlinearity),MAS (non-monotonicity),MEV (functionality),MCN (complexity),Linear regression (p)
all,rl,0.27433,0.05758919,0.043139994,0.24068,4.0,0.4655543
call4,rl,0.26889,-0.06709263,0.04051,0.2383,4.0,0.5796401
mit,call4,0.26798,-0.07152027,0.041760013,0.24077,4.0,0.5826665
all,call4,0.26168,-0.011524826,0.036610007,0.22655,4.0,0.52269
mit,all,0.23046,-0.08486001,0.0334,0.20802,4.0,0.56153363
mit,rl,0.22905,0.033800706,0.01925999,0.20693,4.0,0.4418702
