X var,Y var,MIC (strength),MIC-p^2 (nonlinearity),MAS (non-monotonicity),MEV (functionality),MCN (complexity),Linear regression (p)
all,rl,0.49835,0.021563351,0.11363,0.48911,4.807355,0.6904974
mit,rl,0.36491,0.31401998,0.04734999,0.35289,4.807355,-0.22558817
all,call4,0.2706,0.24105866,0.12297998,0.26388,4.807355,-0.17187592
call4,rl,0.24316,0.22679234,0.13066,0.23131,4.807355,-0.12793618
mit,call4,0.21471,0.21023774,0.14006001,0.20025,4.807355,-0.06687495
mit,all,0.18718,0.18385951,0.021479994,0.17472,4.807355,0.05762365
