X var,Y var,MIC (strength),MIC-p^2 (nonlinearity),MAS (non-monotonicity),MEV (functionality),MCN (complexity),Linear regression (p)
call4,rl,0.37411,-0.080655634,0.057380006,0.36328,4.807355,0.67436314
all,call4,0.23714,0.17774934,0.036870003,0.22339,4.807355,0.24370198
mit,rl,0.23412,0.22806183,0.04790999,0.21978,4.807355,0.07783427
all,rl,0.22531,0.14961332,0.039690003,0.21322,4.807355,0.2751303
mit,all,0.21489,0.2083307,0.013239995,0.20194,4.807355,0.08098949
mit,call4,0.21187,0.1753427,0.043109998,0.20273,4.807355,0.19112118
