X var,Y var,MIC (strength),MIC-p^2 (nonlinearity),MAS (non-monotonicity),MEV (functionality),MCN (complexity),Linear regression (p)
mit,all,0.30058,0.22633001,0.09737,0.30058,4.321928,0.2724885
all,rl,0.28691,0.26637292,0.04821001,0.28691,4.321928,0.14330766
all,call4,0.27851,0.2498474,0.0817,0.27851,4.321928,0.16930036
call4,rl,0.24883,0.20791551,0.033820003,0.24883,4.321928,0.20227332
mit,rl,0.20787,0.20780651,0.0196,0.20787,4.321928,-0.007968029
mit,call4,0.2076,0.20759821,0.02364999,0.2076,4.321928,-0.0013363012
