X var,Y var,MIC (strength),MIC-p^2 (nonlinearity),MAS (non-monotonicity),MEV (functionality),MCN (complexity),Linear regression (p)
mit,call4,0.3943,0.3420718,0.17422001,0.3943,4.321928,-0.22853494
all,rl,0.37325,-0.280415,0.04002002,0.37325,4.321928,0.8084955
mit,all,0.25174,0.1916072,0.040009998,0.25174,4.321928,-0.2452199
mit,rl,0.242,0.20508727,0.03633,0.242,4.321928,-0.19212686
call4,rl,0.21894,0.21517827,0.08346,0.21894,4.321928,0.06133296
all,call4,0.17437,0.17374611,0.06896,0.17437,4.321928,0.02497792
