X var,Y var,MIC (strength),MIC-p^2 (nonlinearity),MAS (non-monotonicity),MEV (functionality),MCN (complexity),Linear regression (p)
all,call4,0.27507,0.23000838,0.023049995,0.25219,4.321928,0.21227725
call4,rl,0.27403,0.2567678,0.030200005,0.24989,4.321928,0.13138561
all,rl,0.2379,0.23773254,0.029940002,0.21974,4.321928,-0.012940362
mit,call4,0.23236,0.22847909,0.050170004,0.2147,4.321928,0.06229707
mit,all,0.22571,0.22363245,0.03396,0.205,4.321928,-0.045580156
mit,rl,0.21697,0.21654053,0.037929997,0.19946,4.321928,-0.020723745
