X var,Y var,MIC (strength),MIC-p^2 (nonlinearity),MAS (non-monotonicity),MEV (functionality),MCN (complexity),Linear regression (p)
all,rl,0.58906,-0.0352571,0.04534,0.58022,4.807355,0.7901374
mit,rl,0.30619,0.09988794,0.08175002,0.29498,4.807355,-0.4542049
mit,all,0.26791,0.18013775,0.040330008,0.25688,4.807355,-0.2962638
mit,call4,0.1942,0.18883452,0.15026,0.18322,4.807355,0.073249444
all,call4,0.14194,0.030540504,0.035779998,0.13443,4.807355,0.33376563
call4,rl,0.11775,0.07316381,0.043069996,0.10813,4.7548876,0.21115442
