X var,Y var,MIC (strength),MIC-p^2 (nonlinearity),MAS (non-monotonicity),MEV (functionality),MCN (complexity),Linear regression (p)
call4,rl,0.34916,0.13822202,0.07154,0.33559,4.807355,0.45927984
mit,all,0.22904,0.16716026,0.04929,0.21909,4.807355,0.24875638
all,call4,0.22702,0.17010403,0.036569998,0.21317,4.807355,0.23857068
mit,call4,0.21248,0.16077776,0.02161,0.1997,4.807355,0.22738124
mit,rl,0.20969,0.147648,0.00795,0.19781,4.807355,0.24908233
all,rl,0.20745,0.113035925,0.011209995,0.19559,4.807355,0.30726874
