X var,Y var,MIC (strength),MIC-p^2 (nonlinearity),MAS (non-monotonicity),MEV (functionality),MCN (complexity),Linear regression (p)
call4,rl,0.23655,0.21401799,0.032430008,0.23655,4.4594316,0.15010668
all,call4,0.23261,0.22130379,0.04821001,0.23261,4.4594316,0.106330685
mit,all,0.22851,0.19685002,0.02143,0.22851,4.4594316,0.17793256
mit,call4,0.21674,0.19569573,0.03801,0.21674,4.4594316,0.14506641
mit,rl,0.2061,0.20492667,0.029510006,0.2061,4.4594316,0.034254
all,rl,0.19542,0.19208452,0.03914,0.19542,4.4594316,0.057753596
