X var,Y var,MIC (strength),MIC-p^2 (nonlinearity),MAS (non-monotonicity),MEV (functionality),MCN (complexity),Linear regression (p)
call4,rl,0.262,-0.1405015,0.06658,0.262,4.4594316,0.63443005
mit,call4,0.25092,-0.103364885,0.027400002,0.25092,4.4594316,0.59521836
mit,all,0.24245,-0.109005034,0.020940006,0.24245,4.4594316,0.59283644
mit,rl,0.21721,-0.07282594,0.029880002,0.21721,4.4594316,0.53854984
all,rl,0.21634,-7.570237E-4,0.05666001,0.21634,4.4594316,0.46593672
all,call4,0.21596,-0.013250694,0.022949994,0.21596,4.4594316,0.47875953
