X var,Y var,MIC (strength),MIC-p^2 (nonlinearity),MAS (non-monotonicity),MEV (functionality),MCN (complexity),Linear regression (p)
call4,rl,0.33731,0.109926075,0.05260998,0.31752,4.321928,0.4768479
mit,call4,0.28206,0.25744426,0.08321999,0.25112,4.321928,0.15689404
all,call4,0.2756,0.23145378,0.05869998,0.253,4.321928,0.21011
mit,rl,0.25946,0.18999347,0.019539997,0.24346,4.321928,0.26356503
all,rl,0.24317,0.21586682,0.033689998,0.22498,4.321928,0.16523673
mit,all,0.2423,0.17117357,0.041309997,0.22549,4.321928,0.2666954
