X var,Y var,MIC (strength),MIC-p^2 (nonlinearity),MAS (non-monotonicity),MEV (functionality),MCN (complexity),Linear regression (p)
all,rl,0.26655,0.15884805,0.06437001,0.26655,4.321928,0.32817978
mit,all,0.20786,0.20487909,0.01896,0.20786,4.321928,0.054597605
mit,call4,0.20774,0.18737336,0.13255,0.20774,4.321928,-0.14271171
all,call4,0.20594,0.20557043,0.14594999,0.20594,4.321928,0.019224025
mit,rl,0.19676,0.17876604,0.09566,0.19676,4.321928,-0.13414156
call4,rl,0.1096,0.105546765,0.05167,0.1096,3.807355,0.06366501
