X var,Y var,MIC (strength),MIC-p^2 (nonlinearity),MAS (non-monotonicity),MEV (functionality),MCN (complexity),Linear regression (p)
all,rl,0.58873,0.55313706,0.05765,0.58873,4.4594316,0.18866086
mit,all,0.33123,0.3312147,0.024810001,0.33123,4.4594316,-0.0039125057
mit,rl,0.26218,0.18326828,0.05031,0.26218,4.4594316,0.2809123
mit,call4,0.25629,0.20051524,0.16668999,0.25629,4.4594316,-0.23616679
all,call4,0.20237,0.1990636,0.15183,0.20237,4.4594316,-0.05750127
call4,rl,0.17362,0.15170902,0.12875,0.17362,4.4594316,-0.14802356
