X var,Y var,MIC (strength),MIC-p^2 (nonlinearity),MAS (non-monotonicity),MEV (functionality),MCN (complexity),Linear regression (p)
call4,rl,0.33656,-0.12945244,0.07206999,0.32676,4.807355,0.68265104
mit,rl,0.22258,-0.10130827,0.023880005,0.21034,4.807355,0.5691118
mit,call4,0.21931,-0.07914306,0.024339996,0.20828,4.807355,0.5463086
mit,all,0.19867,-0.13263634,0.024170004,0.18813,4.807355,0.57559216
all,call4,0.19782,-0.054194167,0.03627999,0.18439,4.807355,0.5020101
all,rl,0.18324,-0.08175653,0.017689995,0.17266,4.807355,0.51477814
