X var,Y var,MIC (strength),MIC-p^2 (nonlinearity),MAS (non-monotonicity),MEV (functionality),MCN (complexity),Linear regression (p)
call4,rl,0.35674,0.17798223,0.049759984,0.33229,4.321928,0.42279756
mit,all,0.28124,0.22416188,0.057889983,0.25634,4.321928,0.23891024
mit,rl,0.2572,0.20865372,0.06029001,0.23685,4.321928,0.2203322
mit,call4,0.23609,0.23438115,0.028040007,0.21545,4.321928,0.04133817
all,rl,0.23319,0.20559606,0.020350002,0.21505,4.321928,0.16611423
all,call4,0.22847,0.22413336,0.040340006,0.2078,4.321928,0.06585315
