X var,Y var,MIC (strength),MIC-p^2 (nonlinearity),MAS (non-monotonicity),MEV (functionality),MCN (complexity),Linear regression (p)
mit,call4,0.23153,-0.15904017,0.035349995,0.21728,4.807355,0.62495613
all,rl,0.22186,-0.031057462,0.036179997,0.21026,4.807355,0.502909
call4,rl,0.21581,-0.19934067,0.019940004,0.20254,4.807355,0.64432186
all,call4,0.21457,-0.08771454,0.021490008,0.1992,4.807355,0.5498041
mit,rl,0.20255,-0.086871296,0.020910002,0.19088,4.807355,0.5379789
mit,all,0.17918,-0.21575716,0.029879995,0.16609,4.807355,0.62844026
