X var,Y var,MIC (strength),MIC-p^2 (nonlinearity),MAS (non-monotonicity),MEV (functionality),MCN (complexity),Linear regression (p)
all,rl,0.30355,0.053409487,0.027240008,0.29102,4.807355,0.5001405
mit,rl,0.22143,0.2038759,0.041309997,0.2074,4.807355,-0.13249187
mit,call4,0.20069,0.19592884,0.13029,0.18713,4.807355,-0.06900113
mit,all,0.19533,0.1503956,0.04738,0.18291,4.807355,-0.21197733
call4,rl,0.17168,0.13370577,0.07738,0.16242,4.807355,-0.19486979
all,call4,0.16545,0.16039492,0.10222001,0.15395,4.807355,-0.07109914
