X var,Y var,MIC (strength),MIC-p^2 (nonlinearity),MAS (non-monotonicity),MEV (functionality),MCN (complexity),Linear regression (p)
mit,call4,0.29456,0.2689157,0.07049,0.26783,4.0,0.16013826
all,call4,0.27101,0.19695629,0.04834999,0.24807,4.0,0.27212813
call4,rl,0.25972,0.1411317,0.029469997,0.23856,4.0,0.34436652
mit,rl,0.25822,0.24529277,0.041950002,0.23192,4.0,0.113697946
all,rl,0.25161,0.22095457,0.08377001,0.22242,4.0,0.17508698
mit,all,0.23339,0.18466154,0.02849999,0.2063,4.0,0.22074524
