X var,Y var,MIC (strength),MIC-p^2 (nonlinearity),MAS (non-monotonicity),MEV (functionality),MCN (complexity),Linear regression (p)
all,rl,0.33338,0.076061845,0.033859998,0.3207,4.807355,0.5072654
all,call4,0.27988,0.25303102,0.13585998,0.27194,4.807355,-0.16385652
mit,rl,0.22793,0.17449443,0.02188,0.21641,4.807355,0.23116133
mit,all,0.21655,0.14250761,0.025780007,0.20442,4.807355,-0.2721073
call4,rl,0.21526,0.13982485,0.12867,0.20428,4.807355,-0.2746546
mit,call4,0.21259,0.21248476,0.13075998,0.2005,4.807355,-0.01025854
