X var,Y var,MIC (strength),MIC-p^2 (nonlinearity),MAS (non-monotonicity),MEV (functionality),MCN (complexity),Linear regression (p)
call4,rl,0.26315,-0.04613042,0.012839988,0.23813,4.321928,0.5561299
all,rl,0.25554,0.079297885,0.050339997,0.23963,4.321928,0.41981202
mit,rl,0.25389,0.050519317,0.025900006,0.23306,4.321928,0.4509664
mit,call4,0.24279,0.07700652,0.046869993,0.21848,4.321928,0.40716517
all,call4,0.22372,0.093389764,0.037,0.20269,4.321928,0.3610128
mit,all,0.20123,-0.0528578,0.02127,0.18349,4.321928,0.50407124
