X var,Y var,MIC (strength),MIC-p^2 (nonlinearity),MAS (non-monotonicity),MEV (functionality),MCN (complexity),Linear regression (p)
mit,all,0.37608,0.19426282,0.08825001,0.37608,4.4594316,0.42640027
all,rl,0.23914,0.23897894,0.027779996,0.23914,4.4594316,0.012691358
mit,rl,0.2278,0.22121528,0.014120005,0.2278,4.4594316,-0.081146315
mit,call4,0.21168,0.17843568,0.14515999,0.21168,4.4594316,-0.18233024
call4,rl,0.21121,0.21040528,0.1586,0.21121,4.4594316,-0.02836773
all,call4,0.17241,0.16623177,0.13746,0.17241,4.4594316,-0.07860173
