X var,Y var,MIC (strength),MIC-p^2 (nonlinearity),MAS (non-monotonicity),MEV (functionality),MCN (complexity),Linear regression (p)
call4,rl,0.34417,-0.15745792,0.042140007,0.3309,4.807355,0.70825696
mit,all,0.22041,-0.11696155,0.013759993,0.20826,4.807355,0.58083695
mit,rl,0.20534,-0.14385304,0.021260008,0.19482,4.807355,0.5909256
all,call4,0.19998,-0.069552526,0.03397,0.1903,4.807355,0.5191652
all,rl,0.19607,-0.09065513,0.025030002,0.18527,4.807355,0.5354672
mit,call4,0.18694,-0.12172745,0.011,0.17504,4.807355,0.5555785
