X var,Y var,MIC (strength),MIC-p^2 (nonlinearity),MAS (non-monotonicity),MEV (functionality),MCN (complexity),Linear regression (p)
all,rl,0.44995,-0.01862213,0.046959996,0.44995,4.321928,0.6845233
mit,call4,0.36943,0.325912,0.16801001,0.36943,4.321928,-0.2086097
call4,rl,0.36258,0.32395858,0.17369,0.36258,4.321928,0.19652331
mit,rl,0.31653,0.081196874,0.06193,0.31653,4.321928,-0.48511145
mit,all,0.23901,0.1856681,0.022879995,0.23901,4.321928,-0.23095869
all,call4,0.21436,0.20594694,0.07970999,0.21436,4.321928,0.091722704
