X var,Y var,MIC (strength),MIC-p^2 (nonlinearity),MAS (non-monotonicity),MEV (functionality),MCN (complexity),Linear regression (p)
mit,all,0.26923,0.18470094,0.053090006,0.24871,4.321928,0.29073885
mit,call4,0.26591,0.24712846,0.058919996,0.24878,4.321928,0.13704574
call4,rl,0.25941,0.21394458,0.025069997,0.2365,4.321928,0.21322618
all,rl,0.23498,0.17512062,0.032649994,0.21508,4.321928,0.24466175
all,call4,0.23347,0.087552726,0.028389998,0.21651,4.321928,0.38199118
mit,rl,0.21837,0.20539278,0.026359998,0.19697,4.321928,0.11391761
