X var,Y var,MIC (strength),MIC-p^2 (nonlinearity),MAS (non-monotonicity),MEV (functionality),MCN (complexity),Linear regression (p)
all,rl,0.31352,0.22675133,0.07564001,0.29783,4.807355,0.29456526
call4,rl,0.24511,0.062151507,0.019329995,0.23374,4.807355,0.4277365
all,call4,0.22477,0.17114492,0.031109996,0.21115,4.807355,0.23157088
mit,all,0.21828,0.17432915,0.02696,0.20831,4.807355,0.20964459
mit,call4,0.20283,0.1758348,0.035500005,0.19039,4.807355,0.16430217
mit,rl,0.20248,0.16002968,0.02003,0.18988,4.807355,0.20603478
