X var,Y var,MIC (strength),MIC-p^2 (nonlinearity),MAS (non-monotonicity),MEV (functionality),MCN (complexity),Linear regression (p)
call4,rl,0.39687,0.2083698,0.13512002,0.38065,4.321928,0.43416607
all,call4,0.25299,0.24542177,0.057619996,0.23131,4.321928,0.08699564
all,rl,0.24508,0.21638143,0.014969997,0.22144,4.321928,0.16940652
mit,rl,0.23667,0.18335208,0.03209,0.21577,4.321928,0.23090674
mit,all,0.23359,0.17075258,0.028240003,0.21547,4.321928,0.25067395
mit,call4,0.19684,0.19276752,0.031839997,0.18066,4.321928,0.06381606
