X var,Y var,MIC (strength),MIC-p^2 (nonlinearity),MAS (non-monotonicity),MEV (functionality),MCN (complexity),Linear regression (p)
all,rl,0.21021,0.16992214,0.03395,0.19905,4.807355,0.20071834
call4,rl,0.20463,0.14031509,0.010190003,0.19692,4.807355,0.25360385
mit,all,0.20122,0.18821554,0.032280006,0.18936,4.807355,0.114037134
mit,call4,0.20099,0.13251404,0.021810003,0.19015,4.807355,0.2616791
mit,rl,0.19916,0.19200571,0.0172,0.18923,4.807355,0.08458304
all,call4,0.18227,0.17191125,0.036980003,0.17133,4.807355,0.10177793
