X var,Y var,MIC (strength),MIC-p^2 (nonlinearity),MAS (non-monotonicity),MEV (functionality),MCN (complexity),Linear regression (p)
call4,rl,0.33078,0.11394125,0.02967,0.31341,4.321928,0.46565947
mit,rl,0.30166,0.20932436,0.09578,0.27887,4.321928,0.30386782
all,rl,0.27205,0.25042766,0.03881,0.25244,4.321928,0.14704533
all,call4,0.23387,0.19196105,0.044729993,0.20849,4.321928,0.20471674
mit,call4,0.23268,0.19913675,0.04486999,0.20839,4.321928,0.18314815
mit,all,0.219,0.14957452,0.015209995,0.19755,4.321928,0.26348716
