X var,Y var,MIC (strength),MIC-p^2 (nonlinearity),MAS (non-monotonicity),MEV (functionality),MCN (complexity),Linear regression (p)
mit,all,0.29157,0.2602104,0.10638,0.29157,4.4594316,0.1770865
call4,rl,0.27498,0.17528902,0.059070006,0.27498,4.4594316,0.3157388
all,call4,0.23636,0.21954088,0.0818,0.23636,4.4594316,0.12968856
mit,call4,0.19802,0.18074436,0.02504,0.19802,4.4594316,0.13143678
mit,rl,0.19463,0.18141805,0.00869,0.19463,4.4594316,0.11494326
all,rl,0.18217,0.16928315,0.0634,0.18217,4.4594316,0.1135203
