X var,Y var,MIC (strength),MIC-p^2 (nonlinearity),MAS (non-monotonicity),MEV (functionality),MCN (complexity),Linear regression (p)
call4,rl,0.30374,0.058376938,0.03204,0.29318,4.807355,0.49534136
all,rl,0.22973,0.13763721,0.015959993,0.21552,4.807355,0.30346793
mit,all,0.22525,0.16256303,0.02080001,0.21296,4.807355,0.2503737
mit,call4,0.22176,0.16075195,0.040099993,0.20608,4.807355,0.24699807
mit,rl,0.21322,0.14213276,0.018360004,0.19949,4.807355,0.26662192
all,call4,0.17951,0.12428475,0.021740004,0.16663,4.807355,0.23500052
