X var,Y var,MIC (strength),MIC-p^2 (nonlinearity),MAS (non-monotonicity),MEV (functionality),MCN (complexity),Linear regression (p)
mit,all,0.27893,0.18564399,0.05803001,0.27893,4.321928,0.3054276
call4,rl,0.27357,0.14675859,0.026649997,0.27357,4.321928,0.3561059
all,rl,0.26184,0.18673241,0.05893998,0.26184,4.321928,0.27405763
all,call4,0.23964,0.17582558,0.044310004,0.23964,4.321928,0.25261515
mit,call4,0.21628,0.21207905,0.04858,0.21628,4.321928,0.06481478
mit,rl,0.21544,0.21142265,0.02284,0.21544,4.321928,0.063382596
