X var,Y var,MIC (strength),MIC-p^2 (nonlinearity),MAS (non-monotonicity),MEV (functionality),MCN (complexity),Linear regression (p)
all,rl,0.26876,0.24323297,0.03999,0.25146,4.4594316,0.15977181
call4,rl,0.26487,0.20307137,0.06618999,0.24353,4.4594316,0.24859327
all,call4,0.24984,0.24580905,0.032770008,0.22931,4.4594316,0.06348984
mit,call4,0.24838,0.23269251,0.07896,0.22739,4.4594316,0.12524973
mit,all,0.23224,0.21318401,0.05157,0.2165,4.4594316,0.13804345
mit,rl,0.21463,0.13052234,0.036530003,0.19888,4.4594316,0.2900132
