X var,Y var,MIC (strength),MIC-p^2 (nonlinearity),MAS (non-monotonicity),MEV (functionality),MCN (complexity),Linear regression (p)
call4,rl,0.3391,0.23678136,0.0431,0.32827,4.807355,0.31987286
mit,call4,0.24403,0.20515068,0.041879997,0.23139,4.807355,0.19717841
all,rl,0.22705,0.16089076,0.02644001,0.21595,4.807355,0.2572144
mit,rl,0.2184,0.17582273,0.030609995,0.20694,4.807355,0.20634258
all,call4,0.20497,0.17343536,0.014360003,0.19202,4.807355,0.17757998
mit,all,0.18599,0.15758325,0.011470005,0.17508,4.807355,0.16854304
