X var,Y var,MIC (strength),MIC-p^2 (nonlinearity),MAS (non-monotonicity),MEV (functionality),MCN (complexity),Linear regression (p)
call4,rl,0.25583,0.21760705,0.057950005,0.25583,4.4594316,0.19550686
all,rl,0.21226,0.19864458,0.062479988,0.21226,4.4594316,0.116685115
mit,rl,0.18059,0.18043673,0.01798001,0.18059,4.4594316,0.012380207
mit,all,0.1775,0.1763782,0.018580005,0.1775,4.4594316,0.033493053
all,call4,0.15333,0.15268484,0.03542,0.15333,4.4594316,0.025399996
mit,call4,0.14381,0.1437778,0.023370005,0.14381,4.4594316,0.005674386
