X var,Y var,MIC (strength),MIC-p^2 (nonlinearity),MAS (non-monotonicity),MEV (functionality),MCN (complexity),Linear regression (p)
mit,rl,0.32334,0.31212464,0.088520005,0.30417,4.321928,0.10590253
call4,rl,0.2909,0.24048428,0.03463,0.26763,4.321928,0.22453442
all,call4,0.26866,0.14757526,0.039570004,0.2471,4.321928,0.34797233
mit,all,0.25525,0.17738427,0.057400003,0.23455,4.321928,0.27904433
all,rl,0.24677,0.18824962,0.05077,0.23147,4.321928,0.24190986
mit,call4,0.22952,0.21705776,0.02629,0.20788,4.321928,0.11163433
