X var,Y var,MIC (strength),MIC-p^2 (nonlinearity),MAS (non-monotonicity),MEV (functionality),MCN (complexity),Linear regression (p)
all,rl,0.53451,0.05507487,0.14640999,0.52391,4.807355,0.69241256
mit,rl,0.35078,0.32514685,0.03955002,0.3318,4.807355,-0.16010362
mit,all,0.21909,0.21812204,0.03216,0.20788,4.807355,0.031112216
all,call4,0.19932,0.18761155,0.14696,0.18466,4.807355,-0.10820561
mit,call4,0.1732,0.17157522,0.15207,0.16572,4.807355,-0.040308584
call4,rl,0.16961,0.16460845,0.13777,0.16001,4.807355,-0.07072158
