X var,Y var,MIC (strength),MIC-p^2 (nonlinearity),MAS (non-monotonicity),MEV (functionality),MCN (complexity),Linear regression (p)
all,call4,0.31444,0.24292979,0.051010013,0.28693,4.321928,0.26741397
mit,call4,0.26124,0.25737828,0.07987,0.23565,4.321928,0.062142804
all,rl,0.25958,0.24996257,0.083249986,0.23237,4.321928,0.098068446
mit,all,0.23253,0.23225251,0.030529998,0.21104,4.321928,-0.016658101
call4,rl,0.2272,0.19862877,0.030790001,0.20756,4.321928,0.16903026
mit,rl,0.21738,0.2169753,0.019390002,0.19537,4.321928,0.020117158
