X var,Y var,MIC (strength),MIC-p^2 (nonlinearity),MAS (non-monotonicity),MEV (functionality),MCN (complexity),Linear regression (p)
call4,rl,0.35995,-0.10490888,0.05632001,0.34735,4.807355,0.6818056
all,rl,0.23572,0.16121098,0.059959993,0.22008,4.807355,0.2729634
mit,rl,0.2121,0.20773591,0.025789998,0.20048,4.807355,0.066061266
all,call4,0.20408,0.15593466,0.026940003,0.18967,4.807355,0.21942046
mit,call4,0.19443,0.16189075,0.019770004,0.18465,4.807355,0.1803864
mit,all,0.17384,0.15497933,0.008299999,0.16154,4.807355,0.13733415
