X var,Y var,MIC (strength),MIC-p^2 (nonlinearity),MAS (non-monotonicity),MEV (functionality),MCN (complexity),Linear regression (p)
mit,all,0.29419,0.24387129,0.05427,0.26594,4.0,0.22431831
call4,rl,0.29411,0.11718938,0.032529995,0.27262,4.0,0.42061934
all,call4,0.2817,0.20023754,0.01986,0.24728,4.0,0.28541628
mit,call4,0.27525,0.18325941,0.07361999,0.25686,4.0,0.3032995
mit,rl,0.237,0.19949295,0.038300008,0.21295,4.0,0.19366738
all,rl,0.23105,0.19923334,0.028699994,0.20703,4.0,0.17837226
