X var,Y var,MIC (strength),MIC-p^2 (nonlinearity),MAS (non-monotonicity),MEV (functionality),MCN (complexity),Linear regression (p)
call4,rl,0.17917,0.022855952,0.03616999,0.17917,3.5849626,0.39536572
mit,call4,0.16385,0.076712325,0.050199993,0.16385,4.4594316,0.2951909
all,call4,0.13666,0.09932416,0.01782,0.13666,4.4594316,0.19322483
mit,rl,0.12622,0.0586285,0.014660001,0.12622,4.4594316,0.25998366
mit,all,0.12299,0.034570374,0.016109996,0.12299,4.4594316,0.29735437
all,rl,0.12295,0.09807563,0.020610005,0.12295,4.4594316,0.15771613
