X var,Y var,MIC (strength),MIC-p^2 (nonlinearity),MAS (non-monotonicity),MEV (functionality),MCN (complexity),Linear regression (p)
mit,all,0.32299,0.25905916,0.10849999,0.32299,4.321928,0.2528455
all,rl,0.30679,0.27234942,0.056229994,0.30679,4.321928,0.18558176
call4,rl,0.29976,0.2351108,0.021020025,0.29976,4.321928,0.2542621
mit,rl,0.25045,0.25021935,0.04653,0.25045,4.321928,0.0151871545
all,call4,0.23816,0.20478888,0.05156,0.23816,4.321928,0.18267763
mit,call4,0.23764,0.23702355,0.03177999,0.23764,4.321928,0.024828376
