X var,Y var,MIC (strength),MIC-p^2 (nonlinearity),MAS (non-monotonicity),MEV (functionality),MCN (complexity),Linear regression (p)
call4,rl,0.27393,0.12635209,0.026720002,0.2629,4.807355,0.38415873
all,rl,0.25279,0.1887253,0.034889996,0.2401,4.807355,0.25311008
all,call4,0.23674,0.19412567,0.030260004,0.22409,4.807355,0.20643237
mit,call4,0.20799,0.18939582,0.01624,0.19631,4.807355,0.13636051
mit,all,0.19164,0.16865584,0.008880004,0.18061,4.807355,0.15160528
mit,rl,0.1879,0.15938228,0.022629999,0.17867,4.807355,0.16887191
