X var,Y var,MIC (strength),MIC-p^2 (nonlinearity),MAS (non-monotonicity),MEV (functionality),MCN (complexity),Linear regression (p)
call4,rl,0.34847,0.18592095,0.0826,0.33348,4.807355,0.4031737
mit,call4,0.23057,0.18126354,0.029320002,0.21818,4.807355,0.22205059
all,rl,0.2244,0.1382511,0.02329,0.21207,4.807355,0.29351133
mit,all,0.21257,0.1694224,0.016929999,0.20176,4.807355,0.20772
mit,rl,0.20681,0.15323387,0.020109996,0.19571,4.807355,0.23146518
all,call4,0.19085,0.15181968,0.037469998,0.17638,4.807355,0.19756095
