X var,Y var,MIC (strength),MIC-p^2 (nonlinearity),MAS (non-monotonicity),MEV (functionality),MCN (complexity),Linear regression (p)
call4,rl,0.29028,0.21141908,0.06266001,0.2746,4.4594316,0.2808219
mit,rl,0.27383,0.20109919,0.047140002,0.25339,4.4594316,0.26968652
all,rl,0.267,0.22023132,0.03663999,0.24897,4.4594316,0.21626066
mit,all,0.24101,0.21824624,0.035909995,0.21891,4.4594316,0.15087664
mit,call4,0.22028,0.20650813,0.02792,0.19927,4.4594316,0.11735367
all,call4,0.1919,0.17324956,0.073350005,0.1757,4.4594316,0.13656661
