X var,Y var,MIC (strength),MIC-p^2 (nonlinearity),MAS (non-monotonicity),MEV (functionality),MCN (complexity),Linear regression (p)
mit,rl,0.312,0.24948737,0.04852,0.29947,4.321928,0.25002527
call4,rl,0.28595,0.15939327,0.04913999,0.26852,4.321928,0.35574815
mit,all,0.20466,0.19060327,0.02031,0.18645,4.321928,0.118561044
all,call4,0.19775,0.18273471,0.023640007,0.18187,4.321928,0.12253691
all,rl,0.18738,0.18699722,0.006179996,0.1709,4.321928,-0.019564655
mit,call4,0.17522,0.15767261,0.02042,0.15812,4.321928,0.13246657
