X var,Y var,MIC (strength),MIC-p^2 (nonlinearity),MAS (non-monotonicity),MEV (functionality),MCN (complexity),Linear regression (p)
call4,rl,0.29769,-0.020640224,0.053940013,0.29769,4.4594316,0.5642076
mit,all,0.24929,0.0047080666,0.06606001,0.24929,4.4594316,0.49455225
mit,rl,0.22652,0.03129469,0.03723,0.22652,4.4594316,0.4418431
all,call4,0.21954,0.09202175,0.042889997,0.21954,4.4594316,0.35709697
mit,call4,0.21696,-0.0055021644,0.026019998,0.21696,4.4594316,0.47165895
all,rl,0.21648,0.101024404,0.048189998,0.21648,4.4594316,0.33978757
