X var,Y var,MIC (strength),MIC-p^2 (nonlinearity),MAS (non-monotonicity),MEV (functionality),MCN (complexity),Linear regression (p)
call4,rl,0.26011,0.21382415,0.042359993,0.26011,4.4594316,0.21514142
mit,all,0.25972,0.24514051,0.049209997,0.25972,4.4594316,0.120745584
mit,rl,0.24924,0.2361355,0.028730005,0.24924,4.4594316,0.1144749
mit,call4,0.23329,0.22531275,0.015129998,0.23329,4.4594316,0.08931547
all,rl,0.23202,0.22809282,0.030440003,0.23202,4.4594316,0.06266726
all,call4,0.23139,0.22931653,0.03519,0.23139,4.4594316,0.04553534
