X var,Y var,MIC (strength),MIC-p^2 (nonlinearity),MAS (non-monotonicity),MEV (functionality),MCN (complexity),Linear regression (p)
all,rl,0.29198,0.20729902,0.09684999,0.27892,4.807355,0.29099995
call4,rl,0.24251,0.07318129,0.018010005,0.23051,4.807355,0.41149572
mit,rl,0.21926,0.17705864,0.04884,0.2066,4.807355,0.20542973
all,call4,0.19713,0.14801717,0.019199997,0.18571,4.807355,0.22161414
mit,call4,0.19461,0.17387456,0.029550001,0.18105,4.807355,0.14399804
mit,all,0.17648,0.13311175,0.010740001,0.16456,4.807355,0.20825043
