X var,Y var,MIC (strength),MIC-p^2 (nonlinearity),MAS (non-monotonicity),MEV (functionality),MCN (complexity),Linear regression (p)
call4,rl,0.27695,0.1638784,0.04407002,0.26592,4.807355,0.3362612
all,call4,0.25539,0.21990632,0.030559987,0.24003,4.807355,0.1883711
all,rl,0.23284,0.18251574,0.03598,0.21902,4.807355,0.22433071
mit,rl,0.23177,0.2096167,0.041429996,0.21945,4.807355,0.14883979
mit,all,0.20023,0.1849791,0.017959997,0.18821,4.807355,0.12349455
mit,call4,0.1777,0.16975446,0.026549995,0.1663,4.807355,0.08913778
