X var,Y var,MIC (strength),MIC-p^2 (nonlinearity),MAS (non-monotonicity),MEV (functionality),MCN (complexity),Linear regression (p)
call4,rl,0.17401,0.08906919,0.034729987,0.16297,4.321928,0.29144606
all,call4,0.13955,0.054279476,0.041319996,0.1332,4.321928,0.29201117
all,rl,0.12979,0.10438491,0.032640003,0.12211,4.321928,0.15938973
mit,all,0.12391,0.06643756,0.019419998,0.11884,4.321928,0.23973411
mit,call4,0.11314,0.05126318,0.024609998,0.10755,4.321928,0.24875052
mit,rl,0.09975,0.06764531,0.0068299994,0.09064,4.321928,0.1791778
