X var,Y var,MIC (strength),MIC-p^2 (nonlinearity),MAS (non-monotonicity),MEV (functionality),MCN (complexity),Linear regression (p)
all,rl,0.36062,-0.3841972,0.051349983,0.35036,4.807355,0.86302793
mit,all,0.22467,0.21130201,0.044919997,0.21223,4.807355,-0.11561996
mit,call4,0.21655,0.14725564,0.065280005,0.20527,4.807355,-0.2632382
mit,rl,0.213,0.15618886,0.03344,0.20605,4.807355,-0.23835088
all,call4,0.19122,0.05670902,0.11226,0.18206,4.807355,0.3667574
call4,rl,0.17289,-0.12620269,0.06883999,0.16635,4.807355,0.54689366
