X var,Y var,MIC (strength),MIC-p^2 (nonlinearity),MAS (non-monotonicity),MEV (functionality),MCN (complexity),Linear regression (p)
call4,rl,0.3381,0.07082304,0.119139984,0.32381,4.0,0.51698834
mit,all,0.3147,0.13866027,0.052590013,0.29403,4.0,0.4195709
mit,rl,0.22301,0.1222329,0.073479995,0.21047,4.0,0.3174541
all,call4,0.20661,0.066285,0.047189996,0.19258,4.0,0.37459978
mit,call4,0.1874,0.089433655,0.022179998,0.17028,4.0,0.31299576
all,rl,0.14959,0.082569145,0.03322,0.13896,4.0,0.25888386
