X var,Y var,MIC (strength),MIC-p^2 (nonlinearity),MAS (non-monotonicity),MEV (functionality),MCN (complexity),Linear regression (p)
all,rl,0.28587,0.27012157,0.022890002,0.28587,4.321928,0.12549269
call4,rl,0.25281,0.21600617,0.04896,0.25281,4.321928,0.19184324
mit,all,0.21381,0.18253672,0.043719992,0.21381,4.321928,0.17684254
all,call4,0.20671,0.17748356,0.01946,0.20671,4.321928,0.1709574
mit,call4,0.20663,0.20616618,0.0282,0.20663,4.321928,-0.021536605
mit,rl,0.19748,0.19693974,0.03361001,0.19748,4.321928,0.023243384
