X var,Y var,MIC (strength),MIC-p^2 (nonlinearity),MAS (non-monotonicity),MEV (functionality),MCN (complexity),Linear regression (p)
call4,rl,0.28083,0.25166145,0.061749995,0.28083,4.4594316,0.17078803
mit,all,0.26336,0.25668728,0.06478,0.26336,4.4594316,0.08168673
all,rl,0.22834,0.22527465,0.024839997,0.22834,4.4594316,0.055365615
mit,call4,0.22159,0.21729344,0.0264,0.22159,4.4594316,0.0655481
mit,rl,0.20408,0.19685413,0.019220002,0.20408,4.4594316,0.085005134
all,call4,0.19603,0.1950663,0.020659998,0.19603,4.4594316,0.031043602
