X var,Y var,MIC (strength),MIC-p^2 (nonlinearity),MAS (non-monotonicity),MEV (functionality),MCN (complexity),Linear regression (p)
all,rl,0.35316,-0.24082252,0.017590001,0.33282,4.321928,0.7707026
mit,all,0.27527,0.26099402,0.030839995,0.2597,4.321928,-0.11948214
mit,rl,0.22363,0.19943938,0.03192,0.19917,4.321928,-0.15553333
all,call4,0.19449,0.18906325,0.13104,0.18231,4.321928,-0.07366651
call4,rl,0.18841,0.18808788,0.11041,0.16977,4.321928,0.017947476
mit,call4,0.16165,0.16110441,0.12035,0.14593,4.321928,-0.023357969
