X var,Y var,MIC (strength),MIC-p^2 (nonlinearity),MAS (non-monotonicity),MEV (functionality),MCN (complexity),Linear regression (p)
call4,rl,0.24943,0.2064584,0.019120008,0.22973,4.321928,0.20729592
mit,call4,0.2411,0.23403445,0.038719997,0.22014,4.321928,0.084056854
all,call4,0.23239,0.21345238,0.029399998,0.214,4.321928,0.13761401
mit,all,0.22691,0.22503316,0.04783,0.20546,4.321928,0.04332233
mit,rl,0.22191,0.21891804,0.03927999,0.19938,4.321928,-0.05469886
all,rl,0.21585,0.21518908,0.02507,0.19546,4.321928,-0.025708066
