X var,Y var,MIC (strength),MIC-p^2 (nonlinearity),MAS (non-monotonicity),MEV (functionality),MCN (complexity),Linear regression (p)
all,rl,0.43817,0.06559679,0.036739975,0.42937,4.4594316,0.61038774
mit,all,0.42749,0.30918682,0.14262,0.41392,4.4594316,-0.34395227
mit,rl,0.36545,0.2618236,0.16428,0.34609,4.4594316,-0.32191053
all,call4,0.24981,0.23730363,0.15805,0.24688,4.4594316,0.111831844
mit,call4,0.2202,0.17269051,0.16529,0.19901,4.4594316,-0.21796672
call4,rl,0.18784,-0.027150273,0.0744,0.18508,4.4594316,0.46367043
