X var,Y var,MIC (strength),MIC-p^2 (nonlinearity),MAS (non-monotonicity),MEV (functionality),MCN (complexity),Linear regression (p)
mit,all,0.18604,0.046612352,0.058860004,0.18604,4.321928,0.37340012
call4,rl,0.18507,-0.013754547,0.022480004,0.18507,4.321928,0.44589746
all,rl,0.1604,0.035444386,0.0317,0.1604,4.321928,0.35349062
all,call4,0.14696,0.027738541,0.02555,0.14696,4.321928,0.3452846
mit,call4,0.13799,0.106083795,0.017950006,0.13799,4.321928,0.17862308
mit,rl,0.12818,0.09204907,0.05703,0.12818,4.321928,0.19008137
