X var,Y var,MIC (strength),MIC-p^2 (nonlinearity),MAS (non-monotonicity),MEV (functionality),MCN (complexity),Linear regression (p)
all,rl,0.49669,-0.30703226,0.04245001,0.48693,4.807355,0.8965056
mit,all,0.33217,0.32954437,0.17086,0.32162,4.807355,-0.05124113
call4,rl,0.28037,0.2721754,0.14389,0.27178,4.807355,0.090524025
mit,call4,0.2754,0.12064026,0.07584,0.26131,4.807355,-0.39339516
mit,rl,0.23447,0.17580128,0.028159998,0.22254,4.807355,-0.24221627
all,call4,0.20921,0.20554751,0.101339996,0.19809,4.807355,-0.060518492
