X var,Y var,MIC (strength),MIC-p^2 (nonlinearity),MAS (non-monotonicity),MEV (functionality),MCN (complexity),Linear regression (p)
mit,all,0.38188,0.23369907,0.079759985,0.34425,4.0,0.38494274
call4,rl,0.34332,0.20262848,0.024759993,0.31555,4.0,0.3750887
mit,call4,0.30725,0.29193473,0.08114,0.27908,4.0,0.12375482
all,rl,0.26214,0.25796852,0.046339996,0.2406,4.0,0.06458704
mit,rl,0.25596,0.23879355,0.07451999,0.23421,4.0,0.13102074
all,call4,0.24778,0.22139469,0.0331,0.22574,4.0,0.16243553
