X var,Y var,MIC (strength),MIC-p^2 (nonlinearity),MAS (non-monotonicity),MEV (functionality),MCN (complexity),Linear regression (p)
call4,rl,0.31647,0.095910996,0.022159994,0.30216,4.807355,0.4696371
all,rl,0.2383,0.14988247,0.025480002,0.22193,4.807355,0.29735085
mit,all,0.23454,0.18661103,0.0056200027,0.2229,4.807355,0.21892688
mit,rl,0.22894,0.16571833,0.018420003,0.21582,4.807355,0.25143918
mit,call4,0.22152,0.15159369,0.031530008,0.20803,4.807355,0.26443586
all,call4,0.19637,0.15039884,0.024530008,0.18353,4.807355,0.21440887
