X var,Y var,MIC (strength),MIC-p^2 (nonlinearity),MAS (non-monotonicity),MEV (functionality),MCN (complexity),Linear regression (p)
all,rl,0.30906,-0.06580958,0.044650003,0.29648,4.4594316,0.61226594
call4,rl,0.24651,-0.041351527,0.091690004,0.23265,4.4594316,0.5365273
all,call4,0.21257,0.14716908,0.113309994,0.19768,4.4594316,0.25573602
mit,all,0.20275,0.10761285,0.028719999,0.18791,4.4594316,-0.3084431
mit,rl,0.19187,0.17318834,0.06531,0.17592,4.4594316,-0.13668087
mit,call4,0.19119,0.18920365,0.08021001,0.17156,4.4594316,-0.044568587
