X var,Y var,MIC (strength),MIC-p^2 (nonlinearity),MAS (non-monotonicity),MEV (functionality),MCN (complexity),Linear regression (p)
mit,all,0.3617,0.23860939,0.033189982,0.33444,4.0,0.3508427
call4,rl,0.35447,0.20314458,0.04967001,0.32689,4.0,0.3890057
mit,call4,0.26168,0.24189138,0.03046,0.24393,4.0,0.14067206
all,rl,0.25472,0.24364676,0.05408001,0.23205,4.0,0.1052295
mit,rl,0.23796,0.20891051,0.027999997,0.21369,4.0,0.17043908
all,call4,0.20947,0.1558659,0.018579997,0.18689,4.0,0.23152561
