X var,Y var,MIC (strength),MIC-p^2 (nonlinearity),MAS (non-monotonicity),MEV (functionality),MCN (complexity),Linear regression (p)
call4,rl,0.26297,-0.04662031,0.035280004,0.25489,4.807355,0.5564084
all,call4,0.13196,0.043764338,0.044450007,0.12628,4.807355,0.29697755
mit,all,0.131,0.03018824,0.038179994,0.12685,4.807355,0.31750867
mit,rl,0.13071,0.01946219,0.02205,0.12348,4.807355,0.33353832
all,rl,0.12047,0.0080179125,0.012210004,0.11489,4.807355,0.33533877
mit,call4,0.11631,8.1063807E-4,0.00942,0.1121,4.807355,0.33985198
