X var,Y var,MIC (strength),MIC-p^2 (nonlinearity),MAS (non-monotonicity),MEV (functionality),MCN (complexity),Linear regression (p)
call4,rl,0.29372,0.11629477,0.022850007,0.27803,4.321928,0.42121875
mit,rl,0.25354,0.16999888,0.022969991,0.23459,4.321928,0.2890348
all,rl,0.24246,0.22178902,0.019229993,0.21714,4.321928,0.14377405
mit,all,0.23957,0.1839651,0.03417,0.21873,4.321928,0.23580691
mit,call4,0.21302,0.18554641,0.04637,0.19627,4.321928,0.16575159
all,call4,0.20965,0.16816023,0.02116999,0.19071,4.321928,0.20369038
