X var,Y var,MIC (strength),MIC-p^2 (nonlinearity),MAS (non-monotonicity),MEV (functionality),MCN (complexity),Linear regression (p)
mit,call4,0.27588,0.260628,0.062140003,0.25392,4.321928,0.123498954
mit,rl,0.25805,0.24391328,0.032010004,0.23406,4.321928,0.11889795
all,call4,0.25746,0.12377429,0.02533999,0.2318,4.321928,0.36563057
call4,rl,0.24969,0.18970506,0.07012,0.23677,4.321928,0.24491823
all,rl,0.24355,0.18016762,0.020489998,0.22601,4.321928,0.25175858
mit,all,0.23583,0.16950533,0.04174999,0.22032,4.321928,0.25753576
