X var,Y var,MIC (strength),MIC-p^2 (nonlinearity),MAS (non-monotonicity),MEV (functionality),MCN (complexity),Linear regression (p)
all,rl,0.36325,-0.052048475,0.037200004,0.36325,4.321928,0.64443654
mit,all,0.32688,0.1889432,0.031169996,0.3104,4.4594316,-0.37139845
mit,rl,0.29513,0.21892542,0.11942002,0.27324,4.4594316,-0.2760518
mit,call4,0.29061,0.1848399,0.18703999,0.27857,4.4594316,-0.32522312
call4,rl,0.24474,-0.16794439,0.057480007,0.24419,4.4594316,0.64240515
all,call4,0.18983,0.06588948,0.07991,0.177,4.4594316,0.35205188
