X var,Y var,MIC (strength),MIC-p^2 (nonlinearity),MAS (non-monotonicity),MEV (functionality),MCN (complexity),Linear regression (p)
all,rl,0.28866,0.24269353,0.033370003,0.27647,4.807355,0.21439789
mit,all,0.23298,0.19688359,0.04213001,0.22071,4.807355,-0.18999054
mit,rl,0.22434,0.1720318,0.035109997,0.2125,4.807355,-0.22870986
call4,rl,0.21676,0.21023516,0.16059,0.20487,4.807355,-0.080776416
all,call4,0.21366,0.20425174,0.14453,0.20213,4.807355,-0.09699618
mit,call4,0.15985,0.14916204,0.11195,0.14973,4.807355,-0.1033826
