X var,Y var,MIC (strength),MIC-p^2 (nonlinearity),MAS (non-monotonicity),MEV (functionality),MCN (complexity),Linear regression (p)
all,rl,0.37899,-0.34608412,0.04337001,0.37899,4.169925,0.85151285
mit,all,0.22909,0.19154333,0.05848001,0.22909,4.321928,-0.19376966
mit,rl,0.18763,0.15547161,0.05004999,0.18763,4.321928,-0.17932759
mit,call4,0.16866,0.13711348,0.12087,0.16866,4.169925,-0.1776134
all,call4,0.15616,0.15414263,0.13058999,0.15616,4.169925,-0.044915024
call4,rl,0.11866,0.11810828,0.09274,0.11866,3.807355,-0.023488851
