X var,Y var,MIC (strength),MIC-p^2 (nonlinearity),MAS (non-monotonicity),MEV (functionality),MCN (complexity),Linear regression (p)
call4,rl,0.38149,0.0043182075,0.101610005,0.36403,4.807355,0.61414313
mit,rl,0.24915,0.22570008,0.070779994,0.23319,4.807355,0.15313362
all,call4,0.22864,0.1617338,0.03491001,0.21815,4.807355,0.25866234
all,rl,0.20612,0.12625928,0.03282,0.19358,4.807355,0.28259638
mit,all,0.18377,0.16940193,0.03711001,0.17113,4.807355,0.1198669
mit,call4,0.17664,0.12678315,0.017439999,0.16658,4.807355,0.22328648
