X var,Y var,MIC (strength),MIC-p^2 (nonlinearity),MAS (non-monotonicity),MEV (functionality),MCN (complexity),Linear regression (p)
call4,rl,0.28684,0.11387651,0.052970007,0.27792,4.807355,0.4158888
mit,all,0.22457,0.18865293,0.02982001,0.215,4.807355,0.189518
mit,rl,0.22273,0.16057892,0.015610002,0.20786,4.807355,0.24930118
mit,call4,0.22036,0.118374355,0.024910003,0.20651,4.807355,0.3193519
all,rl,0.20218,0.123763256,0.017300002,0.18949,4.807355,0.2800299
all,call4,0.18017,0.13847342,0.018630005,0.17153,4.807355,0.2041974
