X var,Y var,MIC (strength),MIC-p^2 (nonlinearity),MAS (non-monotonicity),MEV (functionality),MCN (complexity),Linear regression (p)
all,rl,0.44385,-0.06902453,0.09664002,0.44385,4.321928,0.7161526
mit,all,0.30554,0.14992072,0.11412999,0.30554,4.321928,-0.3944861
mit,call4,0.29712,0.20838162,0.10896,0.29712,4.321928,-0.2978899
all,call4,0.26823,0.2564409,0.1431,0.26823,4.321928,0.10857761
mit,rl,0.24791,0.13658363,0.042739995,0.24791,4.321928,-0.33365607
call4,rl,0.19226,0.13703147,0.032639995,0.19226,4.321928,0.23500751
