X var,Y var,MIC (strength),MIC-p^2 (nonlinearity),MAS (non-monotonicity),MEV (functionality),MCN (complexity),Linear regression (p)
call4,rl,0.32348,0.2973053,0.099130005,0.29268,4.321928,0.16178608
mit,rl,0.25834,0.25549376,0.08777,0.22983,4.321928,0.05335011
mit,all,0.25262,0.22167611,0.021160007,0.22363,4.321928,0.17590877
all,call4,0.24867,0.1389239,0.026410006,0.23148,4.321928,0.3312795
mit,call4,0.23282,0.22894649,0.009560004,0.20581,4.321928,0.062237594
all,rl,0.20851,0.1520556,0.015600003,0.19109,4.321928,0.23760132
