X var,Y var,MIC (strength),MIC-p^2 (nonlinearity),MAS (non-monotonicity),MEV (functionality),MCN (complexity),Linear regression (p)
call4,rl,0.40316,-0.00789398,0.13246,0.38064,4.321928,0.6411349
mit,call4,0.24724,0.091470316,0.043479994,0.22903,4.321928,0.3946767
all,rl,0.24314,0.064449504,0.033299997,0.21865,4.321928,0.422718
all,call4,0.23771,0.11476694,0.04505001,0.21644,4.321928,0.35063237
mit,rl,0.23771,6.9001317E-4,0.028919995,0.22218,4.321928,0.48684698
mit,all,0.22615,-0.087658316,0.027460001,0.20761,4.321928,0.56018597
