X var,Y var,MIC (strength),MIC-p^2 (nonlinearity),MAS (non-monotonicity),MEV (functionality),MCN (complexity),Linear regression (p)
call4,rl,0.33954,0.12879923,0.06421,0.32166,4.4594316,0.4590651
all,rl,0.2378,0.18412417,0.040479995,0.22247,4.4594316,0.23168047
mit,all,0.2318,0.18159184,0.024010003,0.21357,4.4594316,0.2240718
mit,rl,0.22945,0.13892834,0.020950004,0.20983,4.4594316,0.30086818
mit,call4,0.22887,0.20431405,0.028519996,0.21313,4.4594316,0.15670338
all,call4,0.20329,0.18254215,0.029299997,0.18722,4.4594316,0.14404118
