X var,Y var,MIC (strength),MIC-p^2 (nonlinearity),MAS (non-monotonicity),MEV (functionality),MCN (complexity),Linear regression (p)
all,rl,0.43166,0.014156193,0.056899995,0.41888,4.807355,0.64614534
mit,rl,0.34378,0.22144301,0.06324001,0.33254,4.807355,-0.34976706
all,call4,0.26533,0.19896673,0.15512998,0.25289,4.807355,-0.25761068
mit,all,0.23445,0.23017257,0.014849998,0.21981,4.807355,-0.06540207
mit,call4,0.20229,0.20036528,0.12719,0.19087,4.807355,-0.043871716
call4,rl,0.17116,0.1510167,0.0972,0.16415,4.807355,-0.1419271
