X var,Y var,MIC (strength),MIC-p^2 (nonlinearity),MAS (non-monotonicity),MEV (functionality),MCN (complexity),Linear regression (p)
call4,rl,0.32071,0.25789848,0.057119995,0.29003,4.321928,0.25062227
mit,all,0.26625,0.26624146,0.06782,0.2538,4.321928,0.0029265978
all,call4,0.25581,0.17143594,0.04117001,0.23822,4.321928,0.29047212
all,rl,0.22999,0.218336,0.020390004,0.20894,4.321928,0.10795371
mit,rl,0.2292,0.22687764,0.038959995,0.21288,4.321928,0.048190936
mit,call4,0.21154,0.20012595,0.040369995,0.19357,4.321928,0.106836565
