X var,Y var,MIC (strength),MIC-p^2 (nonlinearity),MAS (non-monotonicity),MEV (functionality),MCN (complexity),Linear regression (p)
all,rl,0.28828,0.023806304,0.06378001,0.27248,4.807355,0.51427007
call4,rl,0.25618,-0.10557598,0.03216,0.2452,4.807355,0.6014615
mit,all,0.21956,-0.09078482,0.014430001,0.20887,4.807355,0.557086
all,call4,0.2053,-9.843707E-4,0.04502,0.19157,4.807355,0.4541854
mit,rl,0.20212,-0.08607766,0.02315,0.18936,4.807355,0.53684044
mit,call4,0.18591,-0.115673974,0.02899,0.17352,4.807355,0.5491666
