X var,Y var,MIC (strength),MIC-p^2 (nonlinearity),MAS (non-monotonicity),MEV (functionality),MCN (complexity),Linear regression (p)
all,call4,0.27598,0.15494919,0.036720008,0.24982,4.321928,0.34789482
mit,rl,0.26726,0.1865285,0.045220003,0.24698,4.321928,0.28413287
call4,rl,0.24722,0.17279035,0.037719995,0.22306,4.321928,0.27281797
mit,all,0.24238,0.16727546,0.04074,0.21834,4.321928,0.27405208
all,rl,0.23998,0.14731826,0.03439001,0.21548,4.321928,0.3044039
mit,call4,0.22858,0.14929256,0.028290004,0.2042,4.321928,0.28158024
