X var,Y var,MIC (strength),MIC-p^2 (nonlinearity),MAS (non-monotonicity),MEV (functionality),MCN (complexity),Linear regression (p)
all,call4,0.28022,0.18106154,0.09199001,0.25541,4.321928,0.31489438
all,rl,0.26288,0.19188577,0.050850004,0.24468,4.321928,0.26644742
mit,call4,0.23014,0.21546564,0.030450001,0.20956,4.321928,0.12113782
mit,rl,0.22132,0.21069337,0.040539995,0.20388,4.321928,0.10308555
mit,all,0.2132,0.17180581,0.050180003,0.19814,4.321928,0.20345563
call4,rl,0.20906,0.15132946,0.01997,0.18875,4.321928,0.2402718
