X var,Y var,MIC (strength),MIC-p^2 (nonlinearity),MAS (non-monotonicity),MEV (functionality),MCN (complexity),Linear regression (p)
call4,rl,0.319,0.10125661,0.027290002,0.30219,4.321928,0.46662983
mit,rl,0.28986,0.20256174,0.042440012,0.26915,4.321928,0.29546282
all,rl,0.25415,0.23190385,0.029270008,0.23546,4.321928,0.14915146
mit,all,0.2535,0.20091186,0.060690008,0.23441,4.321928,0.22932106
all,call4,0.2209,0.18910785,0.058679998,0.20219,4.321928,0.17830354
mit,call4,0.18926,0.16038084,0.020389996,0.17362,4.321928,0.16993871
