X var,Y var,MIC (strength),MIC-p^2 (nonlinearity),MAS (non-monotonicity),MEV (functionality),MCN (complexity),Linear regression (p)
mit,all,0.28205,0.2643001,0.101789996,0.25891,4.0,0.13322873
all,call4,0.27658,0.20375654,0.06418,0.23789,4.0,0.26985824
call4,rl,0.23933,0.18451539,0.05940999,0.22247,4.0,0.23412518
mit,call4,0.23146,0.21472487,0.01585,0.20488,4.0,0.12936434
all,rl,0.21989,0.2189908,0.0331,0.20106,4.0,0.02998659
mit,rl,0.19179,0.19114015,0.019989997,0.17467,4.0,0.025492106
