X var,Y var,MIC (strength),MIC-p^2 (nonlinearity),MAS (non-monotonicity),MEV (functionality),MCN (complexity),Linear regression (p)
all,rl,0.52868,0.033425182,0.048749983,0.52868,4.321928,0.70374346
mit,call4,0.33797,0.20205039,0.14021999,0.33797,4.321928,-0.36867276
mit,all,0.31492,0.30952635,0.12604001,0.31492,4.321928,-0.07344144
mit,rl,0.28808,0.22709112,0.030930012,0.28808,4.321928,-0.24695928
all,call4,0.27037,0.26912335,0.20145,0.27037,4.321928,-0.035307944
call4,rl,0.18913,0.15837675,0.11848,0.18913,4.321928,0.175366
