X var,Y var,MIC (strength),MIC-p^2 (nonlinearity),MAS (non-monotonicity),MEV (functionality),MCN (complexity),Linear regression (p)
call4,rl,0.31826,0.23260196,0.029910028,0.29942,4.4594316,0.29267398
all,call4,0.23882,0.22523169,0.03576,0.2221,4.4594316,0.11656893
mit,all,0.2254,0.21300854,0.033210002,0.20686,4.4594316,0.11131692
mit,rl,0.21808,0.120247014,0.03186,0.20338,4.4594316,0.31278265
all,rl,0.21227,0.19283095,0.048159994,0.19229,4.4594316,0.13942403
mit,call4,0.20649,0.19053826,0.024949998,0.18724,4.4594316,0.12630019
