X var,Y var,MIC (strength),MIC-p^2 (nonlinearity),MAS (non-monotonicity),MEV (functionality),MCN (complexity),Linear regression (p)
call4,rl,0.33089,-0.14172035,0.04100001,0.3213,4.807355,0.6874666
all,call4,0.21401,0.15863994,0.01653,0.20269,4.807355,0.23530845
mit,all,0.20946,0.201873,0.043860003,0.19337,4.807355,0.087103374
all,rl,0.20503,0.13318485,0.015950002,0.19256,4.807355,0.26803946
mit,rl,0.20143,0.19667615,0.019790001,0.19124,4.807355,0.06894815
mit,call4,0.1832,0.14695573,0.011459999,0.17279,4.807355,0.19037928
