X var,Y var,MIC (strength),MIC-p^2 (nonlinearity),MAS (non-monotonicity),MEV (functionality),MCN (complexity),Linear regression (p)
all,rl,0.27309,0.012157112,0.06705001,0.25233,4.321928,0.5108159
all,call4,0.24171,0.058113515,0.0335,0.22205,4.321928,0.4284816
call4,rl,0.23956,-0.0038154721,0.014980003,0.21902,4.321928,0.493331
mit,all,0.23093,0.057615206,0.02978,0.21241,4.321928,0.41631094
mit,rl,0.21282,-0.15090567,0.018639997,0.19171,4.321928,0.6030967
mit,call4,0.18605,-0.0070637017,0.022259995,0.16997,4.321928,0.43944705
