X var,Y var,MIC (strength),MIC-p^2 (nonlinearity),MAS (non-monotonicity),MEV (functionality),MCN (complexity),Linear regression (p)
all,rl,0.22327,0.1444176,0.044060007,0.20981,4.321928,0.2808067
all,call4,0.21626,0.13425413,0.066819996,0.19829,4.321928,0.28636667
mit,call4,0.20456,0.18866563,0.07274,0.1904,4.321928,0.12607284
mit,rl,0.17831,0.17819493,0.017090008,0.1618,4.321928,0.010727402
mit,all,0.17776,0.17588338,0.052270003,0.16702,4.321928,0.04331998
call4,rl,0.1584,0.14562453,0.014309995,0.14586,4.321928,0.11302862
