X var,Y var,MIC (strength),MIC-p^2 (nonlinearity),MAS (non-monotonicity),MEV (functionality),MCN (complexity),Linear regression (p)
all,rl,0.26001,0.2217731,0.094620004,0.23903,4.321928,0.19554259
call4,rl,0.24821,0.19826487,0.04062,0.22166,4.321928,0.22348405
mit,call4,0.21545,0.19971004,0.035270005,0.1975,4.321928,0.12545903
mit,all,0.21513,0.20181404,0.058070004,0.19924,4.321928,0.115394786
mit,rl,0.18601,0.1690952,0.027099997,0.16943,4.321928,0.13005693
all,call4,0.18516,0.120334566,0.03706999,0.16813,4.321928,0.2546084
