X var,Y var,MIC (strength),MIC-p^2 (nonlinearity),MAS (non-monotonicity),MEV (functionality),MCN (complexity),Linear regression (p)
all,call4,0.249,0.18277703,0.024470001,0.22613,4.321928,0.25733823
all,rl,0.24842,0.19630316,0.010590002,0.22769,4.321928,0.22829112
call4,rl,0.24679,0.23370372,0.049329996,0.2266,4.321928,0.1143953
mit,rl,0.24395,0.2408961,0.057779998,0.22104,4.321928,0.055262063
mit,call4,0.24119,0.23896423,0.05081001,0.2273,4.321928,0.04717802
mit,all,0.22144,0.18583621,0.03407,0.20378,4.321928,0.18868968
