X var,Y var,MIC (strength),MIC-p^2 (nonlinearity),MAS (non-monotonicity),MEV (functionality),MCN (complexity),Linear regression (p)
all,rl,0.44003,0.15822273,0.07165998,0.44003,4.4594316,-0.53085524
mit,all,0.32471,0.20765314,0.032790005,0.32471,4.4594316,0.34213576
mit,rl,0.27497,0.22763228,0.046890005,0.27497,4.4594316,-0.2175723
mit,call4,0.22533,0.19052844,0.1805,0.22533,4.4594316,-0.18655176
all,call4,0.20632,0.20600186,0.17137,0.20632,4.4594316,-0.017836586
call4,rl,0.15742,0.15078291,0.10429999,0.15742,4.4594316,-0.08146833
