X var,Y var,MIC (strength),MIC-p^2 (nonlinearity),MAS (non-monotonicity),MEV (functionality),MCN (complexity),Linear regression (p)
all,rl,0.41454,-0.04998377,0.029879987,0.39963,4.807355,0.6815598
mit,rl,0.27604,0.24015127,0.050040007,0.26387,4.807355,-0.18944317
mit,all,0.2185,0.21758482,0.045990005,0.20806,4.807355,-0.030252043
call4,rl,0.19364,0.119479604,0.03763999,0.1816,4.807355,0.27232406
all,call4,0.18485,0.07852342,0.061880007,0.17265,4.807355,0.32607758
mit,call4,0.17632,0.17173776,0.07478,0.16287,4.807355,0.06769231
