X var,Y var,MIC (strength),MIC-p^2 (nonlinearity),MAS (non-monotonicity),MEV (functionality),MCN (complexity),Linear regression (p)
all,call4,0.23681,0.2070061,0.065479994,0.22351,4.807355,0.17263804
call4,rl,0.22857,0.12546757,0.055869997,0.21815,4.807355,0.32109568
mit,all,0.21729,0.19690937,0.055480003,0.20358,4.807355,0.14276077
all,rl,0.20723,0.16665992,0.032550007,0.19747,4.807355,0.20142014
mit,call4,0.18459,0.17874083,0.02455999,0.17179,4.807355,0.07647982
mit,rl,0.18054,0.16499133,0.022459999,0.17122,4.807355,0.12469425
