X var,Y var,MIC (strength),MIC-p^2 (nonlinearity),MAS (non-monotonicity),MEV (functionality),MCN (complexity),Linear regression (p)
call4,rl,0.30796,0.123871446,0.054169998,0.29258,4.807355,0.42905542
mit,rl,0.24167,0.18988931,0.029770002,0.22834,4.807355,0.2275537
mit,all,0.24106,0.21104646,0.06119001,0.22895,4.807355,0.1732442
mit,call4,0.22698,0.14578336,0.036,0.2155,4.807355,0.28495023
all,rl,0.21135,0.13722101,0.021239996,0.19925,4.807355,0.2722664
all,call4,0.19929,0.16435274,0.030200005,0.18504,4.807355,0.18691514
