X var,Y var,MIC (strength),MIC-p^2 (nonlinearity),MAS (non-monotonicity),MEV (functionality),MCN (complexity),Linear regression (p)
all,rl,0.23481,0.15011817,0.050259992,0.23481,4.321928,0.2910186
mit,all,0.23041,0.21473812,0.028970003,0.23041,4.321928,0.12518735
mit,call4,0.20866,0.16502354,0.11877,0.20866,4.321928,-0.20889346
mit,rl,0.19927,0.1838333,0.09994999,0.19927,4.321928,-0.1242445
all,call4,0.14476,0.14465745,0.12863,0.14476,4.321928,0.010126623
call4,rl,0.06328,0.03112543,0.020990003,0.06328,4.0,0.17931695
