X var,Y var,MIC (strength),MIC-p^2 (nonlinearity),MAS (non-monotonicity),MEV (functionality),MCN (complexity),Linear regression (p)
mit,all,0.30777,0.26883993,0.090480015,0.28929,4.321928,0.19730707
all,call4,0.28268,0.24755163,0.0932,0.25289,4.321928,0.18742563
call4,rl,0.27875,0.24431446,0.10430001,0.25368,4.321928,0.18556815
all,rl,0.25045,0.210405,0.035189994,0.23017,4.321928,0.2001124
mit,rl,0.21941,0.19599286,0.070250005,0.20229,4.321928,0.15302663
mit,call4,0.1874,0.18131368,0.02578,0.17321,4.321928,0.07801484
