X var,Y var,MIC (strength),MIC-p^2 (nonlinearity),MAS (non-monotonicity),MEV (functionality),MCN (complexity),Linear regression (p)
call4,rl,0.3122,0.25858393,0.02313,0.29067,4.4594316,0.23155148
all,rl,0.26396,0.24141325,0.052670002,0.24649,4.4594316,0.15015577
mit,all,0.2605,0.2509653,0.07783,0.24476,4.4594316,0.097645916
mit,rl,0.26032,0.15046021,0.02539,0.24258,4.4594316,0.33145103
all,call4,0.19535,0.18770513,0.02166,0.17793,4.4594316,0.087434955
mit,call4,0.19148,0.17095578,0.024549998,0.17946,4.4594316,0.14326277
