X var,Y var,MIC (strength),MIC-p^2 (nonlinearity),MAS (non-monotonicity),MEV (functionality),MCN (complexity),Linear regression (p)
call4,rl,0.3228,-0.115734994,0.041580006,0.31349,4.807355,0.66221976
all,call4,0.25231,0.19908646,0.074650005,0.23502,4.807355,0.23070231
mit,rl,0.20952,0.20223674,0.030780002,0.19744,4.807355,0.08534201
all,rl,0.19639,0.119540505,0.016520001,0.18639,4.807355,0.27721742
mit,all,0.18832,0.17030382,0.015150003,0.17502,4.807355,0.13422434
mit,call4,0.18268,0.14932008,0.009340003,0.17108,4.807355,0.18264696
