X var,Y var,MIC (strength),MIC-p^2 (nonlinearity),MAS (non-monotonicity),MEV (functionality),MCN (complexity),Linear regression (p)
all,rl,0.54853,0.1384334,0.06496,0.5354,4.321928,0.64038783
call4,rl,0.28944,0.2888668,0.21647,0.2602,4.321928,0.023941724
mit,call4,0.26547,0.25237665,0.19277,0.23905,4.321928,0.11442613
mit,all,0.23274,0.23042949,0.033129998,0.2072,4.321928,-0.048067853
all,call4,0.20517,0.20492193,0.14355001,0.18217,4.321928,-0.015750445
mit,rl,0.18606,0.18469927,0.049409993,0.16492,4.321928,-0.03688802
