X var,Y var,MIC (strength),MIC-p^2 (nonlinearity),MAS (non-monotonicity),MEV (functionality),MCN (complexity),Linear regression (p)
all,rl,0.5811,0.04735577,0.11426997,0.5811,4.70044,0.730578
mit,all,0.34304,0.32408908,0.10867001,0.33186,4.807355,0.13766232
mit,call4,0.29083,0.28273556,0.09741999,0.27947,4.807355,-0.08996908
mit,rl,0.26185,0.24805677,0.071059994,0.25046,4.807355,-0.11744457
call4,rl,0.20975,0.17572701,0.030880004,0.20167,4.807355,0.18445323
all,call4,0.18523,0.18394296,0.048470005,0.17514,4.807355,-0.035875473
