X var,Y var,MIC (strength),MIC-p^2 (nonlinearity),MAS (non-monotonicity),MEV (functionality),MCN (complexity),Linear regression (p)
call4,rl,0.25202,0.110677734,0.026110008,0.24222,4.807355,0.37595513
all,rl,0.22442,0.14903548,0.03537999,0.21326,4.807355,0.27456242
all,call4,0.2181,0.1741041,0.04191,0.20692,4.807355,0.20975202
mit,all,0.19557,0.1552915,0.022620007,0.18324,4.807355,0.20069505
mit,rl,0.18986,0.14272934,0.041910008,0.17406,4.807355,0.21709599
mit,call4,0.18616,0.1586431,0.03232999,0.17595,4.807355,0.16588221
