X var,Y var,MIC (strength),MIC-p^2 (nonlinearity),MAS (non-monotonicity),MEV (functionality),MCN (complexity),Linear regression (p)
call4,rl,0.35938,0.1590837,0.045480013,0.34303,4.807355,0.44754475
all,rl,0.25909,0.13387525,0.035820007,0.24627,4.807355,0.35385698
mit,call4,0.21644,0.14909303,0.028329998,0.20448,4.807355,0.25951296
mit,all,0.21219,0.12054416,0.04604,0.20163,4.807355,0.30273065
all,call4,0.20587,0.13474911,0.012460008,0.19262,4.807355,0.26668498
mit,rl,0.20191,0.085969515,0.013430007,0.18924,4.807355,0.34050035
