X var,Y var,MIC (strength),MIC-p^2 (nonlinearity),MAS (non-monotonicity),MEV (functionality),MCN (complexity),Linear regression (p)
call4,rl,0.34429,0.13178009,0.035439998,0.33298,4.807355,0.46098796
mit,call4,0.22259,0.13665241,0.041899994,0.20973,4.807355,0.29315114
all,rl,0.21258,0.097776756,0.01354,0.19929,4.807355,0.33882627
all,call4,0.21032,0.14440396,0.029059999,0.19908,4.807355,0.2567412
mit,all,0.2045,0.12475436,0.01444,0.19238,4.807355,0.2823927
mit,rl,0.19882,0.09662838,0.02849999,0.18699,4.807355,0.31967422
