X var,Y var,MIC (strength),MIC-p^2 (nonlinearity),MAS (non-monotonicity),MEV (functionality),MCN (complexity),Linear regression (p)
mit,all,0.24934,0.0512297,0.03802,0.24934,4.4594316,0.44509584
all,rl,0.24314,0.19969985,0.05743,0.24314,4.4594316,0.208423
mit,call4,0.21631,0.01966539,0.020460002,0.21631,4.4594316,0.44344628
call4,rl,0.20394,0.09248323,0.029749997,0.20394,4.4594316,0.33385143
all,call4,0.195,0.048086166,0.032970004,0.195,4.4594316,0.3832934
mit,rl,0.19477,0.1483413,0.03768,0.19477,4.4594316,0.21547319
