X var,Y var,MIC (strength),MIC-p^2 (nonlinearity),MAS (non-monotonicity),MEV (functionality),MCN (complexity),Linear regression (p)
mit,rl,0.29218,-0.077831954,0.08084001,0.2738,4.4594316,0.6082861
all,rl,0.26772,0.003310442,0.08013,0.2491,4.4594316,0.5142077
call4,rl,0.2598,-0.1655226,0.031110004,0.24579,4.4594316,0.6521676
all,call4,0.23598,0.0071994215,0.05753,0.21905,4.4594316,0.47831014
mit,call4,0.21558,-0.07272704,0.024860002,0.19968,4.4594316,0.5369423
mit,all,0.20027,-0.083907574,0.019280002,0.18681,4.4594316,0.5330831
