X var,Y var,MIC (strength),MIC-p^2 (nonlinearity),MAS (non-monotonicity),MEV (functionality),MCN (complexity),Linear regression (p)
all,rl,0.69944,0.17142695,0.053820014,0.68765,4.807355,0.72664505
mit,rl,0.5233,0.4531927,0.088039964,0.51398,4.807355,-0.26477778
mit,all,0.42924,0.4140817,0.036080003,0.41667,4.807355,-0.12311908
all,call4,0.34721,0.105114445,0.071529984,0.33664,4.807355,0.49203205
mit,call4,0.27521,0.27234998,0.19268,0.26384,4.807355,0.0534791
call4,rl,0.26407,-0.039935946,0.10321,0.25597,4.807355,0.55136734
