X var,Y var,MIC (strength),MIC-p^2 (nonlinearity),MAS (non-monotonicity),MEV (functionality),MCN (complexity),Linear regression (p)
call4,rl,0.28753,0.2529831,0.08905001,0.28753,4.4594316,0.18586802
mit,rl,0.25912,0.25078225,0.07043,0.25912,4.4594316,0.09131126
mit,call4,0.2284,0.20867126,0.022120006,0.2284,4.4594316,0.14045905
mit,all,0.22577,0.21462369,0.01709,0.22577,4.4594316,0.10557607
all,rl,0.20115,0.20032415,0.018300004,0.20115,4.4594316,0.02873757
all,call4,0.19025,0.18623787,0.0236,0.19025,4.4594316,0.06334138
