X var,Y var,MIC (strength),MIC-p^2 (nonlinearity),MAS (non-monotonicity),MEV (functionality),MCN (complexity),Linear regression (p)
call4,rl,0.25613,0.24242283,0.04462999,0.25613,4.4594316,0.117077634
mit,call4,0.23963,0.22652154,0.040429994,0.23963,4.4594316,0.11449222
all,rl,0.22148,0.22144376,0.06319,0.22148,4.4594316,0.0060201213
mit,rl,0.21502,0.21278638,0.019109994,0.21502,4.4594316,0.0472613
mit,all,0.20909,0.2010455,0.02809,0.20909,4.4594316,0.08969115
all,call4,0.1926,0.18849844,0.038059995,0.1926,4.4594316,0.06404342
