X var,Y var,MIC (strength),MIC-p^2 (nonlinearity),MAS (non-monotonicity),MEV (functionality),MCN (complexity),Linear regression (p)
all,rl,0.32676,-0.16950518,0.044919983,0.32227,4.807355,0.7044609
mit,rl,0.21744,0.20444813,0.028919995,0.20557,4.807355,-0.113981836
mit,call4,0.19185,0.18406236,0.16628,0.18135,4.807355,0.088247634
mit,all,0.18708,0.18383928,0.022909999,0.17879,4.807355,-0.056927335
all,call4,0.1854,0.12145512,0.14074999,0.17674,4.807355,0.25287324
call4,rl,0.09345,0.078707375,0.062360004,0.08872,4.807355,0.12141922
