X var,Y var,MIC (strength),MIC-p^2 (nonlinearity),MAS (non-monotonicity),MEV (functionality),MCN (complexity),Linear regression (p)
all,rl,0.28937,0.15996031,0.031900004,0.27665,4.807355,0.35973558
mit,all,0.22782,0.09649868,0.018470004,0.21723,4.807355,-0.36238283
call4,rl,0.22369,0.21167055,0.12837,0.21131,4.807355,-0.109633304
all,call4,0.22096,0.21671136,0.13739,0.21233,4.807355,-0.06518167
mit,rl,0.2072,0.19303842,0.023589995,0.19643,4.807355,-0.11900244
mit,call4,0.16787,0.16592665,0.09631,0.15775,4.807355,-0.04408339
