X var,Y var,MIC (strength),MIC-p^2 (nonlinearity),MAS (non-monotonicity),MEV (functionality),MCN (complexity),Linear regression (p)
all,rl,0.30808,0.09029776,0.025590003,0.3032,4.0,0.46667144
mit,call4,0.25132,0.21935959,0.14962,0.23339,4.0,-0.17877474
mit,all,0.20541,0.20484532,0.1031,0.1932,4.0,-0.023762941
mit,rl,0.19098,0.07292572,0.039540008,0.17521,4.0,-0.3435903
all,call4,0.08472,0.07945463,0.04282,0.08276,4.0,0.07256289
call4,rl,0.08276,0.03787665,0.023899999,0.0827,4.0,0.2118569
