X var,Y var,MIC (strength),MIC-p^2 (nonlinearity),MAS (non-monotonicity),MEV (functionality),MCN (complexity),Linear regression (p)
call4,rl,0.37882,0.24432772,0.06606999,0.35156,4.4594316,0.36673188
mit,all,0.26461,0.22859564,0.04017,0.24171,4.4594316,0.18977448
mit,call4,0.23443,0.21610701,0.051009998,0.21952,4.4594316,0.13536246
mit,rl,0.23237,0.16634202,0.01425001,0.21588,4.4594316,0.2569591
all,rl,0.21929,0.19213864,0.016800001,0.20234,4.4594316,0.1647767
all,call4,0.18178,0.16723016,0.034640007,0.16679,4.4594316,0.12062271
