X var,Y var,MIC (strength),MIC-p^2 (nonlinearity),MAS (non-monotonicity),MEV (functionality),MCN (complexity),Linear regression (p)
all,rl,0.66135,0.03490734,0.16676,0.63988,4.321928,0.7914813
mit,all,0.3014,0.27765688,0.08349,0.27871,4.321928,-0.15408808
all,call4,0.22345,-0.0096274465,0.07864,0.21071,4.321928,0.48278096
mit,call4,0.21601,0.21303596,0.122020006,0.19465,4.321928,-0.05453483
call4,rl,0.19973,-0.21064727,0.075459994,0.18754,4.321928,0.64060694
mit,rl,0.19414,0.17848735,0.022919998,0.1737,4.321928,-0.12511055
