X var,Y var,MIC (strength),MIC-p^2 (nonlinearity),MAS (non-monotonicity),MEV (functionality),MCN (complexity),Linear regression (p)
all,rl,0.26758,0.19180876,0.060279995,0.26758,4.321928,0.27526578
all,call4,0.23051,0.18709628,0.064229995,0.23051,4.321928,0.20835958
mit,all,0.22901,0.16682218,0.02764,0.22901,4.321928,0.24937487
call4,rl,0.20239,0.09856435,0.037090003,0.20239,4.321928,0.32221988
mit,rl,0.17942,0.17410327,0.041150004,0.17942,4.321928,0.072915874
mit,call4,0.1705,0.16711816,0.03628999,0.1705,4.321928,0.05815352
