X var,Y var,MIC (strength),MIC-p^2 (nonlinearity),MAS (non-monotonicity),MEV (functionality),MCN (complexity),Linear regression (p)
call4,rl,0.28582,0.17318404,0.050750002,0.28582,4.321928,0.33561283
mit,all,0.2582,0.17985955,0.028579995,0.2582,4.321928,0.2798936
mit,rl,0.25702,0.25504896,0.062250003,0.25702,4.321928,0.04439625
all,rl,0.24846,0.18762586,0.020240001,0.24846,4.321928,0.24664578
all,call4,0.22375,0.1665993,0.016790003,0.22375,4.321928,0.23906212
mit,call4,0.2141,0.21245155,0.031059995,0.2141,4.321928,0.040601254
