X var,Y var,MIC (strength),MIC-p^2 (nonlinearity),MAS (non-monotonicity),MEV (functionality),MCN (complexity),Linear regression (p)
all,rl,0.2607,0.2051422,0.033430003,0.2607,4.321928,0.23570698
call4,rl,0.23899,0.14632288,0.04119,0.23899,4.321928,0.30441275
mit,rl,0.22778,0.21706712,0.041360006,0.22778,4.321928,0.10350303
all,call4,0.207,0.18504389,0.045829996,0.207,4.321928,0.14817597
mit,all,0.20065,0.14196107,0.021049991,0.20065,4.321928,0.24225798
mit,call4,0.19516,0.19356105,0.04175,0.19516,4.321928,0.03998685
