X var,Y var,MIC (strength),MIC-p^2 (nonlinearity),MAS (non-monotonicity),MEV (functionality),MCN (complexity),Linear regression (p)
mit,call4,0.23378,-0.14827216,0.06249,0.23378,4.4594316,0.6181037
call4,rl,0.2315,-0.19675907,0.03131,0.2315,4.4594316,0.6544151
all,call4,0.22466,-0.017774805,0.06931999,0.22466,4.4594316,0.4923767
mit,rl,0.21123,-0.14319442,0.018200003,0.21123,4.4594316,0.59533554
mit,all,0.2008,-0.2008585,0.018649995,0.2008,4.4594316,0.63376534
all,rl,0.18889,-0.062386706,0.02696,0.18889,4.4594316,0.50127506
