X var,Y var,MIC (strength),MIC-p^2 (nonlinearity),MAS (non-monotonicity),MEV (functionality),MCN (complexity),Linear regression (p)
all,rl,0.31396,-0.42153355,0.059809983,0.30094,4.807355,0.8576092
mit,all,0.25388,0.24885875,0.053969994,0.24301,4.807355,-0.07086071
mit,rl,0.19349,0.18396825,0.07698,0.18352,4.807355,-0.097579435
all,call4,0.1763,0.17238422,0.12931001,0.16674,4.807355,0.06257625
mit,call4,0.1632,0.15778652,0.14638,0.15229,4.807355,0.07357638
call4,rl,0.09093,0.088352785,0.03707,0.09093,4.70044,0.050766267
