X var,Y var,MIC (strength),MIC-p^2 (nonlinearity),MAS (non-monotonicity),MEV (functionality),MCN (complexity),Linear regression (p)
all,call4,0.2798,0.11024438,0.03417,0.24798,4.321928,0.41177133
call4,rl,0.27924,0.09029135,0.015789993,0.25314,4.321928,0.43468225
mit,rl,0.25908,0.0688542,0.059669986,0.2379,4.321928,0.43614882
all,rl,0.23967,0.027329236,0.022030003,0.21623,4.321928,0.46080446
mit,all,0.23541,0.08801365,0.03328,0.21625,4.321928,0.38392234
mit,call4,0.20537,0.05068478,0.01207,0.18803,4.321928,0.3933004
