X var,Y var,MIC (strength),MIC-p^2 (nonlinearity),MAS (non-monotonicity),MEV (functionality),MCN (complexity),Linear regression (p)
call4,rl,0.31357,0.04028833,0.05381,0.29566,4.321928,0.5227635
mit,all,0.26253,0.17893597,0.035260007,0.244,4.321928,0.2891263
mit,call4,0.2577,0.2266328,0.08441,0.23445,4.321928,0.17625888
mit,rl,0.24287,0.1651119,0.016080007,0.22422,4.321928,0.27885142
all,rl,0.24148,0.20918852,0.03538999,0.22484,4.321928,0.17969826
all,call4,0.24085,0.19747111,0.012920007,0.22034,4.321928,0.20827597
