X var,Y var,MIC (strength),MIC-p^2 (nonlinearity),MAS (non-monotonicity),MEV (functionality),MCN (complexity),Linear regression (p)
mit,all,0.32023,0.30766216,0.07021001,0.29943,4.321928,-0.11210641
all,rl,0.25862,-0.52145886,0.032879993,0.24638,4.321928,0.88322073
mit,rl,0.20142,0.19499026,0.054529995,0.17754,4.321928,-0.08018563
mit,call4,0.05532,0.053267818,0.0427,0.05532,2.5849626,-0.045300983
call4,rl,0.03789,0.03784156,0.023479998,0.03789,2.5849626,-0.0069598258
all,call4,0.01662,0.0162842,0.0,0.01662,2.0,-0.01832488
