X var,Y var,MIC (strength),MIC-p^2 (nonlinearity),MAS (non-monotonicity),MEV (functionality),MCN (complexity),Linear regression (p)
call4,rl,0.36187,0.1630519,0.057099998,0.34742,4.807355,0.44589022
mit,all,0.23931,0.18217537,0.03820999,0.22518,4.807355,0.23902851
mit,rl,0.23487,0.15183052,0.04535,0.2228,4.807355,0.28816572
mit,call4,0.21919,0.12216938,0.026089996,0.20602,4.807355,0.31148133
all,rl,0.18762,0.08884109,0.01771,0.17771,4.807355,0.31429112
all,call4,0.17573,0.121033445,0.010509998,0.16392,4.807355,0.23387296
