X var,Y var,MIC (strength),MIC-p^2 (nonlinearity),MAS (non-monotonicity),MEV (functionality),MCN (complexity),Linear regression (p)
call4,rl,0.25498,0.19962314,0.02262,0.25498,4.4594316,0.23528038
mit,call4,0.22618,0.22580886,0.03397,0.22618,4.4594316,-0.019265018
all,call4,0.19533,0.17968827,0.019340001,0.19533,4.4594316,0.12506689
all,rl,0.19515,0.18253751,0.02177,0.19515,4.4594316,0.112305336
mit,rl,0.19287,0.18997566,0.02786,0.19287,4.4594316,0.05379912
mit,all,0.1911,0.17849463,0.020480007,0.1911,4.4594316,0.11227364
