X var,Y var,MIC (strength),MIC-p^2 (nonlinearity),MAS (non-monotonicity),MEV (functionality),MCN (complexity),Linear regression (p)
call4,rl,0.26666,0.21871082,0.0143500045,0.24928,4.321928,0.21897301
mit,all,0.26111,0.26108098,0.04478,0.24188,4.321928,0.0053869807
all,rl,0.25503,0.24565959,0.046609998,0.24022,4.321928,0.0968009
all,call4,0.24346,0.15637426,0.04152,0.22958,4.321928,0.29510292
mit,call4,0.23393,0.22482014,0.024550006,0.21206,4.321928,0.095445596
mit,rl,0.21378,0.20728095,0.046059996,0.1961,4.321928,0.0806167
