X var,Y var,MIC (strength),MIC-p^2 (nonlinearity),MAS (non-monotonicity),MEV (functionality),MCN (complexity),Linear regression (p)
all,rl,0.61365,0.12690204,0.048100024,0.61365,4.321928,0.69767326
mit,call4,0.46047,0.3237105,0.20808998,0.46047,4.321928,-0.36981004
call4,rl,0.33031,0.32802677,0.24550998,0.33031,4.321928,-0.047783066
mit,rl,0.30761,0.30757377,0.059590004,0.30761,4.321928,-0.006019982
all,call4,0.27302,0.266712,0.21867,0.27302,4.321928,-0.07942286
mit,all,0.26408,0.26385015,0.06801,0.26408,4.321928,0.015160127
