X var,Y var,MIC (strength),MIC-p^2 (nonlinearity),MAS (non-monotonicity),MEV (functionality),MCN (complexity),Linear regression (p)
call4,rl,0.27748,0.017629713,0.011739999,0.26514,4.807355,0.50975513
all,rl,0.23618,0.15587036,0.028929994,0.22451,4.807355,0.28338954
all,call4,0.21013,0.13159272,0.013849996,0.19791,4.807355,0.28024504
mit,call4,0.2038,0.16184759,0.02019,0.19196,4.807355,0.20482284
mit,rl,0.19765,0.17088288,0.022209994,0.1856,4.807355,0.16360658
mit,all,0.19585,0.17347166,0.020319998,0.18746,4.807355,0.1495939
