X var,Y var,MIC (strength),MIC-p^2 (nonlinearity),MAS (non-monotonicity),MEV (functionality),MCN (complexity),Linear regression (p)
all,rl,0.42216,-0.2577891,0.04525,0.42216,4.169925,0.82459027
mit,call4,0.30085,0.19384366,0.11829001,0.28737,4.807355,-0.32711825
mit,all,0.23791,0.23756947,0.052090004,0.22786,4.807355,-0.018453514
all,call4,0.23541,0.20514943,0.10271,0.22282,4.807355,0.1739557
mit,rl,0.21772,0.15515621,0.023489997,0.20802,4.807355,-0.25012755
call4,rl,0.17667,0.08101337,0.09341,0.16827,4.807355,0.30928406
