X var,Y var,MIC (strength),MIC-p^2 (nonlinearity),MAS (non-monotonicity),MEV (functionality),MCN (complexity),Linear regression (p)
all,rl,0.31928,0.17004025,0.096560016,0.30277,4.4594316,0.3863156
mit,call4,0.28837,0.14866869,0.08064,0.26936,4.4594316,0.3737664
mit,rl,0.26628,0.045723096,0.04502,0.24641,4.4594316,0.46963486
mit,all,0.22017,0.04964596,0.049500003,0.20201,4.4594316,0.41294557
all,call4,0.20427,0.1054244,0.02679,0.19226,4.4594316,0.31439722
call4,rl,0.19,-0.0051193535,0.031749994,0.17349,4.4594316,0.44172317
