X var,Y var,MIC (strength),MIC-p^2 (nonlinearity),MAS (non-monotonicity),MEV (functionality),MCN (complexity),Linear regression (p)
call4,rl,0.2508,-0.20179534,0.0282,0.24016,4.807355,0.6727521
all,rl,0.23729,-0.057171494,0.02545999,0.22169,4.807355,0.5426431
all,call4,0.23337,-0.017583847,0.031910002,0.22146,4.807355,0.50095296
mit,rl,0.21695,-0.1318928,0.032309994,0.2043,4.807355,0.59062916
mit,call4,0.20939,-0.084547505,0.020839997,0.19569,4.807355,0.54216003
mit,all,0.19556,-0.12243955,0.016139999,0.18437,4.807355,0.5639145
