X var,Y var,MIC (strength),MIC-p^2 (nonlinearity),MAS (non-monotonicity),MEV (functionality),MCN (complexity),Linear regression (p)
all,rl,0.28067,0.26727805,0.09432998,0.2616,4.4594316,0.11572357
call4,rl,0.24045,0.19911382,0.025449991,0.22284,4.4594316,0.20331302
all,call4,0.22985,0.22261383,0.041830003,0.21683,4.4594316,0.085065685
mit,rl,0.21545,0.09641873,0.02628,0.2039,4.4594316,0.3450091
mit,call4,0.19784,0.17771125,0.030339994,0.18154,4.4594316,0.14187583
mit,all,0.17225,0.16932273,0.0075399987,0.15604,4.4594316,0.05410422
