X var,Y var,MIC (strength),MIC-p^2 (nonlinearity),MAS (non-monotonicity),MEV (functionality),MCN (complexity),Linear regression (p)
all,rl,0.55166,0.23250619,0.060009986,0.55166,4.321928,0.564937
mit,rl,0.23488,0.23283352,0.05645001,0.23488,4.321928,0.04523804
mit,call4,0.22998,0.15369676,0.14182001,0.22998,4.321928,-0.2761942
mit,all,0.19063,0.19062261,0.028870009,0.19063,4.321928,-0.002719107
all,call4,0.14551,0.14459626,0.076460004,0.14551,4.321928,-0.030228056
call4,rl,0.12719,0.12416,0.073319994,0.12719,4.321928,0.055045366
