X var,Y var,MIC (strength),MIC-p^2 (nonlinearity),MAS (non-monotonicity),MEV (functionality),MCN (complexity),Linear regression (p)
all,rl,0.39311,0.2566274,0.13596001,0.39311,4.321928,0.36943552
mit,all,0.21387,0.19709602,0.05493,0.21387,4.321928,0.12951444
mit,call4,0.17516,0.1731047,0.14432001,0.17516,4.321928,-0.045335427
mit,rl,0.15104,0.14665355,0.02283001,0.15104,4.321928,-0.06623033
call4,rl,0.14731,0.042936616,0.06925,0.14731,4.169925,0.3230687
all,call4,0.14473,0.13482985,0.109840006,0.14473,4.321928,0.09949952
