X var,Y var,MIC (strength),MIC-p^2 (nonlinearity),MAS (non-monotonicity),MEV (functionality),MCN (complexity),Linear regression (p)
all,rl,0.44077,-0.25362495,0.10848001,0.44077,4.321928,0.83330363
mit,call4,0.35979,0.2955892,0.14403,0.35979,4.321928,-0.25337875
call4,rl,0.31851,0.31475496,0.09284,0.31851,4.321928,0.061278325
mit,rl,0.29368,0.26854393,0.034590006,0.29368,4.321928,-0.15854363
mit,all,0.24631,0.19075222,0.06222,0.24631,4.321928,-0.23570697
all,call4,0.23074,0.22838108,0.11517999,0.23074,4.321928,0.04856872
