X var,Y var,MIC (strength),MIC-p^2 (nonlinearity),MAS (non-monotonicity),MEV (functionality),MCN (complexity),Linear regression (p)
call4,rl,0.44549,0.24344058,0.109919995,0.41678,4.0,0.44949907
mit,all,0.30779,0.20272517,0.05061,0.27454,4.0,0.32413706
mit,rl,0.30314,0.2047661,0.06398001,0.27058,4.0,0.31364617
all,rl,0.30137,0.24390478,0.06888999,0.2651,4.0,0.23971902
all,call4,0.29735,0.2092843,0.09527999,0.26804,4.0,0.29675862
mit,call4,0.2442,0.17476606,0.026640013,0.22101,4.0,0.2635032
