X var,Y var,MIC (strength),MIC-p^2 (nonlinearity),MAS (non-monotonicity),MEV (functionality),MCN (complexity),Linear regression (p)
all,rl,0.2982,0.24713194,0.036099985,0.2982,4.321928,0.22598246
call4,rl,0.25837,0.1921731,0.078370005,0.25837,4.321928,0.25728762
all,call4,0.22149,0.20524542,0.039989993,0.22149,4.321928,0.12745422
mit,call4,0.21348,0.21158424,0.018249989,0.21348,4.321928,0.043540325
mit,all,0.20315,0.16115844,0.015599996,0.20315,4.321928,0.20491841
mit,rl,0.18166,0.1793142,0.021849997,0.18166,4.321928,0.04843354
