X var,Y var,MIC (strength),MIC-p^2 (nonlinearity),MAS (non-monotonicity),MEV (functionality),MCN (complexity),Linear regression (p)
all,call4,0.25843,0.14937115,0.03489001,0.23054,4.321928,0.3302406
mit,call4,0.24615,0.23838831,0.078099996,0.22512,4.321928,0.08810048
call4,rl,0.24287,0.20580916,0.045789994,0.22344,4.321928,0.19251192
mit,rl,0.23575,0.22898637,0.02397,0.21501,4.321928,0.08224134
mit,all,0.2342,0.1837304,0.02883999,0.21983,4.321928,0.22465442
all,rl,0.23378,0.174051,0.023950003,0.20991,4.321928,0.24439515
