X var,Y var,MIC (strength),MIC-p^2 (nonlinearity),MAS (non-monotonicity),MEV (functionality),MCN (complexity),Linear regression (p)
mit,all,0.30422,0.30267206,0.09095,0.28877,4.321928,-0.039343692
all,call4,0.26927,0.20047927,0.033980012,0.24851,4.321928,0.2622799
call4,rl,0.26033,0.24506214,0.070739985,0.23048,4.321928,0.12356314
mit,rl,0.2432,0.24296162,0.045,0.22727,4.321928,-0.015439965
all,rl,0.23851,0.22976355,0.083330005,0.22372,4.321928,0.09352244
mit,call4,0.20436,0.20435382,0.0151700005,0.18869,4.321928,0.002484499
