X var,Y var,MIC (strength),MIC-p^2 (nonlinearity),MAS (non-monotonicity),MEV (functionality),MCN (complexity),Linear regression (p)
all,rl,0.35609,0.23328972,0.059259996,0.34399,4.807355,0.35042873
mit,rl,0.2786,0.2561793,0.024240002,0.2649,4.807355,-0.14973548
mit,all,0.19567,0.18925329,0.010080002,0.18528,4.807355,0.0801044
mit,call4,0.15649,0.15023239,0.12753,0.15649,4.70044,-0.07910501
all,call4,0.14891,0.13488148,0.029200003,0.14891,3.5849626,-0.11844203
call4,rl,0.10028,0.090596266,0.027029999,0.10028,3.321928,-0.09840599
