X var,Y var,MIC (strength),MIC-p^2 (nonlinearity),MAS (non-monotonicity),MEV (functionality),MCN (complexity),Linear regression (p)
call4,rl,0.41459,0.24800877,0.09172,0.38372,4.0,0.40814364
mit,call4,0.36779,0.3335389,0.0706,0.33943,4.0,0.18507063
all,call4,0.3455,0.2562878,0.114539996,0.31394,4.0,0.29868406
mit,all,0.3263,0.25745964,0.09234999,0.28512,4.0,0.26237446
mit,rl,0.30745,0.28268164,0.041140005,0.27731,4.0,0.1573796
all,rl,0.27194,0.25354406,0.051649988,0.2487,4.0,0.13563156
