X var,Y var,MIC (strength),MIC-p^2 (nonlinearity),MAS (non-monotonicity),MEV (functionality),MCN (complexity),Linear regression (p)
call4,rl,0.32119,0.20766619,0.07787,0.28213,4.0,0.33693296
mit,all,0.28275,0.23423313,0.027000003,0.26918,4.0,0.22026548
mit,rl,0.28132,0.27130824,0.058300003,0.24776,4.0,0.10005873
mit,call4,0.24491,0.22324653,0.036579996,0.21323,4.0,0.14718515
all,call4,0.2403,0.17662828,0.026429996,0.20806,4.0,0.25233257
all,rl,0.22984,0.2090572,0.03532,0.20363,4.0,0.14416239
