X var,Y var,MIC (strength),MIC-p^2 (nonlinearity),MAS (non-monotonicity),MEV (functionality),MCN (complexity),Linear regression (p)
all,rl,0.26778,-0.7017816,0.07496001,0.25212,4.321928,0.9846632
mit,all,0.21258,0.21072952,0.031019993,0.19732,4.321928,0.043017175
mit,call4,0.17647,0.17631559,0.14151,0.17647,3.807355,-0.0124261305
mit,rl,0.16999,0.16979071,0.06604,0.15448,4.321928,-0.014116747
all,call4,0.10693,-0.8088345,0.049480002,0.10693,3.321928,0.95695585
call4,rl,0.05946,-0.8876888,0.012189999,0.05895,4.321928,0.9732157
