X var,Y var,MIC (strength),MIC-p^2 (nonlinearity),MAS (non-monotonicity),MEV (functionality),MCN (complexity),Linear regression (p)
all,rl,0.23257,0.015637547,0.05009999,0.21721,4.807355,0.46576008
call4,rl,0.22404,-0.12602878,0.023169994,0.20925,4.807355,0.5916661
mit,call4,0.21516,-0.09490396,0.024509996,0.20117,4.807355,0.55683386
all,call4,0.20605,-0.044253603,0.02567,0.19567,4.807355,0.5003035
mit,all,0.19248,-0.11184257,0.0120600015,0.18131,4.807355,0.5516544
mit,rl,0.17756,-0.02479893,0.019339997,0.16519,4.807355,0.44984323
