X var,Y var,MIC (strength),MIC-p^2 (nonlinearity),MAS (non-monotonicity),MEV (functionality),MCN (complexity),Linear regression (p)
call4,rl,0.21397,0.042764917,0.029630005,0.20409,4.807355,0.41376936
all,rl,0.20779,0.06615017,0.020559996,0.19568,4.807355,0.37635067
mit,rl,0.20086,0.1518281,0.036159992,0.18849,4.807355,0.22143146
all,call4,0.19834,0.050348267,0.012999997,0.18955,4.807355,0.38469693
mit,all,0.18373,0.045931384,0.012949996,0.17209,4.807355,0.37121236
mit,call4,0.17697,0.06109575,0.006859999,0.16451,4.807355,0.34040308
