X var,Y var,MIC (strength),MIC-p^2 (nonlinearity),MAS (non-monotonicity),MEV (functionality),MCN (complexity),Linear regression (p)
call4,rl,0.32712,0.10526776,0.025869995,0.30209,4.321928,0.47101194
all,rl,0.30254,0.27482036,0.078830004,0.2734,4.321928,0.16649218
mit,call4,0.2917,0.26303887,0.06870001,0.26224,4.321928,0.16929597
mit,rl,0.2767,0.19446312,0.039129995,0.25364,4.321928,0.28676972
mit,all,0.23179,0.16268538,0.044319995,0.21696,4.321928,0.26287758
all,call4,0.22149,0.17638734,0.038509995,0.20476,4.321928,0.21237385
