X var,Y var,MIC (strength),MIC-p^2 (nonlinearity),MAS (non-monotonicity),MEV (functionality),MCN (complexity),Linear regression (p)
all,rl,0.22985,0.15812981,0.04132001,0.22985,4.321928,0.26780623
mit,all,0.20326,0.18868127,0.025650002,0.20326,4.321928,0.12074242
call4,rl,0.19509,0.16981694,0.05702,0.19509,4.321928,0.158975
mit,rl,0.17982,0.17981641,0.06854,0.17982,4.321928,0.001895492
mit,call4,0.17698,0.16650526,0.043290004,0.17698,4.321928,0.1023462
all,call4,0.14655,0.14385913,0.057170004,0.14655,4.321928,0.051873516
