X var,Y var,MIC (strength),MIC-p^2 (nonlinearity),MAS (non-monotonicity),MEV (functionality),MCN (complexity),Linear regression (p)
all,rl,0.26983,0.20649776,0.08914,0.2565,4.321928,0.25165895
mit,all,0.26922,0.25792113,0.08823,0.25176,4.321928,0.10629609
call4,rl,0.26887,0.2593194,0.051049992,0.24643,4.321928,0.0977272
mit,rl,0.24835,0.24800844,0.01726,0.22511,4.321928,0.018481089
all,call4,0.23431,0.17466712,0.025780007,0.21313,4.321928,0.24421892
mit,call4,0.21398,0.2081489,0.028470002,0.19717,4.321928,0.07636164
