X var,Y var,MIC (strength),MIC-p^2 (nonlinearity),MAS (non-monotonicity),MEV (functionality),MCN (complexity),Linear regression (p)
call4,rl,0.29189,0.18788055,0.046419993,0.26533,4.0,0.32250497
mit,call4,0.23338,0.22466709,0.040970005,0.20367,4.0,0.09334298
mit,rl,0.21084,0.2037489,0.029860005,0.18631,4.0,0.084208675
mit,all,0.20199,0.19467203,0.050630003,0.17579,4.0,0.08554508
all,call4,0.18412,0.18092547,0.019930001,0.15908,4.0,0.056520175
all,rl,0.18207,0.16815558,0.026220009,0.15802,4.0,0.11795941
