X var,Y var,MIC (strength),MIC-p^2 (nonlinearity),MAS (non-monotonicity),MEV (functionality),MCN (complexity),Linear regression (p)
call4,rl,0.234,0.22285105,0.06689,0.22604,4.321928,0.10558859
all,rl,0.2103,0.20878603,0.078140005,0.192,4.321928,0.038909778
mit,rl,0.1887,0.16290027,0.09679001,0.17427,4.321928,-0.16062295
all,call4,0.1632,0.12528002,0.02319,0.15257,4.321928,0.19473055
mit,all,0.12574,0.1252694,0.05182,0.11738,4.321928,-0.021693392
mit,call4,0.07267,0.072301716,0.012309998,0.07031,4.321928,-0.019190725
