X var,Y var,MIC (strength),MIC-p^2 (nonlinearity),MAS (non-monotonicity),MEV (functionality),MCN (complexity),Linear regression (p)
call4,rl,0.34156,-0.042095423,0.02444002,0.32615,4.807355,0.61939925
all,call4,0.22906,0.16798404,0.019639999,0.21735,4.807355,0.2471355
mit,rl,0.20971,0.18792503,0.037829995,0.197,4.807355,0.14759733
all,rl,0.20309,0.12220388,0.017839998,0.19031,4.807355,0.28440484
mit,all,0.19894,0.1607508,0.02318,0.19024,4.807355,0.19542052
mit,call4,0.18655,0.14659409,0.02418001,0.17471,4.807355,0.19988976
