X var,Y var,MIC (strength),MIC-p^2 (nonlinearity),MAS (non-monotonicity),MEV (functionality),MCN (complexity),Linear regression (p)
all,rl,0.46041,-0.056898773,0.05768001,0.44818,4.807355,0.7192418
mit,rl,0.29794,0.21193454,0.016910002,0.27843,4.807355,-0.29326686
mit,call4,0.29765,0.22424975,0.16236001,0.28154,4.807355,-0.27092484
mit,all,0.21295,0.2062104,0.024790004,0.20261,4.807355,-0.0820951
all,call4,0.19463,0.19346611,0.09719,0.18333,4.807355,-0.034115825
call4,rl,0.17463,0.17454736,0.09652,0.16492,4.807355,-0.009090409
