X var,Y var,MIC (strength),MIC-p^2 (nonlinearity),MAS (non-monotonicity),MEV (functionality),MCN (complexity),Linear regression (p)
call4,rl,0.30451,0.116497695,0.0353,0.28179,4.321928,0.43360385
mit,rl,0.25607,0.23139538,0.086339995,0.23338,4.321928,0.15708154
mit,all,0.25008,0.18207341,0.045660004,0.22775,4.321928,0.26078072
all,rl,0.21285,0.19903551,0.026749998,0.19983,4.321928,0.11753507
all,call4,0.20869,0.1837479,0.030319989,0.19427,4.321928,0.15793069
mit,call4,0.20344,0.18176453,0.020700008,0.19001,4.321928,0.14722592
