X var,Y var,MIC (strength),MIC-p^2 (nonlinearity),MAS (non-monotonicity),MEV (functionality),MCN (complexity),Linear regression (p)
call4,rl,0.30177,0.2579574,0.09483001,0.28349,4.321928,0.20931458
all,rl,0.24451,0.16605821,0.03526,0.22346,4.321928,0.28009245
all,call4,0.23169,0.15153868,0.02497001,0.20872,4.321928,0.28311008
mit,rl,0.23035,0.22796628,0.02121,0.20515,4.321928,0.048823427
mit,call4,0.22119,0.19954264,0.017119996,0.19714,4.321928,0.14713044
mit,all,0.21075,0.19455521,0.01523,0.18872,4.321928,0.12725876
