X var,Y var,MIC (strength),MIC-p^2 (nonlinearity),MAS (non-monotonicity),MEV (functionality),MCN (complexity),Linear regression (p)
call4,rl,0.34951,-0.037518412,0.043349996,0.33996,4.807355,0.6221161
all,rl,0.22769,0.1485397,0.05675,0.21524,4.807355,0.2813366
all,call4,0.21827,0.1608766,0.048920006,0.20709,4.807355,0.23956922
mit,call4,0.21205,0.17206562,0.021280006,0.19821,4.807355,0.19996098
mit,rl,0.19864,0.17577925,0.02203001,0.187,4.807355,0.15119772
mit,all,0.19061,0.14925106,0.019299999,0.17774,4.807355,0.203369
