X var,Y var,MIC (strength),MIC-p^2 (nonlinearity),MAS (non-monotonicity),MEV (functionality),MCN (complexity),Linear regression (p)
call4,rl,0.35312,-0.032072425,0.045,0.33959,4.807355,0.6206387
mit,call4,0.22282,0.1873664,0.03125,0.20727,4.807355,0.18829127
all,call4,0.22165,0.16382426,0.023680001,0.20739,4.807355,0.24046984
mit,rl,0.20411,0.18607228,0.01362,0.19264,4.807355,0.13430458
all,rl,0.18937,0.107872084,0.007919997,0.17709,4.807355,0.2854784
mit,all,0.16281,0.12665032,0.010300003,0.15245,4.807355,0.19015698
