X var,Y var,MIC (strength),MIC-p^2 (nonlinearity),MAS (non-monotonicity),MEV (functionality),MCN (complexity),Linear regression (p)
mit,rl,0.3788,0.36240014,0.11568001,0.3788,4.321928,-0.12806192
all,rl,0.33238,-0.4050907,0.055099994,0.33238,4.321928,0.85876113
mit,all,0.25138,0.21793064,0.030449986,0.25138,4.321928,-0.18289165
mit,call4,0.24918,0.21264745,0.13513,0.24918,4.321928,-0.19113491
call4,rl,0.24897,0.24896595,0.10335,0.24897,4.321928,-0.0020140535
all,call4,0.18401,0.18393385,0.102639996,0.18401,4.321928,0.008726121
