X var,Y var,MIC (strength),MIC-p^2 (nonlinearity),MAS (non-monotonicity),MEV (functionality),MCN (complexity),Linear regression (p)
all,rl,0.46783,0.014199078,0.03922999,0.45328,4.321928,0.6735213
mit,rl,0.34921,0.34912297,0.21367,0.31696,4.321928,0.009328477
mit,all,0.21431,0.2038182,0.06994,0.19254,4.321928,-0.10242954
mit,call4,0.14069,0.13209143,0.1107,0.14069,3.807355,0.09272847
all,call4,0.06343,0.061275117,0.054089997,0.06343,3.807355,0.04642067
call4,rl,0.00892,0.0048478306,0.0,0.00892,2.0,-0.06381355
