X var,Y var,MIC (strength),MIC-p^2 (nonlinearity),MAS (non-monotonicity),MEV (functionality),MCN (complexity),Linear regression (p)
all,rl,0.30237,0.02942121,0.04907,0.29087,4.807355,0.522445
call4,rl,0.23187,0.18208635,0.0932,0.21831,4.807355,0.2231225
all,call4,0.21635,0.19592224,0.08949001,0.20416,4.807355,0.14292571
mit,rl,0.21107,0.19039428,0.06447001,0.19686,4.807355,-0.14379053
mit,all,0.2084,0.2062404,0.03599,0.19728,4.807355,0.04647151
mit,call4,0.16406,0.16099474,0.038449995,0.15205,4.807355,-0.055364728
