X var,Y var,MIC (strength),MIC-p^2 (nonlinearity),MAS (non-monotonicity),MEV (functionality),MCN (complexity),Linear regression (p)
call4,rl,0.33559,0.10665268,0.042170003,0.32332,4.807355,0.47847396
mit,call4,0.24776,0.18932691,0.06586,0.23604,4.807355,0.24172936
mit,all,0.21586,0.14199163,0.02406,0.20206,4.807355,0.27178735
all,rl,0.21329,0.12337406,0.018220007,0.20123,4.807355,0.29985988
mit,rl,0.20529,0.13823694,0.00812,0.19379,4.807355,0.25894606
all,call4,0.1775,0.11499849,0.007580001,0.16695,4.807355,0.250003
