X var,Y var,MIC (strength),MIC-p^2 (nonlinearity),MAS (non-monotonicity),MEV (functionality),MCN (complexity),Linear regression (p)
call4,rl,0.29236,-0.0927082,0.021919996,0.27888,4.807355,0.62053865
all,rl,0.24498,0.05559492,0.04077001,0.23179,4.807355,0.43518397
mit,all,0.22418,0.060194343,0.074729994,0.20879,4.807355,0.40495142
mit,call4,0.21452,0.048084557,0.01636,0.20166,4.807355,0.407965
all,call4,0.19806,0.047335953,0.023880001,0.18579,4.807355,0.38823196
mit,rl,0.18868,0.004003331,0.020259999,0.17615,4.807355,0.42974022
