X var,Y var,MIC (strength),MIC-p^2 (nonlinearity),MAS (non-monotonicity),MEV (functionality),MCN (complexity),Linear regression (p)
call4,rl,0.31683,-0.16574031,0.018580005,0.30524,4.807355,0.6946728
mit,all,0.21637,-0.15881373,0.021969996,0.20402,4.807355,0.6125224
mit,rl,0.21472,-0.11363451,0.019599989,0.20166,4.807355,0.57302225
all,call4,0.21258,-0.08119801,0.015560001,0.19992,4.807355,0.54201293
all,rl,0.20433,-0.07275525,0.015499994,0.19204,4.807355,0.5263889
mit,call4,0.2015,-0.21774134,0.031019997,0.19149,4.807355,0.6474885
