X var,Y var,MIC (strength),MIC-p^2 (nonlinearity),MAS (non-monotonicity),MEV (functionality),MCN (complexity),Linear regression (p)
all,rl,0.59915,0.12843904,0.07313001,0.59915,4.4594316,0.6860838
mit,all,0.26374,0.188282,0.05167,0.26374,4.321928,0.2746962
mit,rl,0.21213,0.15311289,0.038949996,0.21213,4.4594316,0.24293438
all,call4,0.18265,0.08736311,0.08031,0.18265,4.4594316,-0.30868575
call4,rl,0.15703,0.13950846,0.10493,0.15703,4.4594316,-0.13236898
mit,call4,0.13033,0.06652714,0.032909997,0.13033,4.4594316,-0.25259227
