X var,Y var,MIC (strength),MIC-p^2 (nonlinearity),MAS (non-monotonicity),MEV (functionality),MCN (complexity),Linear regression (p)
all,rl,0.3627,0.1248142,0.034740016,0.35101,4.807355,0.48773536
mit,rl,0.21713,0.21340075,0.025650002,0.20683,4.807355,0.061067615
mit,call4,0.21235,0.16987038,0.10336,0.20152,4.807355,-0.20610586
mit,all,0.21091,0.18067709,0.040330008,0.19662,4.807355,-0.17387618
call4,rl,0.18516,0.11517167,0.09364,0.17511,4.807355,-0.26455307
all,call4,0.18425,0.1423902,0.082159996,0.17327,4.807355,-0.20459665
