X var,Y var,MIC (strength),MIC-p^2 (nonlinearity),MAS (non-monotonicity),MEV (functionality),MCN (complexity),Linear regression (p)
all,rl,0.73876,0.21680194,0.14271998,0.71741,4.321928,0.72246665
call4,rl,0.4303,0.22337179,0.121989995,0.40884,4.321928,0.45489362
all,call4,0.31253,0.09515564,0.09142999,0.3025,4.321928,0.46623424
mit,all,0.28711,0.26613817,0.03271,0.26449,4.321928,-0.14481653
mit,rl,0.25757,0.25664383,0.049510002,0.23852,4.321928,-0.03043304
mit,call4,0.19774,0.19663376,0.07951,0.17968,4.321928,0.03326035
