X var,Y var,MIC (strength),MIC-p^2 (nonlinearity),MAS (non-monotonicity),MEV (functionality),MCN (complexity),Linear regression (p)
mit,call4,0.30556,0.15942594,0.097279996,0.30556,4.4594316,0.38227484
call4,rl,0.21357,0.14799099,0.011419997,0.21357,4.4594316,0.256084
mit,all,0.19987,0.037647784,0.022609998,0.19987,4.4594316,0.4027682
all,rl,0.19814,0.17746645,0.042450003,0.19814,4.4594316,0.14378297
all,call4,0.19034,0.06781916,0.014060002,0.19034,4.4594316,0.35002977
mit,rl,0.18286,0.16787472,0.010359995,0.18286,4.4594316,0.122414395
