X var,Y var,MIC (strength),MIC-p^2 (nonlinearity),MAS (non-monotonicity),MEV (functionality),MCN (complexity),Linear regression (p)
all,rl,0.33907,0.31502107,0.09088999,0.31425,4.0,0.15507717
mit,rl,0.28181,0.24237671,0.05789998,0.24851,4.0,-0.19857812
mit,all,0.20418,0.19834839,0.032770008,0.18958,4.0,-0.076364994
