X var,Y var,MIC (strength),MIC-p^2 (nonlinearity),MAS (non-monotonicity),MEV (functionality),MCN (complexity),Linear regression (p)
call4,rl,0.29731,0.1072738,0.07426001,0.28365,4.4594316,0.4359314
mit,rl,0.26737,0.1923958,0.07424998,0.2513,4.4594316,0.27381414
all,rl,0.26299,0.22110683,0.052760005,0.24588,4.4594316,0.20465378
mit,all,0.23534,0.18642806,0.0207,0.22076,4.4594316,0.22116044
mit,call4,0.23157,0.2143857,0.021650001,0.21782,4.4594316,0.13108891
all,call4,0.21501,0.20431788,0.030029997,0.19738,4.4594316,0.10340269
