X var,Y var,MIC (strength),MIC-p^2 (nonlinearity),MAS (non-monotonicity),MEV (functionality),MCN (complexity),Linear regression (p)
mit,rl,0.22974,-0.03526303,0.016709998,0.21417,4.807355,0.51478446
call4,rl,0.22883,-0.1024587,0.07409999,0.21723,4.807355,0.57557684
all,call4,0.22004,0.045165136,0.058649987,0.20628,4.807355,0.4181804
all,rl,0.21821,-0.005957186,0.012320004,0.20762,4.807355,0.47346297
mit,all,0.2072,-0.060669944,0.05359,0.19471,4.807355,0.51756155
mit,call4,0.17506,-0.12802342,0.018409997,0.16585,4.807355,0.55053014
