X var,Y var,MIC (strength),MIC-p^2 (nonlinearity),MAS (non-monotonicity),MEV (functionality),MCN (complexity),Linear regression (p)
all,call4,0.24695,0.1460428,0.041799992,0.23436,4.321928,0.31765893
all,rl,0.18447,0.18438648,0.0112700015,0.17217,4.321928,0.009139189
mit,rl,0.15468,0.15384533,0.029580005,0.14061,4.321928,-0.028890783
mit,call4,0.13919,0.10812176,0.046269998,0.12849,4.321928,0.17626186
call4,rl,0.13631,0.12038078,0.022759996,0.12414,4.321928,0.12621099
mit,all,0.132,0.1315331,0.028559998,0.12022,4.321928,-0.021607839
