X var,Y var,MIC (strength),MIC-p^2 (nonlinearity),MAS (non-monotonicity),MEV (functionality),MCN (complexity),Linear regression (p)
all,call4,0.2843,0.26490825,0.067090005,0.2631,4.321928,0.13925427
mit,all,0.27505,0.24303767,0.04444,0.25389,4.321928,0.17891991
call4,rl,0.2433,0.21112809,0.030359998,0.22459,4.321928,0.1793653
all,rl,0.23582,0.23581605,0.024319991,0.211,4.321928,0.001987082
mit,rl,0.23122,0.23095,0.035099998,0.21341,4.321928,0.016431881
mit,call4,0.19225,0.17768092,0.0139700025,0.17464,4.321928,0.12070239
