X var,Y var,MIC (strength),MIC-p^2 (nonlinearity),MAS (non-monotonicity),MEV (functionality),MCN (complexity),Linear regression (p)
all,rl,0.6142,-0.11939126,0.045210034,0.6142,4.169925,0.85649943
mit,call4,0.25209,0.24365088,0.14137,0.23757,4.321928,-0.091864735
mit,rl,0.22882,0.22095306,0.04667,0.21521,4.321928,-0.08869573
mit,all,0.20259,0.20026505,0.019080006,0.18603,4.321928,-0.04821771
all,call4,0.18772,0.09882711,0.12379,0.16843,4.321928,0.2981491
call4,rl,0.12399,-0.042028114,0.05314,0.12312,4.321928,0.4074532
