X var,Y var,MIC (strength),MIC-p^2 (nonlinearity),MAS (non-monotonicity),MEV (functionality),MCN (complexity),Linear regression (p)
all,rl,0.2757,0.20748976,0.044650003,0.2757,4.321928,0.2611709
call4,rl,0.27184,0.14726625,0.0308,0.27184,4.321928,0.35295007
all,call4,0.25741,0.19436094,0.025700003,0.25741,4.321928,0.25109568
mit,all,0.246,0.14795563,0.028359994,0.246,4.321928,0.3131204
mit,call4,0.22916,0.22402437,0.06244999,0.22916,4.321928,0.07166333
mit,rl,0.21335,0.20815958,0.04942,0.21335,4.321928,0.07204453
