X var,Y var,MIC (strength),MIC-p^2 (nonlinearity),MAS (non-monotonicity),MEV (functionality),MCN (complexity),Linear regression (p)
all,rl,0.52454,0.22969544,0.045460016,0.52454,4.321928,0.5429959
mit,call4,0.30055,0.23519215,0.16865002,0.30055,4.321928,-0.25565183
all,call4,0.27515,0.27202258,0.20649001,0.27515,4.321928,-0.05592335
mit,all,0.24702,0.14040725,0.0068700016,0.24702,4.321928,-0.3265161
mit,rl,0.23655,0.20661175,0.04435,0.23655,4.321928,-0.17302676
call4,rl,0.23446,0.23380822,0.16148,0.23446,4.321928,-0.025530014
