X var,Y var,MIC (strength),MIC-p^2 (nonlinearity),MAS (non-monotonicity),MEV (functionality),MCN (complexity),Linear regression (p)
all,call4,0.30944,0.2732017,0.054399997,0.28084,4.321928,0.19036351
call4,rl,0.24732,0.22772563,0.049170002,0.22717,4.321928,0.13997988
mit,rl,0.24338,0.24011865,0.033460006,0.23085,4.321928,-0.057108194
all,rl,0.23907,0.23896658,0.06542,0.21314,4.321928,0.010169052
mit,all,0.23334,0.23039079,0.03098999,0.21396,4.321928,0.05430661
mit,call4,0.23123,0.22812593,0.067320004,0.21342,4.321928,0.055714272
