X var,Y var,MIC (strength),MIC-p^2 (nonlinearity),MAS (non-monotonicity),MEV (functionality),MCN (complexity),Linear regression (p)
call4,rl,0.2773,0.17540213,0.025699995,0.25257,4.321928,0.31921446
mit,rl,0.26043,0.19302778,0.06891,0.24179,4.321928,0.25961939
mit,all,0.24405,0.20671849,0.017559998,0.22149,4.321928,0.19321363
all,call4,0.23442,0.20026414,0.015009999,0.21531,4.321928,0.18481304
mit,call4,0.21171,0.19206387,0.027520001,0.19562,4.321928,0.1401647
all,rl,0.18079,0.16199219,0.018679999,0.16588,4.321928,0.1371051
