X var,Y var,MIC (strength),MIC-p^2 (nonlinearity),MAS (non-monotonicity),MEV (functionality),MCN (complexity),Linear regression (p)
call4,rl,0.21237,0.07128999,0.032289997,0.20236,4.807355,0.37560618
mit,all,0.209,0.10920183,0.022720002,0.19452,4.807355,0.3159085
mit,rl,0.20001,0.17633773,0.015709996,0.18681,4.807355,0.15385796
all,rl,0.19572,0.07186874,0.030520003,0.18405,4.807355,0.35192508
all,call4,0.1822,0.07165276,0.015009999,0.16984,4.807355,0.33248645
mit,call4,0.17285,0.08828948,0.021669999,0.16101,4.807355,0.2907929
