X var,Y var,MIC (strength),MIC-p^2 (nonlinearity),MAS (non-monotonicity),MEV (functionality),MCN (complexity),Linear regression (p)
all,rl,0.46934,0.11077899,0.10757998,0.45022,4.321928,0.59879965
mit,rl,0.35907,0.3241108,0.13443,0.34697,4.321928,-0.18697381
mit,all,0.32752,0.31409052,0.081670016,0.3049,4.321928,-0.115885735
all,call4,0.22535,0.11033714,0.13953,0.21564,4.321928,0.33913547
mit,call4,0.21803,0.17629468,0.16343,0.19437,4.321928,-0.20429225
call4,rl,0.13134,0.05169777,0.07256,0.12557,4.321928,0.28220955
