X var,Y var,MIC (strength),MIC-p^2 (nonlinearity),MAS (non-monotonicity),MEV (functionality),MCN (complexity),Linear regression (p)
all,call4,0.30009,0.25842336,0.032549992,0.28102,4.321928,0.20412402
mit,call4,0.27,0.261967,0.08967002,0.23691,4.321928,0.08962707
call4,rl,0.24404,0.22141735,0.026979998,0.22712,4.321928,0.15040825
mit,all,0.23979,0.23470633,0.024720006,0.21785,4.321928,0.071299836
all,rl,0.22675,0.22650412,0.019540004,0.20995,4.321928,0.015680542
mit,rl,0.1881,0.18795869,0.011779994,0.1726,4.321928,-0.011887014
