X var,Y var,MIC (strength),MIC-p^2 (nonlinearity),MAS (non-monotonicity),MEV (functionality),MCN (complexity),Linear regression (p)
all,rl,0.25103,0.106448695,0.06217,0.239,4.807355,0.38023847
mit,all,0.24304,0.058402866,0.06256999,0.22862,4.807355,0.42969424
mit,rl,0.21396,0.040878356,0.05486001,0.20264,4.807355,0.41603082
all,call4,0.21063,0.111275524,0.022420004,0.19666,4.807355,0.31520545
call4,rl,0.18996,-0.009080067,0.01929,0.18076,4.807355,0.44613907
mit,call4,0.18776,0.041320622,0.03239,0.17569,4.807355,0.38267398
