X var,Y var,MIC (strength),MIC-p^2 (nonlinearity),MAS (non-monotonicity),MEV (functionality),MCN (complexity),Linear regression (p)
all,rl,0.48514,-0.2448357,0.08143002,0.47556,4.807355,0.85438615
mit,rl,0.29231,0.2639535,0.030310005,0.28212,4.807355,-0.16839384
call4,rl,0.1959,0.19298477,0.14972,0.1959,4.70044,0.05399282
mit,call4,0.1959,0.15732346,0.10136999,0.1959,4.70044,-0.19640909
mit,all,0.19261,0.1923282,0.040359996,0.18196,4.807355,-0.01678685
all,call4,0.1654,0.16503666,0.13268,0.16097,4.807355,0.019061249
