X var,Y var,MIC (strength),MIC-p^2 (nonlinearity),MAS (non-monotonicity),MEV (functionality),MCN (complexity),Linear regression (p)
mit,rl,0.20461,0.19469485,0.020500004,0.17729,4.0,0.099574886
mit,all,0.19254,0.1857135,0.034849994,0.16806,4.0,0.082622625
all,rl,0.1792,0.1591875,0.049389996,0.16451,4.0,0.14146553
call4,rl,0.16988,0.083925426,0.020339996,0.15152,4.0,0.2931801
mit,call4,0.15571,0.13060708,0.02680999,0.14206,4.0,0.15843898
all,call4,0.10169,0.09370217,0.01055,0.09109,4.0,0.08937467
