X var,Y var,MIC (strength),MIC-p^2 (nonlinearity),MAS (non-monotonicity),MEV (functionality),MCN (complexity),Linear regression (p)
call4,rl,0.29079,0.19315678,0.04938999,0.27328,4.0,0.31246313
all,rl,0.24762,0.22492033,0.07658,0.22022,4.0,0.15066408
mit,call4,0.24432,0.22640236,0.018799998,0.22114,4.0,0.1338568
mit,all,0.24352,0.21216589,0.020400003,0.21787,4.0,0.17707095
mit,rl,0.23578,0.23012161,0.034159996,0.20972,4.0,0.07522227
all,call4,0.19068,0.14368266,0.02869001,0.17296,4.0,0.21678871
