X var,Y var,MIC (strength),MIC-p^2 (nonlinearity),MAS (non-monotonicity),MEV (functionality),MCN (complexity),Linear regression (p)
mit,call4,0.36214,0.35067782,0.07787001,0.32473,4.0,0.10706152
mit,all,0.35618,0.30483946,0.072540015,0.32432,4.0,0.22658451
all,call4,0.28902,0.23149695,0.06943,0.26002,4.0,0.23983964
call4,rl,0.25759,0.14817685,0.061130002,0.23436,4.0,0.33077657
mit,rl,0.24776,0.24500573,0.05168,0.22295,4.0,0.052481156
all,rl,0.24468,0.2385927,0.07126999,0.21492,4.0,0.07802121
