X var,Y var,MIC (strength),MIC-p^2 (nonlinearity),MAS (non-monotonicity),MEV (functionality),MCN (complexity),Linear regression (p)
all,rl,0.3662,0.0018492937,0.084039986,0.3662,4.321928,0.6036147
mit,call4,0.26993,0.19877806,0.12478,0.26993,4.321928,-0.2667432
call4,rl,0.2548,0.16864306,0.07688999,0.2548,4.321928,0.293525
mit,rl,0.24989,0.17958266,0.061849996,0.24989,4.321928,-0.26515532
all,call4,0.20736,0.1964084,0.10521,0.20736,4.321928,0.104649864
mit,all,0.1949,0.18868028,0.037810005,0.1949,4.321928,-0.07886524
