X var,Y var,MIC (strength),MIC-p^2 (nonlinearity),MAS (non-monotonicity),MEV (functionality),MCN (complexity),Linear regression (p)
call4,rl,0.38534,0.28727785,0.07072002,0.36571,4.321928,0.31314877
mit,all,0.26539,0.20207022,0.096420005,0.25024,4.321928,0.25163424
all,rl,0.26478,0.23164015,0.029090002,0.24601,4.321928,0.1820436
mit,rl,0.23426,0.19869484,0.03633,0.21506,4.321928,0.18858725
all,call4,0.21432,0.2142519,0.03778,0.19647,4.321928,0.0082523795
mit,call4,0.21199,0.21180601,0.026079997,0.19439,4.321928,-0.013564066
