X var,Y var,MIC (strength),MIC-p^2 (nonlinearity),MAS (non-monotonicity),MEV (functionality),MCN (complexity),Linear regression (p)
all,rl,0.25474,0.17608526,0.041920006,0.24029,4.807355,0.28045452
call4,rl,0.22557,0.07292499,0.016310006,0.21355,4.807355,0.3906981
all,call4,0.21774,0.1683649,0.018419996,0.2071,4.807355,0.22220509
mit,all,0.20982,0.16885105,0.045029998,0.19475,4.807355,0.20240791
mit,call4,0.20304,0.18148813,0.012779996,0.19144,4.807355,0.14680558
mit,rl,0.20294,0.15937641,0.035060003,0.19179,4.807355,0.20871893
