X var,Y var,MIC (strength),MIC-p^2 (nonlinearity),MAS (non-monotonicity),MEV (functionality),MCN (complexity),Linear regression (p)
call4,rl,0.28493,0.21875367,0.009900004,0.28493,4.4594316,0.2572476
all,rl,0.23921,0.22989696,0.019059986,0.23921,4.4594316,0.09650403
mit,call4,0.22277,0.2225482,0.035970002,0.22277,4.4594316,-0.014892975
all,call4,0.21986,0.20601551,0.027620003,0.21986,4.4594316,0.117662586
mit,rl,0.2187,0.21724255,0.041119993,0.2187,4.4594316,0.038176615
mit,all,0.1761,0.1662232,0.03608001,0.1761,4.4594316,0.099382065
