X var,Y var,MIC (strength),MIC-p^2 (nonlinearity),MAS (non-monotonicity),MEV (functionality),MCN (complexity),Linear regression (p)
mit,rl,0.097,0.08477868,0.046970002,0.09159,4.321928,0.11055008
mit,all,0.09242,0.08760606,0.042789996,0.08958,4.321928,0.069382556
all,call4,0.08102,0.07497951,0.040149998,0.07925,4.321928,0.07772061
all,rl,0.06771,0.0551611,0.014199998,0.06771,4.169925,-0.112021856
call4,rl,0.05624,0.05438537,0.03205,0.05483,4.321928,-0.043065406
mit,call4,0.0415,0.018776778,0.0063300002,0.0341,4.321928,0.15074223
