X var,Y var,MIC (strength),MIC-p^2 (nonlinearity),MAS (non-monotonicity),MEV (functionality),MCN (complexity),Linear regression (p)
call4,rl,0.30064,0.19168597,0.07668999,0.30064,4.321928,0.33008182
all,rl,0.25941,0.17263892,0.029530004,0.25941,4.321928,0.2945693
mit,all,0.25725,0.18768889,0.070810005,0.25725,4.321928,0.26374444
mit,call4,0.21032,0.20458563,0.033699997,0.21032,4.321928,0.07572566
all,call4,0.20941,0.16227248,0.018690005,0.20941,4.321928,0.21711174
mit,rl,0.1971,0.18819684,0.048369996,0.1971,4.321928,0.094356544
