X var,Y var,MIC (strength),MIC-p^2 (nonlinearity),MAS (non-monotonicity),MEV (functionality),MCN (complexity),Linear regression (p)
call4,rl,0.29935,-0.053982258,0.06589,0.29935,4.321928,0.5944176
all,rl,0.28254,0.016130596,0.027460009,0.28254,4.321928,0.5161486
mit,all,0.25954,-0.004106194,0.03352,0.25954,4.321928,0.51346487
all,call4,0.23125,-0.0010184646,0.012160003,0.23125,4.321928,0.4819424
mit,call4,0.19134,0.04613909,0.020780005,0.19134,4.321928,0.38105237
mit,rl,0.18279,0.02560538,0.018830001,0.18279,4.321928,0.39646515
