X var,Y var,MIC (strength),MIC-p^2 (nonlinearity),MAS (non-monotonicity),MEV (functionality),MCN (complexity),Linear regression (p)
call4,rl,0.26686,0.07000847,0.030140013,0.25406,4.807355,0.44367954
mit,call4,0.24899,0.18489999,0.016609997,0.23541,4.807355,0.25316006
mit,rl,0.22923,0.18739113,0.040740006,0.21669,4.807355,0.20454553
all,rl,0.22642,0.16565937,0.047340006,0.21422,4.807355,0.24649674
mit,all,0.21627,0.1887515,0.039429992,0.20454,4.807355,0.16588698
all,call4,0.1833,0.14969143,0.024289995,0.17006,4.807355,0.18332642
