X var,Y var,MIC (strength),MIC-p^2 (nonlinearity),MAS (non-monotonicity),MEV (functionality),MCN (complexity),Linear regression (p)
mit,rl,0.42376,0.28174517,0.19081001,0.39842,4.0,0.37684855
mit,all,0.37448,0.34657,0.18085001,0.34619,4.0,0.16706294
call4,rl,0.29963,0.14076735,0.05658999,0.2598,4.0,0.39857575
all,rl,0.23068,0.207688,0.06278001,0.20418,4.0,0.15163112
mit,call4,0.21713,0.18933561,0.035449997,0.20306,4.0,0.16671649
all,call4,0.20002,0.18172573,0.02657,0.1756,4.0,0.13525632
