X var,Y var,MIC (strength),MIC-p^2 (nonlinearity),MAS (non-monotonicity),MEV (functionality),MCN (complexity),Linear regression (p)
call4,rl,0.3199,-0.09828135,0.036919996,0.30773,4.807355,0.64666945
all,call4,0.22311,0.16612332,0.019419998,0.2104,4.807355,0.23871885
all,rl,0.21544,0.13953824,0.040790007,0.20528,4.807355,0.27550274
mit,call4,0.21531,0.1835065,0.038770005,0.206,4.807355,0.17833535
mit,rl,0.18748,0.17829609,0.011810005,0.17785,4.807355,0.0958327
mit,all,0.1797,0.15867256,0.03141001,0.16981,4.807355,0.14500844
