X var,Y var,MIC (strength),MIC-p^2 (nonlinearity),MAS (non-monotonicity),MEV (functionality),MCN (complexity),Linear regression (p)
mit,all,0.32594,0.27711135,0.11664,0.30384,4.0,0.2209721
all,rl,0.29332,0.25850683,0.08595,0.26175,4.0,0.18658283
mit,rl,0.26675,0.104300484,0.013569996,0.23603,4.0,0.40305027
call4,rl,0.2303,0.14288399,0.02770999,0.20466,4.0,0.295662
mit,call4,0.22257,0.17439964,0.045650005,0.19492,4.0,0.21947744
all,call4,0.20834,0.17800283,0.026070006,0.18719,4.0,0.1741757
