X var,Y var,MIC (strength),MIC-p^2 (nonlinearity),MAS (non-monotonicity),MEV (functionality),MCN (complexity),Linear regression (p)
all,call4,0.25747,0.25380346,0.033819996,0.23746,4.321928,0.06055197
call4,rl,0.23515,0.19643763,0.019280002,0.21486,4.321928,0.1967546
mit,all,0.23213,0.19392751,0.048269995,0.21462,4.321928,0.1954546
mit,rl,0.21574,0.215144,0.0388,0.19908,4.321928,-0.024413269
all,rl,0.20593,0.20436391,0.020069994,0.1853,4.321928,-0.03957373
mit,call4,0.19207,0.18069513,0.011480004,0.17339,4.321928,0.106653035
