X var,Y var,MIC (strength),MIC-p^2 (nonlinearity),MAS (non-monotonicity),MEV (functionality),MCN (complexity),Linear regression (p)
call4,rl,0.27356,0.123364925,0.012620002,0.26145,4.807355,0.3875501
all,rl,0.25466,0.19096527,0.03745,0.24137,4.807355,0.25237817
all,call4,0.23236,0.18753535,0.038940012,0.22019,4.807355,0.21171834
mit,rl,0.20653,0.17894869,0.01831001,0.19385,4.807355,0.16607626
mit,all,0.2012,0.17727885,0.016400002,0.18949,4.807355,0.15466465
mit,call4,0.17759,0.16075283,0.0085400045,0.16775,4.807355,0.12975807
