X var,Y var,MIC (strength),MIC-p^2 (nonlinearity),MAS (non-monotonicity),MEV (functionality),MCN (complexity),Linear regression (p)
mit,rl,0.2387,0.22741027,0.02091001,0.22683,4.807355,0.10625317
call4,rl,0.20757,0.1010083,0.016280003,0.19887,4.807355,0.3264379
mit,all,0.20067,0.19560423,0.03139001,0.1907,4.807355,0.07117421
mit,call4,0.19677,0.14185041,0.03966,0.18726,4.807355,0.23434927
all,call4,0.19132,0.17860042,0.05449,0.17826,4.807355,0.112781145
all,rl,0.16335,0.13519916,0.022259995,0.15365,4.807355,0.16778211
