X var,Y var,MIC (strength),MIC-p^2 (nonlinearity),MAS (non-monotonicity),MEV (functionality),MCN (complexity),Linear regression (p)
all,call4,0.29715,0.11553146,0.08323999,0.2643,4.0,0.42616725
mit,all,0.26259,0.02433841,0.01473999,0.23841,4.0,0.4881102
mit,rl,0.26213,0.12294485,0.060799986,0.22189,4.0,0.37307525
mit,call4,0.25046,-0.010989964,0.015520006,0.2176,4.0,0.5113218
all,rl,0.24839,0.06134914,0.070130005,0.21951,4.0,0.4324822
call4,rl,0.24675,-0.017537564,0.0159,0.21378,4.0,0.51408905
