X var,Y var,MIC (strength),MIC-p^2 (nonlinearity),MAS (non-monotonicity),MEV (functionality),MCN (complexity),Linear regression (p)
mit,rl,0.35176,0.23078328,0.039189994,0.28994,4.0,-0.34781706
all,rl,0.33626,0.32252833,0.08047001,0.33041,4.0,0.11718211
mit,all,0.31718,0.16479617,0.0715,0.28973,4.0,0.39036372
