X var,Y var,MIC (strength),MIC-p^2 (nonlinearity),MAS (non-monotonicity),MEV (functionality),MCN (complexity),Linear regression (p)
call4,rl,0.31662,0.05413246,0.034229994,0.3003,4.321928,0.51233536
mit,rl,0.23708,0.1675401,0.044689998,0.22396,4.321928,0.26370415
mit,all,0.22583,0.16587655,0.022829995,0.20937,4.321928,0.24485394
all,rl,0.20977,0.17950758,0.045900002,0.20056,4.321928,0.17396092
mit,call4,0.19516,0.17605257,0.0485,0.18158,4.321928,0.13822961
all,call4,0.18446,0.1619587,0.027399994,0.17241,4.321928,0.15000434
