X var,Y var,MIC (strength),MIC-p^2 (nonlinearity),MAS (non-monotonicity),MEV (functionality),MCN (complexity),Linear regression (p)
call4,rl,0.32682,-0.2033656,0.04518999,0.31473,4.807355,0.72813845
mit,call4,0.23136,-0.23205326,0.039580002,0.2168,4.807355,0.68074465
mit,all,0.22875,-0.14815651,0.041339993,0.21784,4.807355,0.6139271
mit,rl,0.21427,-0.12120718,0.028590009,0.2043,4.807355,0.5792039
all,rl,0.20021,-0.08288136,0.021519996,0.19023,4.807355,0.5320633
all,call4,0.20015,-0.11570926,0.016520001,0.18642,4.807355,0.56201357
