X var,Y var,MIC (strength),MIC-p^2 (nonlinearity),MAS (non-monotonicity),MEV (functionality),MCN (complexity),Linear regression (p)
call4,rl,0.2933,0.22689635,0.08850001,0.2933,4.321928,0.25768906
all,rl,0.27502,0.21474546,0.045599997,0.27502,4.321928,0.24550875
all,call4,0.26461,0.2438848,0.03746,0.26461,4.321928,0.14396244
mit,all,0.23139,0.18879788,0.031230003,0.23139,4.321928,0.2063786
mit,rl,0.21224,0.21103023,0.030279994,0.21224,4.321928,0.03478171
mit,call4,0.18496,0.18251441,0.019019999,0.18496,4.321928,0.049452778
