X var,Y var,MIC (strength),MIC-p^2 (nonlinearity),MAS (non-monotonicity),MEV (functionality),MCN (complexity),Linear regression (p)
call4,rl,0.29993,0.26723266,0.10667001,0.27767,4.321928,0.18082413
all,rl,0.24471,0.24410924,0.09255999,0.22637,4.321928,-0.02451021
all,call4,0.23999,0.22143582,0.069749996,0.22072,4.321928,0.13621373
mit,all,0.22879,0.2275135,0.05753,0.2106,4.321928,-0.035728004
mit,rl,0.21921,0.21657476,0.029159993,0.20145,4.321928,-0.051334567
mit,call4,0.21204,0.2092184,0.020660006,0.19614,4.321928,0.053118855
