X var,Y var,MIC (strength),MIC-p^2 (nonlinearity),MAS (non-monotonicity),MEV (functionality),MCN (complexity),Linear regression (p)
call4,rl,0.26423,0.15347841,0.015550002,0.26423,4.321928,0.33279362
all,rl,0.25835,0.15840375,0.04066001,0.25835,4.321928,0.3161428
all,call4,0.25081,0.20045939,0.036759987,0.25081,4.321928,0.2243894
mit,call4,0.21014,0.20046735,0.0475,0.21014,4.321928,0.09834969
mit,rl,0.19534,0.18172768,0.028559998,0.19534,4.321928,0.116671816
mit,all,0.19311,0.11829731,0.006930001,0.19311,4.321928,0.2735191
