X var,Y var,MIC (strength),MIC-p^2 (nonlinearity),MAS (non-monotonicity),MEV (functionality),MCN (complexity),Linear regression (p)
mit,rl,0.21115,0.10982953,0.045830004,0.19856,4.4594316,0.31830877
all,call4,0.18222,0.1800925,0.05821999,0.17517,4.4594316,0.046124864
mit,call4,0.17147,0.16389285,0.067200005,0.1617,4.4594316,0.08704685
all,rl,0.17088,0.16915967,0.051330008,0.1601,4.4594316,0.04147699
call4,rl,0.16771,0.16472553,0.015649997,0.15996,4.4594316,0.054630432
mit,all,0.13942,0.13931449,0.013219997,0.12907,4.4594316,-0.010271952
