X var,Y var,MIC (strength),MIC-p^2 (nonlinearity),MAS (non-monotonicity),MEV (functionality),MCN (complexity),Linear regression (p)
call4,rl,0.3006,0.19232446,0.031650007,0.28919,4.807355,0.32905248
mit,rl,0.23341,0.19805291,0.015220001,0.21805,4.807355,0.1880348
mit,all,0.21904,0.18991469,0.014290005,0.20426,4.807355,0.17066142
mit,call4,0.21793,0.19014637,0.045030013,0.20671,4.807355,0.16668423
all,call4,0.21637,0.18173568,0.017990008,0.20048,4.807355,0.186103
all,rl,0.20543,0.14259404,0.019100003,0.1937,4.807355,0.25067103
