X var,Y var,MIC (strength),MIC-p^2 (nonlinearity),MAS (non-monotonicity),MEV (functionality),MCN (complexity),Linear regression (p)
mit,all,0.33329,0.25334865,0.103790015,0.33329,4.321928,0.28273904
call4,rl,0.23876,0.10790478,0.033189997,0.23876,4.321928,0.36173916
all,call4,0.23554,0.1652267,0.03667,0.23554,4.321928,0.26516658
all,rl,0.22232,0.14745143,0.0119099915,0.22232,4.321928,0.27362123
mit,rl,0.20677,0.20156412,0.03723,0.20677,4.321928,0.07215177
mit,call4,0.19025,0.18826275,0.026239991,0.19025,4.321928,0.044578616
