X var,Y var,MIC (strength),MIC-p^2 (nonlinearity),MAS (non-monotonicity),MEV (functionality),MCN (complexity),Linear regression (p)
all,rl,0.37794,0.13777883,0.081609994,0.36547,4.807355,0.49006242
mit,rl,0.31051,0.18383019,0.036809996,0.30139,4.807355,-0.3559211
mit,all,0.25839,0.24759161,0.041920006,0.2477,4.807355,-0.10391535
mit,call4,0.19333,0.192221,0.14954,0.18241,4.807355,0.03330161
all,call4,0.16589,0.094549604,0.094579995,0.15611,4.807355,0.26709622
call4,rl,0.12536,0.07073057,0.0392,0.12113,4.807355,0.23372939
