X var,Y var,MIC (strength),MIC-p^2 (nonlinearity),MAS (non-monotonicity),MEV (functionality),MCN (complexity),Linear regression (p)
call4,rl,0.41631,0.2280376,0.06767002,0.38216,4.0,0.4339037
mit,all,0.35609,0.23791853,0.05754,0.32437,4.0,0.3437608
all,rl,0.25203,0.22650078,0.052120008,0.22879,4.0,0.1597786
mit,rl,0.25021,0.20141129,0.05991,0.2256,4.0,0.22090426
mit,call4,0.24189,0.20883015,0.025649995,0.21508,4.0,0.18182369
all,call4,0.20578,0.120895036,0.010000005,0.183,4.0,0.29135025
