X var,Y var,MIC (strength),MIC-p^2 (nonlinearity),MAS (non-monotonicity),MEV (functionality),MCN (complexity),Linear regression (p)
all,call4,0.25713,0.25670928,0.059729993,0.23643,4.4594316,0.020511571
all,rl,0.25108,0.24843575,0.071669996,0.2365,4.4594316,0.051422365
mit,rl,0.23826,0.118966185,0.019230008,0.22055,4.4594316,0.34538937
call4,rl,0.2296,0.22659056,0.032070003,0.21435,4.4594316,0.05485834
mit,all,0.22202,0.22201565,0.039509997,0.20599,4.4594316,0.0020874082
mit,call4,0.19749,0.18334368,0.03887,0.18207,4.4594316,0.11893833
