X var,Y var,MIC (strength),MIC-p^2 (nonlinearity),MAS (non-monotonicity),MEV (functionality),MCN (complexity),Linear regression (p)
all,call4,0.26764,0.11254607,0.07467,0.24783,4.321928,0.39381966
mit,rl,0.25718,0.085434064,0.016760007,0.22878,4.321928,0.41442242
call4,rl,0.23695,0.04698457,0.027840003,0.21802,4.321928,0.43585023
mit,all,0.23348,0.10752158,0.054000005,0.21438,4.321928,0.35490623
all,rl,0.22752,0.06951162,0.015320003,0.20711,4.321928,0.3975027
mit,call4,0.22318,0.086693436,0.046959996,0.20267,4.321928,0.36944088
