X var,Y var,MIC (strength),MIC-p^2 (nonlinearity),MAS (non-monotonicity),MEV (functionality),MCN (complexity),Linear regression (p)
mit,call4,0.23168,-0.063105226,0.038660005,0.23168,4.4594316,0.5429413
mit,all,0.23005,-0.094617784,0.0312,0.23005,4.4594316,0.56979626
mit,rl,0.22638,0.035063297,0.046550006,0.22638,4.4594316,0.43739766
all,call4,0.21198,-0.001916334,0.024180003,0.21198,4.4594316,0.46248928
call4,rl,0.20942,-0.08791697,0.019639999,0.20942,4.4594316,0.5452861
all,rl,0.19489,0.031143531,0.029959999,0.19489,4.4594316,0.404656
