X var,Y var,MIC (strength),MIC-p^2 (nonlinearity),MAS (non-monotonicity),MEV (functionality),MCN (complexity),Linear regression (p)
call4,rl,0.30733,0.0950519,0.04482001,0.29604,4.807355,0.46073648
mit,rl,0.27143,0.22066572,0.04144998,0.25567,4.807355,0.22530927
mit,all,0.23319,0.20141013,0.050050005,0.21428,4.807355,0.1782691
all,call4,0.21966,0.18425477,0.027609996,0.20574,4.807355,0.18816277
all,rl,0.21659,0.14996228,0.023209997,0.20641,4.807355,0.2581235
mit,call4,0.20873,0.1361312,0.021529995,0.19517,4.807355,0.26944166
