X var,Y var,MIC (strength),MIC-p^2 (nonlinearity),MAS (non-monotonicity),MEV (functionality),MCN (complexity),Linear regression (p)
call4,rl,0.39216,0.28523058,0.05262001,0.36079,4.4594316,0.32700062
mit,all,0.28979,0.2553639,0.06431,0.27264,4.4594316,0.18554273
mit,rl,0.25395,0.19297671,0.070810005,0.23751,4.4594316,0.2469277
mit,call4,0.24864,0.23085038,0.034040004,0.23039,4.4594316,0.13337773
all,rl,0.22893,0.20838083,0.055099994,0.20825,4.4594316,0.14334981
all,call4,0.19032,0.17388941,0.015770003,0.17549,4.4594316,0.12818183
