X var,Y var,MIC (strength),MIC-p^2 (nonlinearity),MAS (non-monotonicity),MEV (functionality),MCN (complexity),Linear regression (p)
call4,rl,0.29795,0.10519032,0.058359995,0.28728,4.807355,0.43904406
all,rl,0.24393,0.15699804,0.011379994,0.22931,4.807355,0.29484227
mit,rl,0.22351,0.17152826,0.023159996,0.21266,4.807355,0.22799502
all,call4,0.22017,0.16638502,0.03186001,0.20847,4.807355,0.2319159
mit,call4,0.21951,0.17441075,0.020000003,0.20878,4.807355,0.21236585
mit,all,0.19769,0.14203718,0.021349996,0.18739,4.807355,0.23590848
