X var,Y var,MIC (strength),MIC-p^2 (nonlinearity),MAS (non-monotonicity),MEV (functionality),MCN (complexity),Linear regression (p)
all,rl,0.69225,0.13742346,0.022240013,0.66843,4.321928,0.7448668
mit,call4,0.3009,0.2836253,0.20577002,0.2627,4.321928,-0.13143331
all,call4,0.29853,0.16930611,0.11103001,0.27987,4.321928,0.35947725
mit,rl,0.25215,0.24918634,0.021569997,0.2304,4.321928,0.054439545
call4,rl,0.22647,0.08271621,0.06285,0.21159,4.321928,0.37914875
mit,all,0.20928,0.1925979,0.017899998,0.19129,4.321928,-0.12915924
