X var,Y var,MIC (strength),MIC-p^2 (nonlinearity),MAS (non-monotonicity),MEV (functionality),MCN (complexity),Linear regression (p)
call4,rl,0.40046,0.1901001,0.084340006,0.36581,4.0,0.45865008
mit,all,0.28403,0.1669892,0.049229994,0.25823,4.0,0.34211224
all,call4,0.27402,0.1863102,0.04459998,0.24848,4.0,0.29615837
mit,call4,0.27066,0.22248687,0.044919997,0.23876,4.0,0.21948381
mit,rl,0.25408,0.20711963,0.08676,0.22627,4.0,0.2167034
all,rl,0.23603,0.20054501,0.03806001,0.20349,4.0,0.18837456
