X var,Y var,MIC (strength),MIC-p^2 (nonlinearity),MAS (non-monotonicity),MEV (functionality),MCN (complexity),Linear regression (p)
mit,all,0.31261,0.30374578,0.075169995,0.30063,4.321928,-0.09415008
all,rl,0.25976,-0.47440204,0.03521,0.24217,4.321928,0.85683256
mit,rl,0.20419,0.1944838,0.039230004,0.18537,4.321928,-0.09852005
mit,call4,0.16155,0.15830432,0.12878999,0.14947,4.321928,-0.056970883
all,call4,0.1531,0.15294483,0.12296,0.14201,4.321928,-0.012456435
call4,rl,0.10824,0.106932275,0.05305,0.10036,4.321928,0.036162525
