X var,Y var,MIC (strength),MIC-p^2 (nonlinearity),MAS (non-monotonicity),MEV (functionality),MCN (complexity),Linear regression (p)
call4,rl,0.26525,0.24449766,0.05794999,0.24614,4.321928,0.14405675
all,call4,0.25546,0.23527716,0.0723,0.23131,4.321928,0.14206629
all,rl,0.23975,0.23970383,0.027549997,0.21575,4.321928,0.0067939106
mit,all,0.23758,0.210145,0.010469995,0.2194,4.321928,0.16563515
mit,call4,0.22981,0.21997233,0.046059996,0.20969,4.321928,0.09918507
mit,rl,0.22024,0.2200872,0.0361,0.20033,4.321928,0.012361177
