X var,Y var,MIC (strength),MIC-p^2 (nonlinearity),MAS (non-monotonicity),MEV (functionality),MCN (complexity),Linear regression (p)
all,rl,0.41186,-0.055345565,0.04046999,0.40422,4.807355,0.68352437
all,call4,0.22934,0.22432354,0.12997,0.21962,4.807355,-0.07082703
mit,all,0.19869,0.19737464,0.025399998,0.18842,4.807355,-0.03626792
mit,rl,0.19543,0.18160938,0.07144,0.18377,4.807355,-0.11756113
mit,call4,0.18708,0.18562825,0.121429995,0.1762,4.807355,-0.038101695
call4,rl,0.13002,0.12996878,0.08539999,0.12266,4.807355,-0.007156174
