X var,Y var,MIC (strength),MIC-p^2 (nonlinearity),MAS (non-monotonicity),MEV (functionality),MCN (complexity),Linear regression (p)
call4,rl,0.32905,0.15974468,0.030410007,0.30579,4.321928,0.41146728
mit,rl,0.24297,0.18381801,0.031719998,0.22595,4.321928,0.24321184
mit,all,0.23607,0.21323802,0.023750007,0.2157,4.321928,0.1511026
mit,call4,0.22122,0.20934272,0.024470001,0.20061,4.321928,0.10898295
all,call4,0.19831,0.1823472,0.029210001,0.18159,4.321928,0.12634403
all,rl,0.19481,0.1926828,0.045219995,0.17872,4.321928,0.046121504
