X var,Y var,MIC (strength),MIC-p^2 (nonlinearity),MAS (non-monotonicity),MEV (functionality),MCN (complexity),Linear regression (p)
mit,rl,0.23955,-0.108202904,0.015010007,0.23955,4.4594316,0.58970577
all,call4,0.2375,-0.014129147,0.044029996,0.2375,4.4594316,0.5016265
all,rl,0.22408,-0.030368,0.03136,0.22408,4.4594316,0.5044284
call4,rl,0.22352,-0.22289662,0.025880009,0.22352,4.4594316,0.66814417
mit,call4,0.21979,-0.1635981,0.017389998,0.21979,4.4594316,0.6191834
mit,all,0.19741,-0.22816856,0.027280003,0.19741,4.4594316,0.65236384
