X var,Y var,MIC (strength),MIC-p^2 (nonlinearity),MAS (non-monotonicity),MEV (functionality),MCN (complexity),Linear regression (p)
call4,rl,0.30606,0.13086584,0.07492998,0.27596,4.0,0.418562
mit,call4,0.29626,0.24209721,0.054560006,0.26449,4.0,0.232729
all,rl,0.27398,0.24168955,0.039129987,0.2417,4.0,0.17969543
all,call4,0.27186,0.18831396,0.02663,0.24435,4.0,0.28904334
mit,rl,0.25768,0.23229611,0.054069996,0.23028,4.0,0.1593232
mit,all,0.22352,0.17623217,0.019840002,0.19265,4.0,0.21745764
