X var,Y var,MIC (strength),MIC-p^2 (nonlinearity),MAS (non-monotonicity),MEV (functionality),MCN (complexity),Linear regression (p)
all,rl,0.72427,-0.08098698,0.06293002,0.70553,4.321928,0.8973611
call4,rl,0.32197,-0.019103825,0.07956998,0.29715,4.321928,0.58401525
mit,all,0.32115,0.27840388,0.050950006,0.30191,4.321928,-0.20675139
all,call4,0.31359,-0.0132671,0.13972,0.28889,4.321928,0.57171416
mit,rl,0.30279,0.272988,0.044259995,0.28645,4.321928,-0.17263252
mit,call4,0.27551,0.18810427,0.099610016,0.25473,4.321928,-0.2956446
