X var,Y var,MIC (strength),MIC-p^2 (nonlinearity),MAS (non-monotonicity),MEV (functionality),MCN (complexity),Linear regression (p)
mit,rl,0.26008,0.01667741,0.08164,0.24631,4.4594316,0.4933585
all,rl,0.24451,0.11665222,0.051200002,0.22687,4.4594316,0.35757205
mit,call4,0.22261,0.05687146,0.055789992,0.213,4.4594316,0.40710998
call4,rl,0.21103,-0.04478687,0.035030007,0.19577,4.4594316,0.50578344
all,call4,0.19588,0.06451036,0.035950005,0.18432,4.4594316,0.3624495
mit,all,0.19272,0.02084802,0.027890012,0.18085,4.4594316,0.41457444
