X var,Y var,MIC (strength),MIC-p^2 (nonlinearity),MAS (non-monotonicity),MEV (functionality),MCN (complexity),Linear regression (p)
call4,rl,0.32443,0.10233489,0.022029996,0.3138,4.807355,0.47126967
all,rl,0.26793,0.16314635,0.08226,0.25359,4.807355,0.32370302
mit,all,0.20162,0.13352194,0.0106500015,0.18792,4.807355,0.26095602
mit,rl,0.1995,0.120364465,0.022319995,0.18789,4.807355,0.28131038
mit,call4,0.17855,0.121367455,0.019500002,0.1682,4.807355,0.23912874
all,call4,0.16899,0.111391306,0.017970003,0.15747,4.807355,0.23999728
