X var,Y var,MIC (strength),MIC-p^2 (nonlinearity),MAS (non-monotonicity),MEV (functionality),MCN (complexity),Linear regression (p)
all,rl,0.2378,0.19838008,0.02059,0.2191,4.807355,0.1985445
call4,rl,0.23292,0.11971935,0.03509,0.22403,4.807355,0.33645305
mit,rl,0.22208,0.20799021,0.01768,0.20808,4.807355,0.118700445
mit,call4,0.19661,0.1306766,0.016340002,0.18647,4.807355,0.256775
all,call4,0.18825,0.17441906,0.02059,0.17449,4.807355,0.11760504
mit,all,0.17597,0.1621146,0.019559998,0.16637,4.807355,0.11770897
