X var,Y var,MIC (strength),MIC-p^2 (nonlinearity),MAS (non-monotonicity),MEV (functionality),MCN (complexity),Linear regression (p)
all,rl,0.47591,0.38588887,0.06005001,0.47591,4.4594316,-0.3000352
mit,all,0.40276,0.18469228,0.03693998,0.40276,4.4594316,0.4669772
mit,rl,0.24995,0.23622577,0.044740006,0.24995,4.4594316,-0.117150515
all,call4,0.19655,0.16283695,0.11451,0.19655,4.4594316,-0.18361112
mit,call4,0.19496,0.15071926,0.1017,0.19496,4.4594316,-0.21033485
call4,rl,0.19111,0.18819232,0.14025,0.19111,4.4594316,0.054015476
