X var,Y var,MIC (strength),MIC-p^2 (nonlinearity),MAS (non-monotonicity),MEV (functionality),MCN (complexity),Linear regression (p)
call4,rl,0.28944,0.17090409,0.029470012,0.27845,4.807355,0.34429047
mit,all,0.21832,0.18940924,0.015740007,0.20343,4.807355,0.17003164
all,rl,0.21802,0.14933619,0.035410002,0.20418,4.807355,0.262076
all,call4,0.2176,0.18541816,0.017290004,0.20521,4.807355,0.17939301
mit,rl,0.20718,0.16999587,0.020999998,0.19699,4.807355,0.19283184
mit,call4,0.18798,0.16234672,0.006959997,0.17787,4.807355,0.16010396
