X var,Y var,MIC (strength),MIC-p^2 (nonlinearity),MAS (non-monotonicity),MEV (functionality),MCN (complexity),Linear regression (p)
all,rl,0.39377,0.10850045,0.08302,0.39377,4.321928,0.5341063
call4,rl,0.30028,0.2284216,0.032299995,0.30028,4.321928,0.26806417
mit,rl,0.28685,0.28598365,0.033189997,0.28685,4.321928,0.02943369
all,call4,0.27949,0.26723608,0.099549994,0.27949,4.321928,0.11069737
mit,call4,0.23543,0.13357872,0.056480005,0.23543,4.321928,0.31914148
mit,all,0.18315,0.18291868,0.01586999,0.18315,4.321928,0.01520914
