X var,Y var,MIC (strength),MIC-p^2 (nonlinearity),MAS (non-monotonicity),MEV (functionality),MCN (complexity),Linear regression (p)
call4,rl,0.35087,0.18423389,0.09002,0.32966,4.321928,0.40821087
all,call4,0.22725,0.20654267,0.021470003,0.20877,4.321928,0.14390041
mit,rl,0.22716,0.17341712,0.025920004,0.20685,4.321928,0.23182511
mit,call4,0.22334,0.20798689,0.03937,0.2027,4.321928,0.123907655
mit,all,0.21517,0.19548438,0.027449995,0.19753,4.321928,0.14030541
all,rl,0.20354,0.20352162,0.02477,0.18721,4.321928,-0.004286313
