X var,Y var,MIC (strength),MIC-p^2 (nonlinearity),MAS (non-monotonicity),MEV (functionality),MCN (complexity),Linear regression (p)
call4,rl,0.31267,-0.14534768,0.03232999,0.30199,4.807355,0.67677003
all,call4,0.25537,0.19186375,0.027699996,0.24227,4.807355,0.25200447
all,rl,0.2197,0.1434552,0.02697,0.20919,4.807355,0.27612457
mit,call4,0.21797,0.18448582,0.05136001,0.20665,4.807355,0.1829868
mit,rl,0.19317,0.19075315,0.01238,0.17924,4.807355,0.049161397
mit,all,0.17632,0.1720236,0.023850009,0.1663,4.807355,0.065547
