X var,Y var,MIC (strength),MIC-p^2 (nonlinearity),MAS (non-monotonicity),MEV (functionality),MCN (complexity),Linear regression (p)
call4,rl,0.30476,-0.096967995,0.01783,0.29477,4.807355,0.6338202
mit,call4,0.23835,0.2056641,0.06804,0.22584,4.807355,0.18079244
all,call4,0.22282,0.15544334,0.014109999,0.20959,4.807355,0.25957012
all,rl,0.21129,0.14044182,0.029730007,0.20111,4.807355,0.2661732
mit,rl,0.19838,0.18953297,0.018249989,0.18291,4.807355,0.0940586
mit,all,0.18608,0.17823668,0.011629999,0.17393,4.807355,0.0885625
