X var,Y var,MIC (strength),MIC-p^2 (nonlinearity),MAS (non-monotonicity),MEV (functionality),MCN (complexity),Linear regression (p)
call4,rl,0.28807,0.13483039,0.04294,0.26991,4.321928,0.3914583
all,call4,0.24806,0.2325431,0.0644,0.22691,4.321928,0.12456687
mit,all,0.22974,0.16631263,0.022820003,0.21115,4.321928,0.2518479
mit,rl,0.22965,0.20771155,0.0172,0.21131,4.321928,0.14811635
all,rl,0.22514,0.20954537,0.019769996,0.20251,4.321928,0.12487849
mit,call4,0.20844,0.19898376,0.015699998,0.18707,4.321928,0.097243235
