X var,Y var,MIC (strength),MIC-p^2 (nonlinearity),MAS (non-monotonicity),MEV (functionality),MCN (complexity),Linear regression (p)
all,rl,0.25346,0.20354533,0.031200007,0.25346,4.321928,0.22341588
mit,all,0.23865,0.20927191,0.03711,0.23865,4.321928,0.17140035
call4,rl,0.22798,0.1716514,0.045029998,0.22798,4.321928,0.23733649
mit,call4,0.21534,0.21430458,0.05066,0.21534,4.321928,0.032177966
mit,rl,0.21121,0.20964167,0.046759993,0.21121,4.321928,0.039602213
all,call4,0.20411,0.19441986,0.027800001,0.20411,4.321928,0.09843851
