X var,Y var,MIC (strength),MIC-p^2 (nonlinearity),MAS (non-monotonicity),MEV (functionality),MCN (complexity),Linear regression (p)
call4,rl,0.31017,0.09493606,0.04558,0.29587,4.321928,0.4639331
mit,rl,0.28778,0.23890623,0.07035999,0.27186,4.321928,0.22107409
mit,all,0.26067,0.17219263,0.015239991,0.24286,4.321928,0.29745147
mit,call4,0.22188,0.21256426,0.048739992,0.19544,4.321928,0.096518084
all,call4,0.21912,0.20100589,0.029989995,0.19575,4.321928,0.13458866
all,rl,0.20314,0.17113248,0.024360001,0.18544,4.321928,0.1789065
