X var,Y var,MIC (strength),MIC-p^2 (nonlinearity),MAS (non-monotonicity),MEV (functionality),MCN (complexity),Linear regression (p)
all,rl,0.59781,0.59766734,0.058290005,0.59781,4.4594316,0.011941946
mit,all,0.28625,0.28198513,0.019020006,0.28625,4.4594316,-0.06530586
mit,rl,0.25506,0.196819,0.051489994,0.25506,4.4594316,0.24133168
call4,rl,0.08318,0.07753784,0.07387,0.08318,3.321928,-0.07511434
all,call4,0.08318,0.083081536,0.06767,0.08318,3.321928,-0.009923151
mit,call4,0.08318,0.07211069,0.053290002,0.08318,3.321928,-0.10521081
