X var,Y var,MIC (strength),MIC-p^2 (nonlinearity),MAS (non-monotonicity),MEV (functionality),MCN (complexity),Linear regression (p)
all,rl,0.2704,0.26232553,0.093409985,0.2704,4.4594316,0.08985798
call4,rl,0.22645,0.20017527,0.025549993,0.22645,4.4594316,0.16209479
mit,all,0.22551,0.22356065,0.02307,0.22551,4.4594316,0.04415158
mit,call4,0.20991,0.20772927,0.0555,0.20991,4.4594316,0.0466984
all,call4,0.20639,0.20592095,0.04954,0.20639,4.4594316,0.021657301
mit,rl,0.19063,0.18782678,0.029359996,0.19063,4.4594316,0.052945517
