X var,Y var,MIC (strength),MIC-p^2 (nonlinearity),MAS (non-monotonicity),MEV (functionality),MCN (complexity),Linear regression (p)
all,rl,0.64457,-0.058036566,0.087200046,0.64457,4.70044,0.8382163
call4,rl,0.61942,0.38443434,0.13253999,0.61942,4.70044,0.48475316
all,call4,0.42637,0.21590243,0.05408001,0.42416,4.807355,0.45876744
mit,rl,0.32966,0.32913277,0.15222,0.3144,4.807355,-0.022961562
mit,all,0.31849,0.27597338,0.13524,0.30427,4.807355,0.2061956
mit,call4,0.19823,0.17946148,0.08231,0.18701,4.807355,0.13699827
