X var,Y var,MIC (strength),MIC-p^2 (nonlinearity),MAS (non-monotonicity),MEV (functionality),MCN (complexity),Linear regression (p)
all,call4,0.26133,0.12018098,0.047470003,0.24008,4.321928,0.37569806
call4,rl,0.26082,0.15347189,0.034399994,0.2446,4.321928,0.32764024
all,rl,0.25428,0.11954212,0.043470003,0.23464,4.321928,0.3670666
mit,rl,0.24757,0.13754402,0.06009999,0.22624,4.321928,0.33170164
mit,all,0.2288,0.019116,0.03876,0.2075,4.321928,0.45791265
mit,call4,0.22041,0.09848467,0.061289996,0.19155,4.321928,0.34917808
