X var,Y var,MIC (strength),MIC-p^2 (nonlinearity),MAS (non-monotonicity),MEV (functionality),MCN (complexity),Linear regression (p)
all,rl,0.42726,0.113661885,0.10489002,0.41386,4.321928,0.55999833
mit,all,0.22533,0.22303541,0.05265999,0.20536,4.321928,-0.04790187
mit,rl,0.194,0.19346917,0.09345,0.17935,4.321928,-0.023039967
mit,call4,0.14069,0.13198346,0.12022,0.14069,3.807355,0.09330883
all,call4,0.03441,0.031476427,0.015759999,0.03441,3.321928,-0.054162458
call4,rl,0.00666,0.004772617,0.0,0.00666,2.0,-0.04344402
