X var,Y var,MIC (strength),MIC-p^2 (nonlinearity),MAS (non-monotonicity),MEV (functionality),MCN (complexity),Linear regression (p)
call4,rl,0.26499,0.16153622,0.06616001,0.24755,4.321928,0.32164234
mit,call4,0.19428,0.18087369,0.041569993,0.18199,4.321928,0.1157856
mit,rl,0.18807,0.14036074,0.021129996,0.17251,4.321928,0.21842447
mit,all,0.15707,0.15045494,0.032420002,0.14654,4.321928,0.081333034
all,call4,0.13732,0.1328358,0.029349998,0.12793,4.321928,0.066964075
all,rl,0.1351,0.13336816,0.037880003,0.1258,4.321928,-0.04161548
