X var,Y var,MIC (strength),MIC-p^2 (nonlinearity),MAS (non-monotonicity),MEV (functionality),MCN (complexity),Linear regression (p)
call4,rl,0.30698,0.00722602,0.043259993,0.28455,4.0,0.5474979
all,call4,0.29785,0.08966753,0.029339999,0.26421,4.0,0.4562702
mit,all,0.29671,-0.0161843,0.08209002,0.26089,4.0,0.55936956
mit,call4,0.2755,-0.071963966,0.028740004,0.24491,4.0,0.58946073
mit,rl,0.26533,-0.014596194,0.031010002,0.23626,4.0,0.5290805
all,rl,0.24655,0.08012226,0.063930005,0.22165,4.0,0.40795556
