X var,Y var,MIC (strength),MIC-p^2 (nonlinearity),MAS (non-monotonicity),MEV (functionality),MCN (complexity),Linear regression (p)
call4,rl,0.35633,-0.12616464,0.059729993,0.3481,4.807355,0.69461834
all,call4,0.2104,0.15150832,0.03436,0.20129,4.807355,0.2426761
mit,rl,0.20701,0.20313995,0.021160007,0.19494,4.807355,0.062209748
mit,call4,0.2066,0.17255746,0.036809996,0.19379,4.807355,0.18450621
mit,all,0.19004,0.18848042,0.023870006,0.17714,4.807355,0.039491516
all,rl,0.17474,0.113954395,0.014430001,0.1657,4.807355,0.24654737
