X var,Y var,MIC (strength),MIC-p^2 (nonlinearity),MAS (non-monotonicity),MEV (functionality),MCN (complexity),Linear regression (p)
call4,rl,0.25009,0.13767257,0.020889997,0.25009,4.321928,0.3352871
all,rl,0.24795,0.16924024,0.07733001,0.24795,4.321928,0.28055263
all,call4,0.22257,0.19185166,0.037070006,0.22257,4.321928,0.1752665
mit,all,0.21703,0.14412642,0.026870005,0.21703,4.321928,0.27000663
mit,rl,0.2158,0.19982031,0.036039993,0.2158,4.321928,0.12641083
mit,call4,0.18939,0.18318911,0.03204,0.18939,4.321928,0.07874575
