X var,Y var,MIC (strength),MIC-p^2 (nonlinearity),MAS (non-monotonicity),MEV (functionality),MCN (complexity),Linear regression (p)
call4,rl,0.3624,-0.053096056,0.059700012,0.3514,4.807355,0.64458984
all,call4,0.24281,0.18088466,0.031179994,0.23039,4.807355,0.24884804
all,rl,0.23056,0.15621431,0.037850007,0.21906,4.807355,0.27266407
mit,call4,0.20305,0.15187481,0.02008,0.191,4.807355,0.22621936
mit,rl,0.19798,0.17889112,0.0132,0.1847,4.807355,0.13816252
mit,all,0.16905,0.15174964,0.004999995,0.15704,4.807355,0.13153079
