X var,Y var,MIC (strength),MIC-p^2 (nonlinearity),MAS (non-monotonicity),MEV (functionality),MCN (complexity),Linear regression (p)
all,rl,0.26675,0.24657011,0.07143001,0.2331,4.0,0.14205597
mit,rl,0.26632,0.2653073,0.030730002,0.23407,4.0,0.031822897
all,call4,0.24413,0.20165545,0.03963001,0.21368,4.0,0.20609356
call4,rl,0.23109,0.1824303,0.033769995,0.20791,4.0,0.22058943
mit,call4,0.22915,0.22206707,0.036229998,0.20273,4.0,0.08416013
mit,all,0.2285,0.164662,0.08069,0.20062,4.0,0.25266182
