X var,Y var,MIC (strength),MIC-p^2 (nonlinearity),MAS (non-monotonicity),MEV (functionality),MCN (complexity),Linear regression (p)
all,rl,0.27982,0.22517902,0.064789996,0.25501,4.321928,0.23375411
call4,rl,0.26392,0.21601044,0.031829998,0.23766,4.321928,0.21888255
mit,rl,0.25427,0.24098395,0.03125,0.23651,4.321928,0.11526506
mit,all,0.22769,0.14970249,0.022610001,0.20715,4.321928,0.27926245
mit,call4,0.2272,0.21430074,0.022369996,0.20928,4.321928,0.113574915
all,call4,0.22412,0.10152655,0.019450001,0.21048,4.321928,0.35013348
