X var,Y var,MIC (strength),MIC-p^2 (nonlinearity),MAS (non-monotonicity),MEV (functionality),MCN (complexity),Linear regression (p)
all,call4,0.28461,0.253582,0.05651,0.26699,4.321928,0.17614767
all,rl,0.27228,0.2719361,0.07092002,0.25519,4.321928,0.018545186
call4,rl,0.27108,0.25029403,0.034759983,0.24382,4.321928,0.14417334
mit,call4,0.25929,0.25702873,0.11163001,0.24013,4.321928,0.047552846
mit,rl,0.2175,0.21562192,0.026699997,0.19755,4.321928,-0.043336775
mit,all,0.18403,0.1813548,0.028450001,0.17054,4.321928,-0.051722255
