X var,Y var,MIC (strength),MIC-p^2 (nonlinearity),MAS (non-monotonicity),MEV (functionality),MCN (complexity),Linear regression (p)
mit,call4,0.26837,0.2614446,0.08399001,0.23914,4.321928,0.083219044
mit,all,0.25717,0.25229344,0.054429993,0.23125,4.321928,0.069832295
all,call4,0.25706,0.23420973,0.067609996,0.23412,4.321928,0.15116304
call4,rl,0.24042,0.1929595,0.02115,0.21809,4.321928,0.2178543
mit,rl,0.23875,0.23645867,0.07586999,0.21395,4.321928,-0.047867723
all,rl,0.20522,0.2051585,0.027860004,0.18563,4.321928,-0.007841828
