X var,Y var,MIC (strength),MIC-p^2 (nonlinearity),MAS (non-monotonicity),MEV (functionality),MCN (complexity),Linear regression (p)
all,rl,0.25004,0.21085288,0.071449995,0.23444,4.4594316,0.19795737
call4,rl,0.24692,0.17328906,0.035180002,0.23036,4.4594316,0.2713502
mit,all,0.21048,0.16901934,0.038340002,0.19716,4.4594316,0.2036189
mit,call4,0.18626,0.17902836,0.032670006,0.17756,4.4594316,0.08503903
all,call4,0.18106,0.17039527,0.029090002,0.16486,4.4594316,0.10327021
mit,rl,0.18047,0.13346455,0.036670007,0.16604,4.4594316,0.21680743
