X var,Y var,MIC (strength),MIC-p^2 (nonlinearity),MAS (non-monotonicity),MEV (functionality),MCN (complexity),Linear regression (p)
all,rl,0.48577,-0.10842961,0.11827001,0.47657,4.807355,0.77084345
mit,rl,0.32619,0.24554303,0.09868999,0.3118,4.807355,-0.2839841
mit,call4,0.21884,0.13047704,0.098790005,0.2084,4.807355,-0.2972591
mit,all,0.20572,0.19648904,0.01709,0.19501,4.807355,0.096077934
all,call4,0.18954,0.17873877,0.11043,0.1819,4.807355,-0.103928916
call4,rl,0.13983,0.13971211,0.076479994,0.13027,4.807355,0.010857711
