X var,Y var,MIC (strength),MIC-p^2 (nonlinearity),MAS (non-monotonicity),MEV (functionality),MCN (complexity),Linear regression (p)
all,rl,0.32352,0.15101776,0.10027,0.30602,4.4594316,0.4153339
mit,rl,0.2772,0.26145035,0.06295,0.2615,4.4594316,0.1254977
mit,all,0.26738,0.23916571,0.058650002,0.25156,4.4594316,0.1679711
call4,rl,0.24744,0.058286086,0.09134999,0.23966,4.4594316,0.43491828
all,call4,0.22176,0.17805389,0.14613,0.20125,4.4594316,0.20906007
mit,call4,0.20179,0.17507838,0.15069,0.18613,4.4594316,0.16343693
