X var,Y var,MIC (strength),MIC-p^2 (nonlinearity),MAS (non-monotonicity),MEV (functionality),MCN (complexity),Linear regression (p)
all,call4,0.26333,0.20066729,0.056810006,0.2279,4.0,0.25032523
all,rl,0.23128,0.22691025,0.07005,0.21248,4.0,0.06610405
mit,call4,0.21827,0.20521262,0.04140999,0.19524,4.0,0.11426892
mit,all,0.20883,0.19295135,0.023660004,0.17582,4.0,0.1260105
mit,rl,0.20533,0.20532472,0.039199993,0.18324,4.0,-0.0022953972
call4,rl,0.19686,0.16115317,0.049990006,0.17802,4.0,0.18896252
