X var,Y var,MIC (strength),MIC-p^2 (nonlinearity),MAS (non-monotonicity),MEV (functionality),MCN (complexity),Linear regression (p)
mit,all,0.30039,0.054522395,0.091180004,0.26764,4.321928,0.49585038
call4,rl,0.26327,0.040577665,0.033209994,0.2382,4.321928,0.47190288
mit,call4,0.25311,0.03363651,0.022379994,0.23356,4.321928,0.46847996
all,rl,0.22799,-0.018580899,0.020459995,0.20473,4.321928,0.49655905
all,call4,0.22607,0.03019607,0.035799995,0.2001,4.321928,0.44257647
mit,rl,0.17163,-0.13059229,0.014219999,0.15862,4.321928,0.54974747
