X var,Y var,MIC (strength),MIC-p^2 (nonlinearity),MAS (non-monotonicity),MEV (functionality),MCN (complexity),Linear regression (p)
all,rl,0.37453,-0.039696187,0.08269,0.37453,4.169925,0.64360404
mit,rl,0.19085,0.15515748,0.06897,0.18152,4.4594316,-0.18892467
mit,all,0.17937,0.058102563,0.07558,0.16444,4.4594316,-0.34823474
mit,call4,0.17722,0.16631252,0.11023,0.16749,4.4594316,-0.10443891
call4,rl,0.15831,-0.07140857,0.043119997,0.15831,3.5849626,0.47928965
all,call4,0.12869,0.021807276,0.02989,0.12713,4.4594316,0.32692924
