X var,Y var,MIC (strength),MIC-p^2 (nonlinearity),MAS (non-monotonicity),MEV (functionality),MCN (complexity),Linear regression (p)
call4,rl,0.30654,0.056337208,0.022579998,0.28634,4.321928,0.5002028
all,rl,0.29547,0.26141107,0.106189996,0.27394,4.321928,0.18455057
mit,rl,0.28989,0.1921057,0.011289999,0.26781,4.321928,0.3127048
mit,all,0.24869,0.1703575,0.05043,0.23203,4.321928,0.27987945
all,call4,0.24689,0.20325221,0.03943,0.22769,4.321928,0.20889659
mit,call4,0.23657,0.20039979,0.044139996,0.21646,4.321928,0.1901847
