X var,Y var,MIC (strength),MIC-p^2 (nonlinearity),MAS (non-monotonicity),MEV (functionality),MCN (complexity),Linear regression (p)
call4,rl,0.28686,0.17800537,0.056889996,0.28686,4.4594316,0.32993123
mit,rl,0.25765,0.21480325,0.060959995,0.25765,4.4594316,0.20699455
mit,call4,0.24695,0.19854076,0.019490004,0.24695,4.4594316,0.220021
mit,all,0.24516,0.2128304,0.04344,0.24516,4.4594316,0.17980437
all,rl,0.21525,0.21066897,0.055770002,0.21525,4.4594316,0.06768333
all,call4,0.21494,0.20275307,0.037440002,0.21494,4.4594316,0.110394426
