X var,Y var,MIC (strength),MIC-p^2 (nonlinearity),MAS (non-monotonicity),MEV (functionality),MCN (complexity),Linear regression (p)
call4,rl,0.32406,0.18469557,0.07053,0.31289,4.807355,0.37331545
mit,rl,0.2435,0.19291398,0.06131001,0.23192,4.807355,0.22491336
all,rl,0.22505,0.14907403,0.044870004,0.21271,4.807355,0.2756374
mit,call4,0.2212,0.17548487,0.038410008,0.20769,4.807355,0.213811
mit,all,0.2064,0.16471832,0.019270003,0.19332,4.807355,0.20416094
all,call4,0.17952,0.13966915,0.02409,0.1705,4.807355,0.19962677
