X var,Y var,MIC (strength),MIC-p^2 (nonlinearity),MAS (non-monotonicity),MEV (functionality),MCN (complexity),Linear regression (p)
call4,rl,0.24655,0.13698047,0.03538,0.23312,4.807355,0.33101287
all,call4,0.23555,0.19798188,0.030300006,0.22788,4.807355,0.19382499
mit,call4,0.21047,0.20786077,0.027160004,0.19751,4.807355,0.051080707
all,rl,0.18993,0.14536513,0.0085700005,0.18027,4.807355,0.21110395
mit,all,0.18669,0.17273407,0.016499996,0.17328,4.807355,0.11813525
mit,rl,0.15839,0.14365783,0.016780004,0.14773,4.807355,0.12137613
