X var,Y var,MIC (strength),MIC-p^2 (nonlinearity),MAS (non-monotonicity),MEV (functionality),MCN (complexity),Linear regression (p)
mit,all,0.27734,0.1698958,0.031739995,0.27734,4.4594316,0.3277868
all,rl,0.25796,0.19081351,0.037599996,0.25796,4.4594316,-0.2591264
mit,rl,0.21127,0.16378397,0.034560002,0.21127,4.4594316,-0.21791291
all,call4,0.20477,0.17952174,0.15298,0.20477,4.4594316,-0.158897
call4,rl,0.1862,0.12971185,0.1453,0.1862,4.4594316,0.23767233
mit,call4,0.18411,0.13569093,0.13286,0.18411,4.4594316,-0.22004336
