X var,Y var,MIC (strength),MIC-p^2 (nonlinearity),MAS (non-monotonicity),MEV (functionality),MCN (complexity),Linear regression (p)
call4,rl,0.3452,0.08324587,0.044919997,0.32468,4.321928,0.51181453
mit,all,0.27306,0.2069903,0.060969993,0.24139,4.321928,0.25704026
mit,rl,0.26963,0.19221652,0.02431,0.24985,4.321928,0.2782328
all,rl,0.26632,0.23768233,0.082389995,0.23991,4.321928,0.16922668
all,call4,0.2361,0.20189796,0.030830003,0.21775,4.321928,0.18493794
mit,call4,0.2234,0.19628735,0.03431,0.2089,4.321928,0.16465919
