X var,Y var,MIC (strength),MIC-p^2 (nonlinearity),MAS (non-monotonicity),MEV (functionality),MCN (complexity),Linear regression (p)
call4,rl,0.29436,-0.10111949,0.023609996,0.28631,4.807355,0.6288716
all,rl,0.23982,0.034696504,0.037959993,0.22775,4.807355,0.45290563
mit,all,0.22265,9.482205E-4,0.030790001,0.20618,4.807355,0.4708522
all,call4,0.1861,0.014742121,0.015760005,0.17316,4.807355,0.41395396
mit,rl,0.18562,-0.01953891,0.02397,0.17372,4.807355,0.4529447
mit,call4,0.18443,-0.06214276,0.021680005,0.17193,4.807355,0.49656093
