X var,Y var,MIC (strength),MIC-p^2 (nonlinearity),MAS (non-monotonicity),MEV (functionality),MCN (complexity),Linear regression (p)
call4,rl,0.29843,0.25614417,0.16,0.29843,4.321928,0.20563519
all,rl,0.29829,0.1305401,0.052110016,0.29829,4.321928,0.40957284
mit,all,0.21835,0.1716744,0.018030003,0.21835,4.321928,0.21604533
mit,call4,0.20653,0.20599636,0.10120001,0.20653,4.321928,0.023100743
mit,rl,0.19841,0.1981905,0.05375,0.19841,4.321928,-0.014815943
all,call4,0.17463,0.17329226,0.051980004,0.17463,4.321928,0.036575075
