X var,Y var,MIC (strength),MIC-p^2 (nonlinearity),MAS (non-monotonicity),MEV (functionality),MCN (complexity),Linear regression (p)
mit,rl,0.38589,0.33006692,0.15835,0.33818,4.0,-0.23626907
all,rl,0.33952,0.18947874,0.092089996,0.31959,4.0,0.3873516
mit,all,0.26063,0.19031632,0.030109994,0.23621,4.0,-0.2651673
all,call4,0.0736,0.04730343,0.03482,0.0736,2.5849626,0.16216217
mit,call4,0.0736,0.062225148,0.04434,0.0736,2.5849626,-0.10665297
call4,rl,0.05574,-0.00877808,0.00674,0.05574,2.5849626,0.2540041
