X var,Y var,MIC (strength),MIC-p^2 (nonlinearity),MAS (non-monotonicity),MEV (functionality),MCN (complexity),Linear regression (p)
call4,rl,0.35071,0.2676863,0.039690018,0.32857,4.321928,0.28813836
mit,all,0.25919,0.17225048,0.061469987,0.23171,4.321928,0.2948551
mit,rl,0.2436,0.21007775,0.025710002,0.22706,4.321928,0.18309082
mit,call4,0.23177,0.23111525,0.04975,0.20971,4.321928,-0.0255878
all,rl,0.22919,0.1945624,0.016029999,0.2156,4.321928,0.18608491
all,call4,0.22598,0.22597966,0.032649994,0.20739,4.321928,5.7907007E-4
