X var,Y var,MIC (strength),MIC-p^2 (nonlinearity),MAS (non-monotonicity),MEV (functionality),MCN (complexity),Linear regression (p)
call4,rl,0.3509,0.25425732,0.06827,0.33534,4.807355,0.31087404
mit,call4,0.22435,0.18493223,0.030699998,0.21203,4.807355,0.19853911
all,rl,0.21494,0.14201885,0.01579,0.20252,4.807355,0.27003914
mit,all,0.21492,0.18885359,0.038340002,0.20098,4.807355,0.16145095
mit,rl,0.20612,0.16474536,0.023850001,0.19653,4.807355,0.20340759
all,call4,0.15954,0.13376945,0.016520001,0.14918,4.807355,0.16053204
