X var,Y var,MIC (strength),MIC-p^2 (nonlinearity),MAS (non-monotonicity),MEV (functionality),MCN (complexity),Linear regression (p)
call4,rl,0.30982,-0.21188319,0.03290999,0.30002,4.807355,0.7222902
mit,rl,0.23651,-0.102376804,0.071559995,0.22307,4.807355,0.58213985
all,rl,0.23632,-0.0682535,0.019039996,0.2183,4.807355,0.5518818
all,call4,0.21976,-0.08237651,0.033900008,0.20845,4.807355,0.54966944
mit,all,0.2127,-0.16460975,0.039069995,0.20012,4.807355,0.6142554
mit,call4,0.1947,-0.29205438,0.02319,0.18201,4.807355,0.69767785
