X var,Y var,MIC (strength),MIC-p^2 (nonlinearity),MAS (non-monotonicity),MEV (functionality),MCN (complexity),Linear regression (p)
call4,rl,0.38954,-0.007881999,0.12052998,0.36904,4.807355,0.6304141
all,call4,0.23569,0.16879654,0.018909998,0.22387,4.807355,0.2586377
all,rl,0.22143,0.13672963,0.046210006,0.20844,4.807355,0.2910333
mit,rl,0.20611,0.18177208,0.020130001,0.19385,4.807355,0.15600617
mit,all,0.2007,0.18302222,0.040969998,0.18677,4.807355,0.13295783
mit,call4,0.18746,0.13785256,0.03758,0.17699,4.807355,0.22272728
