X var,Y var,MIC (strength),MIC-p^2 (nonlinearity),MAS (non-monotonicity),MEV (functionality),MCN (complexity),Linear regression (p)
call4,rl,0.28717,0.25236103,0.060119987,0.28717,4.321928,0.1865716
all,rl,0.26624,0.24925563,0.028530002,0.26624,4.321928,0.13032411
mit,all,0.24104,0.16959706,0.019129999,0.24104,4.321928,0.26728815
all,call4,0.23915,0.2132501,0.053100005,0.23915,4.321928,0.16093446
mit,call4,0.22993,0.22987282,0.024220005,0.22993,4.321928,-0.007561554
mit,rl,0.21026,0.21014163,0.021350004,0.21026,4.321928,-0.010880074
