X var,Y var,MIC (strength),MIC-p^2 (nonlinearity),MAS (non-monotonicity),MEV (functionality),MCN (complexity),Linear regression (p)
call4,rl,0.2938,0.20845921,0.03821999,0.28206,4.807355,0.29213145
all,call4,0.23667,0.20698054,0.025059998,0.22221,4.807355,0.17230628
mit,call4,0.23599,0.2157768,0.044509992,0.22542,4.807355,0.14217316
all,rl,0.21228,0.16149846,0.028399996,0.19858,4.807355,0.22534761
mit,rl,0.20193,0.17457901,0.02443,0.19223,4.807355,0.16538137
mit,all,0.18963,0.17044662,0.024019994,0.17789,4.807355,0.13850407
