X var,Y var,MIC (strength),MIC-p^2 (nonlinearity),MAS (non-monotonicity),MEV (functionality),MCN (complexity),Linear regression (p)
mit,rl,0.26679,0.26419374,0.031780005,0.24174,4.0,0.050953455
call4,rl,0.25548,0.16363099,0.02697,0.23682,4.0,0.303066
mit,call4,0.24645,0.22431247,0.038300008,0.22221,4.0,0.14878689
mit,all,0.22655,0.20659824,0.05956,0.20172,4.0,0.1412507
all,call4,0.22231,0.17890126,0.035710007,0.19655,4.0,0.20834766
all,rl,0.16287,0.13514769,0.021650001,0.1441,4.0,0.16650018
