X var,Y var,MIC (strength),MIC-p^2 (nonlinearity),MAS (non-monotonicity),MEV (functionality),MCN (complexity),Linear regression (p)
all,rl,0.45457,0.12152824,0.041779995,0.44331,4.807355,0.5770977
mit,rl,0.29967,0.24675909,0.054959998,0.28664,4.807355,-0.23002376
mit,all,0.26488,0.22742726,0.04435,0.25284,4.807355,-0.1935271
mit,call4,0.11327,0.110005505,0.09114,0.11327,4.169925,-0.057135753
all,call4,0.10283,0.083424866,0.01986,0.10283,3.5849626,-0.13930233
call4,rl,0.08121,0.073463194,0.022630002,0.08121,3.0,-0.088015944
