X var,Y var,MIC (strength),MIC-p^2 (nonlinearity),MAS (non-monotonicity),MEV (functionality),MCN (complexity),Linear regression (p)
all,call4,0.26792,0.23679172,0.023899987,0.24312,4.321928,0.17643207
call4,rl,0.26394,0.17062525,0.052029997,0.24666,4.321928,0.30547464
mit,all,0.2626,0.21303195,0.10931,0.23246,4.321928,0.22263883
all,rl,0.2313,0.1633445,0.06541,0.20976,4.321928,0.26068276
mit,rl,0.20995,0.19115327,0.020710006,0.18462,4.321928,0.13710114
mit,call4,0.20953,0.2072499,0.029569998,0.19311,4.321928,0.04775041
