X var,Y var,MIC (strength),MIC-p^2 (nonlinearity),MAS (non-monotonicity),MEV (functionality),MCN (complexity),Linear regression (p)
all,rl,0.24278,0.07777442,0.055099994,0.24278,4.321928,0.40620878
mit,rl,0.22584,0.097893104,0.030440003,0.22584,4.321928,0.35769665
call4,rl,0.21671,-0.028638452,0.03356,0.21671,4.321928,0.4953266
all,call4,0.21532,0.10611079,0.02663,0.21532,4.321928,0.33046818
mit,all,0.2071,0.008676425,0.015069999,0.2071,4.321928,0.44544762
mit,call4,0.17482,-0.0011485815,0.011899993,0.17482,4.321928,0.4194861
