X var,Y var,MIC (strength),MIC-p^2 (nonlinearity),MAS (non-monotonicity),MEV (functionality),MCN (complexity),Linear regression (p)
all,rl,0.38205,-0.472702,0.071339995,0.36967,4.807355,0.924528
mit,call4,0.22674,0.18750414,0.076340005,0.21519,4.807355,-0.19808042
mit,rl,0.20931,0.18185219,0.05028999,0.19648,4.807355,-0.16570395
call4,rl,0.19938,-0.3760059,0.10353,0.18863,4.807355,0.75854194
mit,all,0.19805,0.18653193,0.013,0.18736,4.807355,-0.10732229
all,call4,0.19388,-0.24520399,0.081250004,0.1826,4.807355,0.66263413
