X var,Y var,MIC (strength),MIC-p^2 (nonlinearity),MAS (non-monotonicity),MEV (functionality),MCN (complexity),Linear regression (p)
all,rl,0.39307,-0.0047294497,0.034770012,0.3818,4.807355,0.63071346
mit,rl,0.34838,0.27001137,0.04912001,0.34209,4.807355,-0.279944
call4,rl,0.2434,0.006014377,0.040900007,0.23848,4.807355,0.48722234
mit,call4,0.24244,0.20251498,0.07437,0.23116,4.807355,-0.19981247
all,call4,0.22263,0.07530974,0.06107001,0.20942,4.807355,0.38382322
mit,all,0.21547,0.21509302,0.07206,0.20404,4.807355,-0.019415984
