X var,Y var,MIC (strength),MIC-p^2 (nonlinearity),MAS (non-monotonicity),MEV (functionality),MCN (complexity),Linear regression (p)
call4,rl,0.29196,0.28717095,0.081039995,0.26096,4.321928,0.069203004
mit,all,0.28458,0.21714994,0.09981999,0.25968,4.321928,0.25967297
all,call4,0.2504,0.16024397,0.04726,0.23287,4.321928,0.30025995
mit,call4,0.24205,0.23742425,0.028669998,0.22385,4.321928,0.06801287
mit,rl,0.23646,0.23500496,0.026100002,0.21501,4.321928,0.038144894
all,rl,0.22786,0.20016305,0.017979994,0.202,4.321928,0.16642402
