X var,Y var,MIC (strength),MIC-p^2 (nonlinearity),MAS (non-monotonicity),MEV (functionality),MCN (complexity),Linear regression (p)
call4,rl,0.35985,0.30590987,0.04614,0.34949,4.807355,0.23225012
all,rl,0.22654,0.17879526,0.019390002,0.21509,4.807355,0.2185057
mit,rl,0.2208,0.18532987,0.021819994,0.20698,4.807355,0.18833514
mit,call4,0.20423,0.17734258,0.03153999,0.1894,4.807355,0.16397382
mit,all,0.1953,0.17433847,0.025729999,0.18628,4.807355,0.14478096
all,call4,0.18428,0.1566399,0.0097699985,0.17091,4.807355,0.16625309
