X var,Y var,MIC (strength),MIC-p^2 (nonlinearity),MAS (non-monotonicity),MEV (functionality),MCN (complexity),Linear regression (p)
all,rl,0.50106,-0.10135305,0.085999995,0.48607,4.807355,0.77615273
mit,rl,0.31032,0.27983123,0.04372999,0.2978,4.807355,-0.17461032
mit,call4,0.21247,0.1848872,0.13766,0.20646,4.807355,-0.16608067
mit,all,0.21137,0.21128961,0.019470006,0.19752,4.807355,-0.008966291
all,call4,0.20373,0.20045596,0.13186,0.18816,4.807355,-0.057219222
call4,rl,0.17682,0.17680576,0.1347,0.16645,4.807355,0.00377167
