X var,Y var,MIC (strength),MIC-p^2 (nonlinearity),MAS (non-monotonicity),MEV (functionality),MCN (complexity),Linear regression (p)
all,rl,0.53645,0.37670535,0.060640037,0.53645,4.4594316,-0.39968073
mit,all,0.42498,0.19165078,0.12260002,0.42498,4.4594316,0.48304164
mit,call4,0.29649,0.06992428,0.12669002,0.29649,4.4594316,-0.47598922
mit,rl,0.25947,0.24876107,0.05882001,0.25947,4.4594316,-0.10348387
all,call4,0.22973,0.14948541,0.12431999,0.22973,4.4594316,-0.28327477
call4,rl,0.22037,0.21794717,0.16413,0.22037,4.4594316,0.04922227
