X var,Y var,MIC (strength),MIC-p^2 (nonlinearity),MAS (non-monotonicity),MEV (functionality),MCN (complexity),Linear regression (p)
mit,rl,0.40772,0.37409195,0.041210026,0.39551,4.807355,-0.1833795
all,rl,0.37705,0.047274977,0.06196001,0.36672,4.807355,0.5742604
mit,all,0.27904,0.27806324,0.02753,0.26746,4.807355,-0.031253573
mit,call4,0.22991,0.22978786,0.18374,0.21578,4.807355,-0.011051954
all,call4,0.1993,0.17374036,0.11157001,0.18818,4.807355,0.15987387
call4,rl,0.13454,0.09685688,0.055300005,0.12886,4.807355,0.19412144
