X var,Y var,MIC (strength),MIC-p^2 (nonlinearity),MAS (non-monotonicity),MEV (functionality),MCN (complexity),Linear regression (p)
call4,rl,0.2755,0.12286249,0.06178999,0.2506,4.0,0.3906885
mit,all,0.26453,0.22111574,0.026250005,0.23635,4.0,0.2083609
mit,call4,0.25497,0.19129819,0.051320016,0.22427,4.0,0.25233278
all,call4,0.2461,0.19522445,0.04337,0.21309,4.0,0.22555608
all,rl,0.21418,0.1734417,0.023099989,0.18893,4.0,0.20183732
mit,rl,0.20992,0.18709187,0.029909998,0.19299,4.0,0.1510898
