X var,Y var,MIC (strength),MIC-p^2 (nonlinearity),MAS (non-monotonicity),MEV (functionality),MCN (complexity),Linear regression (p)
all,rl,0.38178,0.25823793,0.124219984,0.38178,4.321928,0.35148552
mit,all,0.21592,0.18705934,0.02871,0.21592,4.321928,0.16988425
mit,call4,0.21449,0.16956206,0.15818,0.21449,4.321928,-0.21196212
mit,rl,0.17026,0.1600374,0.033250004,0.17026,4.321928,-0.10110689
all,call4,0.16004,0.15959452,0.109000005,0.16004,4.321928,-0.021106392
call4,rl,0.08824,0.087750636,0.027669996,0.08824,4.321928,0.022121483
