X var,Y var,MIC (strength),MIC-p^2 (nonlinearity),MAS (non-monotonicity),MEV (functionality),MCN (complexity),Linear regression (p)
all,rl,0.28948,0.20727482,0.022030003,0.26733,4.321928,0.28671443
mit,all,0.28144,0.2287933,0.09940998,0.25441,4.321928,0.22944866
call4,rl,0.26629,0.20984647,0.024430007,0.23918,4.321928,0.23757848
all,call4,0.26516,0.19430768,0.06871,0.24421,4.321928,0.26618096
mit,rl,0.24665,0.23214263,0.05354999,0.22126,4.321928,0.12044652
mit,call4,0.22299,0.2062349,0.039320007,0.20686,4.321928,0.12944151
