X var,Y var,MIC (strength),MIC-p^2 (nonlinearity),MAS (non-monotonicity),MEV (functionality),MCN (complexity),Linear regression (p)
all,rl,0.47778,0.15454501,0.16038,0.47778,4.321928,0.5685376
mit,rl,0.22153,0.19738969,0.062070012,0.22153,4.321928,-0.15537153
mit,all,0.21986,0.21909603,0.06631,0.21986,4.321928,-0.027639968
mit,call4,0.18578,0.17460626,0.13561,0.18578,4.321928,-0.10570593
all,call4,0.16543,0.16009103,0.112449996,0.16543,4.321928,0.073068194
call4,rl,0.14418,0.08294136,0.08723,0.14418,4.321928,0.24746442
