X var,Y var,MIC (strength),MIC-p^2 (nonlinearity),MAS (non-monotonicity),MEV (functionality),MCN (complexity),Linear regression (p)
call4,rl,0.38991,0.2624768,0.082159996,0.37591,4.4594316,0.35697788
mit,all,0.24868,0.20954229,0.039049998,0.23015,4.4594316,0.19783252
mit,rl,0.24698,0.18279864,0.06193,0.22378,4.4594316,0.2533404
mit,call4,0.24066,0.22260228,0.029379994,0.225,4.4594316,0.134379
all,rl,0.21954,0.19385639,0.034840003,0.20174,4.4594316,0.16026105
all,call4,0.20053,0.18174899,0.021139998,0.18117,4.4594316,0.1370438
