X var,Y var,MIC (strength),MIC-p^2 (nonlinearity),MAS (non-monotonicity),MEV (functionality),MCN (complexity),Linear regression (p)
mit,call4,0.25662,0.2426157,0.030029997,0.23721,4.321928,0.1183397
all,call4,0.24987,0.102221355,0.029280007,0.23025,4.321928,0.38425076
mit,all,0.2496,0.17229721,0.058349997,0.22423,4.321928,0.2780338
all,rl,0.24786,0.17986265,0.04822001,0.23079,4.321928,0.26076302
call4,rl,0.24525,0.18348092,0.042449996,0.22578,4.321928,0.24853387
mit,rl,0.23907,0.22443348,0.021399997,0.21991,4.321928,0.12098147
