X var,Y var,MIC (strength),MIC-p^2 (nonlinearity),MAS (non-monotonicity),MEV (functionality),MCN (complexity),Linear regression (p)
call4,rl,0.34813,0.15074058,0.03988999,0.33313,4.4594316,0.44428527
mit,all,0.26508,0.2201654,0.071569994,0.24688,4.4594316,0.21193066
mit,rl,0.25312,0.16056995,0.02899,0.23601,4.4594316,0.3042204
all,rl,0.23536,0.18318285,0.021109998,0.22245,4.4594316,0.22842318
mit,call4,0.21611,0.18892424,0.029630005,0.20615,4.4594316,0.16488107
all,call4,0.21383,0.18248378,0.03482999,0.19753,4.4594316,0.17704862
