X var,Y var,MIC (strength),MIC-p^2 (nonlinearity),MAS (non-monotonicity),MEV (functionality),MCN (complexity),Linear regression (p)
mit,all,0.27505,0.24533999,0.058640018,0.24509,4.321928,0.17236598
call4,rl,0.25697,0.21452941,0.054149985,0.23573,4.321928,0.2060111
mit,call4,0.23604,0.21094641,0.04271999,0.21733,4.321928,0.15840955
all,call4,0.23188,0.18087201,0.035249993,0.21197,4.321928,0.22584948
all,rl,0.22399,0.21160026,0.013960004,0.20637,4.321928,0.11130918
mit,rl,0.18642,0.16895628,0.030639999,0.16831,4.321928,0.13215032
