X var,Y var,MIC (strength),MIC-p^2 (nonlinearity),MAS (non-monotonicity),MEV (functionality),MCN (complexity),Linear regression (p)
call4,rl,0.30495,0.26311684,0.085559994,0.28592,4.321928,0.20453157
mit,rl,0.25604,0.25190213,0.06859,0.2239,4.321928,0.064326376
all,call4,0.25388,0.1582129,0.03702999,0.22898,4.321928,0.309301
all,rl,0.24987,0.17585036,0.027969994,0.2338,4.321928,0.27206552
mit,all,0.20775,0.19020434,0.015880004,0.19114,4.321928,0.13246003
mit,call4,0.20594,0.18956059,0.013190001,0.19245,4.321928,0.12798205
