X var,Y var,MIC (strength),MIC-p^2 (nonlinearity),MAS (non-monotonicity),MEV (functionality),MCN (complexity),Linear regression (p)
call4,rl,0.37284,-0.052643478,0.04806,0.36388,4.807355,0.65229094
mit,rl,0.20506,0.19520712,0.04881999,0.19555,4.807355,0.099261686
all,call4,0.20225,0.1527904,0.01827,0.19297,4.807355,0.22239517
mit,all,0.19719,0.16381198,0.024110004,0.1858,4.807355,0.18269654
all,rl,0.19324,0.118807904,0.007459998,0.18014,4.807355,0.27282247
mit,call4,0.18003,0.1463322,0.010710001,0.17087,4.807355,0.18356961
