X var,Y var,MIC (strength),MIC-p^2 (nonlinearity),MAS (non-monotonicity),MEV (functionality),MCN (complexity),Linear regression (p)
call4,rl,0.2249,0.20445278,0.01658,0.2142,4.321928,0.1429938
all,rl,0.18414,0.14015412,0.037770003,0.17173,4.321928,0.20972808
all,call4,0.17588,0.06990267,0.044570006,0.16173,4.321928,0.3255416
mit,all,0.16713,0.16595949,0.060999997,0.15121,4.321928,0.03421261
mit,rl,0.16034,0.16018848,0.030589998,0.14725,4.321928,-0.012309118
mit,call4,0.15288,0.11652243,0.044659995,0.13964,4.321928,0.1906766
