X var,Y var,MIC (strength),MIC-p^2 (nonlinearity),MAS (non-monotonicity),MEV (functionality),MCN (complexity),Linear regression (p)
mit,rl,0.32064,0.3156098,0.09738001,0.29963,4.321928,0.07092375
call4,rl,0.3118,0.31085455,0.05700001,0.29117,4.321928,0.030748095
all,call4,0.26714,0.2035452,0.012620002,0.24593,4.321928,0.2521801
all,rl,0.26338,0.258355,0.053890005,0.23942,4.321928,0.07088732
mit,call4,0.25156,0.2439812,0.09075001,0.2306,4.321928,0.08705634
mit,all,0.22174,0.20882446,0.03162001,0.20028,4.321928,0.11364664
