X var,Y var,MIC (strength),MIC-p^2 (nonlinearity),MAS (non-monotonicity),MEV (functionality),MCN (complexity),Linear regression (p)
all,rl,0.32957,-0.15252024,0.06586999,0.31686,4.4594316,0.6943272
mit,all,0.2892,0.23194252,0.084160015,0.26966,4.4594316,-0.23928538
mit,rl,0.24932,0.19990212,0.12796,0.22752,4.4594316,-0.22230132
mit,call4,0.1873,0.16711311,0.14561,0.16635,4.4594316,-0.14208056
all,call4,0.14644,0.1301005,0.104399994,0.13372,4.4594316,0.12782604
call4,rl,0.11433,0.03743904,0.05928,0.11004,4.4594316,0.2772922
