X var,Y var,MIC (strength),MIC-p^2 (nonlinearity),MAS (non-monotonicity),MEV (functionality),MCN (complexity),Linear regression (p)
all,rl,0.35652,-0.12116587,0.11957,0.35652,3.807355,0.6911482
mit,rl,0.33129,0.30713364,0.12277001,0.3107,4.4594316,-0.15542321
mit,all,0.26784,0.1314967,0.05019,0.25327,4.4594316,-0.36924693
mit,call4,0.12451,0.11417103,0.099649996,0.12451,3.807355,-0.10168071
all,call4,0.0742,0.074198045,0.046899997,0.0742,3.807355,-0.0013981294
call4,rl,0.02311,0.023073208,0.018860001,0.02311,3.0,0.0060656522
