X var,Y var,MIC (strength),MIC-p^2 (nonlinearity),MAS (non-monotonicity),MEV (functionality),MCN (complexity),Linear regression (p)
all,rl,0.39976,0.15163635,0.09612,0.39976,4.321928,0.49812013
call4,rl,0.31008,0.2963973,0.20701,0.31008,4.321928,-0.11697299
mit,rl,0.277,0.2764597,0.09321001,0.277,4.321928,0.023244891
mit,call4,0.22965,0.22958852,0.15969001,0.22965,4.321928,-0.007841084
mit,all,0.22023,0.21961308,0.03252001,0.22023,4.321928,-0.024837883
all,call4,0.18429,0.18422145,0.10445001,0.18429,4.321928,0.0082799
