X var,Y var,MIC (strength),MIC-p^2 (nonlinearity),MAS (non-monotonicity),MEV (functionality),MCN (complexity),Linear regression (p)
mit,call4,0.1538,0.11196317,0.062299997,0.1495,4.807355,0.20454052
call4,rl,0.11663,0.079367496,0.017800003,0.11627,4.807355,0.19303499
mit,rl,0.11226,0.10939507,0.03243,0.10738,4.807355,0.053525012
all,rl,0.10389,0.07246877,0.023810001,0.09324,4.807355,0.17726034
mit,all,0.09137,0.086265326,0.015980005,0.0869,4.807355,0.071447015
all,call4,0.08873,0.08144606,0.010480002,0.08685,4.807355,0.08534602
