X var,Y var,MIC (strength),MIC-p^2 (nonlinearity),MAS (non-monotonicity),MEV (functionality),MCN (complexity),Linear regression (p)
call4,rl,0.273,0.16049798,0.036249995,0.25827,4.807355,0.33541322
mit,all,0.24788,0.22421154,0.04649,0.23212,4.807355,0.15384553
mit,rl,0.24774,0.22379124,0.02319999,0.23569,4.807355,0.15475388
mit,call4,0.19369,0.10846586,0.0172,0.18096,4.807355,0.29193175
all,rl,0.18859,0.13070574,0.010520004,0.17877,4.807355,0.24059148
all,call4,0.1816,0.15834607,0.011749998,0.16946,4.807355,0.15249239
