X var,Y var,MIC (strength),MIC-p^2 (nonlinearity),MAS (non-monotonicity),MEV (functionality),MCN (complexity),Linear regression (p)
mit,call4,0.25719,0.1804477,0.17058,0.25719,4.321928,-0.27702397
mit,all,0.23105,0.18739675,0.020270005,0.23105,4.321928,-0.20893359
mit,rl,0.23096,0.23094271,0.16235,0.23096,4.321928,-0.0041579637
all,rl,0.19926,0.17229909,0.06949,0.19926,4.321928,0.16419776
all,call4,0.11122,0.10155174,0.077240005,0.11122,4.321928,-0.098327294
call4,rl,0.03723,0.035949294,0.01424,0.03121,4.169925,-0.035786953
