X var,Y var,MIC (strength),MIC-p^2 (nonlinearity),MAS (non-monotonicity),MEV (functionality),MCN (complexity),Linear regression (p)
call4,rl,0.29969,0.20653725,0.040769994,0.28361,4.4594316,0.30520937
all,rl,0.25831,0.22719978,0.05704999,0.24257,4.4594316,0.17638089
mit,rl,0.22484,0.11025152,0.022299998,0.21243,4.4594316,0.3385092
mit,all,0.2206,0.20748603,0.038320005,0.2029,4.4594316,0.11451623
all,call4,0.21702,0.19357835,0.01843001,0.2018,4.4594316,0.15310669
mit,call4,0.20958,0.17679931,0.033170007,0.19408,4.4594316,0.18105438
