X var,Y var,MIC (strength),MIC-p^2 (nonlinearity),MAS (non-monotonicity),MEV (functionality),MCN (complexity),Linear regression (p)
call4,rl,0.27501,0.20151965,0.02643001,0.26347,4.807355,0.271091
mit,all,0.23471,0.21352762,0.008499999,0.21978,4.807355,0.14554165
mit,call4,0.23193,0.21401218,0.049809992,0.22035,4.807355,0.13385747
all,call4,0.22788,0.19857828,0.01512,0.21008,4.807355,0.17117746
all,rl,0.21432,0.16499552,0.027159996,0.20298,4.807355,0.22209115
mit,rl,0.19716,0.17102279,0.019469999,0.18683,4.807355,0.16167007
