X var,Y var,MIC (strength),MIC-p^2 (nonlinearity),MAS (non-monotonicity),MEV (functionality),MCN (complexity),Linear regression (p)
call4,rl,0.25215,0.2122567,0.041840002,0.23566,4.321928,0.1997331
mit,all,0.24496,0.21731372,0.060090005,0.22946,4.321928,0.16627167
all,rl,0.22229,0.22112022,0.02798,0.20558,4.321928,0.034201924
all,call4,0.21954,0.18279496,0.036310002,0.201,4.321928,0.19168998
mit,rl,0.1836,0.18206811,0.021559998,0.16716,4.321928,0.039139263
mit,call4,0.16162,0.13931428,0.0151700005,0.1481,4.321928,0.14935103
