X var,Y var,MIC (strength),MIC-p^2 (nonlinearity),MAS (non-monotonicity),MEV (functionality),MCN (complexity),Linear regression (p)
call4,rl,0.40152,-0.033394933,0.06982002,0.38779,4.807355,0.6594808
all,call4,0.23116,0.19127357,0.020930007,0.21874,4.807355,0.19971588
mit,all,0.23081,0.19916762,0.046739995,0.2192,4.807355,0.17788303
mit,call4,0.22218,0.19733284,0.027989998,0.20996,4.807355,0.15762979
mit,rl,0.21341,0.20982116,0.034130007,0.19988,4.807355,0.059906956
all,rl,0.20505,0.1310387,0.008949995,0.19335,4.807355,0.2720502
