X var,Y var,MIC (strength),MIC-p^2 (nonlinearity),MAS (non-monotonicity),MEV (functionality),MCN (complexity),Linear regression (p)
all,rl,0.40237,0.20951678,0.12445,0.40237,4.321928,0.43915057
mit,all,0.22823,0.15314081,0.02849,0.22823,4.321928,0.27402407
mit,call4,0.17976,0.15682471,0.14272,0.17976,4.321928,-0.15144399
mit,rl,0.15871,0.15860055,0.089590006,0.15871,4.321928,0.010461462
all,call4,0.13416,0.13148108,0.103319995,0.13416,4.321928,0.051758207
call4,rl,0.0684,0.068338566,0.017329998,0.0684,4.169925,0.007838257
