X var,Y var,MIC (strength),MIC-p^2 (nonlinearity),MAS (non-monotonicity),MEV (functionality),MCN (complexity),Linear regression (p)
call4,rl,0.27008,0.1853199,0.01868999,0.27008,4.321928,0.29113588
mit,all,0.24605,0.16649428,0.03903,0.24605,4.321928,0.28205624
all,rl,0.23867,0.19402918,0.028729998,0.23867,4.321928,0.21128376
mit,rl,0.22297,0.22141925,0.016639993,0.22297,4.321928,0.039379615
all,call4,0.21315,0.16344659,0.030109994,0.21315,4.321928,0.22294259
mit,call4,0.21171,0.21079494,0.02271001,0.21171,4.321928,0.030250126
