X var,Y var,MIC (strength),MIC-p^2 (nonlinearity),MAS (non-monotonicity),MEV (functionality),MCN (complexity),Linear regression (p)
all,rl,0.3371,0.18143435,0.07519999,0.31604,4.0,0.39454487
mit,rl,0.25433,0.21920642,0.031900004,0.21518,4.0,-0.18741287
mit,all,0.21163,0.1496036,0.03699,0.19371,4.0,-0.24905097
all,call4,0.0736,-0.6474348,0.0,0.0736,2.0,0.84913766
mit,call4,0.0736,0.0332195,0.017860003,0.0736,2.5849626,-0.200949
call4,rl,0.05574,0.05504011,0.029469999,0.05574,2.5849626,0.026455438
