X var,Y var,MIC (strength),MIC-p^2 (nonlinearity),MAS (non-monotonicity),MEV (functionality),MCN (complexity),Linear regression (p)
call4,rl,0.34138,0.16016318,0.02037999,0.32326,4.321928,0.4256957
mit,rl,0.27635,0.2152129,0.049070016,0.25363,4.321928,0.24725917
all,call4,0.2593,0.2493844,0.053460002,0.24211,4.321928,0.09957709
mit,all,0.25078,0.19823743,0.008149996,0.23036,4.321928,0.22922163
mit,call4,0.22417,0.2195362,0.05088,0.20024,4.321928,0.06807205
all,rl,0.19778,0.17909631,0.019549996,0.17936,4.321928,0.13668829
