X var,Y var,MIC (strength),MIC-p^2 (nonlinearity),MAS (non-monotonicity),MEV (functionality),MCN (complexity),Linear regression (p)
all,call4,0.31578,0.20426613,0.04445,0.29227,4.321928,0.33393693
all,rl,0.21461,0.21445501,0.03436999,0.19172,4.321928,0.012449613
mit,rl,0.19742,0.19642098,0.018940002,0.17775,4.321928,-0.031607218
call4,rl,0.19707,0.18111464,0.041559994,0.1829,4.321928,0.12631449
mit,all,0.18071,0.17934515,0.023489997,0.16337,4.321928,-0.036943894
mit,call4,0.17681,0.15411428,0.02093,0.15942,4.321928,0.15065101
