X var,Y var,MIC (strength),MIC-p^2 (nonlinearity),MAS (non-monotonicity),MEV (functionality),MCN (complexity),Linear regression (p)
mit,all,0.26687,0.22670996,0.04400999,0.25123,4.321928,0.2003997
all,call4,0.26332,0.18134616,0.022300005,0.2376,4.321928,0.28631073
all,rl,0.24954,0.199354,0.038330004,0.23454,4.321928,0.22402236
mit,rl,0.23901,0.23505452,0.049840003,0.21798,4.321928,0.06289262
call4,rl,0.2359,0.21887949,0.0409,0.21866,4.321928,0.13046268
mit,call4,0.21298,0.21057986,0.036459997,0.19912,4.321928,0.0489912
