X var,Y var,MIC (strength),MIC-p^2 (nonlinearity),MAS (non-monotonicity),MEV (functionality),MCN (complexity),Linear regression (p)
mit,call4,0.42909,0.18293548,0.21613999,0.3925,4.0,-0.49613962
mit,rl,0.31229,0.28368804,0.109950006,0.28055,4.0,-0.16912119
all,rl,0.30221,0.06016487,0.04952,0.28955,4.0,0.49198082
mit,all,0.28989,0.17745471,0.09173,0.26834,4.0,-0.3353137
all,call4,0.20817,0.1798261,0.13172,0.17992,4.0,0.16835646
call4,rl,0.1377,0.09429746,0.054100007,0.12284,4.0,0.20833278
