X var,Y var,MIC (strength),MIC-p^2 (nonlinearity),MAS (non-monotonicity),MEV (functionality),MCN (complexity),Linear regression (p)
all,rl,0.40386,-0.08941671,0.06641999,0.39407,4.807355,0.7023366
mit,call4,0.24504,0.19833022,0.101339996,0.22919,4.807355,-0.21612445
mit,all,0.23089,0.22933988,0.022879995,0.22318,4.807355,-0.039371602
mit,rl,0.17628,0.15625352,0.05465001,0.16609,4.807355,-0.14151497
all,call4,0.16667,0.16570738,0.09944999,0.15815,4.807355,-0.031026118
call4,rl,0.1091,0.095465675,0.04044,0.10341,4.807355,0.11676612
