X var,Y var,MIC (strength),MIC-p^2 (nonlinearity),MAS (non-monotonicity),MEV (functionality),MCN (complexity),Linear regression (p)
all,rl,0.51043,0.3975652,0.05538997,0.51043,4.4594316,-0.33595356
mit,all,0.4012,0.2596845,0.057419986,0.4012,4.4594316,0.37618545
all,call4,0.24381,0.21380888,0.11626999,0.24381,4.4594316,-0.17320831
mit,rl,0.22376,0.20846781,0.030900002,0.22376,4.4594316,-0.12366158
call4,rl,0.19695,0.19242382,0.14996001,0.19695,4.4594316,0.06727695
mit,call4,0.19638,0.12477005,0.078320004,0.19638,4.4594316,-0.26760036
