X var,Y var,MIC (strength),MIC-p^2 (nonlinearity),MAS (non-monotonicity),MEV (functionality),MCN (complexity),Linear regression (p)
call4,rl,0.27488,0.059964776,0.044530004,0.26136,4.807355,0.4635895
all,rl,0.23516,0.17758855,0.046849996,0.22235,4.807355,0.23994051
mit,rl,0.2256,0.17543589,0.021949999,0.21416,4.807355,0.22397347
mit,call4,0.20823,0.13632089,0.009070002,0.19727,4.807355,0.26815873
all,call4,0.20344,0.16499978,0.049579993,0.19214,4.807355,0.19606176
mit,all,0.19334,0.16246173,0.0124699995,0.1842,4.807355,0.17572217
