X var,Y var,MIC (strength),MIC-p^2 (nonlinearity),MAS (non-monotonicity),MEV (functionality),MCN (complexity),Linear regression (p)
all,rl,0.46528,0.12784299,0.050520003,0.44378,4.321928,0.5808933
mit,all,0.26261,0.17999598,0.057019994,0.2442,4.321928,-0.2874265
all,call4,0.21201,0.21059512,0.16358,0.20032,4.321928,-0.037614822
mit,rl,0.2057,0.19100344,0.027409997,0.18945,4.321928,-0.121229365
call4,rl,0.20213,0.19403385,0.15116,0.18457,4.321928,-0.089978665
mit,call4,0.17636,0.1660786,0.12700999,0.16193,4.321928,0.10139724
