X var,Y var,MIC (strength),MIC-p^2 (nonlinearity),MAS (non-monotonicity),MEV (functionality),MCN (complexity),Linear regression (p)
call4,rl,0.31974,0.07157114,0.027539998,0.30585,4.807355,0.4981655
mit,all,0.26048,0.19450678,0.045809984,0.2469,4.807355,0.2568525
mit,rl,0.25952,0.18875274,0.09263,0.24591,4.807355,0.26602116
mit,call4,0.22942,0.17064993,0.020060003,0.21454,4.807355,0.24242541
all,rl,0.21141,0.122265525,0.01541999,0.20101,4.807355,0.29857072
all,call4,0.19502,0.1354125,0.048600003,0.18086,4.807355,0.24414648
