X var,Y var,MIC (strength),MIC-p^2 (nonlinearity),MAS (non-monotonicity),MEV (functionality),MCN (complexity),Linear regression (p)
call4,rl,0.35865,0.25709203,0.03670001,0.34134,4.321928,0.3186816
all,rl,0.28166,0.25179777,0.056329995,0.2658,4.321928,0.17280693
mit,all,0.27293,0.23555645,0.05680999,0.24875,4.321928,0.19332239
all,call4,0.25127,0.25089753,0.05381,0.23368,4.321928,0.019299364
mit,rl,0.23649,0.20000559,0.039069995,0.21888,4.321928,0.19100893
mit,call4,0.2305,0.23041168,0.030900002,0.20805,4.321928,0.009397446
