X var,Y var,MIC (strength),MIC-p^2 (nonlinearity),MAS (non-monotonicity),MEV (functionality),MCN (complexity),Linear regression (p)
all,rl,0.54205,0.015716195,0.027359992,0.54205,4.4594316,-0.72548866
mit,all,0.41904,0.22143176,0.12639001,0.41904,4.4594316,0.44453147
mit,rl,0.36938,0.25749213,0.1435,0.36938,4.4594316,-0.33449647
mit,call4,0.23294,0.13608718,0.14923,0.23294,4.4594316,-0.31121185
all,call4,0.22545,0.18190187,0.18467,0.22545,4.4594316,-0.20868185
call4,rl,0.18057,0.104699835,0.13692,0.18057,4.4594316,0.2754454
