X var,Y var,MIC (strength),MIC-p^2 (nonlinearity),MAS (non-monotonicity),MEV (functionality),MCN (complexity),Linear regression (p)
all,rl,0.31426,0.29693174,0.06910001,0.31426,4.321928,0.13163683
call4,rl,0.26938,0.23310693,0.030940011,0.26938,4.321928,0.19045492
mit,call4,0.26489,0.26477334,0.0902,0.26489,4.321928,0.010800281
all,call4,0.24353,0.23011318,0.04208,0.24353,4.321928,0.115831
mit,all,0.23499,0.1876836,0.025529996,0.23499,4.321928,0.21750034
mit,rl,0.22316,0.22252345,0.06327001,0.22316,4.321928,-0.025229761
