X var,Y var,MIC (strength),MIC-p^2 (nonlinearity),MAS (non-monotonicity),MEV (functionality),MCN (complexity),Linear regression (p)
all,rl,0.22834,0.033915624,0.053570002,0.21636,4.807355,0.4409358
mit,call4,0.22773,-0.011538431,0.044920012,0.2172,4.807355,0.48915073
call4,rl,0.22327,-0.0798043,0.038959995,0.21233,4.807355,0.55052185
mit,rl,0.19373,-0.08106774,0.022009999,0.1807,4.807355,0.5242115
mit,all,0.17854,-0.043382064,0.020449996,0.16688,4.807355,0.47108606
all,call4,0.15517,0.009232193,0.018849999,0.14402,4.807355,0.38201806
