X var,Y var,MIC (strength),MIC-p^2 (nonlinearity),MAS (non-monotonicity),MEV (functionality),MCN (complexity),Linear regression (p)
all,rl,0.55599,0.004670799,0.059439987,0.54477,4.321928,0.7425087
mit,all,0.25449,0.25092363,0.044320002,0.23656,4.321928,-0.05971908
mit,call4,0.24676,0.23815067,0.1849,0.22829,4.321928,-0.09278643
mit,rl,0.20338,0.2031085,0.07449001,0.18685,4.321928,-0.01647714
all,call4,0.16522,0.14423287,0.12576,0.15016,4.321928,0.14486936
call4,rl,0.15866,0.13961664,0.11273,0.14707,4.321928,0.13799769
