X var,Y var,MIC (strength),MIC-p^2 (nonlinearity),MAS (non-monotonicity),MEV (functionality),MCN (complexity),Linear regression (p)
call4,rl,0.30117,0.14014824,0.047769994,0.28992,4.807355,0.40127516
mit,rl,0.2613,0.19325784,0.019020002,0.25039,4.807355,0.2608489
mit,call4,0.25778,0.21353984,0.07608998,0.2416,4.807355,0.21033344
all,call4,0.24328,0.18562043,0.046189994,0.22961,4.807355,0.24012405
all,rl,0.22195,0.108490594,0.01906,0.21066,4.807355,0.33683735
mit,all,0.21305,0.14736387,0.024999999,0.20153,4.807355,0.25629306
