X var,Y var,MIC (strength),MIC-p^2 (nonlinearity),MAS (non-monotonicity),MEV (functionality),MCN (complexity),Linear regression (p)
mit,all,0.30637,0.29926524,0.055609986,0.28508,4.321928,0.08428978
mit,call4,0.2472,0.23512985,0.034429997,0.22882,4.321928,0.109864235
all,call4,0.24591,0.2100307,0.03424,0.22471,4.321928,0.1894183
call4,rl,0.24077,0.20002267,0.02284,0.22659,4.321928,0.20185968
mit,rl,0.20571,0.20495176,0.028349996,0.18438,4.321928,-0.027535945
all,rl,0.19667,0.19666089,0.023749992,0.17655,4.321928,0.0030178514
