X var,Y var,MIC (strength),MIC-p^2 (nonlinearity),MAS (non-monotonicity),MEV (functionality),MCN (complexity),Linear regression (p)
all,call4,0.29313,0.23773924,0.091150016,0.29313,4.321928,0.23535246
call4,rl,0.28758,0.18474118,0.05040002,0.28758,4.321928,0.32068494
all,rl,0.24952,0.19375843,0.025750004,0.24952,4.321928,0.23613888
mit,all,0.24089,0.15255812,0.04897,0.24089,4.321928,0.2972068
mit,call4,0.22773,0.22539172,0.04885,0.22773,4.321928,0.048355825
mit,rl,0.2261,0.22327095,0.028479993,0.2261,4.321928,0.053188782
