X var,Y var,MIC (strength),MIC-p^2 (nonlinearity),MAS (non-monotonicity),MEV (functionality),MCN (complexity),Linear regression (p)
call4,rl,0.27818,0.05802019,0.05382999,0.27016,4.807355,0.4692119
mit,all,0.23275,0.19650564,0.03554,0.22063,4.807355,0.19037952
mit,rl,0.20683,0.1504731,0.034620002,0.19425,4.807355,0.23739608
all,rl,0.19819,0.12640765,0.027329996,0.18987,4.807355,0.26792228
mit,call4,0.18765,0.11025925,0.022589996,0.17966,4.807355,0.27819192
all,call4,0.17946,0.14069548,0.050119996,0.17174,4.807355,0.19688709
