X var,Y var,MIC (strength),MIC-p^2 (nonlinearity),MAS (non-monotonicity),MEV (functionality),MCN (complexity),Linear regression (p)
call4,rl,0.23962,0.21760748,0.058589995,0.22489,4.0,0.14836617
all,call4,0.21022,0.16701119,0.022399992,0.19028,4.0,0.20786728
mit,call4,0.20246,0.116022274,0.04136,0.19123,4.0,0.29400295
mit,rl,0.18179,0.09888673,0.025619999,0.16567,4.0,0.28792927
mit,all,0.16962,0.09022026,0.059030004,0.15253,4.0,0.28177962
all,rl,0.15292,0.1417411,0.017140001,0.13257,4.0,0.1057303
