X var,Y var,MIC (strength),MIC-p^2 (nonlinearity),MAS (non-monotonicity),MEV (functionality),MCN (complexity),Linear regression (p)
call4,rl,0.27534,0.1041477,0.06167999,0.26821,4.321928,0.4137539
all,call4,0.21744,0.20567112,0.08342999,0.2,4.321928,0.108484454
mit,rl,0.20354,0.14211732,0.047289997,0.18921,4.321928,0.247836
mit,all,0.17308,0.15581895,0.046179995,0.15826,4.321928,0.13138127
mit,call4,0.14504,0.13220374,0.04213,0.1356,4.321928,0.11329724
all,rl,0.14424,0.14419112,0.02589,0.13825,4.321928,0.0069919014
