X var,Y var,MIC (strength),MIC-p^2 (nonlinearity),MAS (non-monotonicity),MEV (functionality),MCN (complexity),Linear regression (p)
call4,rl,0.27681,0.14992006,0.075100005,0.27681,4.321928,0.35621613
all,rl,0.26954,0.20081198,0.03918001,0.26954,4.321928,0.26216033
mit,rl,0.22699,0.22693369,0.040250003,0.22699,4.321928,0.007503879
all,call4,0.22059,0.16427256,0.044429995,0.22059,4.321928,0.23731294
mit,all,0.21115,0.14164886,0.03373,0.21115,4.321928,0.26363072
mit,call4,0.17866,0.17674212,0.02742,0.17866,4.321928,0.043793615
