X var,Y var,MIC (strength),MIC-p^2 (nonlinearity),MAS (non-monotonicity),MEV (functionality),MCN (complexity),Linear regression (p)
call4,rl,0.28523,-0.12705877,0.04167001,0.27676,4.807355,0.6420972
all,rl,0.18669,0.11347503,0.022519998,0.17829,4.807355,0.27058265
all,call4,0.17826,0.11850195,0.016680002,0.17071,4.807355,0.24445459
mit,call4,0.17769,0.14344989,0.02519001,0.16653,4.807355,0.18504085
mit,all,0.16106,0.15682885,0.027480006,0.15112,4.807355,0.06504733
mit,rl,0.15188,0.14847049,0.013289999,0.14235,4.807355,0.05839092
