X var,Y var,MIC (strength),MIC-p^2 (nonlinearity),MAS (non-monotonicity),MEV (functionality),MCN (complexity),Linear regression (p)
call4,rl,0.2915,-0.033951014,0.019430012,0.27934,4.807355,0.57048315
all,rl,0.24248,0.15482765,0.046279997,0.23023,4.807355,0.29606137
mit,call4,0.22237,0.18804377,0.037609994,0.20969,4.807355,0.18527338
all,call4,0.1965,0.14287326,0.017010003,0.1856,4.807355,0.23157448
mit,all,0.17895,0.14106536,0.01557,0.16696,4.807355,0.19463974
mit,rl,0.17295,0.13998057,0.026859999,0.16232,4.807355,0.18157487
