X var,Y var,MIC (strength),MIC-p^2 (nonlinearity),MAS (non-monotonicity),MEV (functionality),MCN (complexity),Linear regression (p)
call4,rl,0.32054,0.14059407,0.041230008,0.3072,4.321928,0.42420036
all,call4,0.26415,0.25546303,0.078820005,0.24624,4.321928,0.09320381
mit,all,0.24703,0.19611402,0.047210008,0.22448,4.321928,0.22564572
mit,rl,0.22999,0.183947,0.02866,0.20645,4.321928,0.21457636
all,rl,0.22256,0.20396239,0.02386,0.20262,4.321928,0.13637307
mit,call4,0.19365,0.18895403,0.028009996,0.1815,4.321928,0.068527184
