X var,Y var,MIC (strength),MIC-p^2 (nonlinearity),MAS (non-monotonicity),MEV (functionality),MCN (complexity),Linear regression (p)
mit,rl,0.42096,0.2857105,0.19768001,0.39913,4.4594316,-0.36776283
all,rl,0.41126,-0.07330716,0.08931999,0.37218,4.4594316,0.6961086
mit,all,0.36053,0.24586058,0.10883999,0.34555,4.4594316,-0.33862874
mit,call4,0.19178,0.15134457,0.14656,0.17763,4.4594316,-0.20108566
call4,rl,0.16396,-0.05845429,0.049599998,0.16396,4.0,0.4716082
all,call4,0.15712,0.082920276,0.09404001,0.15283,4.4594316,0.27239627
