X var,Y var,MIC (strength),MIC-p^2 (nonlinearity),MAS (non-monotonicity),MEV (functionality),MCN (complexity),Linear regression (p)
call4,rl,0.25136,0.18749815,0.030340001,0.25136,4.4594316,0.252709
all,rl,0.20603,0.19792852,0.01489,0.20603,4.4594316,0.09000822
mit,all,0.20298,0.19425192,0.02769,0.20298,4.4594316,0.093424164
mit,rl,0.19463,0.19054957,0.036190003,0.19463,4.4594316,0.06387827
mit,call4,0.19022,0.18903714,0.018690001,0.19022,4.4594316,0.034392595
all,call4,0.17909,0.17567478,0.026840001,0.17909,4.4594316,0.058439862
