X var,Y var,MIC (strength),MIC-p^2 (nonlinearity),MAS (non-monotonicity),MEV (functionality),MCN (complexity),Linear regression (p)
call4,rl,0.29689,0.1766149,0.06733999,0.29689,4.321928,0.346807
all,rl,0.26457,0.197415,0.02612999,0.26457,4.321928,0.25914282
mit,all,0.2479,0.13764158,0.02775,0.2479,4.321928,0.3320518
all,call4,0.24263,0.18153408,0.034879997,0.24263,4.321928,0.24717589
mit,call4,0.23944,0.23292074,0.071559995,0.23944,4.321928,0.08074188
mit,rl,0.21594,0.21040025,0.018690001,0.21594,4.321928,0.0744295
