X var,Y var,MIC (strength),MIC-p^2 (nonlinearity),MAS (non-monotonicity),MEV (functionality),MCN (complexity),Linear regression (p)
all,rl,0.62246,0.36082977,0.08160001,0.61114,4.807355,0.51149803
mit,all,0.48275,0.42076418,0.06684002,0.47125,4.807355,-0.24896954
mit,rl,0.45465,0.2623828,0.08166,0.45465,4.321928,-0.43848285
all,call4,0.35368,0.19828314,0.15217002,0.34081,4.807355,0.3942041
call4,rl,0.25624,0.18977039,0.16260001,0.24656,4.807355,0.25781703
mit,call4,0.25448,0.25412485,0.19973001,0.24587,4.807355,0.01884534
