X var,Y var,MIC (strength),MIC-p^2 (nonlinearity),MAS (non-monotonicity),MEV (functionality),MCN (complexity),Linear regression (p)
call4,rl,0.35306,0.14344808,0.079349995,0.33692,4.321928,0.45783395
mit,all,0.25048,0.21191001,0.04507,0.23362,4.321928,0.19639245
all,call4,0.24773,0.22984925,0.025879994,0.22976,4.321928,0.13371891
mit,call4,0.23965,0.22714466,0.05081,0.21859,4.321928,0.11182727
mit,rl,0.23517,0.17991859,0.029430002,0.21929,4.321928,0.23505622
all,rl,0.20661,0.19120571,0.012480006,0.19146,4.321928,0.12411398
