X var,Y var,MIC (strength),MIC-p^2 (nonlinearity),MAS (non-monotonicity),MEV (functionality),MCN (complexity),Linear regression (p)
all,rl,0.63701,0.083406806,0.09731001,0.63701,4.0,0.74404514
mit,all,0.37531,0.25104505,0.11471,0.36405,4.807355,-0.35251236
mit,rl,0.35271,0.19052762,0.085429996,0.34241,4.807355,-0.40271875
all,call4,0.20202,0.10981904,0.12722,0.1958,4.807355,0.30364612
mit,call4,0.18858,0.18403767,0.15405001,0.18005,4.807355,0.06739682
call4,rl,0.14745,0.12712839,0.0799,0.14256,4.807355,0.14255385
