X var,Y var,MIC (strength),MIC-p^2 (nonlinearity),MAS (non-monotonicity),MEV (functionality),MCN (complexity),Linear regression (p)
mit,all,0.29491,0.21179682,0.069840014,0.27441,4.321928,0.28829357
mit,rl,0.25919,0.25579363,0.068359986,0.23084,4.321928,0.058278363
all,call4,0.25615,0.14646646,0.036170006,0.24098,4.321928,0.33118504
mit,call4,0.24384,0.23378439,0.028149992,0.22102,4.321928,0.1002776
all,rl,0.23498,0.2010552,0.043000005,0.216,4.321928,0.18418686
call4,rl,0.22816,0.2117885,0.06922999,0.20794,4.321928,0.12795112
