X var,Y var,MIC (strength),MIC-p^2 (nonlinearity),MAS (non-monotonicity),MEV (functionality),MCN (complexity),Linear regression (p)
all,rl,0.34458,0.22081098,0.064299986,0.34458,4.321928,0.35180822
mit,rl,0.25953,0.25890705,0.12651001,0.25953,4.321928,-0.024959233
mit,call4,0.23236,0.23169364,0.20423001,0.23236,4.321928,-0.025814064
mit,all,0.21377,0.17793572,0.047309995,0.21377,4.321928,0.18929946
all,call4,0.17763,0.14579728,0.13645001,0.17763,4.321928,0.17841728
call4,rl,0.11153,0.0677371,0.07047,0.11153,4.321928,0.20926751
