X var,Y var,MIC (strength),MIC-p^2 (nonlinearity),MAS (non-monotonicity),MEV (functionality),MCN (complexity),Linear regression (p)
call4,rl,0.25965,0.23412901,0.035629988,0.24572,4.4594316,0.15975289
all,rl,0.24812,0.23442249,0.058939993,0.23255,4.4594316,0.11703636
mit,all,0.2407,0.23820685,0.04658,0.22584,4.4594316,0.049931593
mit,rl,0.22801,0.106051534,0.03288001,0.21411,4.4594316,0.34922552
mit,call4,0.2276,0.20212983,0.023000002,0.21145,4.4594316,0.15959376
all,call4,0.2226,0.2204226,0.012079999,0.20696,4.4594316,0.046662685
