X var,Y var,MIC (strength),MIC-p^2 (nonlinearity),MAS (non-monotonicity),MEV (functionality),MCN (complexity),Linear regression (p)
call4,rl,0.25983,0.23179595,0.045540005,0.2288,4.321928,0.1674337
mit,rl,0.24581,0.24258892,0.057280004,0.2266,4.321928,-0.056754533
all,call4,0.24324,0.23013924,0.020909995,0.2271,4.321928,0.11445853
mit,call4,0.2389,0.23561025,0.019869998,0.2192,4.321928,0.05735644
all,rl,0.22867,0.22795527,0.04907,0.20486,4.321928,-0.026734443
mit,all,0.22576,0.22148119,0.035740003,0.20963,4.321928,-0.06541257
