X var,Y var,MIC (strength),MIC-p^2 (nonlinearity),MAS (non-monotonicity),MEV (functionality),MCN (complexity),Linear regression (p)
all,rl,0.63189,-0.03269154,0.06114,0.62145,4.321928,0.8152187
mit,rl,0.4144,0.36749426,0.10271001,0.39106,4.321928,-0.21657735
mit,all,0.34092,0.265235,0.050339997,0.31963,4.321928,-0.27510908
all,call4,0.24321,0.19386727,0.13277,0.22762,4.321928,0.22213227
call4,rl,0.18991,0.13555801,0.07609999,0.17458,4.321928,0.23313512
mit,call4,0.18663,0.183065,0.14155999,0.16854,4.321928,-0.059707563
