X var,Y var,MIC (strength),MIC-p^2 (nonlinearity),MAS (non-monotonicity),MEV (functionality),MCN (complexity),Linear regression (p)
all,rl,0.26254,0.22730911,0.022090018,0.26254,4.321928,0.18769899
call4,rl,0.23296,0.19152148,0.03418,0.23296,4.321928,0.20356452
mit,all,0.21083,0.18857898,0.042270005,0.21083,4.321928,0.14916776
all,call4,0.21009,0.1937152,0.03452,0.21009,4.321928,0.12796406
mit,rl,0.19494,0.1947658,0.027140006,0.19494,4.321928,0.013198214
mit,call4,0.17758,0.177168,0.03356999,0.17758,4.321928,0.020297986
