X var,Y var,MIC (strength),MIC-p^2 (nonlinearity),MAS (non-monotonicity),MEV (functionality),MCN (complexity),Linear regression (p)
all,rl,0.48042,0.10638493,0.026439995,0.46522,4.321928,0.61158407
call4,rl,0.28943,0.27956998,0.20883998,0.27186,4.321928,0.0992976
mit,rl,0.25219,0.24328491,0.10821,0.22963,4.321928,-0.09436679
mit,all,0.23896,0.19745377,0.047670007,0.22471,4.321928,-0.20373078
mit,call4,0.23297,0.22871366,0.1512,0.21131,4.321928,0.06524067
all,call4,0.18309,0.17801002,0.1433,0.16054,4.321928,0.07127397
