X var,Y var,MIC (strength),MIC-p^2 (nonlinearity),MAS (non-monotonicity),MEV (functionality),MCN (complexity),Linear regression (p)
all,rl,0.65159,0.30354482,0.05185002,0.64195,4.807355,0.58995354
mit,all,0.45595,0.42234173,0.05651,0.44505,4.807355,-0.18332554
mit,rl,0.43363,0.2792521,0.08114001,0.4312,4.807355,-0.3929095
all,call4,0.20144,0.14039391,0.14027001,0.19409,4.807355,0.24707507
mit,call4,0.17308,0.17236564,0.15646,0.16331,4.807355,-0.026727447
call4,rl,0.15601,0.09044399,0.09413,0.14949,4.807355,0.2560586
