X var,Y var,MIC (strength),MIC-p^2 (nonlinearity),MAS (non-monotonicity),MEV (functionality),MCN (complexity),Linear regression (p)
call4,rl,0.24616,0.20102666,0.046249986,0.24616,4.4594316,0.2124461
mit,all,0.22471,0.2032194,0.06694001,0.22471,4.4594316,0.14659673
all,call4,0.21755,0.204152,0.047509998,0.21755,4.4594316,0.11574971
mit,call4,0.20955,0.17775145,0.01191999,0.20955,4.4594316,0.17832147
mit,rl,0.2095,0.20571503,0.03673,0.2095,4.4594316,0.06152213
all,rl,0.18884,0.18666783,0.015620001,0.18884,4.4594316,0.0466066
