X var,Y var,MIC (strength),MIC-p^2 (nonlinearity),MAS (non-monotonicity),MEV (functionality),MCN (complexity),Linear regression (p)
call4,rl,0.38854,-0.10128853,0.07869002,0.37423,4.807355,0.6998775
mit,all,0.24109,-0.1670968,0.050569996,0.22145,4.807355,0.638895
mit,rl,0.23092,-0.13343032,0.035439998,0.21873,4.807355,0.6036144
all,call4,0.22232,-0.09203459,0.05305001,0.20977,4.807355,0.56067336
all,rl,0.20933,-0.04481934,0.02676,0.19739,4.807355,0.5041323
mit,call4,0.17678,-0.23206235,0.012019999,0.1634,4.807355,0.6394078
