X var,Y var,MIC (strength),MIC-p^2 (nonlinearity),MAS (non-monotonicity),MEV (functionality),MCN (complexity),Linear regression (p)
mit,call4,0.26316,0.25441998,0.13972,0.23922,4.0,0.09348807
mit,all,0.21632,0.20878133,0.091819994,0.20009,4.0,0.08682545
call4,rl,0.17375,0.16751179,0.020149998,0.13284,4.0,0.078982316
all,call4,0.16753,0.1144102,0.035620004,0.16084,4.0,0.23047733
mit,rl,0.16376,0.16300519,0.06335001,0.14938,4.0,-0.027473824
all,rl,0.13655,0.13652848,0.015589997,0.12656,4.0,0.0046381927
