X var,Y var,MIC (strength),MIC-p^2 (nonlinearity),MAS (non-monotonicity),MEV (functionality),MCN (complexity),Linear regression (p)
all,rl,0.42932,0.16841638,0.078339994,0.42932,4.169925,0.51078725
mit,rl,0.34375,0.2531457,0.17951,0.3215,4.4594316,-0.30100548
mit,call4,0.30292,0.19541344,0.16734001,0.28679,4.4594316,-0.32788196
all,call4,0.27118,0.22884382,0.17219001,0.2584,4.4594316,0.20575757
mit,all,0.26372,0.13954452,0.031420007,0.24664,4.4594316,-0.35238543
call4,rl,0.23157,0.021894336,0.10047001,0.22279,4.4594316,0.45790356
