X var,Y var,MIC (strength),MIC-p^2 (nonlinearity),MAS (non-monotonicity),MEV (functionality),MCN (complexity),Linear regression (p)
all,rl,0.32263,-0.04398039,0.06186001,0.30749,4.321928,0.6054836
mit,rl,0.24655,0.23756234,0.04949999,0.22965,4.321928,-0.094803244
call4,rl,0.23129,0.21889059,0.16338,0.21075,4.321928,-0.11135264
mit,all,0.21674,0.21284717,0.026340008,0.19811,4.321928,0.062392466
all,call4,0.20398,0.19881935,0.15126,0.18941,4.321928,-0.071837634
mit,call4,0.19144,0.18759264,0.14592001,0.17397,4.321928,-0.06202705
