X var,Y var,MIC (strength),MIC-p^2 (nonlinearity),MAS (non-monotonicity),MEV (functionality),MCN (complexity),Linear regression (p)
call4,rl,0.34715,-0.09854627,0.047329992,0.33742,4.807355,0.66760486
all,call4,0.24061,0.19121365,0.03637001,0.22579,4.807355,0.22225289
mit,call4,0.22126,0.187738,0.05653,0.20561,4.807355,0.1830901
all,rl,0.20956,0.13809787,0.02487,0.19619,4.807355,0.26732403
mit,rl,0.20712,0.20167343,0.028779998,0.19602,4.807355,0.073800914
mit,all,0.18947,0.17190892,0.015999988,0.17675,4.807355,0.13251819
