X var,Y var,MIC (strength),MIC-p^2 (nonlinearity),MAS (non-monotonicity),MEV (functionality),MCN (complexity),Linear regression (p)
all,rl,0.28143,0.26461416,0.08427,0.28143,4.4594316,0.12967585
mit,all,0.23238,0.18225144,0.05195999,0.23238,4.4594316,0.22389409
all,call4,0.23181,0.17402495,0.1524,0.23181,4.4594316,-0.24038522
mit,rl,0.22852,0.22796182,0.058000013,0.22852,4.4594316,0.023625832
mit,call4,0.20955,0.16290401,0.17143999,0.20955,4.4594316,-0.2159768
call4,rl,0.16502,0.16268335,0.14107001,0.16502,4.4594316,0.048338883
