X var,Y var,MIC (strength),MIC-p^2 (nonlinearity),MAS (non-monotonicity),MEV (functionality),MCN (complexity),Linear regression (p)
call4,rl,0.34094,0.12944573,0.05148998,0.3302,4.807355,0.45988506
all,rl,0.25045,0.15624788,0.048240006,0.23814,4.807355,0.3069236
mit,all,0.24485,0.17986003,0.01659,0.2304,4.807355,0.2549313
mit,call4,0.23207,0.12715538,0.039100006,0.21877,4.807355,0.32390526
mit,rl,0.20234,0.11645126,0.015770003,0.19098,4.807355,0.2930678
all,call4,0.1956,0.13546894,0.038450003,0.1808,4.807355,0.24521635
