X var,Y var,MIC (strength),MIC-p^2 (nonlinearity),MAS (non-monotonicity),MEV (functionality),MCN (complexity),Linear regression (p)
call4,rl,0.31419,0.18035144,0.02956,0.28947,4.321928,0.36583954
mit,rl,0.3098,0.2930754,0.06420998,0.29112,4.321928,0.12932353
mit,all,0.28009,0.20945108,0.069350004,0.25739,4.321928,0.26577982
mit,call4,0.24672,0.24656732,0.04049,0.22663,4.321928,0.012356333
all,call4,0.23137,0.22899783,0.041970007,0.20886,4.321928,0.048704907
all,rl,0.2156,0.20363826,0.024089992,0.19682,4.321928,0.109369725
