X var,Y var,MIC (strength),MIC-p^2 (nonlinearity),MAS (non-monotonicity),MEV (functionality),MCN (complexity),Linear regression (p)
mit,all,0.16238,0.16202219,0.020669997,0.15456,4.4594316,-0.018915698
mit,rl,0.1576,0.04900328,0.036450006,0.1484,4.4594316,0.32954016
all,rl,0.15676,0.15460506,0.03513,0.14776,4.4594316,0.04642132
mit,call4,0.15668,0.14241894,0.0362,0.14848,4.4594316,0.11941972
all,call4,0.1462,0.14617838,0.0312,0.14179,4.4594316,-0.0046499525
call4,rl,0.1266,0.12629834,0.0142600015,0.11678,4.4594316,0.01736852
