X var,Y var,MIC (strength),MIC-p^2 (nonlinearity),MAS (non-monotonicity),MEV (functionality),MCN (complexity),Linear regression (p)
call4,rl,0.30516,0.021037072,0.035770014,0.29364,4.807355,0.5330318
all,rl,0.25307,0.09245588,0.0457,0.23778,4.807355,0.4007669
mit,call4,0.23732,0.11006446,0.04675001,0.22395,4.807355,0.35672894
mit,rl,0.2282,0.097608775,0.031619996,0.21467,4.807355,0.36137408
mit,all,0.19191,0.062223867,0.023450002,0.17778,4.807355,0.3601196
all,call4,0.18831,0.094778314,0.010920003,0.17622,4.807355,0.3058295
