X var,Y var,MIC (strength),MIC-p^2 (nonlinearity),MAS (non-monotonicity),MEV (functionality),MCN (complexity),Linear regression (p)
call4,rl,0.36799,0.28035998,0.07925999,0.35445,4.807355,0.29602367
all,rl,0.24088,0.18053487,0.059619993,0.22906,4.807355,0.24565247
mit,call4,0.22996,0.19413929,0.026489988,0.21759,4.807355,0.18926358
mit,rl,0.2051,0.1639834,0.015690006,0.18982,4.807355,0.20277227
mit,all,0.19795,0.16948415,0.030410007,0.18707,4.807355,0.16871825
all,call4,0.183,0.1509667,0.020550005,0.17158,4.807355,0.17897847
