X var,Y var,MIC (strength),MIC-p^2 (nonlinearity),MAS (non-monotonicity),MEV (functionality),MCN (complexity),Linear regression (p)
call4,rl,0.30463,0.11462699,0.021309987,0.28787,4.321928,0.43589336
mit,rl,0.30079,0.25440595,0.054930016,0.27892,4.321928,0.21536958
mit,all,0.25395,0.22050327,0.024419993,0.23635,4.321928,0.18288447
all,call4,0.24614,0.2291758,0.06451,0.23433,4.321928,0.13024665
mit,call4,0.23184,0.21706414,0.04119,0.20499,4.321928,0.12155597
all,rl,0.19638,0.18994807,0.013349995,0.1832,4.321928,0.08019935
