X var,Y var,MIC (strength),MIC-p^2 (nonlinearity),MAS (non-monotonicity),MEV (functionality),MCN (complexity),Linear regression (p)
all,rl,0.24208,0.19204175,0.026580006,0.22323,4.321928,0.22369233
call4,rl,0.23776,0.21275426,0.055790007,0.21981,4.321928,0.15813206
all,call4,0.2293,0.13671342,0.038000003,0.21261,4.321928,0.30428046
mit,all,0.22916,0.19669157,0.019719996,0.21036,4.321928,0.18018997
mit,rl,0.22197,0.22061852,0.042440012,0.20025,4.321928,0.036762703
mit,call4,0.21317,0.20572819,0.03357,0.19072,4.321928,0.08626599
