X var,Y var,MIC (strength),MIC-p^2 (nonlinearity),MAS (non-monotonicity),MEV (functionality),MCN (complexity),Linear regression (p)
call4,rl,0.28499,0.17468739,0.04823,0.27378,4.807355,0.3321184
all,rl,0.26431,0.16383882,0.036819994,0.25125,4.807355,0.3169719
mit,rl,0.22191,0.17303324,0.016989999,0.20771,4.807355,0.22108091
mit,call4,0.21975,0.18674016,0.041549996,0.20284,4.807355,0.18168613
mit,all,0.21672,0.18299162,0.026050001,0.20407,4.807355,0.18365288
all,call4,0.21138,0.19783613,0.018979996,0.19761,4.807355,0.116378136
