X var,Y var,MIC (strength),MIC-p^2 (nonlinearity),MAS (non-monotonicity),MEV (functionality),MCN (complexity),Linear regression (p)
mit,all,0.40105,0.3729088,0.11107001,0.38456,4.807355,-0.16775341
mit,rl,0.33707,0.26773563,0.15263999,0.32483,4.807355,-0.2633142
all,rl,0.29991,0.272118,0.052770004,0.29062,4.807355,0.16670933
mit,call4,0.11362,0.110303596,0.09259,0.11362,4.169925,-0.057588212
all,call4,0.08607,0.075012095,0.06389,0.08607,4.169925,0.10515659
call4,rl,0.05797,0.057893734,0.0323,0.05797,3.321928,0.008732983
