X var,Y var,MIC (strength),MIC-p^2 (nonlinearity),MAS (non-monotonicity),MEV (functionality),MCN (complexity),Linear regression (p)
call4,rl,0.28295,0.18909797,0.06757,0.28295,4.4594316,0.30635282
mit,call4,0.24014,0.2023283,0.02565001,0.24014,4.4594316,0.19445235
all,call4,0.23083,0.2192516,0.02194,0.23083,4.4594316,0.10760298
mit,all,0.2266,0.1940526,0.03046,0.2266,4.4594316,0.18040895
all,rl,0.22074,0.20986427,0.06215,0.22074,4.4594316,0.10428679
mit,rl,0.18027,0.15073426,0.013270006,0.18027,4.4594316,0.17185967
