X var,Y var,MIC (strength),MIC-p^2 (nonlinearity),MAS (non-monotonicity),MEV (functionality),MCN (complexity),Linear regression (p)
call4,rl,0.27198,0.22664905,0.06779999,0.27198,4.4594316,0.21291064
all,call4,0.22549,0.22201522,0.043339998,0.22549,4.4594316,0.058947373
mit,call4,0.22379,0.21827473,0.016340002,0.22379,4.4594316,0.07426496
mit,all,0.21668,0.20255874,0.014710002,0.21668,4.4594316,0.1188329
all,rl,0.19993,0.19537874,0.045479998,0.19993,4.4594316,0.067463055
mit,rl,0.18663,0.17716746,0.01748,0.18663,4.4594316,0.09727555
