X var,Y var,MIC (strength),MIC-p^2 (nonlinearity),MAS (non-monotonicity),MEV (functionality),MCN (complexity),Linear regression (p)
call4,rl,0.41601,-0.058181405,0.07319999,0.39314,4.4594316,0.68861556
mit,all,0.29432,-7.9762936E-4,0.107519984,0.27218,4.4594316,0.5432473
mit,rl,0.2802,-0.11164129,0.06735,0.26584,4.4594316,0.6259723
mit,call4,0.26427,-0.08377412,0.08160001,0.24438,4.4594316,0.58995265
all,rl,0.24087,-0.005506128,0.011779994,0.22496,4.4594316,0.4963629
all,call4,0.19484,-0.11494295,0.021500006,0.17524,4.4594316,0.5565815
