X var,Y var,MIC (strength),MIC-p^2 (nonlinearity),MAS (non-monotonicity),MEV (functionality),MCN (complexity),Linear regression (p)
call4,rl,0.29813,0.11796948,0.03354001,0.28243,4.807355,0.4244532
mit,rl,0.23834,0.19314434,0.0106799975,0.22574,4.807355,0.21259272
all,call4,0.2375,0.20965599,0.05641,0.21907,4.807355,0.16686526
mit,call4,0.22009,0.14791614,0.023599997,0.20878,4.807355,0.26865193
all,rl,0.21302,0.14552712,0.015329987,0.20224,4.807355,0.2597939
mit,all,0.18648,0.16353461,0.011399999,0.17577,4.807355,0.15147734
