X var,Y var,MIC (strength),MIC-p^2 (nonlinearity),MAS (non-monotonicity),MEV (functionality),MCN (complexity),Linear regression (p)
call4,rl,0.26982,0.06122434,0.029799998,0.25908,4.807355,0.45672274
mit,call4,0.24849,0.17574987,0.027330011,0.23743,4.807355,0.2697038
all,rl,0.21856,0.15832424,0.012519993,0.20637,4.807355,0.24542974
mit,rl,0.21443,0.16807455,0.021289997,0.20291,4.807355,0.21530318
mit,all,0.20301,0.17212906,0.03351,0.18848,4.807355,0.1757297
all,call4,0.1925,0.15752381,0.016450003,0.17864,4.807355,0.18701923
