X var,Y var,MIC (strength),MIC-p^2 (nonlinearity),MAS (non-monotonicity),MEV (functionality),MCN (complexity),Linear regression (p)
call4,rl,0.29931,0.005900353,0.038900003,0.27551,4.0,0.541673
mit,all,0.27533,0.08456674,0.02929999,0.24451,4.0,0.43676454
mit,rl,0.27292,0.04243341,0.07094,0.24822,4.0,0.4800902
mit,call4,0.26417,0.05970335,0.024279997,0.22183,4.0,0.45217988
all,rl,0.23106,0.123298615,0.06319,0.20789,4.0,0.3282703
all,call4,0.22747,0.10014352,0.04897,0.20352,4.0,0.35682836
