X var,Y var,MIC (strength),MIC-p^2 (nonlinearity),MAS (non-monotonicity),MEV (functionality),MCN (complexity),Linear regression (p)
call4,rl,0.33499,0.0018470287,0.06233999,0.31552,4.321928,0.5771854
all,call4,0.24545,0.16242313,0.029990003,0.22797,4.321928,0.28814384
mit,all,0.23468,0.036836684,0.019610003,0.21165,4.321928,0.44479582
mit,rl,0.2239,0.08181511,0.018880002,0.20909,4.321928,0.3769415
mit,call4,0.20076,0.12242151,0.041160002,0.18409,4.321928,0.27989015
all,rl,0.19618,0.0887583,0.014339998,0.17773,4.321928,0.3277525
