X var,Y var,MIC (strength),MIC-p^2 (nonlinearity),MAS (non-monotonicity),MEV (functionality),MCN (complexity),Linear regression (p)
call4,rl,0.30015,0.23800737,0.03403002,0.27179,4.321928,0.24928425
all,rl,0.27209,0.21610239,0.049789995,0.25358,4.321928,0.23661698
mit,call4,0.24107,0.22060136,0.047660008,0.21556,4.321928,0.14306863
mit,all,0.2005,0.19369042,0.028110001,0.18002,4.321928,0.082520135
all,call4,0.19685,0.14175615,0.02527,0.18115,4.321928,0.23472081
mit,rl,0.19439,0.19322397,0.035730004,0.17075,4.321928,0.0341472
