X var,Y var,MIC (strength),MIC-p^2 (nonlinearity),MAS (non-monotonicity),MEV (functionality),MCN (complexity),Linear regression (p)
call4,rl,0.32535,-0.07227987,0.03704998,0.31149,4.807355,0.630579
mit,call4,0.22744,0.2033713,0.032119997,0.21578,4.807355,0.15514089
all,call4,0.21246,0.1674212,0.031120002,0.19829,4.807355,0.21222344
mit,all,0.21136,0.17873673,0.02161,0.19991,4.807355,0.18061909
all,rl,0.20769,0.1298424,0.024299994,0.19604,4.807355,0.27901182
mit,rl,0.18712,0.17943572,0.016000003,0.17759,4.807355,0.08766007
