X var,Y var,MIC (strength),MIC-p^2 (nonlinearity),MAS (non-monotonicity),MEV (functionality),MCN (complexity),Linear regression (p)
call4,rl,0.30396,-0.06786877,0.06818001,0.28462,4.321928,0.6097776
mit,rl,0.29071,0.012236357,0.05719,0.26499,4.321928,0.527706
mit,all,0.27429,-0.018466473,0.087919995,0.25294,4.321928,0.54106975
all,rl,0.25834,0.044725314,0.042510003,0.2382,4.321928,0.4621847
mit,call4,0.22305,-0.023539484,0.038939998,0.19998,4.321928,0.49657777
all,call4,0.19662,0.037007496,0.03671,0.17759,4.321928,0.39951533
