X var,Y var,MIC (strength),MIC-p^2 (nonlinearity),MAS (non-monotonicity),MEV (functionality),MCN (complexity),Linear regression (p)
all,rl,0.67554,0.06252992,0.069189966,0.65999,4.321928,0.78294957
mit,rl,0.33164,0.31760573,0.04549001,0.31145,4.321928,-0.118466265
call4,rl,0.27262,0.15737946,0.08394,0.25171,4.321928,0.33947095
mit,call4,0.24993,0.20064178,0.14453,0.22371,4.321928,-0.2220095
all,call4,0.23519,0.08327082,0.06678,0.2136,4.321928,0.38976812
mit,all,0.22488,0.18003604,0.038409993,0.20846,4.321928,-0.2117639
