X var,Y var,MIC (strength),MIC-p^2 (nonlinearity),MAS (non-monotonicity),MEV (functionality),MCN (complexity),Linear regression (p)
call4,rl,0.28989,0.25684342,0.060779996,0.2742,4.321928,0.1817872
mit,call4,0.2647,0.24808146,0.03458999,0.24068,4.321928,0.12891288
all,rl,0.25039,0.17028645,0.047979996,0.23599,4.321928,0.2830257
mit,rl,0.24489,0.24327414,0.05528,0.2268,4.321928,0.040197834
all,call4,0.2314,0.1393069,0.066489995,0.21644,4.321928,0.30346844
mit,all,0.1942,0.18056114,0.026110008,0.17859,4.321928,0.11678548
