X var,Y var,MIC (strength),MIC-p^2 (nonlinearity),MAS (non-monotonicity),MEV (functionality),MCN (complexity),Linear regression (p)
all,rl,0.51828,0.12930009,0.12805,0.49695,4.321928,0.62368256
mit,rl,0.35391,0.34201705,0.09467,0.33496,4.321928,-0.10905481
mit,all,0.23922,0.20138983,0.041489996,0.21923,4.321928,-0.19449976
call4,rl,0.20134,0.1025865,0.08422001,0.18517,4.321928,0.3142507
mit,call4,0.18873,0.18770725,0.049429998,0.17349,4.321928,-0.031980477
all,call4,0.18251,0.15590289,0.060770005,0.16503,4.321928,0.16311686
