X var,Y var,MIC (strength),MIC-p^2 (nonlinearity),MAS (non-monotonicity),MEV (functionality),MCN (complexity),Linear regression (p)
all,rl,0.50999,-0.2491818,0.05757001,0.50362,4.807355,0.87130463
mit,rl,0.27864,0.16568455,0.07037,0.26839,4.807355,-0.33608845
all,call4,0.23631,0.21151897,0.11378001,0.22748,4.807355,0.1574517
call4,rl,0.20538,0.094601415,0.03173001,0.1946,4.807355,0.33283415
mit,all,0.20292,0.18705468,0.02068001,0.18989,4.807355,-0.12595764
mit,call4,0.19335,0.02289024,0.05961,0.19335,4.70044,-0.41286772
