X var,Y var,MIC (strength),MIC-p^2 (nonlinearity),MAS (non-monotonicity),MEV (functionality),MCN (complexity),Linear regression (p)
call4,rl,0.30149,0.23417014,0.055750012,0.30149,4.321928,0.25946072
mit,all,0.25787,0.19625007,0.03741999,0.25787,4.321928,0.2482336
mit,rl,0.2423,0.24202271,0.047079995,0.2423,4.321928,0.016652154
all,rl,0.24203,0.20493864,0.027520001,0.24203,4.321928,0.19259116
mit,call4,0.23191,0.2315046,0.039510004,0.23191,4.321928,0.02013454
all,call4,0.2177,0.18456855,0.043510005,0.2177,4.321928,0.18202047
