X var,Y var,MIC (strength),MIC-p^2 (nonlinearity),MAS (non-monotonicity),MEV (functionality),MCN (complexity),Linear regression (p)
call4,rl,0.40185,0.23612407,0.13306999,0.38549,4.0,0.40709448
mit,call4,0.32475,0.2534134,0.06952001,0.3125,4.0,0.26708913
all,rl,0.2723,0.24788432,0.047570005,0.23253,4.0,0.15625522
all,call4,0.26172,0.20159635,0.01963,0.22857,4.0,0.24520123
mit,all,0.25912,0.22394061,0.050050005,0.22796,4.0,0.18756165
mit,rl,0.24631,0.22544828,0.029359996,0.2321,4.0,0.14443585
