X var,Y var,MIC (strength),MIC-p^2 (nonlinearity),MAS (non-monotonicity),MEV (functionality),MCN (complexity),Linear regression (p)
call4,rl,0.28116,0.2507378,0.041669995,0.2505,4.321928,0.17441967
mit,all,0.27188,0.2706,0.08947,0.25524,4.321928,-0.035777397
mit,call4,0.24945,0.24580099,0.048529997,0.22265,4.321928,0.06040707
all,rl,0.24763,0.24761377,0.05111,0.22972,4.321928,0.0040278407
all,call4,0.23651,0.1966668,0.027659997,0.21888,4.321928,0.1996076
mit,rl,0.22353,0.22290549,0.04331,0.20562,4.321928,-0.024990048
