X var,Y var,MIC (strength),MIC-p^2 (nonlinearity),MAS (non-monotonicity),MEV (functionality),MCN (complexity),Linear regression (p)
all,rl,0.34088,-0.3300641,0.032770008,0.34088,4.321928,0.81911176
mit,call4,0.33515,0.30161336,0.20686,0.33515,4.321928,-0.18313015
mit,rl,0.31757,0.26494634,0.038379997,0.31757,4.321928,-0.22939847
mit,all,0.20313,0.16007358,0.017790005,0.20313,4.321928,-0.20750041
all,call4,0.19101,0.19071905,0.12523,0.19101,4.321928,-0.01705704
call4,rl,0.18793,0.18600604,0.077080004,0.18793,4.321928,0.043863084
