X var,Y var,MIC (strength),MIC-p^2 (nonlinearity),MAS (non-monotonicity),MEV (functionality),MCN (complexity),Linear regression (p)
call4,rl,0.3609,-0.14103994,0.050219998,0.34676,4.807355,0.7084772
all,call4,0.23027,0.17363368,0.020969994,0.21764,4.807355,0.23798385
mit,call4,0.21644,0.17968288,0.020840004,0.2024,4.807355,0.19172148
mit,rl,0.21111,0.20715703,0.015019998,0.19758,4.807355,0.06287261
mit,all,0.20491,0.19694944,0.01862,0.19356,4.807355,0.08922198
all,rl,0.19978,0.12702672,0.012290001,0.18778,4.807355,0.26972815
