X var,Y var,MIC (strength),MIC-p^2 (nonlinearity),MAS (non-monotonicity),MEV (functionality),MCN (complexity),Linear regression (p)
call4,rl,0.32136,0.11567536,0.03227,0.30318,4.321928,0.45352468
mit,rl,0.28886,0.2392162,0.053189993,0.27089,4.321928,0.22280888
all,call4,0.26813,0.2435719,0.054130003,0.24111,4.321928,0.15671021
mit,all,0.24599,0.16018191,0.024659991,0.23242,4.321928,0.2929302
mit,call4,0.23216,0.21807592,0.033000007,0.20852,4.321928,0.11867641
all,rl,0.20545,0.1746348,0.02155,0.1841,4.321928,0.1755426
