X var,Y var,MIC (strength),MIC-p^2 (nonlinearity),MAS (non-monotonicity),MEV (functionality),MCN (complexity),Linear regression (p)
call4,rl,0.31682,0.10344568,0.028459996,0.30442,4.807355,0.46192458
mit,rl,0.22865,0.16827641,0.023029998,0.2181,4.807355,0.24571039
all,rl,0.22246,0.13861349,0.016200006,0.20949,4.807355,0.2895626
mit,all,0.22093,0.17886174,0.02651,0.20833,4.807355,0.20510547
mit,call4,0.21354,0.1510392,0.017649993,0.20265,4.807355,0.2500016
all,call4,0.17238,0.13056028,0.025220007,0.16134,4.807355,0.20449871
