X var,Y var,MIC (strength),MIC-p^2 (nonlinearity),MAS (non-monotonicity),MEV (functionality),MCN (complexity),Linear regression (p)
all,rl,0.25778,0.23478003,0.027739994,0.24767,4.807355,0.15165739
mit,all,0.24562,-0.24628349,0.05838999,0.23614,4.807355,0.7013583
mit,rl,0.23576,0.21648313,0.050040007,0.22484,4.807355,-0.1388412
all,call4,0.19363,0.19260883,0.14976999,0.18892,4.807355,-0.03195556
mit,call4,0.18576,0.18319549,0.16431001,0.1778,4.807355,-0.05064107
call4,rl,0.15104,0.15051357,0.119780004,0.14658,4.807355,-0.02294416
