X var,Y var,MIC (strength),MIC-p^2 (nonlinearity),MAS (non-monotonicity),MEV (functionality),MCN (complexity),Linear regression (p)
mit,all,0.29589,0.25711352,0.10233,0.29589,4.321928,0.19691743
all,call4,0.28576,0.26168662,0.061039984,0.28576,4.321928,0.15515593
call4,rl,0.28151,0.21680337,0.04749,0.28151,4.321928,0.25437495
all,rl,0.24031,0.178113,0.025120005,0.24031,4.321928,0.24939327
mit,call4,0.21493,0.21340801,0.03210999,0.21493,4.321928,0.039012693
mit,rl,0.19608,0.19312133,0.023750007,0.19608,4.321928,0.054393623
