X var,Y var,MIC (strength),MIC-p^2 (nonlinearity),MAS (non-monotonicity),MEV (functionality),MCN (complexity),Linear regression (p)
call4,rl,0.25928,0.2546217,0.036149994,0.24228,4.4594316,0.06825163
all,rl,0.24277,0.24105594,0.02719,0.22368,4.4594316,0.0414012
mit,call4,0.22584,0.2191551,0.06205,0.21119,4.4594316,0.081761226
all,call4,0.21416,0.21343258,0.021449998,0.19565,4.4594316,0.026970511
mit,rl,0.21215,0.10579435,0.01687999,0.19919,4.4594316,0.32612213
mit,all,0.17479,0.17471059,0.015100002,0.1634,4.4594316,0.008910826
