X var,Y var,MIC (strength),MIC-p^2 (nonlinearity),MAS (non-monotonicity),MEV (functionality),MCN (complexity),Linear regression (p)
all,rl,0.4006,0.0038606226,0.04508999,0.38985,4.807355,0.6298725
mit,rl,0.39604,0.3427353,0.035160005,0.38507,4.807355,-0.23087808
mit,all,0.23376,0.2324938,0.04282,0.22311,4.807355,-0.03558372
mit,call4,0.21188,0.20406891,0.12337,0.20206,4.807355,-0.088380314
call4,rl,0.20011,0.13828428,0.096530005,0.18996,4.807355,0.24864778
all,call4,0.19568,0.15176223,0.086270005,0.18367,4.807355,0.20956568
