X var,Y var,MIC (strength),MIC-p^2 (nonlinearity),MAS (non-monotonicity),MEV (functionality),MCN (complexity),Linear regression (p)
call4,rl,0.38651,0.1914043,0.059949994,0.37267,4.4594316,0.44170773
mit,all,0.2363,0.18385419,0.010019995,0.22057,4.4594316,0.22901052
mit,rl,0.23211,0.1305669,0.029269993,0.21499,4.4594316,0.31865826
all,rl,0.22892,0.1795432,0.034940004,0.20444,4.4594316,0.2222089
mit,call4,0.19521,0.1692721,0.014240012,0.17819,4.4594316,0.16105245
all,call4,0.19369,0.16437408,0.016709998,0.17769,4.4594316,0.17121892
