X var,Y var,MIC (strength),MIC-p^2 (nonlinearity),MAS (non-monotonicity),MEV (functionality),MCN (complexity),Linear regression (p)
call4,rl,0.26073,0.13553903,0.04963,0.24788,4.807355,0.35382336
all,call4,0.22917,0.18982232,0.04721999,0.21865,4.807355,0.19836247
mit,all,0.21106,0.2018875,0.024340004,0.19988,4.807355,0.095773175
all,rl,0.20911,0.1711903,0.019329995,0.19789,4.807355,0.19472982
mit,rl,0.19961,0.18197481,0.023029998,0.18866,4.807355,0.13279751
mit,call4,0.1721,0.16421194,0.016489998,0.16011,4.807355,0.08881465
