X var,Y var,MIC (strength),MIC-p^2 (nonlinearity),MAS (non-monotonicity),MEV (functionality),MCN (complexity),Linear regression (p)
all,call4,0.29038,0.21769324,0.0352,0.27302,4.321928,0.26960483
all,rl,0.26695,0.2599362,0.06726001,0.24369,4.321928,0.08374837
mit,call4,0.20958,0.20163338,0.016989991,0.19431,4.321928,0.08914381
mit,rl,0.20522,0.20511934,0.012280002,0.18621,4.321928,-0.010032536
call4,rl,0.19524,0.16052099,0.012539998,0.17732,4.321928,0.18633041
mit,all,0.17947,0.17925775,0.016909998,0.16521,4.321928,-0.014568661
