X var,Y var,MIC (strength),MIC-p^2 (nonlinearity),MAS (non-monotonicity),MEV (functionality),MCN (complexity),Linear regression (p)
mit,rl,0.23092,0.11331142,0.08038001,0.20387,4.321928,0.34294108
call4,rl,0.22671,0.14976248,0.027889997,0.21083,4.321928,0.27739418
mit,all,0.21348,0.031325325,0.072019994,0.1971,4.321928,0.4267958
all,rl,0.20111,0.08319172,0.020359993,0.18931,4.321928,0.3433923
mit,call4,0.18511,0.029476985,0.019340001,0.17057,4.321928,0.3945035
all,call4,0.17216,0.077297196,0.023879997,0.1584,4.321928,0.30799806
