X var,Y var,MIC (strength),MIC-p^2 (nonlinearity),MAS (non-monotonicity),MEV (functionality),MCN (complexity),Linear regression (p)
all,rl,0.45706,0.011886239,0.048969984,0.44848,4.807355,0.66721344
mit,rl,0.24006,0.2215088,0.050960004,0.22547,4.807355,-0.1362028
mit,all,0.21839,0.2183664,0.044630006,0.20742,4.807355,0.0048589436
call4,rl,0.21008,0.21007188,0.07161,0.20077,4.807355,0.0028502136
all,call4,0.19287,0.16799416,0.080070004,0.18286,4.807355,-0.15772079
mit,call4,0.18394,0.17163964,0.085599996,0.171,4.807355,0.110907
