X var,Y var,MIC (strength),MIC-p^2 (nonlinearity),MAS (non-monotonicity),MEV (functionality),MCN (complexity),Linear regression (p)
all,rl,0.22841,0.03642483,0.039470002,0.21939,4.807355,0.43816113
call4,rl,0.228,0.09350066,0.046330005,0.21026,4.807355,0.3667415
all,call4,0.21514,0.11801104,0.03126,0.20004,4.807355,0.3116552
mit,rl,0.20228,-0.012893379,0.018720001,0.18944,4.807355,0.46386784
mit,call4,0.19772,0.086914964,0.013019994,0.18762,4.807355,0.3328739
mit,all,0.19512,-0.019726247,0.041649997,0.18269,4.807355,0.4635151
