X var,Y var,MIC (strength),MIC-p^2 (nonlinearity),MAS (non-monotonicity),MEV (functionality),MCN (complexity),Linear regression (p)
call4,rl,0.347,0.14513908,0.019659996,0.33089,4.321928,0.44928935
mit,rl,0.24434,0.19272482,0.043339998,0.22396,4.321928,0.22718975
mit,all,0.24275,0.20763734,0.045210004,0.22418,4.321928,0.18738374
mit,call4,0.21544,0.2070611,0.040010005,0.19632,4.321928,0.09153636
all,rl,0.20419,0.18734907,0.011380002,0.18698,4.321928,0.12977262
all,call4,0.19935,0.18832901,0.020750001,0.18334,4.321928,0.10498092
