X var,Y var,MIC (strength),MIC-p^2 (nonlinearity),MAS (non-monotonicity),MEV (functionality),MCN (complexity),Linear regression (p)
all,rl,0.33054,-0.14556041,0.04778999,0.31276,4.321928,0.6900003
mit,all,0.31554,0.3126657,0.055000007,0.29672,4.321928,-0.053612456
mit,rl,0.263,0.24905631,0.060550004,0.24773,4.321928,-0.11808348
mit,call4,0.1978,0.18824135,0.13894999,0.18512,4.321928,-0.09776837
call4,rl,0.19675,0.19618005,0.1282,0.18889,4.321928,0.023873772
all,call4,0.16055,0.15919495,0.11957,0.13856,4.321928,-0.03681102
