X var,Y var,MIC (strength),MIC-p^2 (nonlinearity),MAS (non-monotonicity),MEV (functionality),MCN (complexity),Linear regression (p)
all,rl,0.62483,-0.097889304,0.097,0.59779,4.321928,0.850129
mit,all,0.35341,0.3342449,0.13257,0.32937,4.321928,-0.13843806
mit,rl,0.2452,0.20087594,0.05077,0.23249,4.321928,-0.21053277
mit,call4,0.24246,0.20468815,0.18454,0.23278,4.321928,-0.19434981
all,call4,0.24058,0.1397238,0.16646,0.21547,4.321928,0.31757867
call4,rl,0.16989,0.035168916,0.09577,0.16747,4.321928,0.3670437
