X var,Y var,MIC (strength),MIC-p^2 (nonlinearity),MAS (non-monotonicity),MEV (functionality),MCN (complexity),Linear regression (p)
mit,rl,0.37877,0.27458042,0.03911999,0.34441,4.321928,-0.3227841
all,rl,0.36906,-0.20690021,0.04380001,0.34578,4.321928,0.75892043
mit,all,0.34926,0.3451353,0.06541002,0.31956,4.321928,-0.06422391
all,call4,0.23394,0.22789706,0.17848,0.21398,4.321928,-0.077736385
call4,rl,0.22403,0.22392559,0.113680005,0.21113,4.321928,-0.010218
mit,call4,0.2237,0.22335859,0.14412999,0.20499,4.321928,-0.018477295
