X var,Y var,MIC (strength),MIC-p^2 (nonlinearity),MAS (non-monotonicity),MEV (functionality),MCN (complexity),Linear regression (p)
call4,rl,0.28278,0.21499652,0.04230001,0.28278,4.4594316,0.26035258
mit,rl,0.22707,0.21550694,0.03598,0.22707,4.4594316,0.10753168
mit,call4,0.22314,0.21335025,0.040810004,0.22314,4.4594316,0.09894315
mit,all,0.20841,0.18405275,0.051930003,0.20841,4.4594316,0.15606807
all,rl,0.20222,0.189498,0.060049996,0.20222,4.4594316,0.112791814
all,call4,0.1942,0.18505448,0.032060005,0.1942,4.4594316,0.09563216
