X var,Y var,MIC (strength),MIC-p^2 (nonlinearity),MAS (non-monotonicity),MEV (functionality),MCN (complexity),Linear regression (p)
call4,rl,0.36737,0.19236194,0.046680003,0.35097,4.4594316,0.41833967
mit,all,0.31616,0.27498937,0.08665,0.29428,4.4594316,0.20290545
all,rl,0.251,0.20763421,0.026249997,0.23537,4.4594316,0.20824452
mit,call4,0.24585,0.2229444,0.054920003,0.22417,4.4594316,0.15134598
mit,rl,0.22911,0.13936771,0.013530001,0.21053,4.4594316,0.29957017
all,call4,0.20084,0.18051659,0.01935,0.18238,4.4594316,0.14256018
