X var,Y var,MIC (strength),MIC-p^2 (nonlinearity),MAS (non-monotonicity),MEV (functionality),MCN (complexity),Linear regression (p)
all,rl,0.52793,-0.15393746,0.13141003,0.51168,4.321928,0.8257527
mit,rl,0.26882,0.20314378,0.053890005,0.26012,4.321928,-0.2562737
mit,all,0.25091,0.23648676,0.06531,0.22845,4.321928,-0.12009687
mit,call4,0.20257,0.20043077,0.18031001,0.20257,4.169925,-0.04625193
all,call4,0.12883,0.12718037,0.09877,0.12883,3.807355,0.04061573
call4,rl,0.11187,0.11175727,0.054729998,0.11187,4.0,-0.010617308
