X var,Y var,MIC (strength),MIC-p^2 (nonlinearity),MAS (non-monotonicity),MEV (functionality),MCN (complexity),Linear regression (p)
all,call4,0.29678,0.12113802,0.0384,0.2753,4.321928,0.41909662
mit,rl,0.26516,-0.088204354,0.02579999,0.23771,4.321928,0.5944446
all,rl,0.2605,-0.02974075,0.06613001,0.24037,4.321928,0.53874
mit,call4,0.2406,0.07126312,0.04383,0.22167,4.321928,0.41150564
call4,rl,0.2379,0.0069343597,0.052249998,0.22227,4.321928,0.48058885
mit,all,0.22763,0.08109924,0.03694001,0.20402,4.321928,0.38279337
