X var,Y var,MIC (strength),MIC-p^2 (nonlinearity),MAS (non-monotonicity),MEV (functionality),MCN (complexity),Linear regression (p)
call4,rl,0.26151,0.14423881,0.07605001,0.26151,4.4594316,0.34244883
all,rl,0.22048,0.2117292,0.047409996,0.22048,4.4594316,0.093545675
mit,rl,0.2093,0.16744418,0.023279995,0.2093,4.4594316,0.20458694
all,call4,0.209,0.1972337,0.03083001,0.209,4.4594316,0.10847258
mit,all,0.20152,0.16527998,0.036689997,0.20152,4.4594316,0.19036807
mit,call4,0.19749,0.15172637,0.037949994,0.19749,4.4594316,0.21392438
