X var,Y var,MIC (strength),MIC-p^2 (nonlinearity),MAS (non-monotonicity),MEV (functionality),MCN (complexity),Linear regression (p)
all,rl,0.28237,0.17832664,0.03817001,0.28237,4.321928,0.32255754
mit,all,0.25412,0.18022674,0.02801001,0.25412,4.321928,0.27183312
call4,rl,0.24953,0.121987835,0.050710008,0.24953,4.321928,0.35713047
mit,rl,0.22745,0.21451502,0.013750002,0.22745,4.321928,0.113732055
all,call4,0.22108,0.16504185,0.020899996,0.22108,4.321928,0.2367238
mit,call4,0.20841,0.20047018,0.031949997,0.20841,4.321928,0.089105666
