X var,Y var,MIC (strength),MIC-p^2 (nonlinearity),MAS (non-monotonicity),MEV (functionality),MCN (complexity),Linear regression (p)
call4,rl,0.2999,0.25937453,0.066709995,0.27177,4.321928,0.20130937
all,call4,0.29362,0.22019812,0.068320006,0.27242,4.321928,0.2709647
mit,rl,0.28635,0.28490624,0.07404001,0.25767,4.321928,0.037996873
mit,all,0.2372,0.23708269,0.023249999,0.21739,4.321928,0.010831346
all,rl,0.23546,0.22781211,0.04749,0.21159,4.321928,0.08745216
mit,call4,0.21589,0.20680366,0.042830005,0.19989,4.321928,0.09532228
