X var,Y var,MIC (strength),MIC-p^2 (nonlinearity),MAS (non-monotonicity),MEV (functionality),MCN (complexity),Linear regression (p)
call4,rl,0.36325,0.16820398,0.04271999,0.33809,4.0,0.44164014
mit,all,0.3387,0.24670519,0.09307,0.3045,4.0,0.30330646
mit,call4,0.31279,0.2576346,0.08608,0.28353,4.0,0.23485188
mit,rl,0.2787,0.20077163,0.018669993,0.24711,4.0,0.27915654
all,call4,0.26216,0.1807312,0.046849996,0.24163,4.0,0.28535733
all,rl,0.24285,0.19515389,0.016549997,0.21929,4.0,0.2183944
