X var,Y var,MIC (strength),MIC-p^2 (nonlinearity),MAS (non-monotonicity),MEV (functionality),MCN (complexity),Linear regression (p)
call4,rl,0.25345,0.080018565,0.03159,0.2403,4.807355,0.416451
all,rl,0.21867,0.16675493,0.0335,0.20603,4.807355,0.22784877
mit,call4,0.21501,0.15670493,0.026440002,0.20187,4.807355,0.24146444
all,call4,0.21003,0.18025103,0.02188,0.19806,4.807355,0.17256586
mit,all,0.19333,0.1707707,0.03414,0.18141,4.807355,0.15019752
mit,rl,0.19037,0.16118303,0.02663,0.17753,4.807355,0.17084192
