X var,Y var,MIC (strength),MIC-p^2 (nonlinearity),MAS (non-monotonicity),MEV (functionality),MCN (complexity),Linear regression (p)
all,rl,0.54169,-0.20770639,0.04742998,0.54169,3.807355,0.8656768
mit,call4,0.23408,0.23250242,0.16589999,0.21899,4.321928,-0.039718855
mit,all,0.19956,0.18231386,0.02618,0.17633,4.321928,0.13132457
call4,rl,0.19557,-0.35258073,0.11691001,0.17408,4.321928,0.740372
mit,rl,0.19235,0.19131151,0.05122,0.17335,4.321928,-0.03222565
all,call4,0.16555,-0.30018663,0.09227999,0.1472,4.321928,0.682449
