X var,Y var,MIC (strength),MIC-p^2 (nonlinearity),MAS (non-monotonicity),MEV (functionality),MCN (complexity),Linear regression (p)
all,rl,0.42346,0.1510165,0.121769994,0.42346,4.321928,0.5219612
mit,rl,0.27893,0.21731083,0.085960016,0.27893,4.321928,-0.2482321
call4,rl,0.26173,0.08595419,0.02895999,0.26173,4.321928,0.41925624
mit,call4,0.23238,0.0992174,0.055549994,0.23238,4.321928,-0.3649145
mit,all,0.21399,0.2095951,0.06734,0.21399,4.321928,0.06629405
all,call4,0.19421,0.1832826,0.10344999,0.19421,4.321928,0.104534164
