X var,Y var,MIC (strength),MIC-p^2 (nonlinearity),MAS (non-monotonicity),MEV (functionality),MCN (complexity),Linear regression (p)
call4,rl,0.3217,0.22553791,0.030959994,0.30365,4.4594316,0.31010014
mit,rl,0.30814,0.22212508,0.07922001,0.28823,4.4594316,0.29328302
all,rl,0.24724,0.22321163,0.019189999,0.23092,4.4594316,0.15501088
mit,all,0.24317,0.2214382,0.03554,0.2284,4.4594316,0.14741707
mit,call4,0.24265,0.23083192,0.011249997,0.21957,4.4594316,0.10871101
all,call4,0.20959,0.20273176,0.02914001,0.19361,4.4594316,0.08281453
