X var,Y var,MIC (strength),MIC-p^2 (nonlinearity),MAS (non-monotonicity),MEV (functionality),MCN (complexity),Linear regression (p)
all,rl,0.30013,0.05183649,0.10056001,0.26207,4.321928,0.4982906
call4,rl,0.25986,-0.15802649,0.029349998,0.24631,4.321928,0.6464414
mit,rl,0.24925,-0.077338964,0.041649997,0.23836,4.321928,0.5714796
mit,call4,0.22359,-0.029488817,0.030220002,0.20311,4.321928,0.5030694
all,call4,0.21968,0.050364494,0.019620001,0.20128,4.321928,0.41147965
mit,all,0.19835,-0.096628085,0.01585,0.1834,4.321928,0.54311883
