X var,Y var,MIC (strength),MIC-p^2 (nonlinearity),MAS (non-monotonicity),MEV (functionality),MCN (complexity),Linear regression (p)
all,rl,0.2421,-0.33134294,0.057799995,0.23302,4.807355,0.75726014
mit,all,0.20137,0.19670804,0.044730008,0.19042,4.807355,-0.068278596
mit,rl,0.1676,0.16534078,0.056920007,0.15636,4.807355,-0.0475313
mit,call4,0.13585,0.13272855,0.11864,0.13585,4.4594316,0.055869956
all,call4,0.11777,0.09699265,0.06373,0.11777,4.321928,0.14414352
call4,rl,0.05404,0.049811333,0.012910001,0.05404,2.5849626,0.06502821
