X var,Y var,MIC (strength),MIC-p^2 (nonlinearity),MAS (non-monotonicity),MEV (functionality),MCN (complexity),Linear regression (p)
all,rl,0.38403,0.020032972,0.09185001,0.38403,4.169925,0.6033217
call4,rl,0.24278,-0.012410402,0.019590005,0.24278,4.169925,0.5051637
mit,rl,0.22018,0.099125475,0.096260004,0.22018,4.321928,-0.3479289
mit,call4,0.1707,0.0047817826,0.025190003,0.1707,4.169925,-0.4073306
mit,all,0.16567,0.14315113,0.049640007,0.16567,4.321928,-0.15006283
all,call4,0.1284,0.070478335,0.030469999,0.1284,4.169925,0.24066919
