X var,Y var,MIC (strength),MIC-p^2 (nonlinearity),MAS (non-monotonicity),MEV (functionality),MCN (complexity),Linear regression (p)
call4,rl,0.24288,0.005980745,0.030809999,0.22236,4.321928,0.48672298
mit,all,0.24132,0.08573671,0.047010005,0.22209,4.321928,0.39444047
mit,rl,0.23161,0.12507656,0.05551,0.214,4.321928,0.3263946
mit,call4,0.23154,0.16611981,0.040369987,0.20512,4.321928,0.2557737
all,rl,0.2199,0.11501271,0.03423,0.20191,4.321928,0.32386306
all,call4,0.21951,0.13403945,0.051689997,0.19188,4.321928,0.29235348
