X var,Y var,MIC (strength),MIC-p^2 (nonlinearity),MAS (non-monotonicity),MEV (functionality),MCN (complexity),Linear regression (p)
call4,rl,0.27202,0.22725615,0.020949997,0.25628,4.4594316,0.21157473
all,rl,0.25021,0.2344061,0.043139994,0.23273,4.4594316,0.12571354
mit,rl,0.24741,0.13161011,0.01794,0.22957,4.4594316,0.34029382
all,call4,0.21538,0.20616637,0.02329,0.19765,4.4594316,0.09598761
mit,call4,0.19979,0.17834584,0.035220005,0.18293,4.4594316,0.14643823
mit,all,0.19115,0.18848532,0.018719994,0.1748,4.4594316,0.05162051
