X var,Y var,MIC (strength),MIC-p^2 (nonlinearity),MAS (non-monotonicity),MEV (functionality),MCN (complexity),Linear regression (p)
all,rl,0.36534,0.10686764,0.08596,0.34961,4.807355,0.50840175
all,call4,0.28767,0.2201797,0.15081999,0.27262,4.807355,0.2597889
call4,rl,0.26341,0.1019385,0.114690006,0.25606,4.807355,0.40183517
mit,call4,0.2355,0.21017666,0.15673,0.22353,4.807355,-0.15913305
mit,all,0.19979,0.19687481,0.022299998,0.18885,4.807355,0.053992454
mit,rl,0.18985,0.17383543,0.034659997,0.18009,4.807355,-0.12654874
