X var,Y var,MIC (strength),MIC-p^2 (nonlinearity),MAS (non-monotonicity),MEV (functionality),MCN (complexity),Linear regression (p)
all,rl,0.38407,0.19252153,0.03257999,0.37079,4.321928,0.4376625
mit,call4,0.2399,0.23037554,0.17537,0.22305,4.321928,0.09759326
mit,all,0.22351,0.18711424,0.03650999,0.19768,4.321928,-0.1907767
mit,rl,0.2228,0.22189772,0.022400007,0.20322,4.321928,-0.030037917
all,call4,0.21095,0.20668109,0.16355,0.20043,4.321928,-0.06533698
call4,rl,0.21007,0.20210735,0.12258,0.18649,4.321928,0.08923368
