X var,Y var,MIC (strength),MIC-p^2 (nonlinearity),MAS (non-monotonicity),MEV (functionality),MCN (complexity),Linear regression (p)
all,rl,0.61341,0.09111446,0.066379964,0.61341,4.321928,0.7227002
call4,rl,0.32922,0.2786927,0.23602,0.32922,4.321928,-0.22478281
mit,call4,0.29992,0.14885664,0.0923,0.29992,4.321928,-0.3886687
mit,all,0.24791,0.24783415,0.03898,0.24791,4.321928,0.008708747
mit,rl,0.2385,0.21457969,0.056859992,0.2385,4.321928,0.15466194
all,call4,0.17764,0.15980938,0.06729001,0.17764,4.321928,-0.13353138
