X var,Y var,MIC (strength),MIC-p^2 (nonlinearity),MAS (non-monotonicity),MEV (functionality),MCN (complexity),Linear regression (p)
call4,rl,0.29255,0.092023045,0.02804999,0.28224,4.9068904,0.44780236
mit,all,0.23278,0.17257851,0.043459997,0.21896,4.9068904,0.2453599
mit,call4,0.20365,0.17241934,0.01923,0.19247,4.9068904,0.17672198
all,call4,0.19667,0.18508214,0.02865,0.18624,4.9068904,0.10764692
mit,rl,0.18637,0.17363083,0.033930004,0.17671,4.9068904,0.11286791
all,rl,0.16435,0.14188923,0.01142,0.15655,4.9068904,0.14986919
