X var,Y var,MIC (strength),MIC-p^2 (nonlinearity),MAS (non-monotonicity),MEV (functionality),MCN (complexity),Linear regression (p)
call4,rl,0.2313,0.13541585,0.02267,0.2193,4.9068904,0.30965164
all,rl,0.19465,0.18911766,0.027319998,0.18117,4.9068904,0.07437965
all,call4,0.17878,0.17824551,0.031850003,0.1699,4.9068904,0.023118882
mit,call4,0.17177,0.1521798,0.011319995,0.16073,4.9068904,0.13996497
mit,rl,0.16279,0.15991007,0.019000001,0.15446,4.9068904,0.05366503
mit,all,0.15627,0.15504703,0.008890003,0.14739,4.9068904,0.034970928
