X var,Y var,MIC (strength),MIC-p^2 (nonlinearity),MAS (non-monotonicity),MEV (functionality),MCN (complexity),Linear regression (p)
mit,call4,0.3651,0.31920618,0.16373,0.33501,3.5849626,0.21422844
all,call4,0.30576,0.26376584,0.08567999,0.24892,3.5849626,0.20492478
all,rl,0.28689,0.20073229,0.079280004,0.24777,3.5849626,0.29352635
call4,rl,0.28655,0.28574756,0.050249994,0.23418,3.5849626,0.028327163
mit,rl,0.25687,0.24256572,0.02798,0.21377,3.5849626,0.1196005
mit,all,0.25587,0.22086704,0.03812,0.20677,3.5849626,0.18709081
