X var,Y var,MIC (strength),MIC-p^2 (nonlinearity),MAS (non-monotonicity),MEV (functionality),MCN (complexity),Linear regression (p)
mit,all,0.35193,-0.069812894,0.14196,0.30037,3.5849626,0.64941734
mit,rl,0.26764,0.2675022,0.09058,0.23215,3.5849626,0.011739151
all,rl,0.19097,0.19088376,0.11727,0.19097,3.321928,-0.009287137
mit,call4,0.18717,0.16543919,0.11143,0.18717,3.321928,-0.14741372
call4,rl,0.02459,0.0054053217,0.0,0.02459,2.0,0.13850877
all,call4,0.00787,0.006018748,0.0,0.00787,2.0,-0.043026175
