X var,Y var,MIC (strength),MIC-p^2 (nonlinearity),MAS (non-monotonicity),MEV (functionality),MCN (complexity),Linear regression (p)
mit,rl,0.40832,0.37317577,0.108500004,0.40832,4.0,0.18746796
all,rl,0.39891,2.5230646E-4,0.07369998,0.39891,4.0,0.63139343
mit,all,0.24892,0.24636379,0.015310004,0.24892,4.0,0.050558873
mit,call4,0.06905,0.065699786,0.05514,0.06905,2.5849626,0.057881046
all,call4,0.05252,0.048409373,0.033529997,0.05252,2.5849626,0.06411418
call4,rl,0.04628,0.045374896,0.03746,0.04628,2.5849626,-0.030084923
