X var,Y var,MIC (strength),MIC-p^2 (nonlinearity),MAS (non-monotonicity),MEV (functionality),MCN (complexity),Linear regression (p)
call4,rl,0.21282,0.20822869,0.09250999,0.19598,3.5849626,-0.06775919
mit,all,0.16025,0.14051129,0.011569992,0.14252,3.5849626,0.1404945
mit,rl,0.13608,0.13607797,0.03395,0.12498,3.5849626,-0.0014217187
all,call4,0.12846,0.11461975,0.04737,0.11892,3.5849626,0.11764464
mit,call4,0.11072,0.110433415,0.034280002,0.09131,3.5849626,-0.016928853
all,rl,0.07696,0.07627354,0.03342,0.07535,3.5849626,-0.02620043
