X var,Y var,MIC (strength),MIC-p^2 (nonlinearity),MAS (non-monotonicity),MEV (functionality),MCN (complexity),Linear regression (p)
all,rl,0.69545,-0.022847712,0.097659975,0.68554,4.9068904,0.84752446
mit,rl,0.33715,0.23667857,0.056840003,0.32705,4.9068904,0.3169723
mit,all,0.32949,0.19839711,0.033899993,0.32121,4.9068904,0.36206752
mit,call4,0.29241,0.17076291,0.01778999,0.28017,4.9068904,0.3487794
all,call4,0.28705,0.19715017,0.044070005,0.27592,4.9068904,0.299833
call4,rl,0.24951,0.18662006,0.017619997,0.23898,4.9068904,0.2507787
