X var,Y var,MIC (strength),MIC-p^2 (nonlinearity),MAS (non-monotonicity),MEV (functionality),MCN (complexity),Linear regression (p)
mit,call4,0.08567,0.08011425,0.030790001,0.08567,3.321928,0.0745369
call4,rl,0.07732,0.07573766,0.042910002,0.06605,3.5849626,0.039778657
all,call4,0.07052,0.016016673,0.02502,0.07052,3.0,0.23345947
mit,rl,0.07041,0.07005555,0.023990002,0.05914,3.5849626,-0.018826844
mit,all,0.04961,0.03532733,0.02097,0.04578,3.5849626,0.11951012
all,rl,0.02976,0.029147914,0.00691,0.02951,3.5849626,-0.024740363
