X var,Y var,MIC (strength),MIC-p^2 (nonlinearity),MAS (non-monotonicity),MEV (functionality),MCN (complexity),Linear regression (p)
call4,rl,0.32373,0.17346606,0.05493,0.31298,4.9068904,0.38763893
mit,call4,0.22901,0.20280455,0.03757,0.21543,4.9068904,0.16188097
all,rl,0.21882,0.2112688,0.027150005,0.20851,4.9068904,0.0868977
mit,all,0.20847,0.16345178,0.018179998,0.19828,4.9068904,0.21217498
all,call4,0.20137,0.20112044,0.03486,0.18949,4.9068904,0.015797703
mit,rl,0.18463,0.17523608,0.01918,0.17077,4.9068904,0.09692232
