X var,Y var,MIC (strength),MIC-p^2 (nonlinearity),MAS (non-monotonicity),MEV (functionality),MCN (complexity),Linear regression (p)
mit,rl,0.31233,0.27512723,0.04771,0.28277,3.5849626,0.19288024
all,rl,0.28264,0.2611102,0.019899994,0.24711,3.5849626,0.14673044
mit,call4,0.28235,0.18238261,0.027510002,0.22639,3.5849626,0.3161762
mit,all,0.25969,0.21196984,0.037229985,0.22579,3.5849626,0.21844943
call4,rl,0.22797,0.22133213,0.052290007,0.19537,3.5849626,0.08147312
all,call4,0.20134,0.19957383,0.032010004,0.17428,3.5849626,0.04202588
