X var,Y var,MIC (strength),MIC-p^2 (nonlinearity),MAS (non-monotonicity),MEV (functionality),MCN (complexity),Linear regression (p)
call4,rl,0.3831,0.24026336,0.11427,0.34409,3.5849626,0.37793735
mit,all,0.36449,0.3299827,0.07719001,0.32299,3.5849626,0.18576142
all,call4,0.3188,0.29898778,0.06332001,0.25749,3.5849626,0.14075589
all,rl,0.3097,0.12738281,0.07178001,0.25225,3.5849626,0.4269862
mit,call4,0.27815,0.104518816,0.08917999,0.22916,3.5849626,0.41669074
mit,rl,0.25319,0.2363229,0.068260014,0.22329,3.5849626,0.12987347
