X var,Y var,MIC (strength),MIC-p^2 (nonlinearity),MAS (non-monotonicity),MEV (functionality),MCN (complexity),Linear regression (p)
call4,rl,0.32453,0.20988879,0.060859993,0.30051,3.5849626,0.3385871
all,call4,0.30372,0.29245523,0.12937,0.26013,3.5849626,0.106135674
mit,rl,0.29605,0.2885411,0.11308001,0.25368,3.5849626,0.08665388
all,rl,0.2828,0.17989317,0.070250005,0.24967,3.5849626,0.32079095
mit,all,0.27613,0.23746757,0.065929994,0.22461,3.5849626,0.19662762
mit,call4,0.19897,0.057582557,0.0124699995,0.16136,3.5849626,0.37601522
