X var,Y var,MIC (strength),MIC-p^2 (nonlinearity),MAS (non-monotonicity),MEV (functionality),MCN (complexity),Linear regression (p)
mit,all,0.21793,0.21779326,0.1057,0.21793,4.0,-0.011693784
call4,rl,0.20744,0.16804926,0.0529,0.20744,4.0,0.19847101
mit,rl,0.20233,0.1586433,0.04859999,0.20233,4.0,0.20901363
all,rl,0.18238,0.15463892,0.06477,0.18238,4.0,0.16655658
mit,call4,0.16014,0.12420103,0.034490004,0.16014,4.0,0.18957575
all,call4,0.14605,0.14505826,0.024749994,0.14605,4.0,0.031492032
