X var,Y var,MIC (strength),MIC-p^2 (nonlinearity),MAS (non-monotonicity),MEV (functionality),MCN (complexity),Linear regression (p)
all,rl,0.41515,-0.49480748,0.03498,0.4043,4.9068904,0.9539169
mit,call4,0.24569,0.24494365,0.041480005,0.23475,4.9068904,-0.027319413
all,call4,0.20762,0.20761763,0.056999996,0.1983,4.9068904,-0.0015408099
mit,all,0.1971,0.19546972,0.027889997,0.1818,4.9068904,-0.04037676
mit,rl,0.16715,0.16683753,0.03655999,0.15988,4.9068904,-0.017677078
call4,rl,0.15646,0.1563784,0.016929999,0.14746,4.9068904,-0.009032926
