X var,Y var,MIC (strength),MIC-p^2 (nonlinearity),MAS (non-monotonicity),MEV (functionality),MCN (complexity),Linear regression (p)
all,rl,0.51647,-0.013099015,0.06318998,0.50726,4.9068904,0.72771496
mit,all,0.20745,0.20578773,0.017269999,0.19564,4.9068904,-0.040770944
mit,rl,0.19378,0.18021795,0.010810003,0.1853,4.9068904,-0.11645623
call4,rl,0.19096,0.18973999,0.042270005,0.17903,4.9068904,0.034928776
mit,call4,0.19029,0.15382034,0.013549998,0.17995,4.9068904,-0.19097032
all,call4,0.18984,0.1861837,0.03001,0.18036,4.9068904,0.060467362
