X var,Y var,MIC (strength),MIC-p^2 (nonlinearity),MAS (non-monotonicity),MEV (functionality),MCN (complexity),Linear regression (p)
mit,call4,0.11891,0.10010901,0.049709998,0.11443,3.5849626,0.13711669
all,call4,0.10234,0.1022917,0.03274,0.10025,3.5849626,-0.0069496734
mit,all,0.09767,0.095769994,0.029369999,0.09341,3.5849626,0.043588985
call4,rl,0.09175,0.08193196,0.051620003,0.09175,3.0,-0.09908604
mit,rl,0.07411,0.07392802,0.024920002,0.06308,3.5849626,-0.013490135
all,rl,0.01968,0.00609045,0.0,0.01968,2.0,-0.11657423
