X var,Y var,MIC (strength),MIC-p^2 (nonlinearity),MAS (non-monotonicity),MEV (functionality),MCN (complexity),Linear regression (p)
call4,rl,0.28023,0.21226929,0.031469986,0.27922,3.5849626,0.26069272
all,rl,0.26734,-0.05179259,0.06986001,0.22622,3.5849626,0.5649182
mit,rl,0.16264,0.15902737,0.056440003,0.12678,3.5849626,-0.060105238
all,call4,0.15701,0.11524461,0.015630007,0.11653,3.5849626,0.20436582
mit,all,0.13097,0.1254544,0.0463,0.11914,3.5849626,-0.07426716
mit,call4,0.11654,0.09939331,0.028069995,0.09798,3.5849626,0.13094538
