X var,Y var,MIC (strength),MIC-p^2 (nonlinearity),MAS (non-monotonicity),MEV (functionality),MCN (complexity),Linear regression (p)
mit,call4,0.3695,0.1683406,0.05234,0.31501,3.5849626,0.448508
all,call4,0.32241,0.06837481,0.08726001,0.26933,3.5849626,0.504019
all,rl,0.29628,0.23626357,0.08937,0.23405,3.5849626,0.24498248
call4,rl,0.27727,0.22829641,0.053969994,0.24004,3.5849626,0.22129975
mit,all,0.25713,0.07615663,0.028930008,0.22559,3.5849626,0.42540964
mit,rl,0.2446,0.1651977,0.05668001,0.21758,3.5849626,0.28178412
