X var,Y var,MIC (strength),MIC-p^2 (nonlinearity),MAS (non-monotonicity),MEV (functionality),MCN (complexity),Linear regression (p)
call4,rl,0.3963,0.08873451,0.05099,0.32578,3.5849626,0.5545859
all,call4,0.32773,0.07244524,0.04343,0.26866,3.5849626,0.5052571
mit,all,0.32392,0.12351008,0.036,0.26371,3.5849626,0.44767168
all,rl,0.26803,0.051790655,0.044320002,0.23688,3.5849626,0.4650154
mit,rl,0.25167,0.14815079,0.040179998,0.20597,3.5849626,0.32174402
mit,call4,0.21064,0.09007341,0.032309994,0.17966,3.5849626,0.347227
