X var,Y var,MIC (strength),MIC-p^2 (nonlinearity),MAS (non-monotonicity),MEV (functionality),MCN (complexity),Linear regression (p)
all,rl,0.20432,0.18982843,0.118829995,0.20432,4.0,0.12038097
mit,all,0.1805,0.18022268,0.04652001,0.1805,4.0,-0.01665326
all,call4,0.17457,0.17268799,0.03633,0.17457,4.0,0.04338202
call4,rl,0.16459,0.14376459,0.06327,0.16459,4.0,0.14431016
mit,rl,0.14522,0.11134706,0.044939995,0.14522,4.0,0.18404603
mit,call4,0.13615,0.12728688,0.013269998,0.13615,4.0,0.09414411
