X var,Y var,MIC (strength),MIC-p^2 (nonlinearity),MAS (non-monotonicity),MEV (functionality),MCN (complexity),Linear regression (p)
call4,rl,0.30644,0.11660324,0.047039986,0.2952,4.9068904,0.4357026
mit,rl,0.22424,0.20928146,0.044400007,0.21276,4.9068904,0.12230515
all,rl,0.19754,0.16021842,0.023230001,0.18613,4.9068904,0.19318797
mit,all,0.19407,0.13114595,0.03464,0.18293,4.9068904,0.25084665
mit,call4,0.17809,0.1399633,0.01971,0.16785,4.9068904,0.19526061
all,call4,0.17769,0.16482225,0.015139997,0.16842,4.9068904,0.11343608
