X var,Y var,MIC (strength),MIC-p^2 (nonlinearity),MAS (non-monotonicity),MEV (functionality),MCN (complexity),Linear regression (p)
call4,rl,0.29454,0.2463605,0.0063900054,0.29454,4.0,0.21949826
mit,call4,0.26192,0.20562087,0.014060006,0.26192,4.0,0.2372744
mit,rl,0.25693,0.19837219,0.05219,0.25693,4.0,0.24198721
mit,all,0.2397,0.20450933,0.054959998,0.2397,4.0,0.18759178
all,rl,0.22332,0.17515576,0.041590005,0.22332,4.0,0.21946356
all,call4,0.19369,0.19307739,0.009459995,0.19369,4.0,0.02475098
