X var,Y var,MIC (strength),MIC-p^2 (nonlinearity),MAS (non-monotonicity),MEV (functionality),MCN (complexity),Linear regression (p)
call4,rl,0.2768,0.19417226,0.09706001,0.2768,4.0,0.28745043
all,rl,0.22233,0.19088231,0.045970008,0.22233,4.0,0.17733498
mit,rl,0.22179,0.19155352,0.012220003,0.22179,4.0,0.1738864
mit,call4,0.21004,0.14308468,0.038619995,0.21004,4.0,0.2587573
mit,all,0.18562,0.18202156,0.011440001,0.18562,4.0,0.059986975
all,call4,0.14627,0.13543801,0.0079,0.14627,4.0,0.10407685
