X var,Y var,MIC (strength),MIC-p^2 (nonlinearity),MAS (non-monotonicity),MEV (functionality),MCN (complexity),Linear regression (p)
call4,rl,0.39851,0.21012487,0.062480003,0.35895,3.5849626,0.43403357
all,rl,0.35606,0.1862125,0.031639993,0.29134,3.5849626,0.4121256
all,call4,0.33672,0.24432895,0.067020014,0.28588,3.5849626,0.30395895
mit,rl,0.28522,0.28203368,0.10005,0.2216,3.5849626,0.056447446
mit,call4,0.28114,0.24008077,0.07215001,0.20681,3.5849626,0.20263077
mit,all,0.27994,0.21132708,0.033999994,0.23184,3.5849626,0.26194072
