X var,Y var,MIC (strength),MIC-p^2 (nonlinearity),MAS (non-monotonicity),MEV (functionality),MCN (complexity),Linear regression (p)
call4,rl,0.30502,0.20566732,0.059200004,0.30502,4.0,0.31520262
all,rl,0.30225,0.25199842,0.07545,0.30225,4.0,0.22416863
mit,rl,0.26521,0.18829818,0.030469999,0.26521,4.0,0.2773298
mit,call4,0.26416,0.20313893,0.051450014,0.26416,4.0,0.24702445
all,call4,0.24729,0.2435964,0.047179997,0.24729,4.0,0.060774896
mit,all,0.23462,0.18702495,0.07045999,0.23462,4.0,0.21816292
