X var,Y var,MIC (strength),MIC-p^2 (nonlinearity),MAS (non-monotonicity),MEV (functionality),MCN (complexity),Linear regression (p)
all,rl,0.56072,0.038594007,0.05228001,0.55231,4.9068904,0.7225829
mit,all,0.22492,0.17723566,0.027089998,0.21515,4.9068904,-0.21836746
all,call4,0.21459,0.2003077,0.01270999,0.20394,4.9068904,0.11950856
mit,rl,0.20982,0.16856644,0.029310003,0.20058,4.9068904,-0.20310976
call4,rl,0.19637,0.19549957,0.016049996,0.18638,4.9068904,0.029503088
mit,call4,0.17957,0.17227519,0.026950002,0.16837,4.9068904,-0.085409686
