X var,Y var,MIC (strength),MIC-p^2 (nonlinearity),MAS (non-monotonicity),MEV (functionality),MCN (complexity),Linear regression (p)
all,rl,0.60264,-0.0064139366,0.10215002,0.59206,4.9068904,0.78041905
all,call4,0.39429,0.3083266,0.07804999,0.38403,4.9068904,0.29319513
mit,call4,0.31623,0.23222825,0.030129999,0.30805,4.9068904,0.28983057
mit,all,0.31478,0.21865073,0.014860004,0.30586,4.9068904,0.3100472
call4,rl,0.3053,0.26186934,0.0952,0.29602,4.9068904,0.20840025
mit,rl,0.27446,0.18586823,0.038289994,0.26177,4.9068904,0.29764366
