X var,Y var,MIC (strength),MIC-p^2 (nonlinearity),MAS (non-monotonicity),MEV (functionality),MCN (complexity),Linear regression (p)
all,rl,0.45567,-0.022983372,0.030119985,0.44555,4.9068904,0.6918478
mit,rl,0.25933,0.21891984,0.031720005,0.24917,4.9068904,-0.20102279
mit,all,0.24397,0.22058094,0.021670014,0.23378,4.9068904,-0.15293486
all,call4,0.19529,0.19519863,0.015619993,0.18228,4.9068904,0.0095587885
mit,call4,0.18322,0.11418732,0.019570008,0.17236,4.9068904,-0.2627407
call4,rl,0.17529,0.1751069,0.02068,0.16477,4.9068904,0.013531379
