X var,Y var,MIC (strength),MIC-p^2 (nonlinearity),MAS (non-monotonicity),MEV (functionality),MCN (complexity),Linear regression (p)
mit,call4,0.23925,-0.0130243,0.039920002,0.22881,4.9068904,0.50226915
mit,all,0.22686,-0.21010672,0.03363,0.21738,4.9068904,0.6610346
call4,rl,0.21611,-0.042642668,0.017910004,0.20411,4.9068904,0.50867736
all,rl,0.2121,0.07862148,0.030980006,0.19688,4.9068904,0.36534712
mit,rl,0.19683,-0.0015009493,0.021730006,0.18378,4.9068904,0.44534364
all,call4,0.19576,-0.033070907,0.020070001,0.18135,4.9068904,0.47836274
