X var,Y var,MIC (strength),MIC-p^2 (nonlinearity),MAS (non-monotonicity),MEV (functionality),MCN (complexity),Linear regression (p)
call4,rl,0.33308,0.07623419,0.046299994,0.31372,3.5849626,0.5067996
mit,rl,0.24272,0.21546279,0.07823001,0.21648,3.5849626,0.16509756
mit,all,0.22021,0.1643561,0.045679994,0.17841,3.5849626,0.23633431
mit,call4,0.20055,0.15831389,0.043919995,0.17913,3.5849626,0.20551427
all,call4,0.1999,0.18805915,0.07345,0.16942,3.5849626,0.108815685
all,rl,0.16945,-0.06354174,0.044029996,0.16945,3.0,0.48269218
