X var,Y var,MIC (strength),MIC-p^2 (nonlinearity),MAS (non-monotonicity),MEV (functionality),MCN (complexity),Linear regression (p)
all,rl,0.40121,0.19419467,0.12200001,0.35086,3.5849626,0.45498937
all,call4,0.36198,0.2787953,0.13681999,0.29459,3.5849626,0.28841758
call4,rl,0.36051,0.14143096,0.10551998,0.32843,3.5849626,0.4680588
mit,rl,0.3404,0.3330462,0.073259994,0.28858,3.5849626,0.08575443
mit,call4,0.33375,0.25377724,0.057850003,0.24865,3.5849626,0.28279456
mit,all,0.3122,0.2502006,0.037619993,0.27022,3.5849626,0.24899681
