X var,Y var,MIC (strength),MIC-p^2 (nonlinearity),MAS (non-monotonicity),MEV (functionality),MCN (complexity),Linear regression (p)
all,rl,0.37196,0.3382564,0.11743,0.33681,3.5849626,0.18358545
mit,rl,0.26422,0.23288465,0.04501,0.22692,3.5849626,-0.17701796
mit,all,0.23467,0.23386343,0.06615001,0.209,3.5849626,0.02840009
