X var,Y var,MIC (strength),MIC-p^2 (nonlinearity),MAS (non-monotonicity),MEV (functionality),MCN (complexity),Linear regression (p)
mit,call4,0.31421,0.31336918,0.17947,0.25416,3.5849626,-0.028996734
all,rl,0.31111,0.27114403,0.03413999,0.27,3.5849626,0.19991484
all,call4,0.27925,0.09152751,0.12064999,0.22144,3.5849626,0.43326953
mit,all,0.25307,0.13176546,0.0598,0.2011,3.5849626,0.348288
mit,rl,0.2172,0.21555224,0.06543,0.16433,3.5849626,0.040592596
call4,rl,0.14852,0.14666466,0.10536999,0.11071,3.5849626,-0.043073572
