X var,Y var,MIC (strength),MIC-p^2 (nonlinearity),MAS (non-monotonicity),MEV (functionality),MCN (complexity),Linear regression (p)
call4,rl,0.3675,0.096815675,0.06255001,0.34322,3.5849626,0.5202733
all,call4,0.34003,0.22041634,0.056010008,0.29004,3.5849626,0.3458521
all,rl,0.29486,0.16252436,0.022610009,0.23792,3.5849626,0.36377966
mit,all,0.25246,0.20519072,0.02493,0.21145,3.5849626,0.217415
mit,call4,0.24835,0.2427608,0.015260011,0.20305,3.5849626,0.07476087
mit,rl,0.24394,0.2341904,0.03801,0.19608,3.5849626,0.09873999
