X var,Y var,MIC (strength),MIC-p^2 (nonlinearity),MAS (non-monotonicity),MEV (functionality),MCN (complexity),Linear regression (p)
all,rl,0.30162,0.2760782,0.054390013,0.30162,4.0,0.15981804
call4,rl,0.2756,0.16538076,0.06074,0.2756,4.0,0.3319928
mit,all,0.23614,0.19317742,0.046670005,0.23614,4.0,0.20727417
mit,call4,0.22954,0.14023893,0.0264,0.22954,4.0,0.29883286
all,call4,0.20506,0.13309476,0.03007,0.20506,4.0,0.2682634
mit,rl,0.20486,0.11842313,0.038279995,0.20486,4.0,0.2940015
