X var,Y var,MIC (strength),MIC-p^2 (nonlinearity),MAS (non-monotonicity),MEV (functionality),MCN (complexity),Linear regression (p)
all,rl,0.45625,0.4561553,0.16750002,0.41058,3.5849626,0.009731232
mit,all,0.39063,0.37408534,0.14245,0.34753,3.5849626,0.12862605
all,call4,0.36315,0.2538126,0.23093,0.31431,3.5849626,0.33066207
mit,rl,0.29662,0.29131025,0.12163,0.26468,3.5849626,-0.072868116
mit,call4,0.2854,0.18264258,0.08523001,0.25837,3.5849626,-0.32055798
call4,rl,0.17336,0.14111026,0.047440007,0.12301,3.5849626,-0.17958215
