X var,Y var,MIC (strength),MIC-p^2 (nonlinearity),MAS (non-monotonicity),MEV (functionality),MCN (complexity),Linear regression (p)
all,rl,0.43173,-0.04499954,0.050230026,0.43173,4.0,0.69045603
mit,rl,0.31214,0.222801,0.100289986,0.31214,4.0,-0.29889628
mit,all,0.27068,0.21688467,0.046650007,0.27068,4.0,-0.23193821
mit,call4,0.24572,0.15719917,0.17851001,0.24572,4.0,-0.2975245
call4,rl,0.22392,0.08211218,0.09961,0.22392,4.0,0.3765738
all,call4,0.19138,0.048577905,0.08952001,0.19138,3.321928,0.37789163
