X var,Y var,MIC (strength),MIC-p^2 (nonlinearity),MAS (non-monotonicity),MEV (functionality),MCN (complexity),Linear regression (p)
call4,rl,0.29901,0.107854515,0.050079986,0.27334,3.5849626,0.43721333
mit,call4,0.2547,0.22263668,0.0861,0.22633,3.5849626,0.17906235
all,rl,0.24678,-0.102041766,0.047550008,0.24007,3.5849626,0.59061134
all,call4,0.24004,0.19328552,0.026230007,0.18991,3.5849626,0.21622783
mit,all,0.19812,0.19724499,0.09744,0.17249,3.5849626,0.029580468
mit,rl,0.1668,0.16396514,0.027679995,0.1497,3.5849626,0.053243544
