X var,Y var,MIC (strength),MIC-p^2 (nonlinearity),MAS (non-monotonicity),MEV (functionality),MCN (complexity),Linear regression (p)
all,rl,0.29213,0.2822937,0.14657,0.261,3.5849626,0.099178
mit,rl,0.27904,0.27132145,0.08663,0.23702,3.5849626,0.0878553
mit,all,0.25812,0.23456085,0.064679995,0.21895,3.5849626,-0.15348992
mit,call4,0.25746,0.24944097,0.030750006,0.23391,3.5849626,0.08954908
call4,rl,0.21788,0.20692211,0.061509997,0.18096,3.5849626,0.1046799
all,call4,0.21611,0.18172064,0.020880006,0.17685,3.5849626,0.1854437
