X var,Y var,MIC (strength),MIC-p^2 (nonlinearity),MAS (non-monotonicity),MEV (functionality),MCN (complexity),Linear regression (p)
mit,call4,0.30278,0.25308505,0.07102001,0.30278,4.0,0.22292368
mit,all,0.29408,0.25624365,0.02482,0.29408,4.0,0.1945157
call4,rl,0.29381,0.23600908,0.08144002,0.29381,4.0,0.24041824
all,rl,0.26898,0.22068739,0.0803,0.26898,4.0,0.21975578
mit,rl,0.23551,0.18718512,0.029530004,0.23551,4.0,0.2198292
all,call4,0.23082,0.23056462,0.080019996,0.23082,4.0,0.015980469
