X var,Y var,MIC (strength),MIC-p^2 (nonlinearity),MAS (non-monotonicity),MEV (functionality),MCN (complexity),Linear regression (p)
mit,call4,0.32325,0.2913356,0.17676,0.29489,3.5849626,-0.17864594
all,rl,0.29607,0.2949559,0.06432001,0.25843,3.5849626,-0.033378094
mit,rl,0.26138,0.26123515,0.048719987,0.2194,3.5849626,-0.012035353
call4,rl,0.25315,0.25132945,0.17074999,0.19716,3.5849626,0.042667806
mit,all,0.23947,0.22136584,0.11036001,0.19224,3.5849626,-0.1345517
all,call4,0.09838,0.09821508,0.04887,0.0933,3.5849626,0.012842121
