X var,Y var,MIC (strength),MIC-p^2 (nonlinearity),MAS (non-monotonicity),MEV (functionality),MCN (complexity),Linear regression (p)
call4,rl,0.3285,0.11718792,0.036909997,0.31454,4.9068904,0.45968693
mit,call4,0.23024,0.19521207,0.08384,0.21952,4.9068904,0.18715751
mit,rl,0.20793,0.19269511,0.015259996,0.19744,4.9068904,0.123429656
all,rl,0.20352,0.16984116,0.018419996,0.19238,4.9068904,0.18351798
mit,all,0.19403,0.12939906,0.0147899985,0.18511,4.9068904,0.25422615
all,call4,0.19203,0.17665748,0.036709994,0.18117,4.9068904,0.123985946
