X var,Y var,MIC (strength),MIC-p^2 (nonlinearity),MAS (non-monotonicity),MEV (functionality),MCN (complexity),Linear regression (p)
call4,rl,0.30236,0.1420592,0.036640003,0.28922,4.9068904,0.4003758
mit,call4,0.22089,0.19066325,0.03288,0.20903,4.9068904,0.1738584
mit,rl,0.20767,0.1982364,0.03898999,0.19848,4.9068904,0.09712669
all,rl,0.20737,0.19264048,0.020960003,0.195,4.9068904,0.12136518
all,call4,0.20656,0.20455326,0.023900002,0.19646,4.9068904,0.044796664
mit,all,0.20191,0.15278864,0.014020011,0.19093,4.9068904,0.22163339
