X var,Y var,MIC (strength),MIC-p^2 (nonlinearity),MAS (non-monotonicity),MEV (functionality),MCN (complexity),Linear regression (p)
call4,rl,0.39684,0.21032614,0.14896001,0.32876,3.5849626,0.43187252
mit,call4,0.31106,0.27031147,0.12317002,0.26294,3.5849626,0.2018627
all,call4,0.30152,0.19379643,0.05224,0.25987,3.5849626,0.32821268
mit,all,0.29706,0.21485376,0.063289985,0.26928,3.5849626,0.2867163
all,rl,0.28789,0.123055756,0.08396998,0.25355,3.5849626,0.4059978
mit,rl,0.2856,0.28265008,0.030499995,0.23733,3.5849626,0.054313302
