X var,Y var,MIC (strength),MIC-p^2 (nonlinearity),MAS (non-monotonicity),MEV (functionality),MCN (complexity),Linear regression (p)
all,rl,0.45911,-0.12133011,0.07594001,0.44897,4.9068904,0.7618662
mit,call4,0.2577,0.25565475,0.03542,0.24702,4.9068904,-0.04522433
call4,rl,0.21707,0.216967,0.015749998,0.20541,4.9068904,-0.010149036
mit,all,0.21366,0.20770022,0.041690007,0.20216,4.9068904,-0.07719956
all,call4,0.18248,0.18204334,0.007920001,0.17207,4.9068904,0.020896364
mit,rl,0.16937,0.16855776,0.021449998,0.16125,4.9068904,-0.028499736
