X var,Y var,MIC (strength),MIC-p^2 (nonlinearity),MAS (non-monotonicity),MEV (functionality),MCN (complexity),Linear regression (p)
call4,rl,0.48005,0.27823228,0.116129994,0.39539,3.5849626,0.44924125
mit,all,0.27376,0.21464917,0.06743999,0.21779,3.5849626,0.24312718
mit,call4,0.26778,0.18640928,0.058300003,0.22392,3.5849626,0.28525555
all,rl,0.25832,0.047887757,0.036160007,0.22151,3.5849626,0.45872894
all,call4,0.25645,0.17017174,0.06986,0.21685,3.5849626,0.2937316
mit,rl,0.22382,0.20932464,0.046660006,0.18444,3.5849626,0.12039669
