X var,Y var,MIC (strength),MIC-p^2 (nonlinearity),MAS (non-monotonicity),MEV (functionality),MCN (complexity),Linear regression (p)
call4,rl,0.23046,0.094001114,0.011690006,0.21897,4.9068904,0.36940342
mit,rl,0.21733,0.20472887,0.06126,0.20472,4.9068904,0.1122547
all,rl,0.21507,0.15211076,0.029779997,0.20619,4.9068904,0.25091678
all,call4,0.20659,0.18650849,0.04523,0.19329,4.9068904,0.14170921
mit,call4,0.19694,0.15861042,0.03916,0.18671,4.9068904,0.19577943
mit,all,0.1724,0.13483125,0.025010005,0.16193,4.9068904,0.19382659
