X var,Y var,MIC (strength),MIC-p^2 (nonlinearity),MAS (non-monotonicity),MEV (functionality),MCN (complexity),Linear regression (p)
mit,all,0.39539,0.3806671,0.056689993,0.33482,3.5849626,0.12133796
mit,call4,0.29507,0.26128176,0.05660002,0.26704,3.5849626,0.18381579
all,call4,0.2696,0.23171008,0.037760004,0.20471,3.5849626,0.19465335
mit,rl,0.26617,0.2167988,0.018979996,0.23467,3.5849626,0.2221963
call4,rl,0.26078,0.25595024,0.11395999,0.22602,3.5849626,0.06949646
all,rl,0.23665,0.22271046,0.05566001,0.19832,3.5849626,0.11806587
