X var,Y var,MIC (strength),MIC-p^2 (nonlinearity),MAS (non-monotonicity),MEV (functionality),MCN (complexity),Linear regression (p)
mit,rl,0.36511,0.21766105,0.12663001,0.30512,3.5849626,0.38399082
call4,rl,0.3266,0.14859474,0.06658,0.27045,3.5849626,0.42190668
all,call4,0.31717,0.09541796,0.12223999,0.2662,3.5849626,0.47090554
mit,call4,0.30287,-0.055541486,0.06657,0.25454,3.5849626,0.5986748
mit,all,0.27449,0.03327182,0.02606,0.22714,3.5849626,0.49113968
all,rl,0.20713,0.053000674,0.023829997,0.16434,3.5849626,0.3925931
