X var,Y var,MIC (strength),MIC-p^2 (nonlinearity),MAS (non-monotonicity),MEV (functionality),MCN (complexity),Linear regression (p)
all,rl,0.30357,-0.22368446,0.07818,0.30357,4.0,0.7261229
all,call4,0.28043,-0.06738639,0.12238999,0.28043,4.0,0.5897596
mit,all,0.26646,0.18649298,0.060709998,0.26646,4.0,-0.2827844
mit,call4,0.25806,0.16236433,0.14434001,0.25806,4.0,-0.30934718
call4,rl,0.2107,-0.036556005,0.10236,0.2107,4.0,0.49724844
mit,rl,0.19633,0.12397631,0.029,0.19633,4.0,-0.2689864
