X var,Y var,MIC (strength),MIC-p^2 (nonlinearity),MAS (non-monotonicity),MEV (functionality),MCN (complexity),Linear regression (p)
call4,rl,0.30766,0.24028096,0.018710017,0.30766,4.0,0.25957477
mit,call4,0.26234,0.2006018,0.049070016,0.26234,4.0,0.24847174
all,call4,0.24546,0.23862955,0.024320006,0.24546,4.0,0.08264656
mit,rl,0.24449,0.16981319,0.049429998,0.24449,4.0,0.27327058
all,rl,0.22691,0.18347546,0.04773,0.22691,4.0,0.20840955
mit,all,0.22044,0.18253237,0.02410999,0.22044,4.0,0.19469883
