X var,Y var,MIC (strength),MIC-p^2 (nonlinearity),MAS (non-monotonicity),MEV (functionality),MCN (complexity),Linear regression (p)
mit,rl,0.03809,0.038007222,0.021340001,0.03809,2.5849626,0.009098264
mit,call4,0.03592,0.024170808,0.008140001,0.03592,3.0,0.1083937
mit,all,0.03255,0.027828563,0.01776,0.03255,3.0,0.068712704
all,call4,0.02564,0.025467189,0.01182,0.02564,2.5849626,0.0131457625
all,rl,0.01968,0.0058271876,0.0,0.01968,2.0,-0.11769798
call4,rl,0.01532,9.415224E-4,0.00313,0.01532,2.5849626,-0.11991029
