X var,Y var,MIC (strength),MIC-p^2 (nonlinearity),MAS (non-monotonicity),MEV (functionality),MCN (complexity),Linear regression (p)
call4,rl,0.2897,-0.048250943,0.02880001,0.27884,4.9068904,0.5813355
mit,call4,0.20347,0.099295944,0.056260005,0.19369,4.9068904,0.32276008
mit,all,0.19037,0.041018203,0.013429999,0.18004,4.9068904,0.3864606
mit,rl,0.18043,0.09751934,0.01647,0.17,4.9068904,0.2879421
all,rl,0.17798,0.06399538,0.013910003,0.16739,4.9068904,0.3376161
all,call4,0.1628,0.0891349,0.008069992,0.15601,4.9068904,0.27141315
