X var,Y var,MIC (strength),MIC-p^2 (nonlinearity),MAS (non-monotonicity),MEV (functionality),MCN (complexity),Linear regression (p)
all,call4,0.31713,0.1323585,0.044619992,0.2775,3.5849626,0.42985055
mit,all,0.3058,0.2676117,0.063920006,0.24226,3.5849626,0.19541822
mit,call4,0.2954,0.26026228,0.06003,0.25582,3.5849626,0.18745059
all,rl,0.27324,0.26900753,0.0441,0.21817,3.5849626,0.065057345
call4,rl,0.24051,0.2392704,0.0282,0.20527,3.5849626,0.03520788
mit,rl,0.23858,0.20920363,0.047299996,0.18373,3.5849626,0.17139535
