X var,Y var,MIC (strength),MIC-p^2 (nonlinearity),MAS (non-monotonicity),MEV (functionality),MCN (complexity),Linear regression (p)
mit,rl,0.39382,0.39070004,0.15623999,0.33113,3.5849626,0.055856586
all,call4,0.39106,0.28951788,0.13775,0.30001,3.5849626,0.31865674
call4,rl,0.38868,0.16913125,0.12159002,0.29181,3.5849626,0.4685603
all,rl,0.3566,0.18955302,0.049500003,0.27868,3.5849626,0.4087138
mit,all,0.32425,0.24082454,0.063370004,0.28701,3.5849626,0.2888347
mit,call4,0.26855,0.2252269,0.10710001,0.23015,3.5849626,0.20814204
