X var,Y var,MIC (strength),MIC-p^2 (nonlinearity),MAS (non-monotonicity),MEV (functionality),MCN (complexity),Linear regression (p)
mit,all,0.35,0.32914817,0.033600003,0.30155,3.5849626,0.14440155
mit,call4,0.31281,0.27519146,0.11333001,0.28137,3.5849626,0.19395502
all,rl,0.26672,0.26042393,0.06397,0.21296,3.5849626,0.079347685
mit,rl,0.24857,0.20765251,0.07069999,0.1989,3.5849626,0.20228072
call4,rl,0.24659,0.23933819,0.039300002,0.21399,3.5849626,0.08515761
all,call4,0.23901,0.15037514,0.038200006,0.22538,3.5849626,0.29771608
