X var,Y var,MIC (strength),MIC-p^2 (nonlinearity),MAS (non-monotonicity),MEV (functionality),MCN (complexity),Linear regression (p)
mit,all,0.33659,0.2857238,0.06481001,0.29036,3.5849626,-0.22553535
all,rl,0.33015,0.3298571,0.16959001,0.2887,3.5849626,-0.017114539
mit,rl,0.25605,0.24819498,0.074939996,0.21115,3.5849626,0.088628516
