X var,Y var,MIC (strength),MIC-p^2 (nonlinearity),MAS (non-monotonicity),MEV (functionality),MCN (complexity),Linear regression (p)
mit,all,0.3578,0.28397363,0.11601001,0.30765,3.5849626,0.2717101
all,rl,0.33231,0.32021227,0.10596,0.27831,3.5849626,0.10998967
mit,call4,0.32812,0.2231889,0.047989994,0.30626,3.5849626,0.32393068
call4,rl,0.30324,0.288181,0.052740008,0.25472,3.5849626,0.12271514
all,call4,0.28549,0.11796652,0.042229995,0.25201,3.5849626,0.40929633
mit,rl,0.24267,0.21002027,0.017810002,0.19777,3.5849626,0.18069236
