X var,Y var,MIC (strength),MIC-p^2 (nonlinearity),MAS (non-monotonicity),MEV (functionality),MCN (complexity),Linear regression (p)
mit,call4,0.17009,0.16271263,0.06759,0.16046,3.5849626,-0.08589159
all,rl,0.1478,0.12272046,0.03221,0.14268,3.5849626,0.15836522
mit,rl,0.14386,0.14319831,0.018880002,0.13358,3.5849626,-0.025723146
all,call4,0.1198,0.045832902,0.012809999,0.11022,3.5849626,0.27196893
call4,rl,0.10022,0.09199291,0.043220002,0.08133,3.5849626,0.09070332
mit,all,0.07232,0.052344628,0.01492,0.07198,3.5849626,-0.14133425
