X var,Y var,MIC (strength),MIC-p^2 (nonlinearity),MAS (non-monotonicity),MEV (functionality),MCN (complexity),Linear regression (p)
all,rl,0.48936,0.33159262,0.11741999,0.4624,3.5849626,-0.39719942
mit,all,0.37221,0.3696192,0.16875,0.32895,3.5849626,0.05089983
all,call4,0.36632,0.31032735,0.22602001,0.34332,3.5849626,-0.23662768
mit,call4,0.33267,0.1953945,0.14259,0.30331,3.5849626,0.3705071
mit,rl,0.25907,0.2562563,0.100360006,0.2301,3.5849626,-0.053044338
call4,rl,0.12815,0.082130626,0.06223,0.12815,3.321928,0.21452126
