X var,Y var,MIC (strength),MIC-p^2 (nonlinearity),MAS (non-monotonicity),MEV (functionality),MCN (complexity),Linear regression (p)
call4,rl,0.21901,0.11675462,0.01811999,0.20777,4.9068904,0.31977394
mit,call4,0.20166,0.16681099,0.019090012,0.19065,4.9068904,0.18667893
all,rl,0.19485,0.14274013,0.018469997,0.18705,4.9068904,0.22827585
mit,rl,0.17941,0.16846193,0.0247,0.16991,4.9068904,0.104632996
mit,all,0.16352,0.12795182,0.012169998,0.15449,4.9068904,0.18859527
all,call4,0.15941,0.14317052,0.021220006,0.15098,4.9068904,0.1274342
