X var,Y var,MIC (strength),MIC-p^2 (nonlinearity),MAS (non-monotonicity),MEV (functionality),MCN (complexity),Linear regression (p)
mit,all,0.33128,0.18265149,0.17591,0.26608,3.5849626,0.38552368
mit,call4,0.21408,0.193573,0.10237001,0.16598,3.5849626,-0.1432027
all,rl,0.18868,0.18032081,0.056749992,0.16602,3.5849626,-0.09142855
mit,rl,0.18775,0.16630712,0.032470003,0.1708,3.5849626,0.14643386
all,call4,0.09955,0.09907804,0.017250001,0.08877,3.5849626,-0.021724757
call4,rl,0.09408,0.077386335,0.027960002,0.09408,3.321928,0.12920399
