X var,Y var,MIC (strength),MIC-p^2 (nonlinearity),MAS (non-monotonicity),MEV (functionality),MCN (complexity),Linear regression (p)
all,rl,0.28724,-0.13697842,0.03650999,0.28724,4.0,0.6513205
mit,rl,0.27045,0.17606217,0.04536,0.27045,4.0,-0.30722603
mit,all,0.24399,0.20187756,0.066489995,0.24399,4.0,-0.20521314
all,call4,0.06905,0.069029905,0.05343,0.06905,2.5849626,-0.0044828565
mit,call4,0.06905,0.06887076,0.060229998,0.06905,2.5849626,-0.013387958
call4,rl,0.03922,0.03829488,0.029760001,0.03922,2.5849626,-0.03041577
