X var,Y var,MIC (strength),MIC-p^2 (nonlinearity),MAS (non-monotonicity),MEV (functionality),MCN (complexity),Linear regression (p)
all,call4,0.42342,0.2660424,0.17765,0.3829,3.5849626,0.39670846
mit,call4,0.35322,0.2876477,0.10046998,0.29753,3.5849626,0.25607088
all,rl,0.33785,0.32606605,0.16981,0.27722,3.5849626,0.1085539
call4,rl,0.28562,0.2689889,0.053529993,0.24086,3.5849626,0.1289616
mit,all,0.25307,0.18662462,0.022469997,0.22545,3.5849626,0.25777003
mit,rl,0.23918,0.18872024,0.024670005,0.20424,3.5849626,0.2246325
