X var,Y var,MIC (strength),MIC-p^2 (nonlinearity),MAS (non-monotonicity),MEV (functionality),MCN (complexity),Linear regression (p)
call4,rl,0.272,0.13656081,0.02093,0.25781,4.9068904,0.36802065
mit,rl,0.20411,0.196199,0.050489992,0.19325,4.9068904,0.088943824
all,rl,0.20192,0.18016283,0.023550004,0.19175,4.9068904,0.14750311
mit,all,0.19414,0.1588614,0.04179,0.18277,4.9068904,0.18782598
mit,call4,0.19094,0.1586811,0.022540003,0.17898,4.9068904,0.17960761
all,call4,0.17366,0.17067264,0.009039998,0.1643,4.9068904,0.05465674
