X var,Y var,MIC (strength),MIC-p^2 (nonlinearity),MAS (non-monotonicity),MEV (functionality),MCN (complexity),Linear regression (p)
mit,call4,0.37385,0.26027077,0.17956999,0.30044,3.5849626,0.33701515
all,rl,0.29912,0.21423274,0.09242001,0.23895,3.5849626,0.2913542
mit,rl,0.24972,0.15498239,0.030259997,0.20094,3.5849626,0.30779478
mit,all,0.23303,0.14835775,0.056709997,0.19663,3.5849626,0.290985
call4,rl,0.23105,0.12730701,0.03814,0.1887,3.5849626,0.32209158
all,call4,0.21154,0.11490674,0.053460002,0.15812,3.5849626,0.3108589
