X var,Y var,MIC (strength),MIC-p^2 (nonlinearity),MAS (non-monotonicity),MEV (functionality),MCN (complexity),Linear regression (p)
call4,rl,0.22526,0.11273664,0.029749997,0.21448,4.9068904,0.33544502
mit,call4,0.22367,0.18883413,0.087400004,0.21191,4.9068904,0.18664369
mit,rl,0.22084,0.21059471,0.055250004,0.20838,4.9068904,0.10121901
all,rl,0.20573,0.16253638,0.02741,0.1958,4.9068904,0.20783076
all,call4,0.18244,0.17119303,0.011370003,0.17362,4.9068904,0.10605174
mit,all,0.17725,0.14297312,0.015880004,0.16639,4.9068904,0.18514016
