X var,Y var,MIC (strength),MIC-p^2 (nonlinearity),MAS (non-monotonicity),MEV (functionality),MCN (complexity),Linear regression (p)
mit,all,0.32871,0.30381927,0.091719985,0.28955,3.5849626,0.15776789
all,rl,0.25316,0.24995433,0.14337,0.25316,3.321928,-0.05661865
mit,call4,0.23122,0.22851281,0.11395001,0.19792,3.5849626,-0.052030787
mit,rl,0.20369,0.20368043,0.039010003,0.17512,3.5849626,0.003096519
all,call4,0.15325,0.14748006,0.052990004,0.15325,3.321928,0.0759601
call4,rl,0.09497,0.07599147,0.035790004,0.09497,3.0,-0.13776259
