X var,Y var,MIC (strength),MIC-p^2 (nonlinearity),MAS (non-monotonicity),MEV (functionality),MCN (complexity),Linear regression (p)
all,call4,0.27952,0.26766163,0.117970005,0.23777,3.5849626,0.1088962
mit,call4,0.26378,0.24417001,0.02854,0.21691,3.5849626,0.14003564
call4,rl,0.23945,0.23126858,0.058419988,0.19123,3.5849626,0.0904511
mit,rl,0.22911,0.17130527,0.035879992,0.2043,3.5849626,0.24042617
mit,all,0.22115,0.20220627,0.05518,0.21378,3.5849626,0.1376362
all,rl,0.20531,0.19725652,0.034920007,0.17688,3.5849626,0.089741156
