X var,Y var,MIC (strength),MIC-p^2 (nonlinearity),MAS (non-monotonicity),MEV (functionality),MCN (complexity),Linear regression (p)
call4,rl,0.25931,-0.32375985,0.016710013,0.25002,4.9068904,0.7635901
all,call4,0.21581,0.05389072,0.014739998,0.20344,4.9068904,0.40239194
mit,call4,0.20277,0.009946078,0.012470007,0.18947,4.9068904,0.4391172
mit,rl,0.20133,0.009886667,0.02369,0.18979,4.9068904,0.43754238
mit,all,0.19809,-0.02233854,0.01825,0.1874,4.9068904,0.4694982
all,rl,0.18277,0.0092576,0.031560004,0.17223,4.9068904,0.4165482
