X var,Y var,MIC (strength),MIC-p^2 (nonlinearity),MAS (non-monotonicity),MEV (functionality),MCN (complexity),Linear regression (p)
all,rl,0.40538,-0.060776174,0.035759985,0.3934,4.9068904,0.6827563
mit,call4,0.24014,0.23648869,0.04451,0.2312,4.9068904,-0.060426194
mit,all,0.21088,0.20390889,0.027920004,0.20036,4.9068904,-0.083493106
call4,rl,0.20142,0.20053542,0.0218,0.18974,4.9068904,0.02974178
mit,rl,0.19858,0.18283737,0.028889999,0.18788,4.9068904,-0.12546965
all,call4,0.19501,0.18765484,0.03678,0.18336,4.9068904,0.08576225
