X var,Y var,MIC (strength),MIC-p^2 (nonlinearity),MAS (non-monotonicity),MEV (functionality),MCN (complexity),Linear regression (p)
call4,rl,0.30415,0.17983186,0.06104,0.30415,4.0,0.35258776
mit,rl,0.24346,0.16930261,0.057019994,0.24346,4.0,0.27231854
all,rl,0.24338,0.19070897,0.021640003,0.24338,4.0,0.22950171
mit,call4,0.24046,0.16557042,0.06449999,0.24046,4.0,0.2736596
mit,all,0.23126,0.17681007,0.01349999,0.23126,4.0,0.23334509
all,call4,0.22437,0.218815,0.020669997,0.22437,4.0,0.0745319
