X var,Y var,MIC (strength),MIC-p^2 (nonlinearity),MAS (non-monotonicity),MEV (functionality),MCN (complexity),Linear regression (p)
call4,rl,0.37309,0.37231162,0.1847,0.32914,3.5849626,-0.027899405
mit,call4,0.31864,0.25761285,0.12728,0.27094,3.5849626,0.24703673
all,rl,0.27905,0.27875468,0.052070007,0.24031,3.5849626,-0.017184835
all,call4,0.2539,0.16475552,0.054279998,0.21214,3.5849626,0.2985707
mit,all,0.24623,0.1531145,0.0194,0.22306,3.5849626,0.30514833
mit,rl,0.19702,0.1892316,0.07224001,0.15368,3.5849626,0.08825183
