X var,Y var,MIC (strength),MIC-p^2 (nonlinearity),MAS (non-monotonicity),MEV (functionality),MCN (complexity),Linear regression (p)
call4,rl,0.28423,0.24146742,0.10309999,0.28423,4.0,0.20679113
all,rl,0.23813,0.18457955,0.08996,0.23813,4.0,0.2314097
mit,rl,0.22785,0.19875795,0.049059995,0.22785,4.0,0.17056394
mit,call4,0.21522,0.18548006,0.053760007,0.21522,4.0,0.17245272
all,call4,0.17647,0.17625476,0.03261,0.17647,4.0,0.014671029
mit,all,0.14407,0.136819,0.028689995,0.14407,4.0,0.08515276
