X var,Y var,MIC (strength),MIC-p^2 (nonlinearity),MAS (non-monotonicity),MEV (functionality),MCN (complexity),Linear regression (p)
mit,all,0.0992,0.09829967,0.06802,0.0992,3.321928,-0.030005552
mit,call4,0.09524,0.078566395,0.028559998,0.09366,3.5849626,0.1291263
mit,rl,0.0786,0.07820256,0.045009997,0.0786,3.0,-0.019935751
call4,rl,0.06954,0.063524604,0.04676,0.06954,3.0,-0.077559
all,call4,0.05112,0.02782261,0.0041199997,0.05112,3.0,0.15263483
all,rl,0.01968,0.007980354,0.0,0.01968,2.0,-0.10816491
