X var,Y var,MIC (strength),MIC-p^2 (nonlinearity),MAS (non-monotonicity),MEV (functionality),MCN (complexity),Linear regression (p)
call4,rl,0.29432,0.054364353,0.047769994,0.28444,4.9068904,0.48985267
mit,all,0.19336,0.1214604,0.02516,0.1851,4.9068904,0.268141
all,rl,0.1896,0.13608569,0.016670004,0.17951,4.9068904,0.23133163
mit,call4,0.18441,0.1425336,0.020449996,0.17404,4.9068904,0.20463724
all,call4,0.17697,0.15487877,0.015740007,0.16535,4.9068904,0.14863124
mit,rl,0.1727,0.1528529,0.014239997,0.16526,4.9068904,0.1408798
