X var,Y var,MIC (strength),MIC-p^2 (nonlinearity),MAS (non-monotonicity),MEV (functionality),MCN (complexity),Linear regression (p)
call4,rl,0.38655,0.0866043,0.06448001,0.3587,3.5849626,0.547673
mit,rl,0.34552,0.33355713,0.112220004,0.29396,3.5849626,0.1093749
all,rl,0.34305,0.17686492,0.058070004,0.27059,3.5849626,0.40765804
mit,all,0.322,0.29038388,0.06064999,0.2533,3.5849626,0.17780927
all,call4,0.31875,0.2038472,0.07296999,0.27047,3.5849626,0.33897313
mit,call4,0.27119,0.24109058,0.03005001,0.22858,3.5849626,0.17349179
