X var,Y var,MIC (strength),MIC-p^2 (nonlinearity),MAS (non-monotonicity),MEV (functionality),MCN (complexity),Linear regression (p)
call4,rl,0.26387,0.15111567,0.024189994,0.25387,4.9068904,0.3357891
mit,rl,0.23057,0.22571656,0.05595,0.21959,4.9068904,0.06966665
all,rl,0.20465,0.19376907,0.012110002,0.19264,4.9068904,0.10431169
mit,call4,0.19477,0.16974276,0.028899997,0.18311,4.9068904,0.15819997
all,call4,0.19246,0.19229656,0.047749996,0.18183,4.9068904,0.012784235
mit,all,0.17387,0.15826608,0.01681,0.16359,4.9068904,0.12491563
