X var,Y var,MIC (strength),MIC-p^2 (nonlinearity),MAS (non-monotonicity),MEV (functionality),MCN (complexity),Linear regression (p)
call4,rl,0.24609,-0.2573048,0.07247999,0.23374,4.9068904,0.7095032
mit,call4,0.21282,-0.10584313,0.050029993,0.20017,4.9068904,0.56450254
all,rl,0.20951,0.057331398,0.04249999,0.19943,4.9068904,0.39010075
mit,all,0.18858,-0.20341569,0.024939999,0.17795,4.9068904,0.6260956
mit,rl,0.18275,-0.08273192,0.006669998,0.17238,4.9068904,0.5152494
all,call4,0.1815,-0.09896748,0.02251,0.16999,4.9068904,0.5295918
