X var,Y var,MIC (strength),MIC-p^2 (nonlinearity),MAS (non-monotonicity),MEV (functionality),MCN (complexity),Linear regression (p)
all,rl,0.32369,-0.029774338,0.07275,0.32369,4.0,0.5945287
all,call4,0.25448,-0.014939338,0.11321001,0.25448,4.0,0.5190562
mit,all,0.24507,0.19437602,0.033239998,0.24507,4.0,-0.22515321
call4,rl,0.21131,0.17950116,0.1163,0.21131,4.0,0.17835031
mit,call4,0.18055,0.13472447,0.12269999,0.18055,4.0,-0.214069
mit,rl,0.17889,0.13348359,0.029070005,0.17889,4.0,-0.21308783
