X var,Y var,MIC (strength),MIC-p^2 (nonlinearity),MAS (non-monotonicity),MEV (functionality),MCN (complexity),Linear regression (p)
mit,rl,0.07798,0.030209683,0.036379997,0.07798,3.0,0.21856421
call4,rl,0.06558,0.05143173,0.022130001,0.06558,2.5849626,0.118946515
all,rl,0.01187,0.005423693,0.0,0.01187,2.0,-0.080288894
all,call4,0.00302,8.227343E-4,0.0,0.00302,2.0,-0.046875
mit,call4,0.00302,8.227343E-4,0.0,0.00302,2.0,-0.046875
mit,all,0.00302,8.227343E-4,0.0,0.00302,2.0,-0.046875
