X var,Y var,MIC (strength),MIC-p^2 (nonlinearity),MAS (non-monotonicity),MEV (functionality),MCN (complexity),Linear regression (p)
call4,rl,0.47982,0.17066598,0.16214001,0.46335,3.5849626,0.5560162
mit,all,0.24945,0.15918599,0.1399,0.23926,3.5849626,0.3004397
all,rl,0.18695,0.022990242,0.08664,0.1604,3.5849626,0.40491945
all,call4,0.17494,0.17438342,0.047810003,0.15127,3.5849626,-0.02359208
mit,call4,0.16861,0.07553589,0.02181001,0.13319,3.5849626,0.3050805
mit,rl,0.1467,0.11204811,0.02719,0.13159,3.5849626,0.18615016
