X var,Y var,MIC (strength),MIC-p^2 (nonlinearity),MAS (non-monotonicity),MEV (functionality),MCN (complexity),Linear regression (p)
call4,rl,0.25461,-0.16229922,0.06755,0.24179,4.9068904,0.6456851
mit,rl,0.22344,0.0949595,0.035840005,0.21016,4.9068904,0.35844177
mit,call4,0.2063,0.06808606,0.04401,0.19527,4.9068904,0.37177137
mit,all,0.19981,0.0055815578,0.034239992,0.18763,4.9068904,0.44071355
all,rl,0.18963,0.06523402,0.023340002,0.17869,4.9068904,0.35269815
all,call4,0.18247,0.07947129,0.018699996,0.17248,4.9068904,0.32093412
