X var,Y var,MIC (strength),MIC-p^2 (nonlinearity),MAS (non-monotonicity),MEV (functionality),MCN (complexity),Linear regression (p)
mit,all,0.48947,0.4739035,0.1873,0.43639,3.5849626,0.124765754
mit,call4,0.30922,0.27565196,0.07054998,0.25219,3.5849626,0.18321581
mit,rl,0.26726,0.21963522,0.04771,0.23784,3.5849626,0.21823101
call4,rl,0.26685,0.26398852,0.12798,0.23643,3.5849626,0.05349258
all,call4,0.25569,0.17689756,0.101459995,0.23879,3.5849626,0.28069994
all,rl,0.23038,0.22388127,0.044609994,0.20067,3.5849626,0.08061463
