X var,Y var,MIC (strength),MIC-p^2 (nonlinearity),MAS (non-monotonicity),MEV (functionality),MCN (complexity),Linear regression (p)
all,rl,0.35083,0.31081623,0.09535,0.30447,3.5849626,-0.2000344
mit,call4,0.34328,0.34109375,0.13895999,0.30771,3.5849626,-0.0467573
mit,all,0.34068,0.33826885,0.13124998,0.33879,3.5849626,0.04910361
all,call4,0.32692,-0.389437,0.11299001,0.32052,3.5849626,0.84637874
mit,rl,0.30659,0.30288643,0.15794002,0.27687,3.5849626,0.060856856
call4,rl,0.10867,0.080716826,0.047870003,0.10867,3.0,-0.16719204
