X var,Y var,MIC (strength),MIC-p^2 (nonlinearity),MAS (non-monotonicity),MEV (functionality),MCN (complexity),Linear regression (p)
call4,rl,0.28777,0.20430958,0.10209,0.24449,3.5849626,0.28889516
mit,call4,0.2659,0.09342696,0.07634999,0.23625,3.5849626,0.41529873
all,call4,0.26421,0.042287797,0.108449996,0.23627,3.5849626,0.47108617
mit,all,0.23705,0.09118235,0.07538,0.21888,3.5849626,0.38192624
mit,rl,0.17899,0.084992714,0.026889995,0.15286,3.5849626,0.30658978
all,rl,0.13567,0.092984855,0.03993,0.1116,3.5849626,0.20660384
