X var,Y var,MIC (strength),MIC-p^2 (nonlinearity),MAS (non-monotonicity),MEV (functionality),MCN (complexity),Linear regression (p)
all,rl,0.71841,0.22310716,0.05456996,0.71159,4.9068904,0.70377755
all,call4,0.38744,0.30913422,0.096870005,0.37815,4.9068904,0.2798317
call4,rl,0.26363,0.22906664,0.009490013,0.25501,4.9068904,0.18591222
mit,call4,0.22337,0.22146657,0.058060005,0.21091,4.9068904,-0.043628387
mit,all,0.20371,0.18428202,0.031500004,0.19293,4.9068904,0.13938428
mit,rl,0.19197,0.19133548,0.060349993,0.18381,4.9068904,-0.025189597
