X var,Y var,MIC (strength),MIC-p^2 (nonlinearity),MAS (non-monotonicity),MEV (functionality),MCN (complexity),Linear regression (p)
mit,call4,0.33053,0.27591142,0.10162999,0.28194,3.5849626,0.23370616
all,call4,0.27792,0.14024669,0.03750001,0.27792,3.0,0.37104356
call4,rl,0.27731,0.27068275,0.078779995,0.24437,3.5849626,-0.08140799
all,rl,0.26042,0.26011455,0.04782,0.21344,3.5849626,-0.017476577
mit,rl,0.24616,0.23926443,0.055030003,0.2079,3.5849626,0.08303954
mit,all,0.23166,0.12926055,0.02274999,0.20842,3.5849626,0.31999913
