X var,Y var,MIC (strength),MIC-p^2 (nonlinearity),MAS (non-monotonicity),MEV (functionality),MCN (complexity),Linear regression (p)
call4,rl,0.29915,0.1571496,0.04971999,0.28575,4.9068904,0.3768294
mit,call4,0.21302,0.18135253,0.015330002,0.20315,4.9068904,0.17795357
mit,all,0.20364,0.17018612,0.041700006,0.19119,4.9068904,0.18290402
all,rl,0.19864,0.1823875,0.01887,0.18681,4.9068904,0.12748529
all,call4,0.18575,0.18407613,0.023329988,0.17514,4.9068904,0.0409128
mit,rl,0.18108,0.17325911,0.03058,0.16871,4.9068904,0.08843578
