X var,Y var,MIC (strength),MIC-p^2 (nonlinearity),MAS (non-monotonicity),MEV (functionality),MCN (complexity),Linear regression (p)
mit,call4,0.35113,0.13517286,0.100030005,0.32438,3.5849626,0.4647119
mit,all,0.28379,0.12000278,0.03475,0.23467,3.5849626,0.40470633
call4,rl,0.26394,0.12468414,0.036280006,0.22478,3.5849626,0.37317002
all,rl,0.2634,0.06501365,0.064749986,0.20869,3.5849626,0.4454058
mit,rl,0.2374,0.1269609,0.07868,0.20491,3.5849626,0.3323238
all,call4,0.23569,0.06158355,0.034860007,0.19809,3.5849626,0.41726065
