X var,Y var,MIC (strength),MIC-p^2 (nonlinearity),MAS (non-monotonicity),MEV (functionality),MCN (complexity),Linear regression (p)
call4,rl,0.35736,0.13555236,0.061570004,0.31774,3.5849626,0.47096458
all,call4,0.35352,0.17818068,0.08748999,0.30508,3.5849626,0.41873538
mit,call4,0.32223,0.30752695,0.10889001,0.26134,3.5849626,0.12125623
all,rl,0.30506,0.15342942,0.05984001,0.26276,3.5849626,0.3893977
mit,rl,0.295,0.29458198,0.06376998,0.2506,3.5849626,0.02044523
mit,all,0.27376,0.2557248,0.06336999,0.20531,3.5849626,0.1342952
