X var,Y var,MIC (strength),MIC-p^2 (nonlinearity),MAS (non-monotonicity),MEV (functionality),MCN (complexity),Linear regression (p)
call4,rl,0.29852,0.16191198,0.0519,0.28478,4.9068904,0.3696052
mit,rl,0.20629,0.19740117,0.038420007,0.19395,4.9068904,0.09428067
mit,call4,0.20129,0.1689928,0.034580007,0.19277,4.9068904,0.17971419
mit,all,0.19587,0.16196634,0.022749998,0.18586,4.9068904,0.18412945
all,rl,0.18226,0.16351405,0.012330003,0.17102,4.9068904,0.1369159
all,call4,0.18217,0.17928807,0.01641,0.17032,4.9068904,0.05368358
