X var,Y var,MIC (strength),MIC-p^2 (nonlinearity),MAS (non-monotonicity),MEV (functionality),MCN (complexity),Linear regression (p)
call4,rl,0.34976,0.31715786,0.09030999,0.34976,4.0,0.18056062
mit,all,0.25676,0.22855242,0.032879993,0.25676,4.0,0.16795114
mit,call4,0.22031,0.19605756,0.07134001,0.22031,4.0,0.15573198
all,rl,0.20994,0.14113227,0.031029992,0.20994,4.0,0.2623123
all,call4,0.20253,0.20226878,0.06730001,0.20253,4.0,-0.016162409
mit,rl,0.19634,0.12588671,0.035120003,0.19634,4.0,0.26543036
