X var,Y var,MIC (strength),MIC-p^2 (nonlinearity),MAS (non-monotonicity),MEV (functionality),MCN (complexity),Linear regression (p)
all,rl,0.52544,-0.0983336,0.03983,0.51331,4.9068904,0.7897934
mit,call4,0.25556,0.2496252,0.07123001,0.24493,4.9068904,-0.07703769
all,call4,0.21691,0.21305133,0.02307,0.206,4.9068904,0.06211817
call4,rl,0.19848,0.19847961,0.031689994,0.18699,4.9068904,-6.2791974E-4
mit,all,0.19506,0.18643062,0.022920001,0.18213,4.9068904,-0.09289447
mit,rl,0.18888,0.18170078,0.023159996,0.17514,4.9068904,-0.08473022
