X var,Y var,MIC (strength),MIC-p^2 (nonlinearity),MAS (non-monotonicity),MEV (functionality),MCN (complexity),Linear regression (p)
call4,rl,0.21497,0.16977552,0.04001999,0.19427,3.5849626,0.21258993
all,rl,0.20056,0.12748736,0.04062,0.17071,3.5849626,0.27031952
mit,rl,0.16808,0.09846792,0.028719999,0.14406,3.5849626,0.263841
mit,call4,0.12778,0.115662456,0.052350007,0.1164,3.5849626,-0.11007973
all,call4,0.09842,0.098313875,0.03538,0.08566,3.5849626,-0.010301784
mit,all,0.09208,0.077534765,0.03682,0.09208,2.5849626,-0.120603606
