X var,Y var,MIC (strength),MIC-p^2 (nonlinearity),MAS (non-monotonicity),MEV (functionality),MCN (complexity),Linear regression (p)
all,rl,0.63051,-0.07622439,0.051699996,0.62233,4.9068904,0.84067494
all,call4,0.38562,0.36651194,0.057040006,0.37755,4.9068904,0.13823195
call4,rl,0.29287,0.2832315,0.029229999,0.28281,4.9068904,0.09817575
mit,call4,0.27701,0.27555227,0.03869,0.26755,4.9068904,-0.03818003
mit,all,0.23595,0.23458911,0.029760003,0.22468,4.9068904,0.03689008
mit,rl,0.20293,0.20292294,0.058689997,0.19117,4.9068904,-0.002656429
