X var,Y var,MIC (strength),MIC-p^2 (nonlinearity),MAS (non-monotonicity),MEV (functionality),MCN (complexity),Linear regression (p)
all,rl,0.39236,0.082597345,0.14427,0.39236,4.0,0.55656326
mit,all,0.21796,0.21394877,0.03299001,0.21796,4.0,0.063334286
all,call4,0.2095,0.14363375,0.15246001,0.2095,4.0,0.25664422
mit,rl,0.196,0.12736572,0.071219996,0.196,4.0,0.26198143
mit,call4,0.18673,0.1751918,0.15861,0.18673,4.0,0.10741596
call4,rl,0.17644,-0.04149872,0.06681,0.17644,3.807355,0.46683908
