X var,Y var,MIC (strength),MIC-p^2 (nonlinearity),MAS (non-monotonicity),MEV (functionality),MCN (complexity),Linear regression (p)
mit,rl,0.33821,0.33662486,0.10957998,0.29855,3.5849626,0.039813463
all,call4,0.31279,0.21370296,0.043410003,0.25686,3.5849626,0.31478095
call4,rl,0.28701,0.06742449,0.03566,0.25659,3.5849626,0.46859953
mit,all,0.28316,0.20600176,0.055159993,0.22825,3.5849626,0.2777737
all,rl,0.27312,0.14089453,0.021379977,0.23537,3.5849626,0.36362818
mit,call4,0.21737,0.18779314,0.011709996,0.17913,3.5849626,0.17197926
