X var,Y var,MIC (strength),MIC-p^2 (nonlinearity),MAS (non-monotonicity),MEV (functionality),MCN (complexity),Linear regression (p)
call4,rl,0.20185,0.097675085,0.041689992,0.18237,3.5849626,0.3227614
mit,call4,0.19447,0.1304295,0.092360005,0.15335,3.5849626,0.25306222
all,rl,0.16943,-0.010109186,0.019779995,0.16943,3.321928,0.42372066
mit,all,0.11201,0.07329376,0.033520006,0.11201,3.0,0.19676442
mit,rl,0.09106,0.080244645,0.022080004,0.08516,3.5849626,0.10399689
all,call4,0.08751,0.08749872,0.055059996,0.08751,3.0,0.0033587697
