X var,Y var,MIC (strength),MIC-p^2 (nonlinearity),MAS (non-monotonicity),MEV (functionality),MCN (complexity),Linear regression (p)
mit,call4,0.31675,0.2601807,0.06971,0.28132,3.5849626,0.23784298
all,rl,0.24983,0.24698345,0.089389995,0.20796,3.5849626,-0.053352937
mit,all,0.24325,0.11683594,0.050139993,0.21276,3.5849626,0.35554755
call4,rl,0.22367,0.19023585,0.07544,0.19538,3.5849626,-0.18285011
all,call4,0.22003,0.1760686,0.09081999,0.22003,3.321928,0.20966974
mit,rl,0.19551,0.19528073,0.06920999,0.15616,3.5849626,-0.015141587
