X var,Y var,MIC (strength),MIC-p^2 (nonlinearity),MAS (non-monotonicity),MEV (functionality),MCN (complexity),Linear regression (p)
call4,rl,0.251,0.22334945,0.024689987,0.251,4.0,0.1662845
mit,call4,0.24098,0.1915082,0.052190006,0.24098,4.0,0.22242257
all,call4,0.22814,0.22106607,0.07775,0.22814,4.0,0.08410662
mit,all,0.22258,0.19595875,0.021849997,0.22258,4.0,0.1631602
all,rl,0.21881,0.19339603,0.034160003,0.21881,4.0,0.1594176
mit,rl,0.19523,0.12483565,0.019970007,0.19523,4.0,0.26531935
