X var,Y var,MIC (strength),MIC-p^2 (nonlinearity),MAS (non-monotonicity),MEV (functionality),MCN (complexity),Linear regression (p)
call4,rl,0.33655,0.13577482,0.08901,0.30173,3.5849626,0.44807944
all,call4,0.29395,0.14869612,0.06362,0.23152,3.5849626,0.38112184
mit,rl,0.28285,0.27588084,0.1136,0.23947,3.5849626,0.08348142
mit,all,0.27936,0.26369172,0.074310005,0.25929,3.5849626,0.12517296
all,rl,0.22608,0.122286096,0.023359999,0.18758,3.5849626,0.32217062
mit,call4,0.22388,0.1850092,0.043739997,0.1865,3.5849626,0.19715679
