X var,Y var,MIC (strength),MIC-p^2 (nonlinearity),MAS (non-monotonicity),MEV (functionality),MCN (complexity),Linear regression (p)
mit,all,0.45479,0.44166422,0.26828,0.34041,3.5849626,0.11456775
mit,rl,0.36939,0.3229826,0.10163,0.33434,3.5849626,0.21542381
call4,rl,0.32208,0.2107029,0.08864999,0.28179,3.5849626,0.33373207
all,rl,0.28849,0.15169767,0.049429998,0.24902,3.5849626,0.36985448
all,call4,0.25195,0.1644517,0.016270012,0.20902,3.5849626,0.2958011
mit,call4,0.25109,0.14748985,0.03843999,0.18573,3.5849626,0.32186976
