X var,Y var,MIC (strength),MIC-p^2 (nonlinearity),MAS (non-monotonicity),MEV (functionality),MCN (complexity),Linear regression (p)
all,rl,0.48641,0.07496965,0.05813998,0.48641,3.0,-0.64143616
all,call4,0.39601,0.2849428,0.23105001,0.36665,3.5849626,-0.33326745
mit,call4,0.2849,0.2736608,0.13481002,0.22855,3.5849626,0.10601511
mit,rl,0.27586,0.2300966,0.069120005,0.22353,3.5849626,0.21392386
mit,all,0.22817,0.20769905,0.060049996,0.20285,3.5849626,0.14307672
call4,rl,0.17114,0.12538505,0.0814,0.15214,3.5849626,0.21390408
