X var,Y var,MIC (strength),MIC-p^2 (nonlinearity),MAS (non-monotonicity),MEV (functionality),MCN (complexity),Linear regression (p)
all,call4,0.33698,0.33695817,0.22200999,0.29402,3.5849626,-0.004671746
mit,call4,0.30484,0.29309127,0.14194,0.27401,3.5849626,-0.108391516
mit,rl,0.26916,0.23658893,0.0685,0.23402,3.5849626,-0.1804746
all,rl,0.23282,0.20859756,0.03474001,0.21177,3.5849626,-0.15563561
mit,all,0.22789,0.22781081,0.068220004,0.20185,3.5849626,-0.008898448
call4,rl,0.13611,0.10951682,0.039749995,0.13611,3.0,-0.16307414
