X var,Y var,MIC (strength),MIC-p^2 (nonlinearity),MAS (non-monotonicity),MEV (functionality),MCN (complexity),Linear regression (p)
call4,rl,0.3294,0.08526589,0.07553001,0.31827,4.9068904,0.4940993
mit,call4,0.22015,0.1818043,0.034599997,0.20921,4.9068904,0.19582056
all,rl,0.2116,0.16850346,0.028710008,0.20084,4.9068904,0.20759705
mit,all,0.19627,0.12669438,0.018820003,0.18504,4.9068904,0.26377192
mit,rl,0.18191,0.16514474,0.04406999,0.17133,4.9068904,0.12948069
all,call4,0.18045,0.16078772,0.016010005,0.16873,4.9068904,0.14022231
