X var,Y var,MIC (strength),MIC-p^2 (nonlinearity),MAS (non-monotonicity),MEV (functionality),MCN (complexity),Linear regression (p)
all,rl,0.60287,-0.088143766,0.04365,0.59349,4.9068904,0.83127236
mit,all,0.34071,0.26610357,0.019500017,0.32937,4.9068904,-0.2731418
mit,rl,0.2858,0.22593042,0.02786,0.27475,4.9068904,-0.24468264
all,call4,0.23181,0.2313198,0.033529997,0.22085,4.9068904,0.022140438
mit,call4,0.22389,0.11875839,0.027819999,0.21282,4.9068904,-0.32424006
call4,rl,0.18218,0.17819224,0.019869998,0.17318,4.9068904,-0.063148655
