X var,Y var,MIC (strength),MIC-p^2 (nonlinearity),MAS (non-monotonicity),MEV (functionality),MCN (complexity),Linear regression (p)
mit,rl,0.33911,0.2553872,0.12044999,0.33911,4.0,0.28934893
mit,call4,0.31127,0.2504602,0.08745,0.31127,4.0,0.24659643
call4,rl,0.30333,0.19865385,0.06615001,0.30333,4.0,0.32353693
mit,all,0.27651,0.23079824,0.06227,0.27651,4.0,0.21380307
all,call4,0.25689,0.25316304,0.06646,0.25689,4.0,0.061048765
all,rl,0.25424,0.20606762,0.076409996,0.25424,4.0,0.2194821
