X var,Y var,MIC (strength),MIC-p^2 (nonlinearity),MAS (non-monotonicity),MEV (functionality),MCN (complexity),Linear regression (p)
mit,all,0.3784,0.36288878,0.11268002,0.35668,3.5849626,0.12454406
mit,call4,0.31948,0.27426076,0.13571,0.26888,3.5849626,0.21264817
call4,rl,0.28906,0.2787108,0.110139996,0.2276,3.5849626,0.10173092
mit,rl,0.27598,0.22598596,0.07501,0.2267,3.5849626,0.22359347
all,rl,0.24343,0.22667032,0.025320001,0.2134,3.5849626,0.12945919
all,call4,0.2114,0.15643293,0.010460004,0.18156,3.5849626,0.2344506
