X var,Y var,MIC (strength),MIC-p^2 (nonlinearity),MAS (non-monotonicity),MEV (functionality),MCN (complexity),Linear regression (p)
call4,rl,0.24379,0.09626329,0.020049997,0.23279,4.9068904,0.38409206
all,rl,0.23889,0.1823065,0.048089996,0.228,4.9068904,0.23787287
mit,call4,0.20057,0.1628209,0.028099999,0.18874,4.9068904,0.19429125
all,call4,0.19153,0.17510755,0.026419997,0.18022,4.9068904,0.12815009
mit,rl,0.19111,0.17758408,0.025650002,0.18188,4.9068904,0.11630097
mit,all,0.17182,0.13813378,0.017700002,0.16119,4.9068904,0.18353806
