X var,Y var,MIC (strength),MIC-p^2 (nonlinearity),MAS (non-monotonicity),MEV (functionality),MCN (complexity),Linear regression (p)
mit,call4,0.37487,0.17170301,0.07535002,0.32358,3.5849626,0.4507405
call4,rl,0.31288,0.041736573,0.059819996,0.24657,3.5849626,0.52071434
all,call4,0.26964,-0.0018543899,0.033999994,0.2288,3.5849626,0.5210512
mit,all,0.26308,-0.077896,0.065699995,0.22229,3.5849626,0.5839315
mit,rl,0.24386,0.026795909,0.027160004,0.22418,3.5849626,0.46590137
all,rl,0.22703,-0.0044178367,0.021459997,0.19466,3.5849626,0.48109025
