X var,Y var,MIC (strength),MIC-p^2 (nonlinearity),MAS (non-monotonicity),MEV (functionality),MCN (complexity),Linear regression (p)
mit,rl,0.23288,0.2305131,0.07509999,0.18382,3.5849626,0.048650805
all,rl,0.1772,0.17130588,0.1332,0.16663,3.5849626,-0.07677323
mit,all,0.16392,0.16304217,0.11209,0.13269,3.5849626,-0.029628176
call4,rl,0.08205,0.038016107,0.031960003,0.08205,2.5849626,0.20984255
mit,call4,0.05803,0.052947465,0.028020002,0.05803,2.5849626,-0.071291916
all,call4,9.9E-4,3.61958E-4,0.0,9.9E-4,2.0,-0.025060765
