X var,Y var,MIC (strength),MIC-p^2 (nonlinearity),MAS (non-monotonicity),MEV (functionality),MCN (complexity),Linear regression (p)
mit,call4,0.48854,0.3092984,0.07758999,0.46424,3.5849626,-0.42336932
all,call4,0.40946,-0.11675054,0.071750015,0.39611,3.5849626,0.7254037
mit,all,0.40013,0.18946236,0.08522999,0.35143,3.5849626,-0.45898545
all,rl,0.39895,0.33715343,0.054769993,0.39503,3.5849626,-0.24858916
mit,rl,0.34776,0.30700976,0.16664,0.28689,3.5849626,0.20186687
call4,rl,0.1838,0.18378958,0.049699992,0.1617,3.5849626,0.00322735
