X var,Y var,MIC (strength),MIC-p^2 (nonlinearity),MAS (non-monotonicity),MEV (functionality),MCN (complexity),Linear regression (p)
mit,all,0.3406,0.19998029,0.06877999,0.29022,3.5849626,0.37499297
all,call4,0.29302,0.09816764,0.054040015,0.23714,3.5849626,0.44142085
call4,rl,0.27781,0.07863648,0.054560006,0.22486,3.5849626,0.44628862
all,rl,0.27247,0.03690803,0.042929992,0.21091,3.5849626,0.48534727
mit,call4,0.26933,0.10231426,0.07053,0.20552,3.5849626,0.40867558
mit,rl,0.21007,0.06509052,0.068270005,0.18859,3.5849626,0.3807617
