X var,Y var,MIC (strength),MIC-p^2 (nonlinearity),MAS (non-monotonicity),MEV (functionality),MCN (complexity),Linear regression (p)
all,call4,0.31484,0.13940227,0.04407999,0.27758,3.5849626,0.41885287
all,rl,0.31053,0.30719486,0.045310006,0.283,3.5849626,0.057750802
call4,rl,0.28496,0.28323644,0.07148999,0.25364,3.5849626,-0.04151575
mit,call4,0.28397,0.25352374,0.048240006,0.26162,3.5849626,0.17448857
mit,all,0.24621,0.19792703,0.030499995,0.20553,3.5849626,0.21973386
mit,rl,0.1931,0.18099518,0.020139992,0.17014,3.5849626,0.11002193
