X var,Y var,MIC (strength),MIC-p^2 (nonlinearity),MAS (non-monotonicity),MEV (functionality),MCN (complexity),Linear regression (p)
call4,rl,0.4031,0.20516978,0.14252,0.37587,3.5849626,0.4448935
all,call4,0.37429,0.27466947,0.082100004,0.31833,3.5849626,0.3156272
all,rl,0.32007,0.1904986,0.029129997,0.27815,3.5849626,0.35996026
mit,all,0.30117,0.25634775,0.062800005,0.2536,3.5849626,0.21171264
mit,rl,0.28837,0.2872746,0.06669998,0.26353,3.5849626,0.03309725
mit,call4,0.24054,0.21500494,0.02257,0.19111,3.5849626,0.15979692
