X var,Y var,MIC (strength),MIC-p^2 (nonlinearity),MAS (non-monotonicity),MEV (functionality),MCN (complexity),Linear regression (p)
call4,rl,0.31346,0.1771118,0.05084999,0.30656,3.5849626,0.36925355
mit,call4,0.27769,0.27237666,0.055549994,0.21378,3.5849626,0.07289268
all,call4,0.26232,0.22861838,0.09921001,0.21836,3.5849626,0.18358004
mit,rl,0.24054,0.23808634,0.0808,0.19942,3.5849626,0.049534332
mit,all,0.23946,0.23087966,0.11939,0.20261,3.5849626,0.0926301
all,rl,0.22395,-0.20019141,0.03903,0.20745,3.5849626,0.6512614
