X var,Y var,MIC (strength),MIC-p^2 (nonlinearity),MAS (non-monotonicity),MEV (functionality),MCN (complexity),Linear regression (p)
all,call4,0.45423,0.34107298,0.18378001,0.39323,3.5849626,0.3363882
call4,rl,0.33372,0.15103126,0.08523999,0.29837,3.5849626,0.42742103
mit,call4,0.31821,0.28480494,0.13606001,0.30408,3.5849626,0.1827705
mit,rl,0.3097,0.2839636,0.11933999,0.28598,3.5849626,0.16042577
all,rl,0.2771,0.17843285,0.07545,0.2502,3.5849626,0.31411326
mit,all,0.26488,0.24684075,0.124,0.23201,3.5849626,0.13431032
