X var,Y var,MIC (strength),MIC-p^2 (nonlinearity),MAS (non-monotonicity),MEV (functionality),MCN (complexity),Linear regression (p)
call4,rl,0.33717,0.1466385,0.061769992,0.32463,4.9068904,0.43649915
mit,all,0.21934,0.15831128,0.02895999,0.20716,4.9068904,0.24703991
all,rl,0.20728,0.17682841,0.018560007,0.19685,4.9068904,0.17450383
mit,call4,0.20658,0.17110234,0.0191,0.19681,4.9068904,0.18835513
mit,rl,0.18196,0.16825807,0.019250005,0.17098,4.9068904,0.11705527
all,call4,0.15819,0.14715756,0.02617,0.1483,4.9068904,0.10503539
