X var,Y var,MIC (strength),MIC-p^2 (nonlinearity),MAS (non-monotonicity),MEV (functionality),MCN (complexity),Linear regression (p)
all,rl,0.56687,-0.1676057,0.07304001,0.55636,4.9068904,0.85701555
all,call4,0.244,0.23250502,0.019960001,0.23159,4.9068904,0.10721461
mit,call4,0.22019,0.2148356,0.035049997,0.20884,4.9068904,-0.073173806
mit,all,0.21986,0.21984014,0.026769996,0.20665,4.9068904,-0.004457543
call4,rl,0.21287,0.21177234,0.027400002,0.19994,4.9068904,0.03313091
mit,rl,0.18362,0.18247275,0.03283,0.17268,4.9068904,-0.033871062
