X var,Y var,MIC (strength),MIC-p^2 (nonlinearity),MAS (non-monotonicity),MEV (functionality),MCN (complexity),Linear regression (p)
mit,rl,0.45488,0.27505088,0.12031001,0.45488,4.0,-0.42406264
all,rl,0.44794,-0.20505929,0.09046,0.44794,4.0,0.8080837
mit,all,0.29743,0.16748649,0.08363001,0.29743,4.0,-0.3604768
mit,call4,0.20257,0.20170966,0.14042,0.20257,4.0,-0.029331716
all,call4,0.11668,0.116051525,0.07458,0.11668,4.0,-0.025069458
call4,rl,0.09639,0.09620522,0.06437001,0.09639,4.0,0.013593514
