X var,Y var,MIC (strength),MIC-p^2 (nonlinearity),MAS (non-monotonicity),MEV (functionality),MCN (complexity),Linear regression (p)
call4,rl,0.27442,0.08512451,0.03351,0.26744,4.9068904,0.435081
all,rl,0.23508,0.18044466,0.047879994,0.2241,4.9068904,0.23374206
mit,rl,0.20115,0.18189791,0.019749992,0.18691,4.9068904,0.13875192
mit,all,0.20108,0.16511533,0.018449992,0.18835,4.9068904,0.18964353
mit,call4,0.20078,0.16070291,0.01899001,0.1897,4.9068904,0.20019262
all,call4,0.1963,0.17802425,0.038770005,0.18364,4.9068904,0.13518782
