X var,Y var,MIC (strength),MIC-p^2 (nonlinearity),MAS (non-monotonicity),MEV (functionality),MCN (complexity),Linear regression (p)
mit,rl,0.24448,0.2149751,0.06837,0.20279,3.5849626,0.1717699
call4,rl,0.24434,0.24250789,0.06541,0.21907,3.5849626,0.042803176
mit,all,0.24344,0.2208051,0.041820005,0.21247,3.5849626,0.15044901
mit,call4,0.22441,0.1997874,0.06574,0.17798,3.5849626,0.15691592
all,rl,0.20823,0.1617381,0.038080007,0.20002,3.5849626,0.21561983
all,call4,0.19136,0.16268606,0.014160007,0.16195,3.5849626,0.16933379
