X var,Y var,MIC (strength),MIC-p^2 (nonlinearity),MAS (non-monotonicity),MEV (functionality),MCN (complexity),Linear regression (p)
call4,rl,0.35691,0.2357875,0.11178999,0.35691,4.0,0.34802657
mit,rl,0.29727,0.24672784,0.08688,0.29727,4.0,0.22481583
all,rl,0.24787,0.20731054,0.07301,0.24787,4.0,0.20139378
all,call4,0.22978,0.21349175,0.023389995,0.22978,4.0,0.12762544
mit,call4,0.22296,0.17130591,0.033049993,0.22296,4.0,0.22727534
mit,all,0.21006,0.18287376,0.0448,0.21006,4.0,0.16488254
