X var,Y var,MIC (strength),MIC-p^2 (nonlinearity),MAS (non-monotonicity),MEV (functionality),MCN (complexity),Linear regression (p)
mit,all,0.24527,0.07206583,0.044239998,0.24527,4.0,0.41617805
all,call4,0.23342,0.07522881,0.039560005,0.23342,4.0,0.39773256
call4,rl,0.23276,0.023843288,0.02207999,0.23276,4.0,0.45707408
mit,call4,0.22612,0.04894373,0.03638999,0.22612,4.0,0.4209231
mit,rl,0.22524,0.012742594,0.035710007,0.22524,4.0,0.46097443
all,rl,0.18346,0.056083873,0.028980002,0.18346,4.0,0.35689792
