X var,Y var,MIC (strength),MIC-p^2 (nonlinearity),MAS (non-monotonicity),MEV (functionality),MCN (complexity),Linear regression (p)
mit,rl,0.30753,0.30748713,0.16899998,0.25516,3.5849626,0.006547428
mit,all,0.27073,0.25267795,0.07565999,0.21905,3.5849626,-0.13435793
mit,call4,0.25524,0.21852125,0.19215,0.25524,3.321928,-0.19162135
all,rl,0.18103,0.10491191,0.01606001,0.18103,2.5849626,-0.2758951
all,call4,0.05711,0.05553234,0.037019998,0.05711,3.0,-0.039719786
call4,rl,0.02135,0.013867175,0.0,0.02135,2.0,-0.08650332
