X var,Y var,MIC (strength),MIC-p^2 (nonlinearity),MAS (non-monotonicity),MEV (functionality),MCN (complexity),Linear regression (p)
call4,rl,0.36807,0.22157016,0.031949997,0.32473,3.5849626,0.38275298
mit,call4,0.29351,0.26810443,0.070130005,0.25161,3.5849626,0.15939121
all,rl,0.27816,-0.046465516,0.03989,0.23647,3.5849626,0.5697592
all,call4,0.26064,0.2108095,0.03915,0.20969,3.5849626,0.22322746
mit,all,0.23026,0.22878703,0.08596,0.19687,3.5849626,0.038379166
mit,rl,0.18747,0.18225688,0.03745,0.15078,3.5849626,0.07220196
