X var,Y var,MIC (strength),MIC-p^2 (nonlinearity),MAS (non-monotonicity),MEV (functionality),MCN (complexity),Linear regression (p)
call4,rl,0.2812,0.14872658,0.04051,0.27258,4.9068904,0.36396897
mit,all,0.20103,0.16832201,0.009020001,0.19077,4.9068904,0.18085352
mit,call4,0.19359,0.16268484,0.013870001,0.18356,4.9068904,0.17579861
all,rl,0.19016,0.17520392,0.02587001,0.1787,4.9068904,0.122295074
mit,rl,0.1755,0.16601372,0.022720002,0.16787,4.9068904,0.09739757
all,call4,0.16917,0.16707548,0.015349999,0.15889,4.9068904,0.045765918
