X var,Y var,MIC (strength),MIC-p^2 (nonlinearity),MAS (non-monotonicity),MEV (functionality),MCN (complexity),Linear regression (p)
mit,rl,0.0532,0.009156417,0.0068500005,0.0532,3.321928,0.20986563
mit,call4,0.05249,-0.028434027,0.012819998,0.05249,3.0,0.28447148
call4,rl,0.02669,-0.0043744966,0.00932,0.02669,3.321928,0.17625123
all,rl,0.01205,0.005473244,0.0,0.01205,2.0,-0.0810972
mit,all,0.01127,0.011150773,0.00785,0.01127,2.5849626,0.010919107
all,call4,0.00265,7.26331E-4,0.0,0.00265,2.0,-0.04385965
