X var,Y var,MIC (strength),MIC-p^2 (nonlinearity),MAS (non-monotonicity),MEV (functionality),MCN (complexity),Linear regression (p)
call4,rl,0.26687,0.20168333,0.09873,0.26687,4.0,0.2553168
mit,rl,0.24747,0.23936285,0.08373001,0.24747,4.0,0.09003972
all,rl,0.16075,0.16054542,0.08606,0.16075,4.0,0.014303114
mit,call4,0.16029,0.11571708,0.07056,0.16029,4.0,0.211123
all,call4,0.15304,0.13395609,0.04191999,0.15304,4.0,0.13814457
mit,all,0.14456,0.14291878,0.034610003,0.14456,4.0,0.040511902
