X var,Y var,MIC (strength),MIC-p^2 (nonlinearity),MAS (non-monotonicity),MEV (functionality),MCN (complexity),Linear regression (p)
all,rl,0.59814,-0.31120193,0.026030004,0.58985,4.9068904,0.9535942
all,call4,0.26907,0.26906806,0.077539995,0.25604,4.9068904,-0.0013903446
mit,call4,0.21601,0.21317583,0.019769996,0.20514,4.9068904,-0.05323694
call4,rl,0.21038,0.2100891,0.051650003,0.19984,4.9068904,-0.01705582
mit,all,0.19401,0.19173813,0.04008001,0.18301,4.9068904,-0.04766425
mit,rl,0.17265,0.17214653,0.01309,0.16607,4.9068904,-0.022438139
