X var,Y var,MIC (strength),MIC-p^2 (nonlinearity),MAS (non-monotonicity),MEV (functionality),MCN (complexity),Linear regression (p)
all,rl,0.50096,-0.0125184655,0.04190001,0.49038,4.9068904,0.71657413
mit,all,0.29667,0.25896758,0.043400005,0.28609,4.9068904,-0.19417106
mit,rl,0.27388,0.21930344,0.08234,0.26391,4.9068904,-0.23361628
call4,rl,0.2113,0.20267607,0.049319997,0.19756,4.9068904,0.09286514
mit,call4,0.20774,0.19909644,0.03193,0.19884,4.9068904,-0.09297074
all,call4,0.19949,0.18397154,0.02696,0.18868,4.9068904,0.1245731
