X var,Y var,MIC (strength),MIC-p^2 (nonlinearity),MAS (non-monotonicity),MEV (functionality),MCN (complexity),Linear regression (p)
mit,call4,0.52523,0.2970703,0.14019999,0.49842,3.5849626,0.47766066
all,rl,0.38891,0.23581654,0.11677,0.3431,3.5849626,0.3912716
mit,all,0.31545,0.25943834,0.09558,0.27951,3.5849626,-0.23666784
all,call4,0.29376,0.29292226,0.16297,0.25776,3.5849626,-0.028943615
mit,rl,0.25203,0.25151,0.14076999,0.22594,3.5849626,-0.02280341
call4,rl,0.12782,0.125274,0.039339997,0.114,3.5849626,0.05045783
