X var,Y var,MIC (strength),MIC-p^2 (nonlinearity),MAS (non-monotonicity),MEV (functionality),MCN (complexity),Linear regression (p)
mit,all,0.2707,0.21862385,0.0881,0.22521,3.5849626,0.22820202
call4,rl,0.25009,0.086460635,0.054340005,0.23142,3.5849626,0.40451127
mit,call4,0.24752,0.19028547,0.05291,0.20724,3.5849626,0.2392374
all,call4,0.21566,0.2004613,0.07238001,0.18644,3.5849626,0.123283066
mit,rl,0.2105,0.17658198,0.080249995,0.1807,3.5849626,0.18416849
all,rl,0.15723,0.07697945,0.02883,0.13082,3.5849626,0.2832853
