X var,Y var,MIC (strength),MIC-p^2 (nonlinearity),MAS (non-monotonicity),MEV (functionality),MCN (complexity),Linear regression (p)
mit,all,0.24642,0.22540212,0.060340002,0.24642,4.0,0.14497544
all,rl,0.2337,0.1677296,0.09573001,0.2337,4.0,0.25684705
call4,rl,0.21842,0.13960482,0.06923,0.21842,4.0,0.2807404
all,call4,0.18899,0.16730888,0.054349996,0.18899,4.0,0.1472451
mit,call4,0.15753,0.103710726,0.037900005,0.15753,4.0,0.2319898
mit,rl,0.14539,0.087834805,0.029970005,0.14539,4.0,0.23990664
