X var,Y var,MIC (strength),MIC-p^2 (nonlinearity),MAS (non-monotonicity),MEV (functionality),MCN (complexity),Linear regression (p)
all,rl,0.33192,0.22271109,0.08647999,0.29837,3.5849626,-0.33046773
mit,rl,0.26052,0.17353478,0.035940006,0.21938,3.5849626,0.29493257
mit,all,0.22738,0.22593501,0.08553,0.19592,3.5849626,-0.03801296
mit,call4,0.21588,0.16050947,0.14970002,0.19607,3.5849626,-0.23530945
call4,rl,0.15735,0.14289981,0.11665,0.1564,3.5849626,0.120208964
all,call4,0.03893,0.016033119,0.0,0.03893,2.0,-0.15131715
