X var,Y var,MIC (strength),MIC-p^2 (nonlinearity),MAS (non-monotonicity),MEV (functionality),MCN (complexity),Linear regression (p)
call4,rl,0.27241,0.033232927,0.039839998,0.26379,4.9068904,0.48905733
all,rl,0.20787,0.15545735,0.015590012,0.19699,4.9068904,0.2289381
all,call4,0.20168,0.17923418,0.012460008,0.18975,4.9068904,0.14981933
mit,rl,0.19612,0.17553607,0.018629998,0.18848,4.9068904,0.14347102
mit,all,0.18984,0.118187584,0.009180009,0.17923,4.9068904,0.2676797
mit,call4,0.18405,0.14189579,0.017499998,0.17442,4.9068904,0.20531489
