X var,Y var,MIC (strength),MIC-p^2 (nonlinearity),MAS (non-monotonicity),MEV (functionality),MCN (complexity),Linear regression (p)
mit,all,0.3009,0.26094708,0.064640015,0.27067,3.5849626,-0.19988231
all,rl,0.23996,0.15111114,0.039680004,0.23996,3.0,0.29807526
mit,rl,0.22509,0.22159417,0.070530005,0.2046,3.5849626,0.05912547
mit,call4,0.18717,0.1638882,0.11503,0.18717,3.321928,-0.15258373
all,call4,0.14782,-0.2957206,0.0,0.14782,2.0,0.66598845
call4,rl,0.02459,0.007365383,0.0,0.02459,2.0,0.13124259
