X var,Y var,MIC (strength),MIC-p^2 (nonlinearity),MAS (non-monotonicity),MEV (functionality),MCN (complexity),Linear regression (p)
call4,rl,0.32413,0.27137086,0.04574001,0.32413,4.0,0.22969358
mit,all,0.30973,0.29992735,0.12179999,0.30973,4.0,0.099008285
all,call4,0.27515,0.27452838,0.089839995,0.27515,4.0,0.024932498
mit,rl,0.26249,0.20993315,0.0519,0.26249,4.0,0.22925282
all,rl,0.25481,0.20744418,0.06433,0.25481,4.0,0.21763691
mit,call4,0.24554,0.1842891,0.027179986,0.24554,4.0,0.2474892
