X var,Y var,MIC (strength),MIC-p^2 (nonlinearity),MAS (non-monotonicity),MEV (functionality),MCN (complexity),Linear regression (p)
all,rl,0.55114,-0.071713746,0.062480003,0.53341,3.5849626,-0.78921086
mit,call4,0.42843,0.045737088,0.13951999,0.38825,3.5849626,-0.61862177
mit,all,0.30691,0.29708236,0.111150004,0.26375,3.5849626,-0.09913451
mit,rl,0.28562,0.279021,0.14452,0.24507,3.5849626,0.08123435
call4,rl,0.2216,0.22112411,0.0958,0.18524,3.5849626,-0.02181468
all,call4,0.202,0.17720033,0.039940007,0.17064,3.5849626,0.15747914
