X var,Y var,MIC (strength),MIC-p^2 (nonlinearity),MAS (non-monotonicity),MEV (functionality),MCN (complexity),Linear regression (p)
all,rl,0.51424,0.16019356,0.06086999,0.47339,3.5849626,-0.595018
mit,all,0.35133,0.30318666,0.09038001,0.26256,3.5849626,0.21941593
mit,call4,0.29443,0.27738857,0.17093,0.24747,3.5849626,0.13054276
mit,rl,0.27533,0.27515846,0.08945,0.24608,3.5849626,0.013097829
all,call4,0.24327,0.20921189,0.14642,0.22854,3.5849626,-0.1845484
call4,rl,0.13459,0.10751122,0.031890005,0.11076,3.5849626,0.1645563
