X var,Y var,MIC (strength),MIC-p^2 (nonlinearity),MAS (non-monotonicity),MEV (functionality),MCN (complexity),Linear regression (p)
mit,rl,0.28462,0.23757914,0.086229995,0.28462,4.0,0.21688904
call4,rl,0.2713,0.12653902,0.027060002,0.2713,4.0,0.38047466
mit,call4,0.26491,0.21789208,0.043299988,0.26491,4.0,0.21683618
all,rl,0.25686,0.21002737,0.043289997,0.25686,4.0,0.21640848
mit,all,0.22,0.17769991,0.028609991,0.22,4.0,0.20566987
all,call4,0.21699,0.19420357,0.031249993,0.21699,4.0,0.15095173
