X var,Y var,MIC (strength),MIC-p^2 (nonlinearity),MAS (non-monotonicity),MEV (functionality),MCN (complexity),Linear regression (p)
mit,call4,0.29165,0.09201141,0.07587999,0.29165,4.0,0.44680935
call4,rl,0.25654,-0.020193279,0.062869996,0.25654,4.0,0.52605444
mit,all,0.24149,0.013845816,0.06434001,0.24149,4.0,0.47712073
all,call4,0.23739,0.04663314,0.048659995,0.23739,4.0,0.4367572
mit,rl,0.20877,-0.016965926,0.014030002,0.20877,4.0,0.47511676
all,rl,0.20157,0.049689755,0.016330004,0.20157,4.0,0.38971817
