X var,Y var,MIC (strength),MIC-p^2 (nonlinearity),MAS (non-monotonicity),MEV (functionality),MCN (complexity),Linear regression (p)
mit,call4,0.34889,0.22426805,0.024529994,0.28136,3.5849626,0.35301834
all,call4,0.31093,0.18496564,0.08442001,0.23931,3.5849626,0.3549146
mit,all,0.29909,0.18904933,0.113199994,0.25267,3.5849626,0.33172378
call4,rl,0.27678,0.27668175,0.03395,0.24601,3.5849626,0.009913062
all,rl,0.27108,0.2680512,0.028319985,0.22939,3.5849626,0.055034295
mit,rl,0.24769,0.22639264,0.026009992,0.19479,3.5849626,0.14593616
