X var,Y var,MIC (strength),MIC-p^2 (nonlinearity),MAS (non-monotonicity),MEV (functionality),MCN (complexity),Linear regression (p)
call4,rl,0.32173,0.16888627,0.07052,0.31131,4.9068904,0.39095232
mit,call4,0.24137,0.21180698,0.05962999,0.23101,4.9068904,0.171939
mit,all,0.19451,0.14457095,0.014750004,0.18618,4.9068904,0.22347048
all,call4,0.18864,0.18569633,0.010129999,0.17721,4.9068904,0.054255553
mit,rl,0.18172,0.17098221,0.018860005,0.17133,4.9068904,0.10362331
all,rl,0.17453,0.1600562,0.01354,0.16314,4.9068904,0.120307095
