X var,Y var,MIC (strength),MIC-p^2 (nonlinearity),MAS (non-monotonicity),MEV (functionality),MCN (complexity),Linear regression (p)
mit,all,0.30992,0.2326208,0.05288002,0.26734,3.5849626,0.27802736
mit,call4,0.28097,0.27500635,0.039130002,0.24437,3.5849626,0.07722473
all,call4,0.2636,0.18569979,0.061979994,0.23861,3.5849626,0.27910608
mit,rl,0.21468,0.20249829,0.03136,0.16286,3.5849626,0.11037082
call4,rl,0.20467,0.20134385,0.05849,0.17552,3.5849626,-0.05767277
all,rl,0.18246,0.18039802,0.027170002,0.14439,3.5849626,0.045408927
