X var,Y var,MIC (strength),MIC-p^2 (nonlinearity),MAS (non-monotonicity),MEV (functionality),MCN (complexity),Linear regression (p)
mit,rl,0.18309,0.17243473,0.08443999,0.16742,3.5849626,0.103224374
call4,rl,0.17775,0.16750367,0.09103001,0.13685,3.5849626,0.10122418
mit,call4,0.17254,0.081995465,0.061750002,0.17228,3.5849626,0.30090618
mit,all,0.15211,0.1445585,0.037670005,0.11949,3.5849626,0.086899295
all,rl,0.14709,0.12144159,0.024129994,0.13475,3.5849626,0.16015123
all,call4,0.09817,0.09112947,0.02688,0.0868,3.5849626,-0.08390785
