X var,Y var,MIC (strength),MIC-p^2 (nonlinearity),MAS (non-monotonicity),MEV (functionality),MCN (complexity),Linear regression (p)
all,rl,0.22143,0.11583009,0.058520004,0.21037,4.9068904,0.3249614
call4,rl,0.21821,-0.21396549,0.022310004,0.20713,4.9068904,0.65740055
mit,all,0.20724,-0.096296445,0.01873,0.19598,4.9068904,0.5509414
all,call4,0.20208,0.02215673,0.0291,0.19155,4.9068904,0.42417362
mit,rl,0.18339,-0.016808406,0.020320013,0.17179,4.9068904,0.44743538
mit,call4,0.17697,-0.056036502,0.026480004,0.16885,4.9068904,0.48270747
