X var,Y var,MIC (strength),MIC-p^2 (nonlinearity),MAS (non-monotonicity),MEV (functionality),MCN (complexity),Linear regression (p)
call4,rl,0.31482,0.15257564,0.052379996,0.30333,4.9068904,0.40279567
mit,call4,0.22808,0.19715968,0.038609996,0.21719,4.9068904,0.17584176
all,rl,0.2175,0.19828923,0.02252999,0.20484,4.9068904,0.13860293
all,call4,0.21328,0.20957674,0.04214999,0.20254,4.9068904,0.060854465
mit,rl,0.19623,0.18643235,0.032229997,0.18944,4.9068904,0.098983094
mit,all,0.19108,0.13925298,0.011439994,0.18055,4.9068904,0.22765552
