X var,Y var,MIC (strength),MIC-p^2 (nonlinearity),MAS (non-monotonicity),MEV (functionality),MCN (complexity),Linear regression (p)
all,rl,0.35221,0.1258757,0.04211998,0.34243,4.9068904,0.47574604
mit,rl,0.22107,0.1978083,0.035840005,0.2115,4.9068904,-0.15251791
mit,call4,0.21237,0.2077405,0.0255,0.20265,4.9068904,0.068040326
mit,all,0.21184,0.20767815,0.06774001,0.19984,4.9068904,-0.0645124
call4,rl,0.20307,0.20030242,0.015819997,0.19251,4.9068904,-0.052607756
all,call4,0.19094,0.15939543,0.01255,0.17998,4.9068904,-0.1776079
