X var,Y var,MIC (strength),MIC-p^2 (nonlinearity),MAS (non-monotonicity),MEV (functionality),MCN (complexity),Linear regression (p)
call4,rl,0.263,-0.11129618,0.060939997,0.25216,4.9068904,0.6117975
mit,all,0.2234,-0.037938178,0.039289996,0.21231,4.9068904,0.51121247
mit,rl,0.20991,0.06418267,0.03993,0.19744,4.9068904,0.3817425
all,call4,0.20325,0.081731595,0.03931001,0.19243,4.9068904,0.3485949
all,rl,0.18979,0.09923522,0.020669997,0.18014,4.9068904,0.3009232
mit,call4,0.18576,0.011239216,0.0343,0.17527,4.9068904,0.41775686
