X var,Y var,MIC (strength),MIC-p^2 (nonlinearity),MAS (non-monotonicity),MEV (functionality),MCN (complexity),Linear regression (p)
all,call4,0.31108,0.17742762,0.07530001,0.27035,3.5849626,0.365585
call4,rl,0.29517,0.29383013,0.029169992,0.24428,3.5849626,-0.03660446
mit,call4,0.27522,0.21100377,0.04541999,0.25143,3.5849626,0.25340924
mit,all,0.26201,0.16319162,0.09115,0.21467,3.5849626,0.3143539
all,rl,0.25884,0.25841245,0.051149994,0.2064,3.5849626,0.020677324
mit,rl,0.2403,0.22597794,0.028709993,0.18637,3.5849626,0.119674824
