X var,Y var,MIC (strength),MIC-p^2 (nonlinearity),MAS (non-monotonicity),MEV (functionality),MCN (complexity),Linear regression (p)
all,rl,0.55983,0.49621233,0.18051997,0.53742,3.5849626,-0.25222546
mit,call4,0.4276,0.3186733,0.19804999,0.38552,3.5849626,0.33004043
mit,all,0.41833,0.4142615,0.09530002,0.29303,3.5849626,-0.06378507
mit,rl,0.33239,0.3267535,0.20158002,0.284,3.5849626,0.075076744
all,call4,0.24456,0.17707574,0.12527001,0.23196,3.5849626,-0.25977734
call4,rl,0.12426,0.115877435,0.025970004,0.12143,3.5849626,0.09155634
