X var,Y var,MIC (strength),MIC-p^2 (nonlinearity),MAS (non-monotonicity),MEV (functionality),MCN (complexity),Linear regression (p)
call4,rl,0.22135,0.10480974,0.032799996,0.21169,4.9068904,0.34137994
all,rl,0.22033,0.17817107,0.026940003,0.20944,4.9068904,0.20532641
mit,call4,0.19929,0.1673772,0.0344,0.18729,4.9068904,0.17864154
mit,rl,0.19184,0.17985453,0.032560006,0.18206,4.9068904,0.10947814
mit,all,0.17482,0.1419535,0.01455,0.16214,4.9068904,0.18129124
all,call4,0.17464,0.16378893,0.008790001,0.16273,4.9068904,0.10416848
