X var,Y var,MIC (strength),MIC-p^2 (nonlinearity),MAS (non-monotonicity),MEV (functionality),MCN (complexity),Linear regression (p)
call4,rl,0.36539,0.12235452,0.02985999,0.32369,3.5849626,0.4929863
mit,all,0.29223,0.25380668,0.035679996,0.23805,3.5849626,0.19601873
mit,rl,0.27497,0.25716084,0.1312,0.24174,3.5849626,0.1334509
all,call4,0.26892,0.14656916,0.055519998,0.23045,3.5849626,0.34978685
all,rl,0.25558,0.044364095,0.036230013,0.20715,3.5849626,0.45958233
mit,call4,0.24958,0.21741708,0.031150006,0.21485,3.5849626,0.17934024
