X var,Y var,MIC (strength),MIC-p^2 (nonlinearity),MAS (non-monotonicity),MEV (functionality),MCN (complexity),Linear regression (p)
call4,rl,0.18043,0.1556213,0.059699997,0.18043,3.321928,0.15750776
all,rl,0.11535,-0.08525861,0.020580001,0.10778,3.5849626,0.44789353
mit,rl,0.04693,0.030890033,0.01657,0.04693,3.0,-0.12664899
mit,call4,0.03036,0.010812582,0.005000001,0.03036,2.5849626,-0.13981208
mit,all,0.02851,0.019530667,0.0,0.02851,2.0,-0.094759345
all,call4,0.01292,0.010513371,0.00428,0.01292,2.5849626,-0.0490574
