X var,Y var,MIC (strength),MIC-p^2 (nonlinearity),MAS (non-monotonicity),MEV (functionality),MCN (complexity),Linear regression (p)
call4,rl,0.29137,0.13630533,0.056539997,0.28057,4.9068904,0.39378253
all,rl,0.21667,0.20860551,0.04197,0.20723,4.9068904,0.08980253
mit,all,0.20894,0.17556027,0.025509998,0.19691,4.9068904,0.18270122
mit,rl,0.20187,0.19374382,0.03012,0.19018,4.9068904,0.09014527
mit,call4,0.19469,0.16554223,0.03162001,0.18403,4.9068904,0.17072718
all,call4,0.17959,0.17941412,0.010399997,0.16851,4.9068904,0.013261929
