X var,Y var,MIC (strength),MIC-p^2 (nonlinearity),MAS (non-monotonicity),MEV (functionality),MCN (complexity),Linear regression (p)
mit,all,0.28799,0.24464352,0.04287,0.28799,4.0,0.20819817
call4,rl,0.27951,0.13485639,0.03694001,0.27951,4.0,0.38033354
mit,call4,0.27629,0.19836935,0.057820007,0.27629,4.0,0.2791427
all,rl,0.26633,0.2202662,0.092,0.26633,4.0,0.21462479
all,call4,0.23978,0.23615788,0.026049986,0.23978,4.0,0.060183976
mit,rl,0.23375,0.17082259,0.019170001,0.23375,4.0,0.25085336
