X var,Y var,MIC (strength),MIC-p^2 (nonlinearity),MAS (non-monotonicity),MEV (functionality),MCN (complexity),Linear regression (p)
mit,call4,0.25907,0.2493674,0.11285001,0.25846,3.5849626,0.09850179
all,rl,0.15368,0.113777705,0.02696,0.15368,3.321928,0.19975558
mit,rl,0.09861,0.08340178,0.036939997,0.08649,3.5849626,-0.12332162
all,call4,0.09486,0.093893334,0.044390004,0.09486,2.5849626,0.031091264
call4,rl,0.09272,0.08308523,0.031820003,0.07458,3.5849626,-0.09815688
mit,all,0.08602,0.0857801,0.04949,0.08251,3.5849626,-0.015488733
