X var,Y var,MIC (strength),MIC-p^2 (nonlinearity),MAS (non-monotonicity),MEV (functionality),MCN (complexity),Linear regression (p)
call4,rl,0.26336,0.1794132,0.030449994,0.25189,4.9068904,0.28973573
all,rl,0.21735,0.19163722,0.032029994,0.20752,4.9068904,0.16035207
mit,rl,0.2046,0.20014149,0.05914001,0.19217,4.9068904,0.06677209
mit,call4,0.19026,0.16245352,0.024489999,0.18097,4.9068904,0.16675273
all,call4,0.18528,0.18245743,0.017690003,0.17347,4.9068904,0.05312775
mit,all,0.16999,0.14924386,0.013810001,0.16031,4.9068904,0.14403522
