X var,Y var,MIC (strength),MIC-p^2 (nonlinearity),MAS (non-monotonicity),MEV (functionality),MCN (complexity),Linear regression (p)
call4,rl,0.0552,0.00647958,0.020659998,0.0552,3.321928,0.22072703
all,call4,0.0443,0.006924644,0.00852,0.0443,2.5849626,0.19332707
mit,rl,0.02888,0.01635011,0.0,0.02888,2.0,-0.111936994
mit,call4,0.01384,0.005927004,0.0,0.01384,2.0,-0.08895502
all,rl,0.01037,0.005747701,0.0,0.01037,2.0,-0.067987494
mit,all,0.00815,0.004908898,0.0,0.00815,2.0,-0.056930676
