X var,Y var,MIC (strength),MIC-p^2 (nonlinearity),MAS (non-monotonicity),MEV (functionality),MCN (complexity),Linear regression (p)
mit,call4,0.28895,0.2411471,0.10826999,0.25263,3.5849626,0.21863873
mit,all,0.2307,0.2193154,0.050510004,0.22814,3.5849626,0.10669867
mit,rl,0.18967,0.13212845,0.04597999,0.1662,3.5849626,0.23987818
all,call4,0.17527,0.1312846,0.04011,0.17523,3.5849626,0.20972697
call4,rl,0.13136,0.108197026,0.045129992,0.09995,3.5849626,0.15219384
all,rl,0.11649,0.10463106,0.02668,0.10866,3.5849626,0.10889877
