X var,Y var,MIC (strength),MIC-p^2 (nonlinearity),MAS (non-monotonicity),MEV (functionality),MCN (complexity),Linear regression (p)
mit,call4,0.23094,-0.034590736,0.056099996,0.21781,4.9068904,0.51529676
all,rl,0.19289,0.080895424,0.02576001,0.18267,4.9068904,0.3346559
mit,all,0.19242,-0.23705804,0.020630002,0.18085,4.9068904,0.65534574
mit,rl,0.18608,-0.03924066,0.024690002,0.1753,4.9068904,0.47467953
call4,rl,0.1859,-0.14371637,0.019320004,0.17632,4.9068904,0.57412225
all,call4,0.17544,-0.07085809,0.014460012,0.16501,4.9068904,0.49628428
