X var,Y var,MIC (strength),MIC-p^2 (nonlinearity),MAS (non-monotonicity),MEV (functionality),MCN (complexity),Linear regression (p)
mit,call4,0.34855,0.033006966,0.07180001,0.28995,3.5849626,0.5617322
all,call4,0.34713,0.05650994,0.10767999,0.31809,3.5849626,0.5390919
mit,rl,0.31487,0.18810768,0.09012,0.24309,3.5849626,0.35603696
call4,rl,0.27722,0.121939704,0.026439995,0.23466,3.5849626,0.39405623
mit,all,0.27082,0.01630488,0.026309997,0.24192,3.5849626,0.5044949
all,rl,0.26489,0.15531364,0.07468,0.23401,3.5849626,0.3310232
