X var,Y var,MIC (strength),MIC-p^2 (nonlinearity),MAS (non-monotonicity),MEV (functionality),MCN (complexity),Linear regression (p)
call4,rl,0.27658,0.16117993,0.06542,0.27658,4.0,0.33970585
mit,call4,0.25444,0.20551312,0.09099,0.25444,4.0,0.22119422
all,rl,0.2091,0.16073634,0.052290007,0.2091,4.0,0.21991737
mit,rl,0.19879,0.14444739,0.03937,0.19879,4.0,0.23311503
mit,all,0.19474,0.17680395,0.067480005,0.19474,4.0,0.13392557
all,call4,0.17887,0.1643622,0.07903001,0.17887,4.0,0.12044832
