X var,Y var,MIC (strength),MIC-p^2 (nonlinearity),MAS (non-monotonicity),MEV (functionality),MCN (complexity),Linear regression (p)
all,rl,0.59618,-0.051817715,0.08109003,0.58805,4.9068904,0.8049831
all,call4,0.24202,0.18285699,0.019430004,0.22995,4.9068904,0.24323447
call4,rl,0.22978,0.21880978,0.05336,0.21656,4.9068904,0.104738824
mit,call4,0.22917,0.21934612,0.05626999,0.21771,4.9068904,0.09911545
mit,all,0.18794,0.17296708,0.0073099956,0.17796,4.9068904,0.122363925
mit,rl,0.18697,0.16612206,0.020149998,0.17618,4.9068904,0.14438814
