X var,Y var,MIC (strength),MIC-p^2 (nonlinearity),MAS (non-monotonicity),MEV (functionality),MCN (complexity),Linear regression (p)
call4,rl,0.34745,0.12502412,0.07093999,0.29863,3.5849626,0.47162047
all,rl,0.24159,0.08276397,0.07509999,0.21946,3.5849626,0.39852983
mit,call4,0.19993,0.15542936,0.013959996,0.16213,3.5849626,0.21095175
mit,all,0.19627,0.09288037,0.022460006,0.18795,3.5849626,0.3215426
all,call4,0.19361,0.1211373,0.021380007,0.17604,3.5849626,0.26920754
mit,rl,0.16547,0.15536657,0.026400004,0.1354,3.5849626,0.10051587
