X var,Y var,MIC (strength),MIC-p^2 (nonlinearity),MAS (non-monotonicity),MEV (functionality),MCN (complexity),Linear regression (p)
mit,all,0.42113,0.39462978,0.07764,0.35046,3.5849626,0.16278885
mit,call4,0.34992,0.289516,0.11542,0.29685,3.5849626,0.24577224
mit,rl,0.28899,0.20933574,0.066599995,0.2337,3.5849626,0.28223082
all,rl,0.24436,0.2190625,0.05764,0.19672,3.5849626,0.15905185
all,call4,0.23313,0.17773874,0.05439,0.19895,3.5849626,0.23535347
call4,rl,0.21519,0.18443212,0.015239999,0.16908,3.5849626,0.17537922
