X var,Y var,MIC (strength),MIC-p^2 (nonlinearity),MAS (non-monotonicity),MEV (functionality),MCN (complexity),Linear regression (p)
mit,call4,0.26025,0.06140299,0.020340003,0.26025,4.0,0.44592264
call4,rl,0.23551,-0.036210075,0.04719001,0.23551,4.0,0.5212678
mit,rl,0.23098,0.030475006,0.045840003,0.23098,4.0,0.44777784
mit,all,0.22615,0.027450785,0.038210005,0.22615,4.0,0.4457569
all,call4,0.21389,0.041325167,0.04918,0.21389,4.0,0.41540924
all,rl,0.20583,0.069861785,0.054769993,0.20583,4.0,0.36873868
