X var,Y var,MIC (strength),MIC-p^2 (nonlinearity),MAS (non-monotonicity),MEV (functionality),MCN (complexity),Linear regression (p)
mit,call4,0.57086,0.3073132,0.13290003,0.53037,3.5849626,0.5133681
all,rl,0.52519,0.31559342,0.08366001,0.48943,3.5849626,0.4578172
all,call4,0.38933,0.37401515,0.2784,0.35444,3.5849626,-0.12375323
mit,all,0.32276,0.23685741,0.15072998,0.29419,3.5849626,-0.29309142
mit,rl,0.20436,0.20433253,0.075619996,0.16318,3.5849626,0.0052412
call4,rl,0.14944,0.14301401,0.040980004,0.14944,2.5849626,-0.08016224
