X var,Y var,MIC (strength),MIC-p^2 (nonlinearity),MAS (non-monotonicity),MEV (functionality),MCN (complexity),Linear regression (p)
call4,rl,0.27949,0.1371854,0.030369997,0.26885,4.9068904,0.37723282
all,rl,0.21539,0.2062016,0.013469994,0.20457,4.9068904,0.09585613
mit,call4,0.20425,0.1751611,0.015689999,0.1909,4.9068904,0.17055468
mit,rl,0.1828,0.17646404,0.011750005,0.17315,4.9068904,0.07959877
mit,all,0.17098,0.14744022,0.02398,0.1613,4.9068904,0.15342678
all,call4,0.16886,0.16870835,0.0049899984,0.15784,4.9068904,0.012314742
