X var,Y var,MIC (strength),MIC-p^2 (nonlinearity),MAS (non-monotonicity),MEV (functionality),MCN (complexity),Linear regression (p)
all,rl,0.42068,0.41256315,0.024940014,0.3916,3.5849626,0.090093516
mit,call4,0.404,0.39251363,0.16337001,0.38763,3.5849626,-0.10717457
all,call4,0.3357,0.11114669,0.0792,0.32727,3.5849626,0.47387058
mit,all,0.2609,0.09771912,0.049710006,0.2142,3.5849626,0.40395653
mit,rl,0.18921,0.18476659,0.07491,0.16017,3.5849626,-0.06665884
call4,rl,0.13905,0.12665772,0.06012001,0.13905,3.321928,0.111320615
