X var,Y var,MIC (strength),MIC-p^2 (nonlinearity),MAS (non-monotonicity),MEV (functionality),MCN (complexity),Linear regression (p)
all,rl,0.25716,-0.038525313,0.06579001,0.20396,3.5849626,0.54376954
call4,rl,0.25525,0.1766926,0.054130003,0.2354,3.5849626,0.28028095
all,call4,0.22981,0.15191509,0.07616,0.19965,3.5849626,0.2790966
mit,all,0.20707,0.20436558,0.10218,0.16841,3.5849626,0.05200391
mit,call4,0.19602,0.19544342,0.104380004,0.17189,3.5849626,0.02401215
mit,rl,0.13496,0.13484304,0.031670004,0.1189,3.5849626,-0.010814536
