X var,Y var,MIC (strength),MIC-p^2 (nonlinearity),MAS (non-monotonicity),MEV (functionality),MCN (complexity),Linear regression (p)
mit,call4,0.33856,0.3047933,0.11876999,0.32107,3.5849626,0.18375713
call4,rl,0.29781,0.29751703,0.09030999,0.26327,3.5849626,0.017115824
mit,all,0.27987,0.25035018,0.043740004,0.24024,3.5849626,0.17181337
all,rl,0.24982,0.2484099,0.04914999,0.21301,3.5849626,0.037551273
mit,rl,0.21802,0.18343312,0.029710002,0.19971,3.5849626,0.18597554
all,call4,0.19829,0.12791692,0.028290004,0.17173,3.5849626,0.26527926
