X var,Y var,MIC (strength),MIC-p^2 (nonlinearity),MAS (non-monotonicity),MEV (functionality),MCN (complexity),Linear regression (p)
call4,rl,0.35208,0.25748518,0.054389983,0.32319,3.5849626,0.30756268
all,call4,0.28217,0.26851743,0.05771999,0.2187,3.5849626,0.11684419
mit,call4,0.28114,0.18003812,0.042589992,0.23883,3.5849626,0.3179652
all,rl,0.25338,-0.13839322,0.07603,0.25191,3.5849626,0.6259179
mit,all,0.19095,0.19093955,0.07417001,0.13863,3.5849626,0.0032340817
mit,rl,0.18693,0.18382625,0.07168,0.15708,3.5849626,0.055711232
