X var,Y var,MIC (strength),MIC-p^2 (nonlinearity),MAS (non-monotonicity),MEV (functionality),MCN (complexity),Linear regression (p)
call4,rl,0.25203,0.16915157,0.07793999,0.21092,3.5849626,0.2878861
all,rl,0.2036,0.004798323,0.041500002,0.17957,3.5849626,0.44587183
mit,rl,0.16412,0.09385171,0.061100006,0.14322,3.5849626,0.26508167
mit,call4,0.12778,0.12426698,0.05273001,0.11503,3.5849626,-0.059270766
all,call4,0.117,0.115831874,0.055209998,0.117,3.0,-0.034177836
mit,all,0.04365,0.032570228,0.0018000007,0.04365,3.0,-0.10526049
