X var,Y var,MIC (strength),MIC-p^2 (nonlinearity),MAS (non-monotonicity),MEV (functionality),MCN (complexity),Linear regression (p)
all,rl,0.28325,0.24382955,0.040790007,0.28325,4.0,0.19854584
call4,rl,0.25695,0.19078067,0.033389993,0.25695,4.0,0.25723398
mit,call4,0.24882,0.20439334,0.03320001,0.24882,4.0,0.21077634
mit,rl,0.21372,0.16222996,0.02442,0.21372,4.0,0.22691418
mit,all,0.19693,0.1912242,0.05777,0.19693,4.0,0.07553682
all,call4,0.18805,0.18447232,0.04525,0.18805,4.0,0.059813693
