X var,Y var,MIC (strength),MIC-p^2 (nonlinearity),MAS (non-monotonicity),MEV (functionality),MCN (complexity),Linear regression (p)
call4,rl,0.3424,0.2734676,0.11607002,0.3424,4.0,0.26254982
mit,call4,0.29614,0.25172296,0.11099,0.29614,4.0,0.21075349
all,rl,0.25237,0.1985948,0.057400003,0.25237,4.0,0.2318948
mit,all,0.24512,0.21940166,0.09052001,0.24512,4.0,0.16036943
mit,rl,0.23695,0.17333522,0.03667,0.23695,4.0,0.25221968
all,call4,0.21622,0.2151353,0.030360013,0.21622,4.0,0.032934826
