X var,Y var,MIC (strength),MIC-p^2 (nonlinearity),MAS (non-monotonicity),MEV (functionality),MCN (complexity),Linear regression (p)
mit,all,0.3617,0.29947838,0.11268,0.30056,3.5849626,0.24944259
call4,rl,0.3324,0.16832078,0.05947998,0.2771,3.5849626,0.40506694
all,rl,0.30335,0.15178257,0.047859997,0.25716,3.5849626,0.38931662
all,call4,0.29464,0.25017422,0.103530005,0.25297,3.5849626,0.21086912
mit,rl,0.27505,0.2721052,0.057930008,0.23702,3.5849626,0.054266218
mit,call4,0.23596,0.16519555,0.05899,0.19716,3.5849626,0.2660159
