X var,Y var,MIC (strength),MIC-p^2 (nonlinearity),MAS (non-monotonicity),MEV (functionality),MCN (complexity),Linear regression (p)
mit,all,0.36312,0.33288777,0.18783998,0.33626,3.5849626,0.17387415
call4,rl,0.27392,0.06688054,0.03353001,0.23946,3.5849626,0.4550159
mit,call4,0.24079,0.1490608,0.065359995,0.20708,3.5849626,0.30286828
all,rl,0.21113,0.036758915,0.015720002,0.17635,3.5849626,0.41757762
mit,rl,0.21081,0.13938847,0.014230005,0.18223,3.5849626,0.2672481
all,call4,0.2087,0.03601986,0.039800003,0.17198,3.5849626,0.415548
