X var,Y var,MIC (strength),MIC-p^2 (nonlinearity),MAS (non-monotonicity),MEV (functionality),MCN (complexity),Linear regression (p)
all,call4,0.36423,0.20645525,0.1307,0.309,3.5849626,0.39720872
mit,all,0.27855,0.24093425,0.061050013,0.23904,3.5849626,0.1939478
call4,rl,0.25356,0.2511294,0.04128,0.20721,3.5849626,0.049301315
mit,call4,0.25233,0.21758711,0.022799999,0.22228,3.5849626,0.18639444
all,rl,0.24019,0.23006013,0.04845999,0.21044,3.5849626,0.10064727
mit,rl,0.196,0.15785605,0.025810003,0.16659,3.5849626,0.19530477
