X var,Y var,MIC (strength),MIC-p^2 (nonlinearity),MAS (non-monotonicity),MEV (functionality),MCN (complexity),Linear regression (p)
mit,rl,0.29889,0.29231182,0.06046,0.27357,3.5849626,0.08110601
mit,all,0.28331,0.23947282,0.17234999,0.24154,3.5849626,0.20937328
call4,rl,0.22848,0.18719226,0.16501,0.202,3.5849626,0.20319386
mit,call4,0.22394,0.17070533,0.084989995,0.19953,3.5849626,-0.23072639
all,rl,0.20109,0.20033996,0.16279,0.17519,3.5849626,0.027386863
all,call4,0.01439,0.0051232,0.0,0.01439,2.0,-0.09626422
