X var,Y var,MIC (strength),MIC-p^2 (nonlinearity),MAS (non-monotonicity),MEV (functionality),MCN (complexity),Linear regression (p)
call4,rl,0.2401,0.148913,0.019610003,0.22917,4.9068904,0.30197185
mit,rl,0.21521,0.20920312,0.026490003,0.20345,4.9068904,0.077504046
all,rl,0.20971,0.1866882,0.014160007,0.19728,4.9068904,0.15172936
mit,call4,0.19624,0.16836339,0.024239987,0.18384,4.9068904,0.16696288
all,call4,0.18102,0.17851545,0.0065400004,0.16971,4.9068904,0.050045624
mit,all,0.17563,0.15580781,0.019819997,0.16848,4.9068904,0.14079133
