X var,Y var,MIC (strength),MIC-p^2 (nonlinearity),MAS (non-monotonicity),MEV (functionality),MCN (complexity),Linear regression (p)
mit,call4,0.06722,0.004195802,0.0026500002,0.06722,3.0,0.2510462
all,rl,0.04383,0.013141325,0.0,0.04383,2.0,-0.17518184
mit,all,0.0393,0.007264506,0.0035999976,0.0393,2.5849626,-0.17898461
mit,rl,0.0362,0.034025755,0.007240001,0.03567,3.169925,-0.04662883
all,call4,0.02665,0.026486224,0.0042700004,0.02665,2.5849626,0.012797512
call4,rl,0.02021,0.018442571,0.007929999,0.02021,2.5849626,0.042040806
