X var,Y var,MIC (strength),MIC-p^2 (nonlinearity),MAS (non-monotonicity),MEV (functionality),MCN (complexity),Linear regression (p)
all,rl,0.32437,-0.07786569,0.06327,0.32437,4.0,0.63422054
mit,rl,0.2379,0.22700249,0.05076,0.2379,4.0,-0.104391195
mit,all,0.20086,0.15921383,0.029489998,0.20086,4.0,-0.20407392
all,call4,0.06905,0.06904423,0.05545,0.06905,2.5849626,-0.0024008015
mit,call4,0.06905,0.0414204,0.029829998,0.06905,2.5849626,-0.16622154
call4,rl,0.04628,0.045225002,0.03787,0.04628,2.5849626,-0.03248073
