X var,Y var,MIC (strength),MIC-p^2 (nonlinearity),MAS (non-monotonicity),MEV (functionality),MCN (complexity),Linear regression (p)
call4,rl,0.20938,0.099904,0.062659994,0.1908,3.5849626,0.33087158
all,call4,0.20821,0.18023397,0.07952,0.18704,3.5849626,0.1672604
mit,rl,0.20531,0.173209,0.028150007,0.16589,3.5849626,0.17916754
all,rl,0.18989,0.15854676,0.03910999,0.14877,3.5849626,0.17704022
mit,all,0.09606,0.07921028,0.01199,0.09606,3.0,-0.12980647
mit,call4,0.08581,0.08506434,0.013560001,0.06739,3.5849626,-0.027306776
