X var,Y var,MIC (strength),MIC-p^2 (nonlinearity),MAS (non-monotonicity),MEV (functionality),MCN (complexity),Linear regression (p)
all,rl,0.60035,-0.103165865,0.10223997,0.59947,4.9068904,0.8387585
mit,call4,0.24478,0.23897696,0.058720008,0.23576,4.9068904,-0.076177694
all,call4,0.24163,0.22627304,0.034470007,0.23484,4.9068904,0.12392318
call4,rl,0.21394,0.21157992,0.031280003,0.2076,4.9068904,0.048580587
mit,all,0.17656,0.17533943,0.014600001,0.16577,4.9068904,-0.034936685
mit,rl,0.16242,0.16116992,0.025400005,0.15298,4.9068904,-0.035356503
