X var,Y var,MIC (strength),MIC-p^2 (nonlinearity),MAS (non-monotonicity),MEV (functionality),MCN (complexity),Linear regression (p)
call4,rl,0.27209,0.1395588,0.04621999,0.23381,3.5849626,0.36404833
mit,call4,0.25136,0.1672261,0.071119994,0.22229,3.5849626,0.29005843
mit,all,0.24611,0.067646384,0.046350002,0.20475,3.5849626,0.42244956
all,rl,0.24561,0.1874423,0.071559995,0.21584,3.5849626,0.2411798
mit,rl,0.22225,0.05861841,0.036459997,0.19233,3.5849626,0.404514
all,call4,0.21062,0.12378753,0.018549994,0.18073,3.5849626,0.2946735
