X var,Y var,MIC (strength),MIC-p^2 (nonlinearity),MAS (non-monotonicity),MEV (functionality),MCN (complexity),Linear regression (p)
all,rl,0.63837,-0.004619956,0.022249997,0.62684,4.9068904,0.80186653
all,call4,0.29252,0.2692596,0.014310002,0.28249,4.9068904,0.1525136
mit,rl,0.23405,0.2073173,0.040250003,0.22237,4.9068904,-0.1635014
call4,rl,0.23391,0.23216604,0.020770006,0.22273,4.9068904,0.04176077
mit,all,0.22723,0.20552872,0.03637,0.21826,4.9068904,-0.14731355
mit,call4,0.21156,0.19492641,0.0142600015,0.20042,4.9068904,-0.12897123
