X var,Y var,MIC (strength),MIC-p^2 (nonlinearity),MAS (non-monotonicity),MEV (functionality),MCN (complexity),Linear regression (p)
call4,rl,0.33015,0.29569882,0.061920002,0.33015,4.0,0.18561031
all,rl,0.29179,0.2510596,0.09225999,0.29179,4.0,0.2018178
mit,all,0.24455,0.22838734,0.048559994,0.24455,4.0,0.12713246
mit,rl,0.21934,0.16148052,0.05183,0.21934,4.0,0.24053997
mit,call4,0.21645,0.18449378,0.03830999,0.21645,4.0,0.17876305
all,call4,0.19259,0.19248116,0.015110001,0.19259,4.0,0.01043269
