X var,Y var,MIC (strength),MIC-p^2 (nonlinearity),MAS (non-monotonicity),MEV (functionality),MCN (complexity),Linear regression (p)
call4,rl,0.38092,0.10826725,0.08886999,0.33356,3.5849626,0.5221616
mit,rl,0.26196,0.23444459,0.06990999,0.2207,3.5849626,0.1658777
all,rl,0.22976,-0.029181883,0.02628,0.19641,3.5849626,0.50886333
mit,call4,0.22676,0.1518366,0.051469997,0.1969,3.5849626,0.27372137
mit,all,0.21712,0.10754723,0.048970014,0.18084,3.5849626,0.3310178
all,call4,0.21388,0.1911474,0.034490004,0.17276,3.5849626,0.15077336
