X var,Y var,MIC (strength),MIC-p^2 (nonlinearity),MAS (non-monotonicity),MEV (functionality),MCN (complexity),Linear regression (p)
mit,call4,0.28386,0.23346667,0.0679,0.28386,4.0,0.22448458
mit,all,0.27251,0.2369581,0.013130002,0.27251,4.0,0.1885521
all,rl,0.26315,0.21615931,0.060730003,0.26315,4.0,0.21677338
call4,rl,0.26093,0.2035822,0.054739997,0.26093,4.0,0.239474
all,call4,0.22835,0.22805673,0.06767,0.22835,4.0,0.01712529
mit,rl,0.22293,0.17895629,0.025460005,0.22293,4.0,0.2096991
