X var,Y var,MIC (strength),MIC-p^2 (nonlinearity),MAS (non-monotonicity),MEV (functionality),MCN (complexity),Linear regression (p)
all,rl,0.27954,0.117607996,0.033149995,0.26788,4.9068904,0.40240777
mit,rl,0.2265,0.21336897,0.041890003,0.21021,4.9068904,0.114590764
call4,rl,0.20566,0.20518723,0.033630013,0.19523,4.9068904,-0.021743279
mit,all,0.19996,0.19905274,0.030249998,0.19196,4.9068904,0.03012061
mit,call4,0.197,0.1754762,0.02583,0.18545,4.9068904,-0.14670995
all,call4,0.19415,0.19225173,0.02279,0.18234,4.9068904,0.043569256
