X var,Y var,MIC (strength),MIC-p^2 (nonlinearity),MAS (non-monotonicity),MEV (functionality),MCN (complexity),Linear regression (p)
all,rl,0.30745,0.26613808,0.10724999,0.30745,4.0,0.2032533
mit,call4,0.29789,0.2628566,0.030620009,0.29789,4.0,0.18717209
mit,all,0.28365,0.24227908,0.03035,0.28365,4.0,0.20339847
mit,rl,0.25621,0.22318187,0.04979001,0.25621,4.0,0.18173641
call4,rl,0.24357,0.2119644,0.032230005,0.24357,4.0,0.17777964
all,call4,0.21769,0.2167494,0.03869,0.21769,4.0,0.0306694
