X var,Y var,MIC (strength),MIC-p^2 (nonlinearity),MAS (non-monotonicity),MEV (functionality),MCN (complexity),Linear regression (p)
mit,call4,0.29903,0.112995625,0.054230005,0.25777,3.5849626,0.43131703
mit,rl,0.2605,0.22302818,0.11240001,0.22531,3.5849626,0.19357644
all,call4,0.25325,0.14559174,0.057370007,0.20787,3.5849626,0.3281132
call4,rl,0.20946,0.1302957,0.049769998,0.19466,3.5849626,0.28136155
mit,all,0.19606,0.04827255,0.034800008,0.15508,3.5849626,0.38443133
all,rl,0.19194,0.13398616,0.03397,0.16246,3.5849626,0.24073604
