X var,Y var,MIC (strength),MIC-p^2 (nonlinearity),MAS (non-monotonicity),MEV (functionality),MCN (complexity),Linear regression (p)
call4,rl,0.26626,0.18443802,0.034229994,0.26626,4.0,0.28604543
all,call4,0.24538,0.23236561,0.026519999,0.24538,4.0,0.11408064
mit,rl,0.23348,0.16829841,0.04805,0.23348,4.0,0.25530687
mit,call4,0.2249,0.15210244,0.056820005,0.2249,4.0,0.26981026
mit,all,0.22049,0.17648396,0.028589997,0.22049,4.0,0.20977616
all,rl,0.19796,0.1642263,0.011640001,0.19796,4.0,0.1836674
