X var,Y var,MIC (strength),MIC-p^2 (nonlinearity),MAS (non-monotonicity),MEV (functionality),MCN (complexity),Linear regression (p)
mit,rl,0.11058,0.071366906,0.03198,0.08116,3.5849626,0.19802295
mit,call4,0.07157,0.07116821,0.020430002,0.059,3.5849626,0.020044817
call4,rl,0.06798,0.0599464,0.04558,0.06798,3.0,-0.08963035
all,call4,0.05617,0.055902753,0.030410001,0.05617,2.5849626,-0.016347721
mit,all,0.04611,0.039023943,0.01984,0.04426,3.5849626,0.08417873
all,rl,0.01968,0.008356335,0.0,0.01968,2.0,-0.106412716
