X var,Y var,MIC (strength),MIC-p^2 (nonlinearity),MAS (non-monotonicity),MEV (functionality),MCN (complexity),Linear regression (p)
all,rl,0.31843,-0.5748463,0.09159,0.31843,4.0,0.945133
mit,rl,0.19296,0.16596839,0.07909999,0.19296,4.0,-0.16429122
mit,all,0.1922,0.14961022,0.027539998,0.1922,4.0,-0.20637293
call4,rl,0.12148,-0.7072957,0.022770002,0.12148,3.0,0.9103712
all,call4,0.12148,-0.5888681,0.052430004,0.12148,3.0,0.8428215
mit,call4,0.12148,0.09665115,0.052430004,0.12148,3.0,-0.15757173
