X var,Y var,MIC (strength),MIC-p^2 (nonlinearity),MAS (non-monotonicity),MEV (functionality),MCN (complexity),Linear regression (p)
all,rl,0.62059,-0.1003772,0.03723997,0.60952,4.9068904,0.84909785
all,call4,0.30076,0.19468176,0.052139997,0.29081,4.9068904,0.32569653
mit,all,0.28276,0.22170421,0.035610005,0.27336,4.9068904,0.24709468
mit,call4,0.26636,0.18312867,0.06311001,0.25225,4.9068904,0.28849843
mit,rl,0.22895,0.19856727,0.027479991,0.21815,4.9068904,0.17430642
call4,rl,0.22429,0.15666911,0.011299998,0.21283,4.9068904,0.26004016
