X var,Y var,MIC (strength),MIC-p^2 (nonlinearity),MAS (non-monotonicity),MEV (functionality),MCN (complexity),Linear regression (p)
mit,all,0.39277,0.096551865,0.15197,0.32834,3.5849626,0.54425925
mit,call4,0.37954,0.0071498454,0.17762999,0.33001,3.5849626,0.6102378
mit,rl,0.30898,0.16349159,0.09855999,0.26863,3.5849626,0.3814294
all,rl,0.29842,0.17707784,0.07466999,0.25583,3.5849626,0.34834203
all,call4,0.29496,-0.002891302,0.037559994,0.25287,3.5849626,0.54575753
call4,rl,0.23041,0.011121228,0.02342999,0.18681,3.5849626,0.4682828
