X var,Y var,MIC (strength),MIC-p^2 (nonlinearity),MAS (non-monotonicity),MEV (functionality),MCN (complexity),Linear regression (p)
all,rl,0.47808,-0.2557269,0.037100017,0.46886,4.9068904,0.8566253
mit,call4,0.27456,0.27216902,0.022,0.25977,4.9068904,-0.048897687
all,call4,0.22959,0.22890826,0.05177,0.2185,4.9068904,0.026110303
mit,rl,0.2011,0.2001484,0.048470005,0.18957,4.9068904,-0.030848026
mit,all,0.19411,0.18843028,0.028449997,0.18185,4.9068904,-0.07536399
call4,rl,0.19406,0.1939828,0.013549998,0.18341,4.9068904,-0.008786273
