X var,Y var,MIC (strength),MIC-p^2 (nonlinearity),MAS (non-monotonicity),MEV (functionality),MCN (complexity),Linear regression (p)
all,rl,0.42533,-0.006011009,0.055560023,0.41089,4.9068904,0.6567656
call4,rl,0.22002,0.21539459,0.05719,0.20905,4.9068904,0.06801035
all,call4,0.20357,0.19466308,0.042749986,0.18887,4.9068904,0.09437644
mit,all,0.20031,0.20030399,0.02645,0.19141,4.9068904,0.0024549356
mit,call4,0.19609,0.19522198,0.020920001,0.1848,4.9068904,-0.029462209
mit,rl,0.18119,0.15907675,0.025749996,0.17147,4.9068904,-0.14870526
