X var,Y var,MIC (strength),MIC-p^2 (nonlinearity),MAS (non-monotonicity),MEV (functionality),MCN (complexity),Linear regression (p)
call4,rl,0.35123,0.16815738,0.08210999,0.31057,3.5849626,0.42786986
mit,all,0.31009,0.20827234,0.06843001,0.2584,3.5849626,0.31908882
mit,rl,0.29826,0.2117008,0.076570004,0.21779,3.5849626,0.29420945
all,call4,0.26904,0.117070034,0.033279985,0.20623,3.5849626,0.38983324
mit,call4,0.24726,0.123413675,0.039119996,0.21634,3.5849626,0.35191807
all,rl,0.22371,0.011001974,0.008359998,0.19466,3.5849626,0.4612028
