X var,Y var,MIC (strength),MIC-p^2 (nonlinearity),MAS (non-monotonicity),MEV (functionality),MCN (complexity),Linear regression (p)
all,rl,0.54576,-0.27483016,0.06066999,0.53424,4.9068904,0.9058643
all,call4,0.26096,0.26067865,0.022060007,0.25037,4.9068904,0.016774174
call4,rl,0.2601,0.26004905,0.023909993,0.2526,4.9068904,-0.0071392814
mit,call4,0.21919,0.21801852,0.031760007,0.207,4.9068904,-0.03422699
mit,all,0.19534,0.19356711,0.02279,0.18533,4.9068904,-0.04210562
mit,rl,0.19158,0.19112408,0.018999994,0.1803,4.9068904,-0.021352356
