X var,Y var,MIC (strength),MIC-p^2 (nonlinearity),MAS (non-monotonicity),MEV (functionality),MCN (complexity),Linear regression (p)
call4,rl,0.30087,0.046889752,0.04356999,0.28982,4.9068904,0.50396454
all,rl,0.22727,0.17224792,0.060190007,0.21619,4.9068904,0.23456788
mit,all,0.20031,0.12792584,0.025460005,0.18931,4.9068904,0.26904306
mit,rl,0.19642,0.17388587,0.016720004,0.18341,4.9068904,0.15011372
mit,call4,0.18557,0.14230235,0.024230003,0.17717,4.9068904,0.20800877
all,call4,0.18475,0.1623897,0.017620001,0.17127,4.9068904,0.14953364
