X var,Y var,MIC (strength),MIC-p^2 (nonlinearity),MAS (non-monotonicity),MEV (functionality),MCN (complexity),Linear regression (p)
mit,call4,0.3399,0.27549827,0.13595998,0.28613,3.5849626,-0.2537749
all,call4,0.30539,0.007116586,0.17536,0.25572,3.5849626,0.5461441
mit,all,0.28947,0.28278095,0.046740003,0.23325,3.5849626,-0.08178661
all,rl,0.24988,0.24109139,0.09501,0.23006,3.5849626,-0.093747586
mit,rl,0.235,0.21526581,0.036479995,0.19006,3.5849626,-0.14047845
call4,rl,0.083,0.05831071,0.015269995,0.083,3.0,-0.15712824
