X var,Y var,MIC (strength),MIC-p^2 (nonlinearity),MAS (non-monotonicity),MEV (functionality),MCN (complexity),Linear regression (p)
mit,call4,0.38724,0.34283757,0.20702,0.38724,4.0,0.21071886
mit,rl,0.26387,0.22877672,0.09398,0.26387,4.0,0.18733202
all,rl,0.24675,0.19274494,0.08494,0.24675,4.0,0.2323899
call4,rl,0.24393,0.11291242,0.01157999,0.24393,4.0,0.3619635
mit,all,0.23667,0.21016258,0.08305,0.23667,4.0,0.162811
all,call4,0.2202,0.19679263,0.040259995,0.2202,4.0,0.15299466
