X var,Y var,MIC (strength),MIC-p^2 (nonlinearity),MAS (non-monotonicity),MEV (functionality),MCN (complexity),Linear regression (p)
mit,call4,0.24447,0.21812052,0.07913999,0.21629,3.5849626,0.16232526
mit,rl,0.22855,0.21385665,0.064840004,0.19401,3.5849626,0.121216156
all,call4,0.18961,0.179335,0.05328001,0.16045,3.5849626,0.101365715
all,rl,0.18446,0.17775178,0.059209995,0.17189,3.5849626,0.0819037
mit,all,0.16816,0.15612814,0.040900007,0.14254,3.5849626,-0.109689906
call4,rl,0.16471,0.15985215,0.016780004,0.14066,3.5849626,0.069698334
