X var,Y var,MIC (strength),MIC-p^2 (nonlinearity),MAS (non-monotonicity),MEV (functionality),MCN (complexity),Linear regression (p)
mit,rl,0.26411,0.23911068,0.066139996,0.26411,4.0,0.15811174
all,call4,0.23355,0.21828297,0.097049996,0.23355,4.0,0.123559825
all,rl,0.2239,0.20185436,0.08419001,0.2239,4.0,0.14847773
mit,all,0.21681,0.20542671,0.049089998,0.21681,4.0,0.1066925
mit,call4,0.20041,0.15617284,0.06460999,0.20041,4.0,0.2103263
call4,rl,0.19705,0.15845495,0.04979001,0.19705,4.0,0.19645624
