X var,Y var,MIC (strength),MIC-p^2 (nonlinearity),MAS (non-monotonicity),MEV (functionality),MCN (complexity),Linear regression (p)
call4,rl,0.28972,0.24908695,0.059070006,0.28972,4.0,0.20157644
mit,rl,0.26845,0.2079651,0.044860005,0.26845,4.0,0.24593677
mit,all,0.24798,0.22351542,0.036599994,0.24798,4.0,0.15641157
all,rl,0.22083,0.18424521,0.06085001,0.22083,4.0,0.19127147
mit,call4,0.20316,0.13108139,0.060709998,0.20316,4.0,0.2684746
all,call4,0.20017,0.19828823,0.016660005,0.20017,4.0,0.043379318
