X var,Y var,MIC (strength),MIC-p^2 (nonlinearity),MAS (non-monotonicity),MEV (functionality),MCN (complexity),Linear regression (p)
mit,rl,0.30282,0.24353822,0.10786,0.30282,4.0,-0.2434785
all,rl,0.25514,-0.3618617,0.03786999,0.25514,4.0,0.78549457
mit,all,0.19681,0.1421836,0.040460005,0.19681,4.0,-0.23372294
all,call4,0.06905,0.06607957,0.0446,0.06905,2.5849626,0.05450161
mit,call4,0.06905,0.065284126,0.05481,0.06905,2.5849626,-0.061366707
call4,rl,0.05252,0.05236476,0.03861,0.05252,2.5849626,-0.012459556
