X var,Y var,MIC (strength),MIC-p^2 (nonlinearity),MAS (non-monotonicity),MEV (functionality),MCN (complexity),Linear regression (p)
call4,rl,0.22243,-0.13986348,0.05258,0.2132,4.9068904,0.6019082
all,rl,0.21626,0.13914089,0.011539996,0.20618,4.9068904,0.2777033
mit,all,0.2093,-0.12704979,0.016320005,0.19955,4.9068904,0.5799567
mit,rl,0.19932,-4.7889352E-4,0.026120007,0.18688,4.9068904,0.4469887
mit,call4,0.1911,-0.04034722,0.02629,0.18094,4.9068904,0.48108962
all,call4,0.18652,-0.0113981515,0.051029995,0.17835,4.9068904,0.44487992
