X var,Y var,MIC (strength),MIC-p^2 (nonlinearity),MAS (non-monotonicity),MEV (functionality),MCN (complexity),Linear regression (p)
call4,rl,0.35345,0.033589065,0.10645001,0.35345,4.0,0.5655625
mit,call4,0.24716,0.05530207,0.06336999,0.24716,4.0,0.4380159
mit,rl,0.23609,0.036194354,0.045950003,0.23609,4.0,0.4470969
all,rl,0.2242,0.08648418,0.038680002,0.2242,4.0,0.3711008
mit,all,0.22335,0.024796888,0.025640003,0.22335,4.0,0.445593
all,call4,0.22019,0.10726551,0.06668,0.22019,4.0,0.3360424
