X var,Y var,MIC (strength),MIC-p^2 (nonlinearity),MAS (non-monotonicity),MEV (functionality),MCN (complexity),Linear regression (p)
call4,rl,0.39007,0.31952417,0.12776998,0.39007,4.0,0.26560465
all,rl,0.29511,0.23724711,0.09327999,0.29511,4.0,0.24054703
mit,rl,0.28279,0.20735526,0.060420007,0.28279,4.0,0.27465388
all,call4,0.22077,0.21810783,0.05685,0.22077,4.0,0.051596127
mit,call4,0.20228,0.14573742,0.028009996,0.20228,4.0,0.23778683
mit,all,0.19419,0.16474126,0.02335,0.19419,4.0,0.17160633
