X var,Y var,MIC (strength),MIC-p^2 (nonlinearity),MAS (non-monotonicity),MEV (functionality),MCN (complexity),Linear regression (p)
call4,rl,0.24347,0.18778488,0.0211,0.24347,4.0,0.23597695
all,rl,0.20751,0.18357186,0.04899,0.20751,4.0,0.15471952
all,call4,0.18995,0.18107851,0.03565999,0.18995,4.0,0.094188586
mit,call4,0.18721,0.12953147,0.05378,0.18721,4.0,0.24016352
mit,all,0.15477,0.15471368,0.0064499974,0.15477,4.0,-0.007505247
mit,rl,0.15398,0.14076175,0.029259998,0.15398,4.0,0.11497067
