X var,Y var,MIC (strength),MIC-p^2 (nonlinearity),MAS (non-monotonicity),MEV (functionality),MCN (complexity),Linear regression (p)
mit,rl,0.23326,0.22412391,0.03814,0.22109,4.9068904,0.09558291
call4,rl,0.23061,0.13293834,0.045149997,0.21955,4.9068904,0.31252465
all,rl,0.21183,0.15859216,0.026649997,0.20117,4.9068904,0.23073326
mit,call4,0.19544,0.16202578,0.031859994,0.18398,4.9068904,0.18279557
mit,all,0.18912,0.15371871,0.01906,0.17699,4.9068904,0.1881523
all,call4,0.18231,0.16669221,0.028470002,0.17136,4.9068904,0.12497115
