X var,Y var,MIC (strength),MIC-p^2 (nonlinearity),MAS (non-monotonicity),MEV (functionality),MCN (complexity),Linear regression (p)
call4,rl,0.27185,0.064275816,0.022009999,0.26191,4.9068904,0.4556031
all,rl,0.20467,0.16036752,0.018969998,0.19376,4.9068904,0.21048154
mit,all,0.20029,0.13211685,0.0112700015,0.19033,4.9068904,0.26109987
mit,rl,0.19498,0.1761449,0.0118700005,0.18296,4.9068904,0.13724102
all,call4,0.19316,0.17353342,0.015560001,0.18262,4.9068904,0.14009486
mit,call4,0.18338,0.14302106,0.022409998,0.17363,4.9068904,0.20089531
