X var,Y var,MIC (strength),MIC-p^2 (nonlinearity),MAS (non-monotonicity),MEV (functionality),MCN (complexity),Linear regression (p)
mit,all,0.27227,0.1629621,0.03306,0.27227,4.0,0.33061746
call4,rl,0.24694,0.10382141,0.020259999,0.24694,4.0,0.37831017
mit,call4,0.22138,0.10494045,0.051009998,0.22138,4.0,0.3412324
mit,rl,0.21917,0.07051645,0.019320004,0.21917,4.0,0.38555616
all,call4,0.19173,0.112768866,0.015220001,0.19173,4.0,0.28100023
all,rl,0.19121,0.1034199,0.031249993,0.19121,4.0,0.29629394
