X var,Y var,MIC (strength),MIC-p^2 (nonlinearity),MAS (non-monotonicity),MEV (functionality),MCN (complexity),Linear regression (p)
call4,rl,0.22554,0.15489839,0.020929992,0.21063,4.9068904,0.2657849
mit,call4,0.21247,0.18777692,0.056009993,0.20009,4.9068904,0.1571403
all,rl,0.21208,0.19274445,0.03400001,0.20016,4.9068904,0.13905232
mit,rl,0.20064,0.19728623,0.03604999,0.18886,4.9068904,0.057911657
all,call4,0.19524,0.19155356,0.011720002,0.18438,4.9068904,0.060716078
mit,all,0.15702,0.15121715,0.029919997,0.14759,4.9068904,0.07617651
