X var,Y var,MIC (strength),MIC-p^2 (nonlinearity),MAS (non-monotonicity),MEV (functionality),MCN (complexity),Linear regression (p)
mit,all,0.35369,0.3059792,0.09531999,0.27595,3.5849626,0.21842805
call4,rl,0.32083,0.19023372,0.025930002,0.28604,3.5849626,0.36138105
all,rl,0.31061,0.11478241,0.08567999,0.26775,3.5849626,0.4425241
all,call4,0.30962,0.23991646,0.13756,0.2663,3.5849626,0.26401427
mit,call4,0.30886,0.18808733,0.018739998,0.25452,3.5849626,0.34752363
mit,rl,0.23485,0.1298038,0.055940002,0.19582,3.5849626,0.3241083
