X var,Y var,MIC (strength),MIC-p^2 (nonlinearity),MAS (non-monotonicity),MEV (functionality),MCN (complexity),Linear regression (p)
mit,call4,0.28452,0.28351673,0.16692,0.26023,3.5849626,-0.03167446
all,rl,0.27621,0.2701543,0.025529996,0.24266,3.5849626,-0.07781841
mit,all,0.2528,-0.06528297,0.11035998,0.20694,3.5849626,0.56398845
all,call4,0.22386,0.20797259,0.059170008,0.20608,3.5849626,0.12604526
mit,rl,0.21985,0.2192148,0.031630002,0.18309,3.5849626,0.02520333
call4,rl,0.18597,0.1792841,0.094469994,0.15275,3.5849626,0.081767365
