X var,Y var,MIC (strength),MIC-p^2 (nonlinearity),MAS (non-monotonicity),MEV (functionality),MCN (complexity),Linear regression (p)
mit,rl,0.36625,0.269603,0.116,0.3142,3.5849626,0.31088102
all,rl,0.33242,0.30689925,0.1286,0.3101,3.5849626,0.15975212
mit,call4,0.31165,0.18545362,0.1297,0.28091,3.5849626,-0.3552413
mit,all,0.24816,0.22829115,0.06383,0.23636,3.5849626,-0.14095694
all,call4,0.23759,0.22846706,0.1442,0.2046,3.5849626,0.09551407
call4,rl,0.11184,0.095074095,0.05299,0.11184,3.0,-0.12948322
