X var,Y var,MIC (strength),MIC-p^2 (nonlinearity),MAS (non-monotonicity),MEV (functionality),MCN (complexity),Linear regression (p)
all,rl,0.41785,-0.062423408,0.076569974,0.41785,4.0,0.6930176
mit,all,0.26389,0.18279734,0.05317001,0.26389,4.0,-0.28476772
mit,rl,0.23583,0.16272037,0.07706,0.23583,4.0,-0.27038792
