X var,Y var,MIC (strength),MIC-p^2 (nonlinearity),MAS (non-monotonicity),MEV (functionality),MCN (complexity),Linear regression (p)
call4,rl,0.28805,0.14500394,0.029680006,0.27832,4.9068904,0.3782143
mit,all,0.24774,0.22527012,0.066929996,0.23495,4.9068904,0.14989957
mit,rl,0.20171,0.19520792,0.047920004,0.19014,4.9068904,0.08063548
mit,call4,0.18826,0.15818177,0.016329996,0.17808,4.9068904,0.17343077
all,rl,0.18387,0.17644683,0.008840002,0.17461,4.9068904,0.08615787
all,call4,0.16946,0.16941263,0.012929998,0.15716,4.9068904,0.0068824445
