X var,Y var,MIC (strength),MIC-p^2 (nonlinearity),MAS (non-monotonicity),MEV (functionality),MCN (complexity),Linear regression (p)
call4,rl,0.30109,0.20228758,0.038410008,0.30109,4.0,0.31432852
all,rl,0.26892,0.2443533,0.057069995,0.26892,4.0,0.15673769
mit,all,0.2424,0.23747785,0.02583,0.2424,4.0,0.07015809
mit,call4,0.23665,0.18155228,0.034500003,0.23665,4.0,0.23472905
mit,rl,0.20828,0.18608221,0.024609998,0.20828,4.0,0.14898919
all,call4,0.17699,0.1621155,0.019170001,0.17699,4.0,0.12196108
