X var,Y var,MIC (strength),MIC-p^2 (nonlinearity),MAS (non-monotonicity),MEV (functionality),MCN (complexity),Linear regression (p)
mit,call4,0.22175,-0.05890329,0.027879998,0.21218,4.9068904,0.5297672
mit,rl,0.22109,-0.025141254,0.026710004,0.20855,4.9068904,0.49621695
mit,all,0.20668,-0.13437772,0.04196,0.19281,4.9068904,0.5840015
all,rl,0.20294,0.04696347,0.032920003,0.19134,4.9068904,0.39493865
all,call4,0.20106,-0.030381173,0.022310004,0.19022,4.9068904,0.48108333
call4,rl,0.18986,-0.34669656,0.0397,0.17924,4.9068904,0.7325002
