X var,Y var,MIC (strength),MIC-p^2 (nonlinearity),MAS (non-monotonicity),MEV (functionality),MCN (complexity),Linear regression (p)
all,rl,0.18692,0.1546209,0.073070005,0.18692,4.0,0.17971951
call4,rl,0.14387,0.10013428,0.03361,0.14387,4.0,0.20913084
all,call4,0.12641,0.12400124,0.03779,0.12641,4.0,0.049079053
mit,rl,0.12583,0.09835724,0.015740007,0.12583,4.0,0.16574907
mit,call4,0.12393,0.07813483,0.055600002,0.12393,4.0,0.21399806
mit,all,0.07633,0.07603576,0.011879999,0.07633,4.0,0.017153284
