X var,Y var,MIC (strength),MIC-p^2 (nonlinearity),MAS (non-monotonicity),MEV (functionality),MCN (complexity),Linear regression (p)
call4,rl,0.28478,0.07409868,0.034780003,0.28478,4.0,0.45900035
all,rl,0.27941,0.18359824,0.10654001,0.27941,4.0,0.30953476
mit,call4,0.25634,0.12488477,0.05918999,0.25634,4.0,0.36256754
mit,rl,0.23236,0.08928284,0.04252,0.23236,4.0,0.37825543
mit,all,0.22566,0.10567838,0.027710006,0.22566,4.0,0.34638363
all,call4,0.22359,0.16829418,0.017679997,0.22359,4.0,0.23515064
