X var,Y var,MIC (strength),MIC-p^2 (nonlinearity),MAS (non-monotonicity),MEV (functionality),MCN (complexity),Linear regression (p)
call4,rl,0.22169,-0.019276783,0.039680004,0.22169,4.807355,0.49088368
all,rl,0.13128,0.055738807,0.042370006,0.12395,4.9068904,0.2748476
mit,all,0.12237,0.010047071,0.0383,0.11812,4.9068904,0.33514613
mit,rl,0.11344,0.06969766,0.022520006,0.11014,4.9068904,0.20914668
mit,call4,0.11165,0.040154696,0.017249994,0.10706,4.9068904,0.26738605
all,call4,0.10901,0.06905714,0.018030003,0.10356,4.9068904,0.19988212
