X var,Y var,MIC (strength),MIC-p^2 (nonlinearity),MAS (non-monotonicity),MEV (functionality),MCN (complexity),Linear regression (p)
call4,rl,0.34239,0.104748905,0.03290999,0.28389,3.5849626,0.48748446
all,call4,0.32892,0.10845944,0.043869987,0.28877,3.5849626,0.46953228
all,rl,0.29365,0.118245825,0.067619994,0.23313,3.5849626,0.4188128
mit,rl,0.2881,0.09715213,0.12945001,0.23755,3.5849626,0.43697584
mit,call4,0.27209,0.14370196,0.057449996,0.23836,3.5849626,0.35831276
mit,all,0.19412,-0.06275149,0.045709997,0.15121,3.5849626,0.5068249
