X var,Y var,MIC (strength),MIC-p^2 (nonlinearity),MAS (non-monotonicity),MEV (functionality),MCN (complexity),Linear regression (p)
call4,rl,0.34234,0.12918456,0.098220006,0.33306,4.9068904,0.4616876
all,rl,0.20344,0.15784141,0.025709994,0.19347,4.9068904,0.21353824
mit,call4,0.1987,0.159913,0.019029997,0.1873,4.9068904,0.19694412
mit,all,0.18897,0.120872766,0.00866,0.17525,4.9068904,0.26095447
mit,rl,0.18601,0.16932246,0.027270004,0.17487,4.9068904,0.12918027
all,call4,0.16759,0.14859067,0.015840001,0.15662,4.9068904,0.13783808
