X var,Y var,MIC (strength),MIC-p^2 (nonlinearity),MAS (non-monotonicity),MEV (functionality),MCN (complexity),Linear regression (p)
mit,rl,0.30034,0.30024004,0.16872999,0.23685,3.5849626,-0.009997615
mit,all,0.21011,-0.2585441,0.029310003,0.16883,3.5849626,0.6845831
mit,call4,0.18717,0.13044637,0.13599,0.18717,3.321928,0.23816723
all,rl,0.1505,0.1473223,0.038659997,0.12357,3.5849626,-0.056371137
all,call4,0.08614,0.08445214,0.034959998,0.08614,3.0,0.041083574
call4,rl,0.02038,0.01665759,0.00827,0.02038,2.5849626,-0.061011545
