X var,Y var,MIC (strength),MIC-p^2 (nonlinearity),MAS (non-monotonicity),MEV (functionality),MCN (complexity),Linear regression (p)
call4,rl,0.24162,-0.15783635,0.05871001,0.23035,4.9068904,0.6320256
mit,call4,0.19719,-0.13424124,0.023380011,0.18689,4.9068904,0.57570064
all,call4,0.18454,-0.11950499,0.008999996,0.17392,4.9068904,0.55140275
mit,all,0.18408,-0.24252322,0.024329998,0.1765,4.9068904,0.6531487
mit,rl,0.17941,-0.05571319,0.009809997,0.16716,4.9068904,0.48489502
all,rl,0.17678,0.026653737,0.018590003,0.16455,4.9068904,0.3874613
