X var,Y var,MIC (strength),MIC-p^2 (nonlinearity),MAS (non-monotonicity),MEV (functionality),MCN (complexity),Linear regression (p)
all,rl,0.21879,0.075209886,0.061689988,0.20852,4.9068904,0.37891966
call4,rl,0.2065,-0.2809799,0.046949998,0.19281,4.9068904,0.6981976
mit,call4,0.20138,-0.12415598,0.034700006,0.19148,4.9068904,0.5705576
mit,all,0.19799,-0.18659422,0.030949995,0.18822,4.9068904,0.62014854
all,call4,0.19395,-0.093117625,0.026349992,0.18471,4.9068904,0.5357869
mit,rl,0.19273,-0.06792836,0.032130003,0.18497,4.9068904,0.5105471
