X var,Y var,MIC (strength),MIC-p^2 (nonlinearity),MAS (non-monotonicity),MEV (functionality),MCN (complexity),Linear regression (p)
call4,rl,0.3413,0.23349783,0.042410016,0.3413,4.0,0.32833242
mit,all,0.28606,0.24329671,0.03209001,0.28606,4.0,0.20679289
mit,call4,0.28073,0.21254365,0.06152001,0.28073,4.0,0.26112518
all,rl,0.26389,0.21418905,0.0916,0.26389,4.0,0.22293708
all,call4,0.232,0.2295145,0.05107999,0.232,4.0,0.04985484
mit,rl,0.21386,0.1440433,0.028560013,0.21386,4.0,0.26422852
