X var,Y var,MIC (strength),MIC-p^2 (nonlinearity),MAS (non-monotonicity),MEV (functionality),MCN (complexity),Linear regression (p)
call4,rl,0.21696,0.15572475,0.010130003,0.20531,4.9068904,0.24745756
mit,rl,0.20658,0.20140868,0.039759994,0.1929,4.9068904,0.07191186
all,call4,0.2033,0.2010394,0.022860005,0.19159,4.9068904,0.047545746
all,rl,0.19954,0.18529823,0.025539994,0.19172,4.9068904,0.11933891
mit,call4,0.18588,0.16396482,0.021060005,0.17476,4.9068904,0.14803776
mit,all,0.18057,0.17710374,0.033630013,0.17183,4.9068904,0.058875006
