X var,Y var,MIC (strength),MIC-p^2 (nonlinearity),MAS (non-monotonicity),MEV (functionality),MCN (complexity),Linear regression (p)
mit,all,0.35764,0.34427178,0.09301001,0.31566,3.5849626,0.11562099
all,call4,0.30792,0.27369928,0.09051001,0.23597,3.5849626,0.18498841
mit,rl,0.24699,0.20461898,0.010370001,0.19832,3.5849626,0.20584221
mit,call4,0.23708,0.2024696,0.06502999,0.17519,3.5849626,0.18603867
all,rl,0.22513,0.21166779,0.04445,0.19593,3.5849626,0.1160268
call4,rl,0.21607,0.21446268,0.031639993,0.17244,3.5849626,0.04009138
