X var,Y var,MIC (strength),MIC-p^2 (nonlinearity),MAS (non-monotonicity),MEV (functionality),MCN (complexity),Linear regression (p)
all,rl,0.2613,0.22090769,0.04146999,0.2613,4.0,0.20097837
call4,rl,0.25245,0.18971254,0.025120005,0.25245,4.0,0.25047445
mit,rl,0.2277,0.17635903,0.02865,0.2277,4.0,0.22658546
mit,call4,0.22571,0.18880653,0.037,0.22571,4.0,0.19210275
all,call4,0.21619,0.21114558,0.030099988,0.21619,4.0,0.071024
mit,all,0.20568,0.20161451,0.05116,0.20568,4.0,0.06376112
