X var,Y var,MIC (strength),MIC-p^2 (nonlinearity),MAS (non-monotonicity),MEV (functionality),MCN (complexity),Linear regression (p)
all,rl,0.14483,0.1375459,0.05646,0.14483,4.0,0.08534698
mit,rl,0.13265,0.13251925,0.06439,0.13265,4.0,-0.01143525
mit,call4,0.1067,0.049070418,0.024950005,0.1067,3.807355,0.24006163
call4,rl,0.09454,0.09078857,0.022200003,0.09454,4.0,0.061248902
mit,all,0.07312,0.072720826,0.013239998,0.07312,3.807355,-0.019979313
all,call4,0.0494,0.04939962,0.015330002,0.0494,3.807355,-6.167495E-4
