X var,Y var,MIC (strength),MIC-p^2 (nonlinearity),MAS (non-monotonicity),MEV (functionality),MCN (complexity),Linear regression (p)
all,rl,0.50778,-0.3706661,0.055339992,0.49755,4.9068904,0.93725455
mit,call4,0.24346,0.2425963,0.049500003,0.23414,4.9068904,-0.029388743
all,call4,0.21771,0.21768422,0.03961,0.20482,4.9068904,0.0050777276
call4,rl,0.20654,0.20645078,0.030100003,0.19491,4.9068904,-0.0094462745
mit,all,0.20478,0.20264147,0.018130004,0.1922,4.9068904,-0.046244137
mit,rl,0.20091,0.20056859,0.019390002,0.19132,4.9068904,-0.018477406
