X var,Y var,MIC (strength),MIC-p^2 (nonlinearity),MAS (non-monotonicity),MEV (functionality),MCN (complexity),Linear regression (p)
call4,rl,0.28837,0.15795724,0.057620004,0.27972,4.9068904,0.36112708
all,rl,0.20158,0.18198772,0.03536001,0.18962,4.9068904,0.13997243
mit,rl,0.19797,0.19015802,0.008400001,0.18627,4.9068904,0.08838543
mit,call4,0.18964,0.15836139,0.016650006,0.17937,4.9068904,0.17685759
mit,all,0.18932,0.15453257,0.024739996,0.17578,4.9068904,0.18651389
all,call4,0.17869,0.17562331,0.029349998,0.16797,4.9068904,0.055377647
