X var,Y var,MIC (strength),MIC-p^2 (nonlinearity),MAS (non-monotonicity),MEV (functionality),MCN (complexity),Linear regression (p)
mit,call4,0.27561,0.22479124,0.102740005,0.22239,3.5849626,0.22543016
mit,rl,0.18551,0.1840023,0.038769998,0.15814,3.5849626,-0.03882908
mit,all,0.17457,0.16853982,0.054279998,0.15066,3.5849626,-0.07765416
all,call4,0.16591,0.115442395,0.01523,0.14532,3.5849626,0.22464998
all,rl,0.14261,0.14098519,0.03063,0.11894,3.5849626,0.040308915
call4,rl,0.14208,0.1419744,0.00954999,0.11263,3.5849626,0.010275525
