X var,Y var,MIC (strength),MIC-p^2 (nonlinearity),MAS (non-monotonicity),MEV (functionality),MCN (complexity),Linear regression (p)
call4,rl,0.34059,0.034432918,0.0334,0.3163,3.5849626,0.5533146
all,rl,0.26426,0.016273603,0.092539996,0.26426,3.321928,0.49798232
all,call4,0.23936,0.1444861,0.069690004,0.19477,3.5849626,0.3080161
mit,call4,0.23692,0.20331551,0.05223,0.22858,3.5849626,0.18331526
mit,all,0.18882,0.155577,0.05474001,0.18606,3.5849626,0.18232664
mit,rl,0.15645,0.14037561,0.048810005,0.13094,3.5849626,0.1267848
