X var,Y var,MIC (strength),MIC-p^2 (nonlinearity),MAS (non-monotonicity),MEV (functionality),MCN (complexity),Linear regression (p)
all,rl,0.17162,0.11264201,0.07456999,0.16574,3.5849626,0.24285384
mit,rl,0.13497,0.026943758,0.02972,0.12669,3.5849626,0.32867345
mit,all,0.13262,0.12893684,0.05996,0.13117,3.5849626,0.06068909
all,call4,0.11941,0.11927279,0.06356,0.11941,3.321928,0.0117136445
call4,rl,0.11589,0.0901008,0.02567,0.11589,3.321928,0.16059014
mit,call4,0.09135,0.07199251,0.010509998,0.09135,3.321928,0.13913119
