X var,Y var,MIC (strength),MIC-p^2 (nonlinearity),MAS (non-monotonicity),MEV (functionality),MCN (complexity),Linear regression (p)
call4,rl,0.43739,0.13251588,0.054100007,0.42217,3.5849626,0.55215406
all,rl,0.25972,0.06454714,0.02452001,0.22599,3.5849626,0.44178373
mit,all,0.25754,0.20362578,0.07675001,0.22369,3.5849626,0.23219433
all,call4,0.23308,0.21442267,0.01827,0.20173,3.5849626,0.13659182
mit,rl,0.22058,0.20925125,0.055710003,0.17557,3.5849626,0.10643659
mit,call4,0.21314,0.18238689,0.00835,0.18068,3.5849626,0.17536563
