X var,Y var,MIC (strength),MIC-p^2 (nonlinearity),MAS (non-monotonicity),MEV (functionality),MCN (complexity),Linear regression (p)
call4,rl,0.43185,0.27571425,0.13421997,0.37276,3.5849626,0.39514014
all,rl,0.29819,0.12028402,0.13175,0.25703,3.5849626,0.42178902
mit,call4,0.28864,0.25899854,0.08549999,0.23039,3.5849626,0.17216693
mit,rl,0.27797,0.24836405,0.049279988,0.20825,3.5849626,0.17206377
mit,all,0.25069,0.20656621,0.035190016,0.21452,3.5849626,0.21005666
all,call4,0.19942,0.19617856,0.08031,0.17136,3.5849626,0.056933723
