X var,Y var,MIC (strength),MIC-p^2 (nonlinearity),MAS (non-monotonicity),MEV (functionality),MCN (complexity),Linear regression (p)
call4,rl,0.37553,0.188064,0.04343,0.33213,3.5849626,0.43297344
all,rl,0.28682,0.02285391,0.08491999,0.23119,3.5849626,0.5137763
all,call4,0.2782,0.16606855,0.089439996,0.26741,3.5849626,0.33486032
mit,rl,0.26243,0.26140207,0.061289996,0.24042,3.5849626,0.032061573
mit,call4,0.23815,0.2075495,0.09962,0.19703,3.5849626,0.17492998
mit,all,0.18845,0.18754652,0.04701999,0.15744,3.5849626,0.03005783
