X var,Y var,MIC (strength),MIC-p^2 (nonlinearity),MAS (non-monotonicity),MEV (functionality),MCN (complexity),Linear regression (p)
mit,all,0.40158,0.23911862,0.21987,0.31374,3.5849626,0.403065
mit,call4,0.26215,0.25195855,0.1521,0.21209,3.5849626,-0.10095272
mit,rl,0.19526,0.18368658,0.030960009,0.16604,3.5849626,0.10757983
all,rl,0.17436,0.16262428,0.051590003,0.14972,3.5849626,-0.108331524
call4,rl,0.10543,0.0896188,0.05773,0.10543,3.0,0.12574257
all,call4,0.04416,0.043741476,0.021990001,0.04416,3.0,-0.020457922
