X var,Y var,MIC (strength),MIC-p^2 (nonlinearity),MAS (non-monotonicity),MEV (functionality),MCN (complexity),Linear regression (p)
all,rl,0.29223,-0.53037393,0.030290008,0.29223,4.0,0.90697515
mit,all,0.18901,0.14376144,0.029800005,0.18901,4.0,-0.21271709
mit,rl,0.18728,0.16211016,0.037310004,0.18728,4.0,-0.15865004
call4,rl,0.12148,-0.68148357,0.040130004,0.12148,3.0,0.89608234
all,call4,0.12148,-0.4972334,0.052430004,0.12148,3.0,0.78658336
mit,call4,0.12148,0.08952245,0.052430004,0.12148,3.0,-0.17876676
