X var,Y var,MIC (strength),MIC-p^2 (nonlinearity),MAS (non-monotonicity),MEV (functionality),MCN (complexity),Linear regression (p)
call4,rl,0.15912,0.08487571,0.018409997,0.13707,3.5849626,0.27247804
all,rl,0.10332,0.09974322,0.062910005,0.10225,3.5849626,-0.05980621
all,call4,0.09871,0.0948159,0.06013,0.09291,3.5849626,0.0624027
mit,rl,0.08899,0.07551524,0.015130002,0.08281,3.5849626,0.11608083
mit,call4,0.07314,0.07162764,0.013130002,0.0604,3.5849626,0.038889118
mit,all,0.04691,0.035094403,0.0075699985,0.04691,3.0,-0.10869956
