X var,Y var,MIC (strength),MIC-p^2 (nonlinearity),MAS (non-monotonicity),MEV (functionality),MCN (complexity),Linear regression (p)
all,call4,0.38523,0.25140142,0.16058001,0.38523,3.321928,0.36582586
call4,rl,0.36822,0.23673439,0.15518999,0.33826,3.5849626,0.36260945
all,rl,0.29048,0.1444698,0.06703,0.24947,3.5849626,0.3821128
mit,all,0.25944,0.214363,0.03005001,0.21116,3.5849626,0.21231347
mit,call4,0.25459,0.22965801,0.05844999,0.21708,3.5849626,0.15789871
mit,rl,0.24457,0.2154065,0.057799995,0.20916,3.5849626,0.17077324
