X var,Y var,MIC (strength),MIC-p^2 (nonlinearity),MAS (non-monotonicity),MEV (functionality),MCN (complexity),Linear regression (p)
all,call4,0.39537,0.24925931,0.09488,0.34425,3.5849626,0.3822443
call4,rl,0.38132,0.17633523,0.09553,0.32808,3.5849626,0.45275244
mit,all,0.34804,0.26649374,0.12223001,0.29409,3.5849626,0.2855631
mit,call4,0.29265,0.250481,0.05945,0.21283,3.5849626,0.20535095
all,rl,0.29025,0.12581995,0.05563,0.24567,3.5849626,0.40549976
mit,rl,0.21595,0.2073495,0.042799994,0.16574,3.5849626,0.09273892
