X var,Y var,MIC (strength),MIC-p^2 (nonlinearity),MAS (non-monotonicity),MEV (functionality),MCN (complexity),Linear regression (p)
call4,rl,0.2343,0.07872699,0.03209001,0.22387,4.9068904,0.39442745
mit,call4,0.20848,0.17721626,0.049899995,0.19653,4.9068904,0.17681554
all,call4,0.20106,0.19079417,0.030819997,0.19004,4.9068904,0.1013204
mit,rl,0.20083,0.18943202,0.016369998,0.19017,4.9068904,0.106761314
all,rl,0.19301,0.14796028,0.030539997,0.18461,4.9068904,0.21224922
mit,all,0.17819,0.1467081,0.0153500065,0.16994,4.9068904,0.17743136
