X var,Y var,MIC (strength),MIC-p^2 (nonlinearity),MAS (non-monotonicity),MEV (functionality),MCN (complexity),Linear regression (p)
call4,rl,0.40268,0.17258367,0.09178001,0.37579,3.5849626,0.47968358
all,call4,0.29103,0.23789108,0.0935,0.2426,3.5849626,0.23051879
mit,all,0.28041,0.2347069,0.04782,0.2393,3.5849626,0.21378282
all,rl,0.27801,0.060554996,0.03915,0.24411,3.5849626,0.46632072
mit,rl,0.27211,0.2594931,0.08407998,0.23156,3.5849626,0.11232481
mit,call4,0.27124,0.18622944,0.06555,0.23119,3.5849626,0.2915657
