X var,Y var,MIC (strength),MIC-p^2 (nonlinearity),MAS (non-monotonicity),MEV (functionality),MCN (complexity),Linear regression (p)
mit,rl,0.26116,0.23077282,0.05181998,0.26116,4.0,0.17431915
call4,rl,0.22588,0.1815285,0.020160004,0.22588,4.0,0.21059796
all,rl,0.21829,0.19723459,0.071679994,0.21829,4.0,0.14510484
mit,call4,0.19339,0.1304674,0.014349997,0.19339,4.0,0.25084376
all,call4,0.14734,0.13801467,0.032700002,0.14734,4.0,0.0965677
mit,all,0.14558,0.14490259,0.01647,0.14558,4.0,-0.026026962
