X var,Y var,MIC (strength),MIC-p^2 (nonlinearity),MAS (non-monotonicity),MEV (functionality),MCN (complexity),Linear regression (p)
call4,rl,0.45244,0.20521195,0.09786999,0.39375,3.5849626,0.4972203
mit,rl,0.31462,0.29832765,0.12459999,0.27047,3.5849626,0.12764147
mit,call4,0.29925,0.23861928,0.04967001,0.24807,3.5849626,0.24623308
mit,all,0.2899,0.23959291,0.055189997,0.25856,3.5849626,0.22429244
all,rl,0.28143,0.03994246,0.05314,0.24124,3.5849626,0.49141383
all,call4,0.27886,0.20825773,0.036379993,0.23733,3.5849626,0.2657109
