X var,Y var,MIC (strength),MIC-p^2 (nonlinearity),MAS (non-monotonicity),MEV (functionality),MCN (complexity),Linear regression (p)
all,rl,0.3185,0.25607714,0.051530004,0.2789,3.5849626,-0.24984568
mit,rl,0.26231,0.22830524,0.05224,0.2056,3.5849626,0.1844038
mit,all,0.24717,0.19419236,0.093830004,0.19793,3.5849626,-0.23016872
mit,call4,0.2367,0.14645645,0.09312999,0.21812,3.5849626,-0.30040562
call4,rl,0.22425,0.20198496,0.18962,0.17998,3.5849626,0.14921477
all,call4,0.10705,0.107046716,0.082660004,0.08657,3.5849626,0.0018117105
