X var,Y var,MIC (strength),MIC-p^2 (nonlinearity),MAS (non-monotonicity),MEV (functionality),MCN (complexity),Linear regression (p)
mit,all,0.29902,0.29684675,0.14128,0.25486,3.5849626,-0.046618085
mit,call4,0.27175,0.25830784,0.06976999,0.24859,3.5849626,0.115940295
call4,rl,0.25571,0.24946229,0.06316,0.22325,3.5849626,0.0790425
mit,rl,0.21038,0.19942658,0.040250003,0.19291,3.5849626,0.10465863
all,rl,0.19963,0.1984709,0.02305001,0.17016,3.5849626,0.0340455
all,call4,0.19381,0.17679986,0.03481,0.15515,3.5849626,0.13042289
