X var,Y var,MIC (strength),MIC-p^2 (nonlinearity),MAS (non-monotonicity),MEV (functionality),MCN (complexity),Linear regression (p)
call4,rl,0.33969,0.13390218,0.046030015,0.33013,4.9068904,0.45363843
mit,all,0.23495,0.17220992,0.025639996,0.22329,4.9068904,0.25047973
mit,rl,0.21611,0.20270428,0.025800005,0.20434,4.9068904,0.115783095
mit,call4,0.20407,0.16995746,0.03632,0.19446,4.9068904,0.1846958
all,call4,0.17953,0.16263315,0.023149997,0.16957,4.9068904,0.12998788
all,rl,0.17915,0.1476668,0.012659997,0.1683,4.9068904,0.17743507
