X var,Y var,MIC (strength),MIC-p^2 (nonlinearity),MAS (non-monotonicity),MEV (functionality),MCN (complexity),Linear regression (p)
mit,call4,0.36082,0.2991492,0.15235001,0.32433,3.5849626,0.24833606
call4,rl,0.25945,0.25944656,0.029479995,0.21699,3.5849626,0.0018519085
mit,rl,0.23787,0.21807921,0.058390006,0.19702,3.5849626,0.1406797
all,rl,0.23398,0.20386009,0.057390004,0.19551,3.5849626,0.1735509
all,call4,0.19605,0.18955845,0.028139994,0.19331,3.5849626,0.08057024
mit,all,0.16205,0.15042229,0.041020006,0.15413,3.5849626,0.10783184
