X var,Y var,MIC (strength),MIC-p^2 (nonlinearity),MAS (non-monotonicity),MEV (functionality),MCN (complexity),Linear regression (p)
call4,rl,0.29263,0.25822452,0.018229999,0.29263,4.0,0.18548709
all,rl,0.2406,0.19325314,0.03707,0.2406,4.0,0.21759334
mit,call4,0.23963,0.21202168,0.05635999,0.23963,4.0,0.1661575
all,call4,0.1932,0.1923815,0.031299993,0.1932,4.0,0.028609456
mit,rl,0.18901,0.13704291,0.026569992,0.18901,4.0,0.22796291
mit,all,0.18812,0.18441108,0.026729986,0.18812,4.0,0.060900867
