X var,Y var,MIC (strength),MIC-p^2 (nonlinearity),MAS (non-monotonicity),MEV (functionality),MCN (complexity),Linear regression (p)
all,rl,0.2573,0.21752755,0.048720002,0.2573,4.0,0.19943029
mit,all,0.24661,0.18271701,0.048250005,0.24661,4.0,0.25277063
mit,rl,0.23289,0.12941882,0.037660003,0.23289,4.0,0.32166937
mit,call4,0.2217,0.1122793,0.024979994,0.2217,4.0,0.330788
call4,rl,0.22089,0.14554478,0.02249001,0.22089,4.0,0.27449083
all,call4,0.21994,0.13530785,0.026319996,0.21994,4.0,0.2909161
