X var,Y var,MIC (strength),MIC-p^2 (nonlinearity),MAS (non-monotonicity),MEV (functionality),MCN (complexity),Linear regression (p)
call4,rl,0.23366,-0.07046433,0.032519996,0.22154,4.9068904,0.5514747
all,rl,0.22167,0.15369621,0.02606,0.2085,4.9068904,0.26071784
mit,all,0.1966,-0.01859571,0.01235,0.18454,4.9068904,0.46389192
mit,call4,0.18961,0.07406968,0.01817,0.17885,4.9068904,0.33991224
all,call4,0.17936,0.11019642,0.018220007,0.16795,4.9068904,0.2629897
mit,rl,0.16986,0.06646675,0.023170002,0.15962,4.9068904,0.32154822
