X var,Y var,MIC (strength),MIC-p^2 (nonlinearity),MAS (non-monotonicity),MEV (functionality),MCN (complexity),Linear regression (p)
all,rl,0.65724,-0.08664554,0.09489998,0.65126,4.9068904,0.862488
mit,all,0.23427,0.23029439,0.045750007,0.22169,4.9068904,-0.06305251
all,call4,0.23333,0.18513355,0.03609,0.22425,4.9068904,0.2195369
mit,rl,0.22953,0.22441816,0.07865001,0.21898,4.9068904,-0.07149716
mit,call4,0.22845,0.20775269,0.043689996,0.21894,4.9068904,-0.14386562
call4,rl,0.21802,0.21007553,0.039780006,0.20773,4.9068904,0.08913178
