X var,Y var,MIC (strength),MIC-p^2 (nonlinearity),MAS (non-monotonicity),MEV (functionality),MCN (complexity),Linear regression (p)
all,call4,0.34589,0.13501848,0.09581998,0.27097,3.5849626,0.45920748
call4,rl,0.32289,0.12922607,0.025440007,0.27496,3.5849626,0.44007266
all,rl,0.30696,0.06899154,0.060149983,0.25607,3.5849626,0.4878201
mit,all,0.28771,0.2220895,0.035270005,0.23762,3.5849626,0.256165
mit,rl,0.25851,0.11950341,0.06893,0.22487,3.5849626,0.37283587
mit,call4,0.2217,0.123036996,0.039130002,0.18547,3.5849626,0.31410667
