X var,Y var,MIC (strength),MIC-p^2 (nonlinearity),MAS (non-monotonicity),MEV (functionality),MCN (complexity),Linear regression (p)
call4,rl,0.34517,0.07131937,0.072019994,0.33729,4.9068904,0.5233074
mit,all,0.21918,0.14882964,0.048120007,0.20731,4.9068904,0.26523644
all,call4,0.21262,0.19162974,0.05589001,0.20053,4.9068904,0.1448802
all,rl,0.20265,0.15748006,0.053729996,0.1897,4.9068904,0.21253219
mit,call4,0.19977,0.15909868,0.02235,0.18908,4.9068904,0.2016713
mit,rl,0.1766,0.15692788,0.020010002,0.16443,4.9068904,0.1402573
