X var,Y var,MIC (strength),MIC-p^2 (nonlinearity),MAS (non-monotonicity),MEV (functionality),MCN (complexity),Linear regression (p)
all,rl,0.31501,0.2674808,0.10554001,0.31501,4.0,0.218012
call4,rl,0.3007,0.17775786,0.03216,0.3007,4.0,0.3506311
mit,rl,0.285,0.23294818,0.08012,0.285,4.0,0.22814865
mit,call4,0.25163,0.19950953,0.028829992,0.25163,4.0,0.22829908
mit,all,0.25141,0.22850272,0.054119997,0.25141,4.0,0.15135154
all,call4,0.24183,0.22568098,0.03103,0.24183,4.0,0.12707885
