X var,Y var,MIC (strength),MIC-p^2 (nonlinearity),MAS (non-monotonicity),MEV (functionality),MCN (complexity),Linear regression (p)
all,rl,0.31957,0.10312489,0.0915,0.30776,4.9068904,0.46523663
mit,all,0.21107,0.2101799,0.02425,0.19737,4.9068904,-0.029834695
mit,rl,0.20691,0.17373239,0.02414,0.19606,4.9068904,-0.18214723
call4,rl,0.20616,0.19948871,0.050189987,0.1968,4.9068904,-0.081677884
mit,call4,0.19905,0.19894022,0.043260008,0.1911,4.9068904,0.010477498
all,call4,0.18178,0.17111681,0.023570001,0.17019,4.9068904,-0.10326268
