X var,Y var,MIC (strength),MIC-p^2 (nonlinearity),MAS (non-monotonicity),MEV (functionality),MCN (complexity),Linear regression (p)
call4,rl,0.25437,0.13277072,0.03182,0.2385,4.9068904,0.3487109
all,rl,0.21849,0.18610778,0.07005,0.20823,4.9068904,0.17995062
mit,rl,0.2113,0.20162867,0.022740006,0.2037,4.9068904,0.09834295
all,call4,0.20118,0.19408639,0.023619995,0.18741,4.9068904,0.08422353
mit,call4,0.18637,0.15227544,0.020599991,0.18043,4.9068904,0.1846471
mit,all,0.16487,0.13220195,0.019299999,0.15543,4.9068904,0.18074302
