X var,Y var,MIC (strength),MIC-p^2 (nonlinearity),MAS (non-monotonicity),MEV (functionality),MCN (complexity),Linear regression (p)
call4,rl,0.24297,0.15103367,0.042919993,0.23207,4.9068904,0.30321005
mit,rl,0.19714,0.1932697,0.025549993,0.18453,4.9068904,0.062211677
all,rl,0.18,0.16578856,0.044529997,0.16918,4.9068904,0.11921176
all,call4,0.17363,0.17119764,0.028269999,0.16514,4.9068904,0.04931896
mit,call4,0.17078,0.14513016,0.015820004,0.16141,4.9068904,0.16015568
mit,all,0.13825,0.1321194,0.019129999,0.13095,4.9068904,0.078298114
