X var,Y var,MIC (strength),MIC-p^2 (nonlinearity),MAS (non-monotonicity),MEV (functionality),MCN (complexity),Linear regression (p)
mit,call4,0.374,0.24974191,0.12736002,0.31274,3.5849626,-0.3525026
all,rl,0.31805,0.23161636,0.05563,0.26233,3.5849626,-0.29399598
mit,rl,0.25877,0.25862888,0.06398998,0.22499,3.5849626,0.0118788695
mit,all,0.21809,0.16841313,0.06396,0.18537,3.5849626,-0.22288306
all,call4,0.20977,0.1414659,0.056539997,0.18625,3.5849626,0.2613505
call4,rl,0.1265,0.08908497,0.066889994,0.1265,3.0,-0.19342965
