X var,Y var,MIC (strength),MIC-p^2 (nonlinearity),MAS (non-monotonicity),MEV (functionality),MCN (complexity),Linear regression (p)
mit,rl,0.26363,0.24621205,0.12731999,0.25964,3.5849626,0.13197708
mit,call4,0.23796,0.14359272,0.054659992,0.20637,3.5849626,0.30719256
call4,rl,0.23197,0.2291859,0.057129994,0.20904,3.5849626,-0.052764565
all,call4,0.22383,0.22365749,0.08850001,0.13168,3.5849626,0.013134068
all,rl,0.20813,0.18041646,0.061699994,0.18019,3.5849626,0.16647384
mit,all,0.19814,0.18407203,0.058269992,0.18428,3.5849626,0.11860847
