X var,Y var,MIC (strength),MIC-p^2 (nonlinearity),MAS (non-monotonicity),MEV (functionality),MCN (complexity),Linear regression (p)
all,rl,0.23417,0.22239435,0.042850003,0.22337,4.9068904,0.108515725
call4,rl,0.23171,0.15804291,0.013420001,0.22028,4.9068904,0.2714168
mit,rl,0.18889,0.1854833,0.009749994,0.1764,4.9068904,0.05836684
all,call4,0.18183,0.1818293,0.01537,0.16834,4.9068904,8.33014E-4
mit,all,0.1674,0.15795907,0.016099997,0.15728,4.9068904,0.09716447
mit,call4,0.16181,0.14082423,0.006360002,0.15224,4.9068904,0.14486465
