X var,Y var,MIC (strength),MIC-p^2 (nonlinearity),MAS (non-monotonicity),MEV (functionality),MCN (complexity),Linear regression (p)
mit,rl,0.28721,0.26213232,0.12564999,0.24474,3.5849626,0.15835933
mit,all,0.27473,0.24281381,0.18577,0.23946,3.5849626,0.17865102
mit,call4,0.18717,0.18287386,0.14005,0.18717,3.321928,-0.06554499
all,rl,0.10582,0.09262938,0.035680003,0.09978,3.5849626,-0.11485041
call4,rl,0.02459,0.011968695,0.0,0.02459,2.0,0.112344585
all,call4,0.0031,0.0028267787,0.0,0.0031,2.0,-0.016529407
