X var,Y var,MIC (strength),MIC-p^2 (nonlinearity),MAS (non-monotonicity),MEV (functionality),MCN (complexity),Linear regression (p)
call4,rl,0.31283,0.28106692,0.01865001,0.31283,4.0,0.17822199
mit,call4,0.30551,0.2740082,0.056300014,0.30551,4.0,0.17748743
mit,rl,0.23664,0.18378589,0.02933,0.23664,4.0,0.22990024
mit,all,0.23598,0.2003809,0.023140006,0.23598,4.0,0.18867724
all,rl,0.22823,0.18334207,0.026519999,0.22823,4.0,0.21186772
all,call4,0.22029,0.22028919,0.055260003,0.22029,4.0,-9.0302306E-4
