X var,Y var,MIC (strength),MIC-p^2 (nonlinearity),MAS (non-monotonicity),MEV (functionality),MCN (complexity),Linear regression (p)
all,rl,0.32358,0.08155416,0.10081999,0.28993,3.5849626,0.4919612
call4,rl,0.31196,0.07136348,0.023910016,0.26083,3.5849626,0.4905064
mit,all,0.28431,0.17404121,0.035590008,0.22461,3.5849626,0.33206746
mit,call4,0.27281,0.068851665,0.07187,0.24198,3.5849626,0.45161748
all,call4,0.27223,0.10324392,0.07278,0.27223,3.321928,0.41107917
mit,rl,0.25197,0.09148626,0.03654,0.22556,3.5849626,0.40060422
