X var,Y var,MIC (strength),MIC-p^2 (nonlinearity),MAS (non-monotonicity),MEV (functionality),MCN (complexity),Linear regression (p)
mit,all,0.37628,0.2482584,0.15253001,0.32387,3.5849626,0.35780108
mit,call4,0.34531,0.21166338,0.07478,0.29556,3.5849626,0.3655771
call4,rl,0.34332,0.3297877,0.10645001,0.30068,3.5849626,0.11632844
all,call4,0.25702,0.11417349,0.03993,0.21225,3.5849626,0.3779504
all,rl,0.23526,0.15207915,0.018150002,0.20584,3.5849626,0.2884109
mit,rl,0.22568,0.17923738,0.039019987,0.19195,3.5849626,0.21550548
