X var,Y var,MIC (strength),MIC-p^2 (nonlinearity),MAS (non-monotonicity),MEV (functionality),MCN (complexity),Linear regression (p)
mit,all,0.40311,0.34737784,0.18555,0.31908,3.5849626,0.23607662
call4,rl,0.32442,0.17399834,0.048920006,0.28093,3.5849626,0.38784233
all,call4,0.30657,0.27361813,0.15976,0.26211,3.5849626,0.18152645
mit,rl,0.26134,0.25779304,0.10793999,0.2282,3.5849626,0.05955629
all,rl,0.24651,0.1160835,0.025409997,0.21738,3.5849626,0.3611461
mit,call4,0.24055,0.14924052,0.080019996,0.20308,3.5849626,0.30217457
