X var,Y var,MIC (strength),MIC-p^2 (nonlinearity),MAS (non-monotonicity),MEV (functionality),MCN (complexity),Linear regression (p)
all,call4,0.40065,0.40049854,0.2515,0.3671,3.5849626,0.012306925
all,rl,0.37875,0.30820104,0.09592,0.34679,3.5849626,-0.26561055
mit,all,0.28574,0.28565243,0.028489992,0.27007,3.5849626,-0.009356548
mit,rl,0.26514,0.23373464,0.07414,0.23555,3.5849626,-0.17721559
mit,call4,0.21708,0.1626844,0.062869996,0.17068,3.5849626,-0.23322865
call4,rl,0.12605,0.10853,0.055069998,0.12605,3.0,-0.13236313
