X var,Y var,MIC (strength),MIC-p^2 (nonlinearity),MAS (non-monotonicity),MEV (functionality),MCN (complexity),Linear regression (p)
mit,all,0.36398,0.36296228,0.14012,0.3335,3.5849626,-0.03190192
all,call4,0.35841,0.31384933,0.11914,0.28006,3.5849626,0.211094
call4,rl,0.31258,0.16431853,0.06894001,0.28444,3.5849626,0.38504735
mit,call4,0.28961,0.24026924,0.09919,0.2129,3.5849626,0.22212781
all,rl,0.28851,0.19570738,0.052719995,0.26175,3.5849626,0.3046352
mit,rl,0.25979,0.17543325,0.038680002,0.22149,3.5849626,0.29044235
