X var,Y var,MIC (strength),MIC-p^2 (nonlinearity),MAS (non-monotonicity),MEV (functionality),MCN (complexity),Linear regression (p)
mit,call4,0.34782,0.32237604,0.14961,0.3112,3.5849626,0.15951169
all,call4,0.27901,0.12896796,0.05714999,0.25208,3.5849626,0.38735262
all,rl,0.26565,0.25750223,0.07159999,0.22593,3.5849626,0.09026497
call4,rl,0.2639,0.2638459,0.074420005,0.2639,3.321928,0.007356756
mit,all,0.24043,0.22395533,0.034950003,0.20609,3.5849626,0.12835367
mit,rl,0.196,0.16891661,0.05263,0.16659,3.5849626,0.16457029
