X var,Y var,MIC (strength),MIC-p^2 (nonlinearity),MAS (non-monotonicity),MEV (functionality),MCN (complexity),Linear regression (p)
mit,call4,0.26077,0.120012864,0.09072001,0.26077,4.0,0.37517613
mit,all,0.24648,0.11493851,0.08467001,0.24648,4.0,0.36268649
call4,rl,0.21397,0.02433598,0.029339999,0.21397,4.0,0.4354699
mit,rl,0.21302,0.07022178,0.023359992,0.21302,4.0,0.3778865
all,call4,0.19628,0.097476386,0.028030004,0.19628,4.0,0.31433043
all,rl,0.18682,0.09456142,0.015599996,0.18682,4.0,0.30374098
