X var,Y var,MIC (strength),MIC-p^2 (nonlinearity),MAS (non-monotonicity),MEV (functionality),MCN (complexity),Linear regression (p)
mit,call4,0.32423,0.24440941,0.052930012,0.29438,3.5849626,0.28252536
all,rl,0.31743,0.31377214,0.08671999,0.26637,3.5849626,0.060480118
all,call4,0.31012,0.102774724,0.09562999,0.24932,3.5849626,0.4553518
mit,rl,0.29068,0.2675822,0.07768999,0.23384,3.5849626,0.15197954
mit,all,0.26136,0.17539734,0.045200005,0.23352,3.5849626,0.29319388
call4,rl,0.24626,0.24492201,0.021559998,0.22209,3.5849626,0.036578633
