X var,Y var,MIC (strength),MIC-p^2 (nonlinearity),MAS (non-monotonicity),MEV (functionality),MCN (complexity),Linear regression (p)
all,rl,0.58265,-0.14854777,0.093189985,0.58227,4.9068904,0.85510105
mit,all,0.30973,0.3001555,0.06701,0.29831,4.9068904,-0.09784933
mit,call4,0.23946,0.14366333,0.022890002,0.22677,4.9068904,-0.30951038
mit,rl,0.22521,0.22272255,0.04495001,0.21723,4.9068904,-0.04987436
all,call4,0.20893,0.19468252,0.03275,0.19932,4.9068904,-0.11936279
call4,rl,0.19864,0.17728153,0.013810001,0.18838,4.9068904,-0.1461454
