X var,Y var,MIC (strength),MIC-p^2 (nonlinearity),MAS (non-monotonicity),MEV (functionality),MCN (complexity),Linear regression (p)
mit,all,0.28349,0.28094345,0.09373,0.23653,3.5849626,0.05046325
mit,call4,0.27664,0.19422203,0.16756,0.22968,3.5849626,-0.2870853
all,call4,0.25885,0.24979328,0.16572002,0.24664,3.5849626,0.095166884
all,rl,0.21991,0.15916781,0.0,0.21991,2.0,-0.24645929
mit,rl,0.20782,0.18682387,0.095139995,0.1663,3.5849626,-0.14490038
call4,rl,0.02535,0.018209098,0.0,0.02535,2.0,-0.08450386
