X var,Y var,MIC (strength),MIC-p^2 (nonlinearity),MAS (non-monotonicity),MEV (functionality),MCN (complexity),Linear regression (p)
mit,all,0.33953,0.16682248,0.040700004,0.31584,3.5849626,0.41558093
mit,call4,0.30969,0.11355646,0.06556,0.26197,3.5849626,0.44286966
call4,rl,0.28485,0.21327475,0.055299997,0.22107,3.5849626,0.2675355
all,call4,0.26323,0.08415957,0.04033999,0.22306,3.5849626,0.42316714
all,rl,0.24367,0.09633915,0.03339,0.19682,3.5849626,0.383837
mit,rl,0.21038,0.14990173,0.012659997,0.16978,3.5849626,0.2459233
