X var,Y var,MIC (strength),MIC-p^2 (nonlinearity),MAS (non-monotonicity),MEV (functionality),MCN (complexity),Linear regression (p)
call4,rl,0.29076,0.14129108,0.03042999,0.29076,4.0,0.38661212
mit,call4,0.26857,0.22369836,0.055199996,0.26857,4.0,0.21182929
all,rl,0.25195,0.20452696,0.054299995,0.25195,4.0,0.21776833
mit,all,0.24823,0.22597729,0.07633999,0.24823,4.0,0.14917344
all,call4,0.23529,0.20992969,0.04798001,0.23529,4.0,0.15924923
mit,rl,0.23022,0.18602598,0.051479995,0.23022,4.0,0.21022375
