X var,Y var,MIC (strength),MIC-p^2 (nonlinearity),MAS (non-monotonicity),MEV (functionality),MCN (complexity),Linear regression (p)
mit,rl,0.3034,0.29795644,0.11641002,0.3034,4.0,0.07378057
call4,rl,0.23421,0.19495924,0.049339995,0.23421,4.0,0.19811805
all,rl,0.21289,0.20453157,0.058339998,0.21289,4.0,0.091424435
mit,all,0.18869,0.18867873,0.0344,0.18869,4.0,-0.0033581494
mit,call4,0.18068,0.127819,0.046400003,0.18068,4.0,0.22991523
all,call4,0.17714,0.16609304,0.042630002,0.17714,4.0,0.1051045
