X var,Y var,MIC (strength),MIC-p^2 (nonlinearity),MAS (non-monotonicity),MEV (functionality),MCN (complexity),Linear regression (p)
all,call4,0.25844,0.17112245,0.07311998,0.24339,3.5849626,0.29549542
call4,rl,0.18546,0.1520477,0.030770004,0.1699,3.5849626,0.18279035
all,rl,0.16007,0.15114541,0.024969995,0.15151,3.5849626,0.09447007
mit,rl,0.14926,0.14901069,0.028959997,0.11898,3.5849626,-0.015789561
mit,all,0.1235,0.102895945,0.014839999,0.09279,3.5849626,0.14354111
mit,call4,0.12285,0.122758895,0.04298,0.11009,3.5849626,0.009545089
