X var,Y var,MIC (strength),MIC-p^2 (nonlinearity),MAS (non-monotonicity),MEV (functionality),MCN (complexity),Linear regression (p)
all,rl,0.39895,0.337938,0.078699976,0.36165,3.5849626,-0.24700606
mit,all,0.30011,0.29447863,0.12192002,0.26059,3.5849626,-0.07504262
mit,rl,0.24393,0.2387609,0.039740004,0.19549,3.5849626,-0.07189636
