X var,Y var,MIC (strength),MIC-p^2 (nonlinearity),MAS (non-monotonicity),MEV (functionality),MCN (complexity),Linear regression (p)
all,rl,0.0119,-0.0096501205,0.0,0.0119,2.0,0.1467996
call4,rl,0.00864,0.0019267122,0.0,0.00864,2.0,-0.08193465
mit,rl,0.00864,0.0019267122,0.0,0.00864,2.0,-0.08193465
all,call4,0.00132,3.7325447E-4,0.0,0.00132,2.0,-0.03076923
mit,call4,0.00132,3.7325447E-4,0.0,0.00132,2.0,-0.03076923
mit,all,0.00132,3.7325447E-4,0.0,0.00132,2.0,-0.03076923
