X var,Y var,MIC (strength),MIC-p^2 (nonlinearity),MAS (non-monotonicity),MEV (functionality),MCN (complexity),Linear regression (p)
all,rl,0.51458,0.07902765,0.08151001,0.4897,3.5849626,-0.6599639
mit,call4,0.39028,0.17033966,0.14107001,0.37047,3.5849626,-0.468978
all,call4,0.36838,0.24035856,0.16087002,0.31124,3.5849626,0.35780084
mit,all,0.36091,0.34771645,0.07106,0.3267,3.5849626,0.114863135
mit,rl,0.3099,0.30064955,0.10432999,0.25083,3.5849626,-0.09617919
call4,rl,0.06812,0.030963834,0.0,0.06812,2.0,-0.19275935
