X var,Y var,MIC (strength),MIC-p^2 (nonlinearity),MAS (non-monotonicity),MEV (functionality),MCN (complexity),Linear regression (p)
all,rl,0.59044,0.10119289,0.094199985,0.54348,3.5849626,-0.699462
mit,call4,0.43627,0.16928893,0.13268,0.40824,3.5849626,-0.5167021
all,call4,0.32919,0.27943695,0.14623998,0.26234,3.5849626,0.22305393
mit,rl,0.27072,0.18350974,0.04698001,0.22375,3.5849626,0.29531384
mit,all,0.23972,0.11933636,0.018559992,0.20396,3.5849626,-0.34696347
call4,rl,0.17276,0.15709968,0.03943999,0.15879,3.5849626,-0.12514116
