X var,Y var,MIC (strength),MIC-p^2 (nonlinearity),MAS (non-monotonicity),MEV (functionality),MCN (complexity),Linear regression (p)
call4,rl,0.33912,0.24045077,0.16418,0.33912,4.0,0.3141166
mit,call4,0.2632,0.2032108,0.10338001,0.2632,4.0,0.24492697
mit,rl,0.22617,0.21012165,0.062350005,0.22617,4.0,0.12668213
all,rl,0.22078,0.19372137,0.042700008,0.22078,4.0,0.1644951
all,call4,0.21837,0.20207621,0.022720002,0.21837,4.0,0.12764716
mit,all,0.21736,0.21647845,0.04346001,0.21736,4.0,0.029690962
