X var,Y var,MIC (strength),MIC-p^2 (nonlinearity),MAS (non-monotonicity),MEV (functionality),MCN (complexity),Linear regression (p)
mit,call4,0.27513,0.18208875,0.11169,0.23794,3.5849626,0.30502665
call4,rl,0.26098,0.22686696,0.066630006,0.22752,3.5849626,0.1846972
mit,all,0.22678,0.13076735,0.058539994,0.19292,3.5849626,0.30985907
all,rl,0.21982,0.16417405,0.08781999,0.19367,3.5849626,0.23589392
all,call4,0.21394,0.10385314,0.07019,0.19396,3.5849626,0.3317934
mit,rl,0.18613,0.1202585,0.048139997,0.16166,3.5849626,0.25665444
