X var,Y var,MIC (strength),MIC-p^2 (nonlinearity),MAS (non-monotonicity),MEV (functionality),MCN (complexity),Linear regression (p)
call4,rl,0.21639,0.101057045,0.015220001,0.20436,4.9068904,0.33960706
all,call4,0.20596,0.18526989,0.04425001,0.19389,4.9068904,0.1438406
mit,call4,0.19624,0.1581031,0.02463001,0.18447,4.9068904,0.1952867
mit,rl,0.18524,0.17446882,0.03372,0.17618,4.9068904,0.10378432
mit,all,0.18353,0.14573805,0.029510006,0.17255,4.9068904,0.19440152
all,rl,0.17981,0.11725199,0.008700006,0.16887,4.9068904,0.250116
