X var,Y var,MIC (strength),MIC-p^2 (nonlinearity),MAS (non-monotonicity),MEV (functionality),MCN (complexity),Linear regression (p)
call4,rl,0.2734,0.13937946,0.035570003,0.26297,4.9068904,0.36608818
all,rl,0.22173,0.19965017,0.03792,0.21102,4.9068904,0.14859283
mit,call4,0.2081,0.1758599,0.017270006,0.19481,4.9068904,0.17955531
mit,all,0.19673,0.16191718,0.034269996,0.18804,4.9068904,0.18658194
mit,rl,0.19072,0.18293372,0.03399001,0.17994,4.9068904,0.088239945
all,call4,0.17945,0.17627531,0.033930004,0.16771,4.9068904,0.05634443
