X var,Y var,MIC (strength),MIC-p^2 (nonlinearity),MAS (non-monotonicity),MEV (functionality),MCN (complexity),Linear regression (p)
all,rl,0.30153,0.18352187,0.11834,0.24816,3.5849626,0.34352311
mit,all,0.25771,0.24276298,0.052149996,0.24062,3.5849626,0.12225801
call4,rl,0.17814,0.041432902,0.06211,0.17365,3.5849626,0.36973923
mit,call4,0.1563,0.09907015,0.02944,0.15506,3.5849626,0.2392276
all,call4,0.14542,0.14449668,0.023309998,0.12761,3.5849626,0.030386195
mit,rl,0.13369,0.0988529,0.03559,0.11563,3.5849626,0.186647
