X var,Y var,MIC (strength),MIC-p^2 (nonlinearity),MAS (non-monotonicity),MEV (functionality),MCN (complexity),Linear regression (p)
all,rl,0.65505,-0.012221515,0.08520001,0.64624,4.9068904,0.8168669
all,call4,0.22246,0.1982241,0.029880002,0.21389,4.9068904,0.15567887
call4,rl,0.2208,0.21986648,0.017640002,0.2092,4.9068904,0.030553477
mit,rl,0.21313,0.21284412,0.026260003,0.20211,4.9068904,-0.016907897
mit,call4,0.19158,0.18422686,0.01768,0.1824,4.9068904,-0.08575046
mit,all,0.18598,0.18124336,0.035730004,0.17839,4.9068904,-0.06882329
