X var,Y var,MIC (strength),MIC-p^2 (nonlinearity),MAS (non-monotonicity),MEV (functionality),MCN (complexity),Linear regression (p)
call4,rl,0.26021,0.17565405,0.018280007,0.24994,4.9068904,0.29078507
mit,call4,0.23848,0.2133374,0.06127,0.22439,4.9068904,0.15856415
all,rl,0.2141,0.19636926,0.05166,0.20128,4.9068904,0.13315684
mit,all,0.18647,0.16939612,0.02431,0.17485,4.9068904,0.13066706
mit,rl,0.1801,0.1728348,0.016109996,0.16952,4.9068904,0.0852361
all,call4,0.17298,0.17201602,0.01199,0.16309,4.9068904,0.031047998
