X var,Y var,MIC (strength),MIC-p^2 (nonlinearity),MAS (non-monotonicity),MEV (functionality),MCN (complexity),Linear regression (p)
mit,call4,0.30936,0.21612808,0.12042999,0.26522,3.5849626,-0.305339
call4,rl,0.2835,0.27420223,0.14835998,0.25462,3.5849626,-0.096424825
all,rl,0.24658,0.24652898,0.14271,0.1936,3.5849626,0.0071434313
mit,rl,0.24625,0.24020249,0.04367,0.21733,3.5849626,0.07776583
mit,all,0.20257,0.18474525,0.046460003,0.15618,3.5849626,-0.13350935
all,call4,0.08249,0.08065253,0.047679998,0.0722,3.5849626,-0.04286575
