X var,Y var,MIC (strength),MIC-p^2 (nonlinearity),MAS (non-monotonicity),MEV (functionality),MCN (complexity),Linear regression (p)
mit,all,0.39693,0.38351822,0.09170002,0.35409,3.5849626,0.1158093
mit,call4,0.36132,0.33519685,0.11339,0.31837,3.5849626,0.16162653
all,call4,0.29743,0.22896516,0.06997998,0.25991,3.5849626,0.26165786
mit,rl,0.26936,0.22069605,0.04072,0.23782,3.5849626,0.22059909
call4,rl,0.26631,0.2585175,0.055730008,0.22826,3.5849626,0.08827518
all,rl,0.22073,0.2190476,0.024119988,0.18275,3.5849626,0.04101714
