X var,Y var,MIC (strength),MIC-p^2 (nonlinearity),MAS (non-monotonicity),MEV (functionality),MCN (complexity),Linear regression (p)
call4,rl,0.35921,0.27881786,0.14392002,0.35921,4.0,0.2835351
all,rl,0.29334,0.23942235,0.11019999,0.29334,4.0,0.23220174
mit,call4,0.29075,0.24171637,0.09625001,0.29075,4.0,0.22143538
mit,all,0.25116,0.22219796,0.03809999,0.25116,4.0,0.17018233
mit,rl,0.23708,0.16790348,0.053440005,0.23708,4.0,0.2630143
all,call4,0.20673,0.205261,0.03194,0.20673,4.0,0.03832734
