X var,Y var,MIC (strength),MIC-p^2 (nonlinearity),MAS (non-monotonicity),MEV (functionality),MCN (complexity),Linear regression (p)
all,rl,0.36609,0.006896615,0.053959996,0.35428,4.9068904,0.59932745
mit,rl,0.28944,0.23508139,0.04648,0.27923,4.9068904,-0.23314935
mit,all,0.2731,0.25855088,0.047560006,0.26374,4.9068904,-0.12061969
all,call4,0.19079,0.1648888,0.02866,0.1801,4.9068904,-0.16093847
call4,rl,0.18827,0.17299801,0.03479001,0.17811,4.9068904,-0.12357988
mit,call4,0.17873,0.16814697,0.007100001,0.1686,4.9068904,-0.10287385
