X var,Y var,MIC (strength),MIC-p^2 (nonlinearity),MAS (non-monotonicity),MEV (functionality),MCN (complexity),Linear regression (p)
call4,rl,0.2945,0.1729943,0.04304999,0.28234,4.9068904,0.34857666
all,rl,0.24843,0.238861,0.06914,0.24106,4.9068904,0.097821325
mit,rl,0.22971,0.22448298,0.02358,0.21634,4.9068904,0.07229808
mit,call4,0.18343,0.15626734,0.016680002,0.17287,4.9068904,0.16481099
mit,all,0.17964,0.1642815,0.018039998,0.16974,4.9068904,0.12392941
all,call4,0.1683,0.16820572,0.016079996,0.15879,4.9068904,0.0097096525
