X var,Y var,MIC (strength),MIC-p^2 (nonlinearity),MAS (non-monotonicity),MEV (functionality),MCN (complexity),Linear regression (p)
call4,rl,0.3101,-0.12692079,0.04783,0.3101,4.0,0.6610755
all,rl,0.25679,0.050733462,0.033230007,0.25679,4.0,0.45393452
mit,rl,0.24482,-0.04684943,0.06429,0.24482,4.0,0.5400643
all,call4,0.23127,0.020030662,0.049899995,0.23127,4.0,0.4596078
mit,call4,0.22687,-0.060259014,0.03614001,0.22687,4.0,0.5358442
mit,all,0.20869,-0.12257092,0.057559997,0.20869,4.0,0.5755527
