X var,Y var,MIC (strength),MIC-p^2 (nonlinearity),MAS (non-monotonicity),MEV (functionality),MCN (complexity),Linear regression (p)
mit,rl,0.32704,0.32309413,0.083929986,0.27316,3.5849626,0.06281601
call4,rl,0.32045,0.19388835,0.056559995,0.28915,3.5849626,0.35575506
all,rl,0.26927,0.078154325,0.119770005,0.2373,3.5849626,0.4371678
all,call4,0.26849,0.24026014,0.12562,0.22453,3.5849626,0.16801742
mit,all,0.21504,0.18157382,0.042229995,0.18616,3.5849626,0.18293762
mit,call4,0.20835,0.12954737,0.043630004,0.18013,3.5849626,0.28071806
