X var,Y var,MIC (strength),MIC-p^2 (nonlinearity),MAS (non-monotonicity),MEV (functionality),MCN (complexity),Linear regression (p)
mit,call4,0.42263,0.34335572,0.27014,0.37107,3.5849626,-0.28155693
all,rl,0.31842,0.26146567,0.034879997,0.28952,3.5849626,-0.23865107
all,call4,0.30963,0.13616192,0.12246001,0.26914,3.5849626,0.416495
mit,all,0.29907,0.22755179,0.07166,0.25709,3.5849626,-0.26742887
mit,rl,0.2152,0.18776071,0.03722,0.18439,3.5849626,0.16564813
call4,rl,0.11721,0.09668788,0.05906,0.11721,3.0,-0.14325543
