X var,Y var,MIC (strength),MIC-p^2 (nonlinearity),MAS (non-monotonicity),MEV (functionality),MCN (complexity),Linear regression (p)
mit,call4,0.30625,0.29132453,0.08679001,0.2415,3.5849626,0.122169934
all,rl,0.28035,0.249498,0.07603,0.23079,3.5849626,0.17564738
call4,rl,0.2403,0.23522253,0.07719,0.19925,3.5849626,0.07125634
all,call4,0.23395,0.1998781,0.06827,0.17417,3.5849626,0.18458577
mit,rl,0.22984,0.22355574,0.068550006,0.21553,3.5849626,0.079273276
mit,all,0.22399,0.2097741,0.037229992,0.18546,3.5849626,-0.11923037
