X var,Y var,MIC (strength),MIC-p^2 (nonlinearity),MAS (non-monotonicity),MEV (functionality),MCN (complexity),Linear regression (p)
call4,rl,0.2718,0.16780363,0.02093,0.26094,4.9068904,0.3224847
all,rl,0.2201,0.2015009,0.03417,0.20953,4.9068904,0.13637853
mit,rl,0.21834,0.21268739,0.03908001,0.208,4.9068904,0.07518383
mit,call4,0.17499,0.14710733,0.020120002,0.16565,4.9068904,0.16698106
mit,all,0.17203,0.15185833,0.019749999,0.16076,4.9068904,0.14202702
all,call4,0.16313,0.16154832,0.008980006,0.15231,4.9068904,0.039770383
