X var,Y var,MIC (strength),MIC-p^2 (nonlinearity),MAS (non-monotonicity),MEV (functionality),MCN (complexity),Linear regression (p)
all,rl,0.59595,0.19894186,0.10266,0.58317,4.9068904,0.6300858
mit,rl,0.24263,0.2032117,0.02916,0.23036,4.9068904,0.19854046
mit,all,0.20666,0.16559425,0.023970008,0.19707,4.9068904,0.20264688
call4,rl,0.18702,0.18520306,0.016460001,0.17651,4.9068904,-0.04262556
all,call4,0.18354,0.17337643,0.02302,0.16993,4.9068904,0.100814536
mit,call4,0.18299,0.1444723,0.017690003,0.17334,4.9068904,0.19625926
