X var,Y var,MIC (strength),MIC-p^2 (nonlinearity),MAS (non-monotonicity),MEV (functionality),MCN (complexity),Linear regression (p)
all,rl,0.42052,-0.2652321,0.040410012,0.40962,4.9068904,0.8281015
mit,call4,0.23413,0.23345686,0.026079997,0.22432,4.9068904,-0.025944723
mit,all,0.22222,0.21991622,0.046619996,0.21089,4.9068904,-0.04799774
mit,rl,0.19322,0.19295202,0.019439995,0.17832,4.9068904,-0.016370218
call4,rl,0.18617,0.18609072,0.024070002,0.17587,4.9068904,-0.008903231
all,call4,0.18222,0.18221135,0.016230002,0.17119,4.9068904,0.0029398021
