X var,Y var,MIC (strength),MIC-p^2 (nonlinearity),MAS (non-monotonicity),MEV (functionality),MCN (complexity),Linear regression (p)
mit,all,0.28749,-0.01678884,0.09257001,0.24204,3.5849626,0.55161476
mit,rl,0.27698,0.27270776,0.06882,0.23063,3.5849626,0.0653625
mit,call4,0.27664,0.26776388,0.1282,0.23728,3.5849626,-0.09421311
all,rl,0.22388,0.21263051,0.04593,0.20123,3.5849626,-0.106063575
all,call4,0.08037,0.08034882,0.0107799955,0.08037,3.0,-0.004602061
call4,rl,0.05332,0.040193237,0.01802,0.05332,3.0,0.114572085
