X var,Y var,MIC (strength),MIC-p^2 (nonlinearity),MAS (non-monotonicity),MEV (functionality),MCN (complexity),Linear regression (p)
all,rl,0.43796,0.24087135,0.21721001,0.39015,3.5849626,0.44394666
all,call4,0.3568,-0.03718099,0.11761001,0.32445,3.5849626,0.62767905
mit,call4,0.34695,-0.05669862,0.07074,0.295,3.5849626,0.6353335
call4,rl,0.34206,0.061417997,0.07707,0.28323,3.5849626,0.52975655
mit,all,0.33727,-0.036042184,0.042519987,0.28087,3.5849626,0.6109928
mit,rl,0.25209,0.04967147,0.02273,0.20768,3.5849626,0.44990948
