X var,Y var,MIC (strength),MIC-p^2 (nonlinearity),MAS (non-monotonicity),MEV (functionality),MCN (complexity),Linear regression (p)
call4,rl,0.28385,-0.35856718,0.037330016,0.27372,4.9068904,0.8015093
mit,call4,0.20468,-0.025680661,0.020209998,0.19271,4.9068904,0.479959
mit,all,0.2031,-0.04307945,0.032649994,0.19281,4.9068904,0.49616474
all,rl,0.19598,-0.021095261,0.019560002,0.18493,4.9068904,0.46591336
mit,rl,0.18878,-0.049324393,0.013499998,0.17567,4.9068904,0.4879594
all,call4,0.18438,-0.018179432,0.017020002,0.17363,4.9068904,0.45006603
