X var,Y var,MIC (strength),MIC-p^2 (nonlinearity),MAS (non-monotonicity),MEV (functionality),MCN (complexity),Linear regression (p)
call4,rl,0.25443,0.12890127,0.01687,0.24233,4.9068904,0.35430032
mit,rl,0.21554,0.20370258,0.03739001,0.20403,4.9068904,0.10879991
mit,all,0.2132,0.18079917,0.03566,0.19966,4.9068904,0.18000232
all,rl,0.20721,0.1716189,0.024610002,0.19632,4.9068904,0.18865608
mit,call4,0.20181,0.16791484,0.02915001,0.18962,4.9068904,0.18410638
all,call4,0.18218,0.17346239,0.026079997,0.17054,4.9068904,0.093368135
