X var,Y var,MIC (strength),MIC-p^2 (nonlinearity),MAS (non-monotonicity),MEV (functionality),MCN (complexity),Linear regression (p)
call4,rl,0.36211,0.120116055,0.043759987,0.34138,3.5849626,0.4919288
all,call4,0.33835,0.20517594,0.09883998,0.31045,3.5849626,0.3649302
mit,all,0.2601,0.17997548,0.031330004,0.21984,3.5849626,0.28306276
mit,call4,0.22703,0.18631308,0.058139995,0.1786,3.5849626,0.20178434
all,rl,0.21218,0.040798604,0.059320003,0.20033,3.5849626,0.41398236
mit,rl,0.2107,0.20201561,0.015270002,0.17201,3.5849626,0.09319014
