X var,Y var,MIC (strength),MIC-p^2 (nonlinearity),MAS (non-monotonicity),MEV (functionality),MCN (complexity),Linear regression (p)
mit,call4,0.29453,0.18099287,0.06311001,0.26871,3.5849626,0.33695272
all,rl,0.23378,0.13286792,0.06566,0.19793,3.5849626,0.31766662
mit,all,0.22548,0.21131675,0.02301,0.19775,3.5849626,0.1190095
mit,rl,0.21621,0.053922683,0.0202,0.18489,3.5849626,0.402849
all,call4,0.21353,0.10226537,0.03547001,0.17854,3.5849626,0.33356354
call4,rl,0.21342,0.08061707,0.056159995,0.18513,3.5849626,0.36442137
