X var,Y var,MIC (strength),MIC-p^2 (nonlinearity),MAS (non-monotonicity),MEV (functionality),MCN (complexity),Linear regression (p)
call4,rl,0.36294,0.29271644,0.14451002,0.36294,4.0,0.26499733
all,rl,0.26244,0.20823038,0.048400007,0.26244,4.0,0.2328296
mit,call4,0.24639,0.20507872,0.034199998,0.24639,4.0,0.20325175
all,call4,0.2387,0.23702787,0.07779001,0.2387,4.0,0.040891822
mit,all,0.22773,0.19777648,0.01642999,0.22773,4.0,0.17307088
mit,rl,0.20169,0.13122949,0.031129993,0.20169,4.0,0.265444
