X var,Y var,MIC (strength),MIC-p^2 (nonlinearity),MAS (non-monotonicity),MEV (functionality),MCN (complexity),Linear regression (p)
all,call4,0.40382,0.25307786,0.13146001,0.36279,3.5849626,0.38825524
call4,rl,0.37153,0.3326576,0.08306001,0.33533,3.5849626,0.19716083
mit,call4,0.33807,0.23529327,0.055140004,0.29005,3.5849626,0.3205881
all,rl,0.31342,0.3008731,0.074489996,0.24314,3.5849626,0.11201289
mit,all,0.30255,0.21056272,0.06868999,0.25278,3.5849626,0.30329403
mit,rl,0.2976,0.23797736,0.0916,0.25897,3.5849626,0.24417748
