X var,Y var,MIC (strength),MIC-p^2 (nonlinearity),MAS (non-monotonicity),MEV (functionality),MCN (complexity),Linear regression (p)
call4,rl,0.27155,0.11884074,0.06406,0.25914,4.9068904,0.39078033
all,rl,0.21657,0.15174456,0.03233,0.20554,4.9068904,0.25460842
mit,rl,0.21032,0.19386335,0.028009996,0.20002,4.9068904,0.12828347
all,call4,0.20101,0.18020757,0.04941999,0.19252,4.9068904,0.14423051
mit,call4,0.2006,0.16050716,0.025109999,0.18927,4.9068904,0.20023195
mit,all,0.18317,0.14491871,0.019280009,0.17397,4.9068904,0.1955794
