X var,Y var,MIC (strength),MIC-p^2 (nonlinearity),MAS (non-monotonicity),MEV (functionality),MCN (complexity),Linear regression (p)
call4,rl,0.27031,0.21770373,0.07028,0.27031,4.0,0.22936061
mit,call4,0.25462,0.16926089,0.045559987,0.25462,4.0,0.29216278
mit,rl,0.23908,0.18310528,0.030129999,0.23908,4.0,0.23658977
all,call4,0.23485,0.23255348,0.02521,0.23485,4.0,0.04792198
mit,all,0.22,0.2117892,0.06528999,0.22,4.0,0.09061342
all,rl,0.2076,0.16575639,0.025580004,0.2076,4.0,0.2045571
