X var,Y var,MIC (strength),MIC-p^2 (nonlinearity),MAS (non-monotonicity),MEV (functionality),MCN (complexity),Linear regression (p)
mit,rl,0.30916,0.30902547,0.04682,0.2654,3.5849626,0.011598476
mit,all,0.30527,0.29451093,0.13747999,0.25048,3.5849626,0.103725925
mit,call4,0.22667,0.07736252,0.08050999,0.21588,3.5849626,-0.38640326
all,rl,0.14353,0.13998808,0.022340007,0.13018,3.5849626,-0.059513997
all,call4,0.06589,0.053827763,0.019969998,0.06589,3.0,-0.10982822
call4,rl,0.02808,0.015239698,0.0,0.02808,2.0,-0.11331505
