X var,Y var,MIC (strength),MIC-p^2 (nonlinearity),MAS (non-monotonicity),MEV (functionality),MCN (complexity),Linear regression (p)
mit,rl,0.27299,0.23029214,0.16213,0.25193,3.5849626,0.20663457
mit,call4,0.19279,0.11609677,0.027280003,0.17521,3.5849626,0.27693543
all,rl,0.18715,0.16600001,0.05879,0.15466,3.5849626,0.14543037
call4,rl,0.16016,0.15881515,0.017000005,0.1357,3.5849626,0.03667227
mit,all,0.15608,0.13498737,0.057229996,0.15064,3.5849626,0.145233
all,call4,0.13471,0.12846327,0.025739998,0.11418,3.5849626,0.07903627
