X var,Y var,MIC (strength),MIC-p^2 (nonlinearity),MAS (non-monotonicity),MEV (functionality),MCN (complexity),Linear regression (p)
call4,rl,0.32264,0.1320665,0.07459,0.27358,3.5849626,0.43654725
mit,call4,0.29265,0.25746942,0.10517001,0.22029,3.5849626,0.1875649
all,call4,0.27727,0.18904756,0.07248001,0.25536,3.5849626,0.2970226
mit,all,0.26439,0.20465106,0.06816,0.22568,3.5849626,0.24441549
all,rl,0.25432,0.09526111,0.024619997,0.21435,3.5849626,0.39882186
mit,rl,0.25237,0.2491808,0.05651,0.21389,3.5849626,0.056473076
