X var,Y var,MIC (strength),MIC-p^2 (nonlinearity),MAS (non-monotonicity),MEV (functionality),MCN (complexity),Linear regression (p)
all,rl,0.31808,0.27838513,0.10919,0.31808,4.0,0.19923572
call4,rl,0.29943,0.22682248,0.04753001,0.29943,4.0,0.26945785
mit,call4,0.27751,0.2398895,0.04434,0.27751,4.0,0.19396001
all,call4,0.23208,0.22614402,0.03554,0.23208,4.0,0.077045314
mit,rl,0.22622,0.17732091,0.03293,0.22622,4.0,0.22113138
mit,all,0.224,0.21929757,0.028640002,0.224,4.0,0.0685743
