X var,Y var,MIC (strength),MIC-p^2 (nonlinearity),MAS (non-monotonicity),MEV (functionality),MCN (complexity),Linear regression (p)
all,rl,0.51748,0.09207097,0.07226002,0.48513,3.5849626,-0.6522339
all,call4,0.33518,0.31843504,0.21045002,0.28263,3.5849626,-0.12940241
mit,rl,0.2943,0.2928204,0.13558999,0.25415,3.5849626,-0.038465466
mit,all,0.2497,0.16524646,0.030540004,0.19923,3.5849626,0.2906089
mit,call4,0.22289,0.22131275,0.13079,0.1941,3.5849626,-0.039714802
call4,rl,0.15188,0.13185468,0.021669999,0.13062,3.5849626,0.14151083
