X var,Y var,MIC (strength),MIC-p^2 (nonlinearity),MAS (non-monotonicity),MEV (functionality),MCN (complexity),Linear regression (p)
call4,rl,0.31244,0.024890065,0.07985,0.3045,3.5849626,0.5362368
mit,all,0.28956,0.14754178,0.13375002,0.25036,3.5849626,0.37685305
all,rl,0.19393,-0.001181066,0.037249997,0.19393,3.321928,0.44171378
all,call4,0.17047,-0.0030523837,0.042449996,0.16927,3.5849626,0.41656017
mit,call4,0.16832,0.09926841,0.024140008,0.13554,3.5849626,0.2627767
mit,rl,0.1297,0.099701285,0.015909996,0.11315,3.5849626,0.17320138
