X var,Y var,MIC (strength),MIC-p^2 (nonlinearity),MAS (non-monotonicity),MEV (functionality),MCN (complexity),Linear regression (p)
call4,rl,0.22853,0.011192158,0.059430003,0.22853,4.0,0.46619508
mit,call4,0.22261,0.09781886,0.07378,0.22261,4.0,0.3532579
mit,rl,0.18688,0.072299965,0.026650004,0.18688,4.0,0.33849674
mit,all,0.15884,0.07133871,0.05783,0.15884,4.0,0.29580617
all,rl,0.15794,0.08363433,0.02245,0.15794,4.0,0.27259067
all,call4,0.12042,0.09287889,0.035059996,0.12042,4.0,0.16595514
