X var,Y var,MIC (strength),MIC-p^2 (nonlinearity),MAS (non-monotonicity),MEV (functionality),MCN (complexity),Linear regression (p)
call4,rl,0.32445,0.3106675,0.11682999,0.29411,3.5849626,0.117398754
mit,call4,0.29587,0.28349507,0.11818999,0.27056,3.5849626,0.11124263
mit,rl,0.24998,0.21517357,0.09729001,0.20719,3.5849626,0.1865648
mit,all,0.24222,0.23800048,0.0494,0.20575,3.5849626,0.06495778
all,call4,0.23145,0.22692908,0.08236,0.21734,3.5849626,0.06723782
all,rl,0.19881,0.14531435,0.03831999,0.16912,3.5849626,0.23129126
