X var,Y var,MIC (strength),MIC-p^2 (nonlinearity),MAS (non-monotonicity),MEV (functionality),MCN (complexity),Linear regression (p)
all,rl,0.47497,-0.22859487,0.11094001,0.47497,3.321928,0.83878773
mit,rl,0.4222,0.292332,0.09107998,0.4222,4.0,-0.36037204
mit,all,0.28382,0.21068528,0.071150005,0.28382,4.0,-0.27043432
all,call4,0.12148,0.121296294,0.098620005,0.12148,3.321928,-0.013553969
mit,call4,0.12148,0.120027885,0.107590005,0.12148,3.321928,0.038106658
call4,rl,0.08218,0.0802092,0.0627,0.08218,3.321928,-0.04439365
