X var,Y var,MIC (strength),MIC-p^2 (nonlinearity),MAS (non-monotonicity),MEV (functionality),MCN (complexity),Linear regression (p)
all,rl,0.31464,0.29935908,0.08748999,0.26219,3.5849626,0.123615995
mit,call4,0.30142,0.2501247,0.10006,0.26295,3.5849626,0.22648466
call4,rl,0.28644,0.28546673,0.12895998,0.25877,3.5849626,0.031197537
mit,rl,0.25066,0.20900056,0.060389996,0.21083,3.5849626,0.20410645
all,call4,0.24886,0.22906889,0.057950005,0.21011,3.5849626,0.1406809
mit,all,0.24586,0.2126089,0.040219992,0.20767,3.5849626,0.1823488
