X var,Y var,MIC (strength),MIC-p^2 (nonlinearity),MAS (non-monotonicity),MEV (functionality),MCN (complexity),Linear regression (p)
call4,rl,0.26278,0.11675893,0.01433,0.25449,4.9068904,0.38212705
all,rl,0.23305,0.22617772,0.06579,0.21968,4.9068904,0.082899205
all,call4,0.21684,0.2164618,0.023660004,0.208,4.9068904,0.019447453
mit,call4,0.19535,0.16716836,0.021170001,0.18537,4.9068904,0.1678739
mit,rl,0.18042,0.17521542,0.011009999,0.1701,4.9068904,0.0721427
mit,all,0.17855,0.16836306,0.0246,0.16875,4.9068904,0.10093041
