X var,Y var,MIC (strength),MIC-p^2 (nonlinearity),MAS (non-monotonicity),MEV (functionality),MCN (complexity),Linear regression (p)
call4,rl,0.24736,0.17070732,0.04516001,0.23547,4.9068904,0.27686223
all,rl,0.21741,0.19507001,0.05522999,0.20652,4.9068904,0.14946565
mit,rl,0.21198,0.20766635,0.061230004,0.19795,4.9068904,0.06567837
mit,call4,0.20036,0.17485224,0.036819994,0.18899,4.9068904,0.15971148
all,call4,0.18263,0.1798243,0.040580004,0.17029,4.9068904,0.05296901
mit,all,0.16846,0.14816836,0.00804,0.15696,4.9068904,0.14244875
