X var,Y var,MIC (strength),MIC-p^2 (nonlinearity),MAS (non-monotonicity),MEV (functionality),MCN (complexity),Linear regression (p)
all,rl,0.38584,0.17749864,0.04696001,0.372,4.9068904,0.45644426
call4,rl,0.22995,0.22114852,0.014660001,0.21688,4.9068904,-0.093816176
mit,rl,0.22797,0.20563209,0.022149995,0.21749,4.9068904,-0.14945874
all,call4,0.19704,0.17202789,0.029360011,0.18833,4.9068904,-0.15815222
mit,all,0.18652,0.18464532,0.008969992,0.17544,4.9068904,-0.04329738
mit,call4,0.18272,0.17114238,0.012629999,0.17087,4.9068904,-0.10759935
