X var,Y var,MIC (strength),MIC-p^2 (nonlinearity),MAS (non-monotonicity),MEV (functionality),MCN (complexity),Linear regression (p)
all,call4,0.3886,0.33833522,0.16442999,0.34459,3.5849626,0.2241981
call4,rl,0.36098,0.19040193,0.058079988,0.31712,3.5849626,0.41301098
all,rl,0.25512,0.07378176,0.022650003,0.20554,3.5849626,0.4258383
mit,rl,0.248,0.23910123,0.04249999,0.20527,3.5849626,0.09433325
mit,call4,0.24474,0.15801182,0.021709993,0.18064,3.5849626,0.29449648
mit,all,0.21722,0.16062227,0.025649995,0.17992,3.5849626,0.23790278
