X var,Y var,MIC (strength),MIC-p^2 (nonlinearity),MAS (non-monotonicity),MEV (functionality),MCN (complexity),Linear regression (p)
all,rl,0.38138,0.04268101,0.121690005,0.37579,3.5849626,0.5819785
call4,rl,0.33524,0.16631603,0.027090013,0.31975,3.5849626,0.41100362
all,call4,0.3009,0.28611147,0.10848001,0.27136,3.5849626,0.12160815
mit,call4,0.2341,0.08072476,0.049009994,0.20951,3.5849626,0.3916315
mit,rl,0.19942,0.1948434,0.05736,0.18084,3.5849626,0.06765065
mit,all,0.17785,0.17136359,0.04162,0.14588,3.5849626,0.08053817
