X var,Y var,MIC (strength),MIC-p^2 (nonlinearity),MAS (non-monotonicity),MEV (functionality),MCN (complexity),Linear regression (p)
all,rl,0.48408,0.06649223,0.033109993,0.47482,4.9068904,0.6462103
mit,all,0.389,0.25993538,0.052699983,0.37907,4.9068904,-0.35925567
mit,rl,0.30046,0.2124743,0.077160016,0.28704,4.9068904,-0.29662386
all,call4,0.24395,0.24023364,0.03778,0.23068,4.9068904,0.060961843
call4,rl,0.22505,0.22130153,0.07597001,0.21454,4.9068904,0.061224863
mit,call4,0.20999,0.16314545,0.03421001,0.1966,4.9068904,-0.21643598
