X var,Y var,MIC (strength),MIC-p^2 (nonlinearity),MAS (non-monotonicity),MEV (functionality),MCN (complexity),Linear regression (p)
call4,rl,0.24216,0.17285256,0.044719994,0.23132,4.9068904,0.26326308
all,call4,0.20676,0.20350473,0.04098001,0.19268,4.9068904,0.05705499
all,rl,0.19117,0.17395656,0.013209999,0.18311,4.9068904,0.13120002
mit,call4,0.17162,0.14583404,0.009580001,0.16208,4.9068904,0.16058005
mit,rl,0.16017,0.15676005,0.009709999,0.15083,4.9068904,0.058394812
mit,all,0.15317,0.1473872,0.023870002,0.14531,4.9068904,0.07604473
