X var,Y var,MIC (strength),MIC-p^2 (nonlinearity),MAS (non-monotonicity),MEV (functionality),MCN (complexity),Linear regression (p)
call4,rl,0.33649,0.17735007,0.058320016,0.32295,4.9068904,0.39892346
mit,call4,0.21345,0.18337879,0.06025,0.20145,4.9068904,0.17341052
mit,all,0.19979,0.14877428,0.014239997,0.1886,4.9068904,0.22586659
mit,rl,0.19737,0.18733485,0.031090006,0.18976,4.9068904,0.100175545
all,rl,0.18193,0.16499025,0.023229994,0.17307,4.9068904,0.13015284
all,call4,0.1739,0.17020799,0.012890004,0.16243,4.9068904,0.06076179
