X var,Y var,MIC (strength),MIC-p^2 (nonlinearity),MAS (non-monotonicity),MEV (functionality),MCN (complexity),Linear regression (p)
mit,call4,0.31531,0.24565658,0.08892,0.31531,4.0,0.26391935
call4,rl,0.2715,0.16504547,0.031670004,0.2715,4.0,0.32627368
mit,all,0.26056,0.2238013,0.07136001,0.26056,4.0,0.1917256
all,rl,0.25486,0.20767651,0.05962,0.25486,4.0,0.21721762
mit,rl,0.24117,0.18153757,0.046870008,0.24117,4.0,0.24419752
all,call4,0.17413,0.1724946,0.018430002,0.17413,4.0,0.04043999
