X var,Y var,MIC (strength),MIC-p^2 (nonlinearity),MAS (non-monotonicity),MEV (functionality),MCN (complexity),Linear regression (p)
call4,rl,0.27661,0.1865201,0.015499994,0.26563,4.9068904,0.30014977
all,rl,0.22693,0.20197187,0.03135,0.21574,4.9068904,0.15798143
mit,rl,0.21898,0.2136302,0.042019993,0.20795,4.9068904,0.07314235
mit,call4,0.19342,0.16598621,0.029679999,0.18423,4.9068904,0.16563147
mit,all,0.17899,0.15839268,0.018519998,0.167,4.9068904,0.14351769
all,call4,0.17289,0.16994828,0.0120600015,0.16373,4.9068904,0.054237515
