X var,Y var,MIC (strength),MIC-p^2 (nonlinearity),MAS (non-monotonicity),MEV (functionality),MCN (complexity),Linear regression (p)
mit,call4,0.42862,0.27843583,0.13571,0.39179,3.5849626,0.38753602
mit,rl,0.32534,0.32071057,0.1952,0.29559,3.5849626,0.06803987
all,rl,0.30795,0.19524087,0.08778,0.26057,3.5849626,0.3357218
mit,all,0.23827,0.21661392,0.07614,0.20636,3.5849626,-0.14716004
all,call4,0.1994,0.19412518,0.07694,0.16166,3.5849626,-0.07262789
call4,rl,0.1653,0.12925206,0.052429996,0.14235,3.5849626,0.18986295
