X var,Y var,MIC (strength),MIC-p^2 (nonlinearity),MAS (non-monotonicity),MEV (functionality),MCN (complexity),Linear regression (p)
call4,rl,0.21876,0.12706265,0.014990002,0.206,4.9068904,0.3028157
all,call4,0.19763,0.19697256,0.120790005,0.18379,4.9068904,0.025640689
all,rl,0.19249,0.18866923,0.08394,0.1805,4.9068904,0.061812326
mit,rl,0.15893,0.15884824,0.05888,0.1479,4.9068904,0.009042366
mit,call4,0.13637,0.12740006,0.08134,0.12787,4.9068904,0.09470984
mit,all,0.07124,0.07118865,0.012419999,0.06878,4.9068904,0.0071660113
