X var,Y var,MIC (strength),MIC-p^2 (nonlinearity),MAS (non-monotonicity),MEV (functionality),MCN (complexity),Linear regression (p)
all,rl,0.43291,0.4312562,0.15491,0.40576,3.5849626,-0.04066685
mit,call4,0.33958,0.26986673,0.15227,0.29819,3.5849626,-0.2640327
mit,rl,0.30281,0.3021425,0.05976002,0.26059,3.5849626,-0.025836235
mit,all,0.24073,0.23537894,0.08169,0.20099,3.5849626,-0.07315097
all,call4,0.16503,0.14552246,0.096370004,0.16503,3.321928,0.1396694
call4,rl,0.06132,0.051155075,0.0,0.06132,2.0,-0.10082125
