X var,Y var,MIC (strength),MIC-p^2 (nonlinearity),MAS (non-monotonicity),MEV (functionality),MCN (complexity),Linear regression (p)
mit,call4,0.24538,0.23192535,0.038379997,0.20355,3.5849626,0.115994185
mit,rl,0.24327,0.23691966,0.056459993,0.22106,3.5849626,0.079689026
all,rl,0.2094,0.20529063,0.10445,0.19958,3.5849626,0.06410431
mit,all,0.17343,0.14888304,0.051670007,0.16184,3.5849626,-0.15667465
call4,rl,0.1388,0.12177717,0.02866,0.12737,3.5849626,0.13047156
all,call4,0.12015,0.1080059,0.017969996,0.10758,3.5849626,0.11020025
