X var,Y var,MIC (strength),MIC-p^2 (nonlinearity),MAS (non-monotonicity),MEV (functionality),MCN (complexity),Linear regression (p)
all,call4,0.36219,0.2497397,0.13077,0.32158,3.5849626,0.33533612
mit,all,0.28361,0.15491363,0.04565999,0.24413,3.5849626,0.35874274
mit,call4,0.26871,0.25338906,0.09451999,0.21155,3.5849626,0.12377779
call4,rl,0.26243,0.14534552,0.020780012,0.22278,3.5849626,0.3421761
all,rl,0.22468,0.187399,0.026820004,0.18883,3.5849626,0.19308291
mit,rl,0.22427,0.2202167,0.05844,0.1993,3.5849626,0.06366554
