X var,Y var,MIC (strength),MIC-p^2 (nonlinearity),MAS (non-monotonicity),MEV (functionality),MCN (complexity),Linear regression (p)
all,rl,0.45811,0.22011182,0.06125,0.42785,3.5849626,0.48785058
mit,call4,0.36772,0.040507406,0.1367,0.34581,3.5849626,0.572025
mit,all,0.33159,0.23467147,0.061089993,0.29663,3.5849626,-0.3113174
mit,rl,0.27425,0.24826455,0.050410002,0.23223,3.5849626,-0.16120005
all,call4,0.24794,0.23621914,0.16125,0.21103,3.5849626,-0.10826293
call4,rl,0.13763,0.13715665,0.04467,0.13763,3.321928,0.02175671
