X var,Y var,MIC (strength),MIC-p^2 (nonlinearity),MAS (non-monotonicity),MEV (functionality),MCN (complexity),Linear regression (p)
all,rl,0.65495,0.15447444,0.08219004,0.64714,4.9068904,0.707443
mit,call4,0.36405,0.3606983,0.021420002,0.35063,4.9068904,0.057893768
all,call4,0.36293,0.34995353,0.04880999,0.35381,4.9068904,0.1139143
call4,rl,0.2853,0.26103318,0.06298998,0.27646,4.9068904,0.15577805
mit,all,0.28132,0.2736566,0.021899998,0.27314,4.9068904,0.087540865
mit,rl,0.25469,0.25292927,0.10938999,0.24318,4.9068904,0.041960787
