X var,Y var,MIC (strength),MIC-p^2 (nonlinearity),MAS (non-monotonicity),MEV (functionality),MCN (complexity),Linear regression (p)
all,rl,0.58017,0.098270774,0.08206001,0.56804,4.9068904,0.6941896
mit,all,0.29436,0.22518538,0.061560005,0.28304,4.9068904,0.2630107
all,call4,0.22718,0.2182617,0.02272001,0.21627,4.9068904,0.09443672
mit,rl,0.21451,0.17833593,0.030419998,0.20409,4.9068904,0.19019482
mit,call4,0.20634,0.1646177,0.010820001,0.19784,4.9068904,0.20426036
call4,rl,0.17049,0.16869162,0.029030003,0.16167,4.9068904,-0.042407203
