X var,Y var,MIC (strength),MIC-p^2 (nonlinearity),MAS (non-monotonicity),MEV (functionality),MCN (complexity),Linear regression (p)
all,rl,0.38921,0.028822184,0.05731,0.38004,4.9068904,0.6003231
all,call4,0.26888,0.23388807,0.08559999,0.26054,4.9068904,-0.18706131
mit,call4,0.22601,0.22421831,0.036050007,0.21434,4.9068904,0.042328365
mit,rl,0.20778,0.1660531,0.018240005,0.19516,4.9068904,-0.20427163
call4,rl,0.19832,0.19500197,0.024579998,0.18752,4.9068904,-0.057602353
mit,all,0.18411,0.1739156,0.023760006,0.17518,4.9068904,-0.10096738
