X var,Y var,MIC (strength),MIC-p^2 (nonlinearity),MAS (non-monotonicity),MEV (functionality),MCN (complexity),Linear regression (p)
call4,rl,0.30421,0.22702911,0.12674001,0.30421,4.0,0.27781448
all,rl,0.26265,0.21822532,0.02505,0.26265,4.0,0.21077166
all,call4,0.23958,0.23145121,0.045870006,0.23958,4.0,0.090159826
mit,all,0.21497,0.21030185,0.058239996,0.21497,4.0,0.06832382
mit,call4,0.20106,0.14605014,0.034750007,0.20106,4.0,0.2345418
mit,rl,0.19869,0.15340233,0.050300002,0.19869,4.0,0.21280901
