X var,Y var,MIC (strength),MIC-p^2 (nonlinearity),MAS (non-monotonicity),MEV (functionality),MCN (complexity),Linear regression (p)
call4,rl,0.26548,-0.13621709,0.03286001,0.26548,4.0,0.6337958
all,rl,0.24593,0.09580074,0.043679997,0.24593,4.0,0.38746518
mit,rl,0.24093,-0.03546329,0.04659,0.24093,4.0,0.5257312
all,call4,0.21973,0.08318429,0.06234,0.21973,4.0,0.36952093
mit,call4,0.20383,-0.04188609,0.046440005,0.20383,4.0,0.4956976
mit,all,0.18189,-0.09459834,0.01884,0.18189,4.0,0.52582157
