X var,Y var,MIC (strength),MIC-p^2 (nonlinearity),MAS (non-monotonicity),MEV (functionality),MCN (complexity),Linear regression (p)
call4,rl,0.30979,0.19602782,0.04513,0.30979,4.0,0.33728647
all,rl,0.28161,0.23828995,0.097350016,0.28161,4.0,0.2081347
mit,rl,0.25729,0.21190509,0.054910004,0.25729,4.0,0.21303737
mit,all,0.22139,0.192798,0.03955999,0.22139,4.0,0.16909167
all,call4,0.19831,0.18064351,0.022519998,0.19831,4.0,0.13291535
mit,call4,0.19592,0.14329651,0.02014,0.19592,4.0,0.2293981
