X var,Y var,MIC (strength),MIC-p^2 (nonlinearity),MAS (non-monotonicity),MEV (functionality),MCN (complexity),Linear regression (p)
all,rl,0.31147,0.11973749,0.12085001,0.31147,4.0,0.4378727
all,call4,0.21335,0.019706458,0.052159995,0.21335,4.0,0.44004947
mit,call4,0.21318,0.007703513,0.028730005,0.21318,4.0,0.45329514
call4,rl,0.21066,-0.031721517,0.051119998,0.21066,4.0,0.49232256
mit,rl,0.20324,-0.037105337,0.011979997,0.20324,4.0,0.4902503
mit,all,0.20221,-0.047720805,0.0313,0.20221,4.0,0.4999308
