X var,Y var,MIC (strength),MIC-p^2 (nonlinearity),MAS (non-monotonicity),MEV (functionality),MCN (complexity),Linear regression (p)
call4,rl,0.31671,0.034868598,0.049299985,0.2822,3.5849626,0.53088737
mit,all,0.26477,0.10904637,0.03557001,0.23179,3.5849626,0.39461833
mit,rl,0.25763,0.20204726,0.07446,0.22525,3.5849626,0.23575988
all,call4,0.22985,0.010162517,0.018439993,0.20717,3.5849626,0.4687083
mit,call4,0.21846,0.11745998,0.040199995,0.18344,3.5849626,0.317805
all,rl,0.21032,-0.00447692,0.02956,0.18391,3.5849626,0.46346188
