X var,Y var,MIC (strength),MIC-p^2 (nonlinearity),MAS (non-monotonicity),MEV (functionality),MCN (complexity),Linear regression (p)
mit,call4,0.31343,0.25666258,0.055149987,0.27058,3.5849626,0.23825915
call4,rl,0.29932,0.2962305,0.04051,0.24749,3.5849626,0.055583436
all,call4,0.28333,0.1471778,0.052369997,0.24866,3.5849626,0.36898807
all,rl,0.27349,0.27271357,0.08116999,0.24186,3.5849626,0.027864888
mit,rl,0.24649,0.20927447,0.038320005,0.19689,3.5849626,0.1929133
mit,all,0.23336,0.18018119,0.059359998,0.20925,3.5849626,0.23060533
