X var,Y var,MIC (strength),MIC-p^2 (nonlinearity),MAS (non-monotonicity),MEV (functionality),MCN (complexity),Linear regression (p)
mit,all,0.13767,0.13759942,0.06612,0.12657,3.5849626,0.008400911
all,call4,0.12291,0.1219477,0.04359,0.10873,3.5849626,0.031020973
mit,call4,0.11378,0.11200029,0.030769996,0.10352,3.5849626,0.04218665
mit,rl,0.08116,0.07816568,0.015749998,0.08116,3.321928,0.054720365
call4,rl,0.06954,0.053758156,0.02549,0.06954,2.5849626,-0.12562582
all,rl,0.01968,0.011533189,0.0,0.01968,2.0,-0.09025969
