X var,Y var,MIC (strength),MIC-p^2 (nonlinearity),MAS (non-monotonicity),MEV (functionality),MCN (complexity),Linear regression (p)
call4,rl,0.28588,0.110676095,0.052479997,0.27682,4.9068904,0.41857365
all,rl,0.22187,0.19298114,0.07151,0.21364,4.9068904,0.16996725
mit,all,0.1979,0.139973,0.02042,0.18935,4.9068904,0.24068028
all,call4,0.19571,0.18778773,0.022989996,0.18581,4.9068904,0.089007184
mit,call4,0.1956,0.1595536,0.03809999,0.18746,4.9068904,0.18985888
mit,rl,0.1934,0.18080902,0.026429996,0.18126,4.9068904,0.112209484
