X var,Y var,MIC (strength),MIC-p^2 (nonlinearity),MAS (non-monotonicity),MEV (functionality),MCN (complexity),Linear regression (p)
call4,rl,0.29645,0.18304966,0.042299993,0.29645,4.0,0.33674964
mit,rl,0.28862,0.23186846,0.095479995,0.28862,4.0,0.2382258
mit,all,0.27753,0.23891845,0.07177001,0.27753,4.0,0.19649826
mit,call4,0.26939,0.186854,0.06842999,0.26939,4.0,0.28729078
all,rl,0.22497,0.18405437,0.006919995,0.22497,4.0,0.20227611
all,call4,0.18864,0.17879997,0.014580004,0.18864,4.0,0.09919692
