X var,Y var,MIC (strength),MIC-p^2 (nonlinearity),MAS (non-monotonicity),MEV (functionality),MCN (complexity),Linear regression (p)
call4,rl,0.27339,0.13116433,0.058029994,0.26127,4.9068904,0.37712818
all,rl,0.23198,0.20449887,0.06865999,0.22397,4.9068904,0.16577433
all,call4,0.22667,0.22093718,0.034889996,0.21455,4.9068904,0.075715415
mit,call4,0.20981,0.1816611,0.025120005,0.19459,4.9068904,0.16777636
mit,all,0.20443,0.17426844,0.014860004,0.19363,4.9068904,0.17367084
mit,rl,0.18438,0.17050792,0.008649997,0.17287,4.9068904,0.117779784
