X var,Y var,MIC (strength),MIC-p^2 (nonlinearity),MAS (non-monotonicity),MEV (functionality),MCN (complexity),Linear regression (p)
mit,rl,0.1886,0.14368144,0.041920006,0.1886,4.0,0.21194002
call4,rl,0.15741,0.13555416,0.08403999,0.15741,4.0,0.14783716
all,rl,0.15677,0.12339005,0.05794,0.15677,4.0,0.18270183
mit,all,0.13135,0.13036248,0.04508,0.13135,4.0,-0.031424735
all,call4,0.10256,0.10200783,0.033929996,0.10256,4.0,-0.023498308
mit,call4,0.09425,0.06492933,0.013439998,0.09425,4.0,0.1712328
