X var,Y var,MIC (strength),MIC-p^2 (nonlinearity),MAS (non-monotonicity),MEV (functionality),MCN (complexity),Linear regression (p)
call4,rl,0.25164,0.13471009,0.013349999,0.23817,4.9068904,0.34195015
all,call4,0.20272,0.20229371,0.022590004,0.18969,4.9068904,0.020646945
all,rl,0.19485,0.1866655,0.01861,0.18357,4.9068904,0.09046823
mit,all,0.19167,0.18481386,0.03475999,0.18111,4.9068904,0.08280182
mit,call4,0.18792,0.16305044,0.02358,0.17668,4.9068904,0.15770088
mit,rl,0.18341,0.17931393,0.014250001,0.17086,4.9068904,0.06400058
