X var,Y var,MIC (strength),MIC-p^2 (nonlinearity),MAS (non-monotonicity),MEV (functionality),MCN (complexity),Linear regression (p)
all,rl,0.41515,0.21282758,0.07584998,0.3511,3.5849626,-0.44980264
all,call4,0.39404,0.13039449,0.06329,0.35167,3.5849626,0.5134642
mit,all,0.30775,0.28119218,0.09573999,0.27407,3.5849626,-0.16296567
mit,call4,0.26497,0.16592629,0.061790004,0.21861,3.5849626,-0.3147121
mit,rl,0.2475,0.21456431,0.104650006,0.20114,3.5849626,0.18148193
call4,rl,0.14473,0.100429595,0.03231,0.14473,3.321928,-0.2104766
