X var,Y var,MIC (strength),MIC-p^2 (nonlinearity),MAS (non-monotonicity),MEV (functionality),MCN (complexity),Linear regression (p)
call4,rl,0.28301,0.16966635,0.07162,0.28301,4.0,0.3366655
mit,call4,0.26197,0.19765155,0.04444001,0.26197,4.0,0.25361085
mit,all,0.26173,0.21274585,0.04786998,0.26173,4.0,0.22132361
all,call4,0.24798,0.24297583,0.03361,0.24798,4.0,0.07074018
mit,rl,0.24625,0.1764535,0.022150002,0.24625,4.0,0.26419026
all,rl,0.23433,0.18427417,0.07654999,0.23433,4.0,0.22373159
