X var,Y var,MIC (strength),MIC-p^2 (nonlinearity),MAS (non-monotonicity),MEV (functionality),MCN (complexity),Linear regression (p)
call4,rl,0.31678,-0.15142679,0.042189986,0.31678,4.0,0.6842564
mit,call4,0.2857,-0.020926625,0.06336999,0.2857,4.0,0.5537388
mit,all,0.27331,-0.05409643,0.08048001,0.27331,4.0,0.5721944
mit,rl,0.26264,-0.06260744,0.05179,0.26264,4.0,0.5703047
all,call4,0.24143,0.043799758,0.087680005,0.24143,4.0,0.44455624
all,rl,0.22729,0.0181133,0.02697,0.22729,4.0,0.4573584
