X var,Y var,MIC (strength),MIC-p^2 (nonlinearity),MAS (non-monotonicity),MEV (functionality),MCN (complexity),Linear regression (p)
call4,rl,0.41538,0.40722635,0.16818999,0.37767,3.5849626,0.09029751
all,call4,0.37217,0.1850874,0.114580005,0.33697,3.5849626,0.43253046
mit,call4,0.3568,0.28272986,0.049769998,0.30081,3.5849626,0.2721583
all,rl,0.34035,0.33420548,0.022550002,0.30209,3.5849626,0.078387074
mit,all,0.29127,0.21581344,0.02489999,0.24424,3.5849626,0.27469355
mit,rl,0.25546,0.21846285,0.03989999,0.20683,3.5849626,0.19234641
