X var,Y var,MIC (strength),MIC-p^2 (nonlinearity),MAS (non-monotonicity),MEV (functionality),MCN (complexity),Linear regression (p)
mit,call4,0.27704,0.26220834,0.07248001,0.27704,4.0,0.12178537
call4,rl,0.25845,0.24161059,0.05577001,0.25845,4.0,0.12976675
mit,rl,0.21131,0.17035958,0.072349995,0.21131,4.0,0.20236209
all,rl,0.20746,0.18160592,0.021950006,0.20746,4.0,0.16079205
mit,all,0.19023,0.18916813,0.044139996,0.19023,4.0,0.032586314
all,call4,0.16694,0.16597533,0.04185,0.16694,4.0,0.031059057
