X var,Y var,MIC (strength),MIC-p^2 (nonlinearity),MAS (non-monotonicity),MEV (functionality),MCN (complexity),Linear regression (p)
mit,call4,0.30966,0.24811463,0.07387999,0.30966,4.0,0.24808337
call4,rl,0.29929,0.21811688,0.054110005,0.29929,4.0,0.28490898
mit,all,0.27434,0.27037373,0.08947,0.27434,4.0,0.06297838
mit,rl,0.24084,0.21066968,0.02838,0.24084,4.0,0.17369607
all,rl,0.23399,0.21115209,0.048099995,0.23399,4.0,0.15112214
all,call4,0.2218,0.21268497,0.024939999,0.2218,4.0,0.09547261
