X var,Y var,MIC (strength),MIC-p^2 (nonlinearity),MAS (non-monotonicity),MEV (functionality),MCN (complexity),Linear regression (p)
mit,all,0.30355,0.29911897,0.17213,0.27869,3.5849626,0.066566125
mit,rl,0.21787,0.14937073,0.056110002,0.18894,3.5849626,0.26172367
mit,call4,0.21625,0.17979415,0.052310005,0.19597,3.5849626,0.19093417
all,rl,0.21568,0.2155997,0.037019998,0.20047,3.5849626,0.008961338
call4,rl,0.17227,0.15983362,0.019759998,0.15196,3.5849626,0.111518525
all,call4,0.15258,0.14913893,0.046059996,0.10694,3.5849626,0.058660578
