X var,Y var,MIC (strength),MIC-p^2 (nonlinearity),MAS (non-monotonicity),MEV (functionality),MCN (complexity),Linear regression (p)
all,rl,0.26935,0.24889058,0.060030006,0.26935,4.0,0.14303643
call4,rl,0.24033,0.19979765,0.10344,0.24033,4.0,0.20132647
all,call4,0.23393,0.23333731,0.08714001,0.23393,4.0,0.024345167
mit,call4,0.21971,0.16073349,0.062410012,0.21971,4.0,0.2428508
mit,rl,0.21737,0.19330221,0.02511999,0.21737,4.0,0.15513797
mit,all,0.17152,0.17015049,0.026,0.17152,4.0,0.0370068
