X var,Y var,MIC (strength),MIC-p^2 (nonlinearity),MAS (non-monotonicity),MEV (functionality),MCN (complexity),Linear regression (p)
mit,call4,0.26843,0.20800918,0.045059994,0.24501,3.5849626,0.24580646
mit,rl,0.19066,0.10209252,0.048140004,0.16429,3.5849626,0.2976029
all,call4,0.18271,0.17573652,0.044130012,0.16134,3.5849626,0.083507456
all,rl,0.16358,0.16317481,0.04331,0.15029,3.5849626,0.020129545
mit,all,0.16258,0.14720598,0.0734,0.14936,3.5849626,0.123991996
call4,rl,0.14594,0.14557067,0.016449995,0.1319,3.5849626,0.019218303
