X var,Y var,MIC (strength),MIC-p^2 (nonlinearity),MAS (non-monotonicity),MEV (functionality),MCN (complexity),Linear regression (p)
all,rl,0.3565,0.01366505,0.071069986,0.34331,4.9068904,0.5855211
mit,all,0.219,0.21882099,0.028899997,0.20391,4.9068904,-0.013379399
mit,rl,0.21514,0.21092132,0.065579996,0.2021,4.9068904,-0.06495139
all,call4,0.19036,0.19021243,0.030959994,0.17918,4.9068904,0.012147927
call4,rl,0.18869,0.18868862,0.018460006,0.1765,4.9068904,-0.0011741464
mit,call4,0.18046,0.16565192,0.025719993,0.17064,4.9068904,-0.121688485
