X var,Y var,MIC (strength),MIC-p^2 (nonlinearity),MAS (non-monotonicity),MEV (functionality),MCN (complexity),Linear regression (p)
call4,rl,0.2577,0.17582001,0.034090005,0.2577,4.0,0.2861468
mit,all,0.23169,0.19490996,0.03882,0.23169,4.0,0.19178122
mit,call4,0.23047,0.15789346,0.029129997,0.23047,4.0,0.26940033
mit,rl,0.22292,0.1535615,0.05741,0.22292,4.0,0.26336002
all,rl,0.20382,0.15792406,0.029270008,0.20382,4.0,0.2142334
all,call4,0.1812,0.17605747,0.017959997,0.1812,4.0,0.07171142
