X var,Y var,MIC (strength),MIC-p^2 (nonlinearity),MAS (non-monotonicity),MEV (functionality),MCN (complexity),Linear regression (p)
all,rl,0.33691,0.33590218,0.10753001,0.26704,3.5849626,0.03174605
all,call4,0.32431,0.15084493,0.12822002,0.29671,3.5849626,0.4164914
mit,call4,0.31992,0.25704375,0.055560008,0.26493,3.5849626,0.25075138
call4,rl,0.30194,0.29997635,0.118650004,0.2748,3.5849626,0.044312928
mit,all,0.2319,0.16764131,0.024569996,0.19138,3.5849626,0.25349298
mit,rl,0.21931,0.1888438,0.030659996,0.17802,3.5849626,0.1745457
