X var,Y var,MIC (strength),MIC-p^2 (nonlinearity),MAS (non-monotonicity),MEV (functionality),MCN (complexity),Linear regression (p)
all,rl,0.84407,0.101542115,0.033339977,0.83806,5.321928,0.8617006
call4,rl,0.44229,0.21609612,0.07071,0.43201,5.321928,0.47559845
mit,rl,0.41823,0.26963216,0.04644999,0.41205,5.321928,-0.38548392
all,call4,0.41186,0.19344187,0.075479984,0.40581,5.321928,0.46735224
mit,all,0.38418,0.20282465,0.034920007,0.37534,5.321928,-0.42585838
mit,call4,0.35961,0.181865,0.09474999,0.35267,5.321928,-0.42159814
