X var,Y var,MIC (strength),MIC-p^2 (nonlinearity),MAS (non-monotonicity),MEV (functionality),MCN (complexity),Linear regression (p)
all,rl,0.52248,0.02985999,0.022580028,0.51645,5.321928,0.70186895
call4,rl,0.51875,0.1252847,0.08151001,0.51049,5.321928,0.62726814
all,call4,0.26906,0.124101266,0.025519997,0.26245,5.321928,0.38073444
mit,all,0.19382,0.18092962,0.033470005,0.18662,5.321928,-0.1135358
mit,call4,0.19373,0.19330323,0.01270999,0.18535,5.321928,-0.020658487
mit,rl,0.19093,0.18476237,0.02172,0.18341,5.321928,0.0785342
