X var,Y var,MIC (strength),MIC-p^2 (nonlinearity),MAS (non-monotonicity),MEV (functionality),MCN (complexity),Linear regression (p)
mit,call4,0.35177,0.34193796,0.15709001,0.34624,5.321928,-0.09915674
all,rl,0.34886,-0.024606764,0.02008,0.34097,5.321928,0.6111193
mit,rl,0.22281,0.21348624,0.024269998,0.21438,5.321928,-0.09655961
call4,rl,0.22226,0.21065488,0.044919997,0.21482,5.321928,0.10772706
mit,all,0.2221,0.1804712,0.062409997,0.2156,5.321928,-0.20403138
all,call4,0.17574,0.17432211,0.036970004,0.17001,5.321928,-0.037654877
