X var,Y var,MIC (strength),MIC-p^2 (nonlinearity),MAS (non-monotonicity),MEV (functionality),MCN (complexity),Linear regression (p)
all,rl,0.30405,-0.46115586,0.023059994,0.30332,5.321928,0.87476045
mit,rl,0.20385,0.19650382,0.08031,0.19995,5.321928,-0.08570986
mit,call4,0.09577,0.054990496,0.0321,0.09307,5.321928,0.20193936
mit,all,0.09369,0.09366855,0.01974,0.09025,5.321928,-0.0046312944
all,call4,0.06934,-0.20156842,0.014109999,0.06642,5.321928,0.5204886
call4,rl,0.06741,-0.27888903,0.016510002,0.06457,5.321928,0.5884718
