X var,Y var,MIC (strength),MIC-p^2 (nonlinearity),MAS (non-monotonicity),MEV (functionality),MCN (complexity),Linear regression (p)
all,rl,0.73058,-0.04625845,0.0352,0.72395,5.321928,0.8813844
mit,rl,0.65584,0.36465347,0.035510004,0.65584,4.70044,-0.539617
mit,all,0.52044,0.32774514,0.05702001,0.51353,5.321928,-0.4389702
all,call4,0.30678,0.28327984,0.08782001,0.30033,5.321928,0.15329768
call4,rl,0.28901,0.25571382,0.09405999,0.28326,5.321928,0.18247235
mit,call4,0.26442,0.19758242,0.083629996,0.2576,5.321928,-0.25852963
