X var,Y var,MIC (strength),MIC-p^2 (nonlinearity),MAS (non-monotonicity),MEV (functionality),MCN (complexity),Linear regression (p)
all,rl,0.4516,-0.46764377,0.033069998,0.44485,5.321928,0.958772
mit,rl,0.29185,0.12310204,0.017270014,0.28469,5.321928,0.41078943
mit,all,0.18168,-0.041500837,0.018059999,0.17536,5.321928,0.4724202
mit,call4,0.1797,-0.09913914,0.10236,0.17182,5.321928,0.5280522
all,call4,0.15381,-0.7409344,0.06704,0.14677,5.321928,0.94590926
call4,rl,0.14609,-0.5553745,0.0722,0.13992,5.321928,0.8375348
