X var,Y var,MIC (strength),MIC-p^2 (nonlinearity),MAS (non-monotonicity),MEV (functionality),MCN (complexity),Linear regression (p)
all,rl,0.473,-0.21492314,0.08716002,0.46793,5.321928,0.8294113
mit,rl,0.30908,0.2840554,0.024989992,0.30092,5.321928,-0.1581916
mit,all,0.29621,0.29329443,0.09178999,0.28852,5.321928,-0.053995814
all,call4,0.18525,0.14666145,0.13919,0.17764,5.321928,0.1964397
mit,call4,0.17823,0.15217188,0.12793,0.17147,5.321928,0.16142529
call4,rl,0.15983,0.15792388,0.10416,0.15321,5.321928,0.04365918
